Mono path[0] = 'D:/free games/EFT/EscapeFromTarkov_Data/Managed'
Mono config path = 'D:/free games/EFT/MonoBleedingEdge/etc'
Fallback handler could not load library D:/free games/EFT/EscapeFromTarkov_Data/MonoBleedingEdge/data-0000022E1E1E6EA0.dll
Fallback handler could not load library D:/free games/EFT/EscapeFromTarkov_Data/MonoBleedingEdge/data-0000022E334F9040.dll
Fallback handler could not load library D:/free games/EFT/EscapeFromTarkov_Data/MonoBleedingEdge/data-0000022E34464040.dll
[PhysX] Initialized MultithreadedTaskDispatcher with 16 workers.
Unity memory allocator detected: MetaXRAudio native memory allocations will be tracked.
Initialize engine version: 2022.3.43f1 (85497d293fa1)
[Subsystems] Discovering subsystems at path D:/free games/EFT/EscapeFromTarkov_Data/UnitySubsystems
GfxDevice: creating device client; threaded=1; jobified=1
Direct3D:
    Version:  Direct3D 11.0 [level 11.1]
    Renderer: NVIDIA GeForce RTX 3060 Laptop GPU (ID=0x2520)
    Vendor:   NVIDIA
    VRAM:     5996 MB
    Driver:   32.0.15.6607
Begin MonoManager ReloadAssembly
- Loaded All Assemblies, in  0.111 seconds
- Finished resetting the current domain, in  0.001 seconds
Script error: OnTriggerStay
The message must have 0 or 1 parameters.
The message will be ignored.
Script error: OnTriggerStay
The message must have 0 or 1 parameters.
The message will be ignored.
Script error: OnTriggerStay
The message must have 0 or 1 parameters.
The message will be ignored.
Script error: OnTriggerStay
The message must have 0 or 1 parameters.
The message will be ignored.
Script error: OnTriggerStay
The message must have 0 or 1 parameters.
The message will be ignored.
Script error: OnTriggerStay
The message must have 0 or 1 parameters.
The message will be ignored.
Script error: OnTriggerStay
The message must have 0 or 1 parameters.
The message will be ignored.
Script error: OnTriggerStay
The message must have 0 or 1 parameters.
The message will be ignored.
Script error: OnTriggerStay
The message must have 0 or 1 parameters.
The message will be ignored.
Shader 'Effects/Explosions/DistortionFresnel': fallback shader 'Effects/Distortion/Free/CullOff' not found
Shader 'p0/Reflective/Bumped Specular Mask': fallback shader 'p0/Reflective/Bumped Specular Mask 2' not found
Shader 'TextMeshPro/Distance Field': fallback shader 'TextMeshPro/Mobile/Distance Field' not found
<RI> Initializing input.
<RI> Input initialized.
<RI> Initialized touch support.
[Message:   BepInEx] BepInEx 5.4.23.2 - EscapeFromTarkov (2025/10/1 18:51:28)
[Info   :   BepInEx] Running under Unity v0.16.9.4008
[Info   :   BepInEx] CLR runtime version: 4.0.30319.42000
[Info   :   BepInEx] Supports SRE: True
[Info   :   BepInEx] System platform: Bits64, Windows
[Message:   BepInEx] Preloader started
[Info   :   BepInEx] Loaded 1 patcher method from [BepInEx.Preloader 5.4.23.2]
[Info   :   BepInEx] Loaded 1 patcher method from [spt-prepatch 4.0.13.0]
[Info   :   BepInEx] 2 patcher plugins loaded
[Info   :   BepInEx] Patching [UnityEngine.CoreModule] with [BepInEx.Chainloader]
[Info   :   BepInEx] Patching [Assembly-CSharp] with [SPT.PrePatch.SPTPrePatcher]
[Message:   BepInEx] Preloader finished
[Message:   BepInEx] Chainloader ready
[Message:   BepInEx] Chainloader started
[Info   :   BepInEx] 10 plugins to load
[Warning:   BepInEx] Skipping [Graphics 1.6.5] because a newer version exists (Amands's Graphics 1.7.0)
[Info   :   BepInEx] Loading [Amands's Graphics 1.7.0]
[Warning:  HarmonyX] com.Amanda.Graphics: You should only patch implemented methods/constructors to avoid issues. Patch the declared method void EFT.UI.BattleUIScreen<EFT.UI.EftBattleUIScreen+GClass3865, EFT.UI.Screens.EEftScreenType>::Show(EFT.GamePlayerOwner owner) instead of void EFT.UI.BattleUIScreen<EFT.UI.EftBattleUIScreen+GClass3865, EFT.UI.Screens.EEftScreenType>::Show(EFT.GamePlayerOwner owner).
[Info   :ModulePatch] Enabled patch AmandsBattleUIScreenPatch
[Info   :ModulePatch] Enabled patch AmandsGraphicsApplyNVGPatch
[Info   :ModulePatch] Enabled patch AmandsGraphicsCameraClassPatch
[Info   :ModulePatch] Enabled patch AmandsGraphicsFastBlurHitPatch
[Info   :ModulePatch] Enabled patch AmandsGraphicsFastBlurPatch
[Info   :ModulePatch] Enabled patch AmandsGraphicsHBAOPatch
[Info   :ModulePatch] Enabled patch AmandsGraphicsmethod_25Patch
[Info   :ModulePatch] Enabled patch AmandsGraphicsMethod_7Patch
[Info   :ModulePatch] Enabled patch AmandsGraphicsNVGPatch
[Info   :ModulePatch] Enabled patch AmandsGraphicsOpticPatch
[Info   :ModulePatch] Enabled patch AmandsGraphicsOpticSightPatch
[Info   :ModulePatch] Enabled patch AmandsGraphicsPrismEffectsPatch
[Info   :ModulePatch] Enabled patch AmandsGraphicsTacticalComboVisualControllerPatch
[Info   :ModulePatch] Enabled patch AmandsPlayerPatch
[Info   :ModulePatch] Enabled patch AmandsPainkillerAddEffectPatch
[Info   :ModulePatch] Enabled patch AmandsPainkillerDeleteEffectPatch
[Info   :ModulePatch] Enabled patch AmandsPainTogglePatch
[Info   :Amands's Graphics PatchManager] Enabled 17 patches
[Info   :   BepInEx] Loading [Configuration Manager 18.4]
[Info   :   BepInEx] Loading [SPT.Custom 4.0.13]
[Info   :SPT.Custom] Loading: SPT.Custom
[Info   :ModulePatch] Enabled patch EasyAssetsPatch
[Info   :ModulePatch] Enabled patch EasyBundlePatch
[Info   :ModulePatch] Enabled patch GameStartRequestPatch
[Info   :ModulePatch] Enabled patch DisableNonHalloweenExitsDuringEventPatch
[Info   :ModulePatch] Enabled patch SendFleaListingTaxAmountToServerPatch
[Info   :ModulePatch] Enabled patch AddTraitorScavsPatch
[Info   :RequestHandler] [REQUEST]: /singleplayer/bosstypes
[Info   :RequestHandler] [REQUEST SUCCESSFUL] /singleplayer/bosstypes
[Info   :ModulePatch] Enabled patch CustomAiPatch
[Info   :ModulePatch] Enabled patch SaveSettingsToSptFolderPatch
[Info   :ModulePatch] Enabled patch PatchPlayerPrefsSetInt
[Info   :ModulePatch] Enabled patch PatchPlayerPrefsSetFloat
[Info   :ModulePatch] Enabled patch PatchPlayerPrefsSetString
Fallback handler could not load library D:/free games/EFT/EscapeFromTarkov_Data/MonoBleedingEdge/data-0000022F36FD6020.dll
[Info   :ModulePatch] Enabled patch PatchPlayerPrefsGetInt
Fallback handler could not load library D:/free games/EFT/EscapeFromTarkov_Data/MonoBleedingEdge/data-0000022F36FD9750.dll
[Info   :ModulePatch] Enabled patch PatchPlayerPrefsGetFloat
Fallback handler could not load library D:/free games/EFT/EscapeFromTarkov_Data/MonoBleedingEdge/data-0000022F36F0B030.dll
[Info   :ModulePatch] Enabled patch PatchPlayerPrefsGetString
Fallback handler could not load library D:/free games/EFT/EscapeFromTarkov_Data/MonoBleedingEdge/data-0000022F36FDA360.dll
[Info   :ModulePatch] Enabled patch PatchPlayerPrefsHasKey
Fallback handler could not load library D:/free games/EFT/EscapeFromTarkov_Data/MonoBleedingEdge/data-0000022F36FDAF70.dll
[Info   :ModulePatch] Enabled patch PatchPlayerPrefsDeleteKey
Fallback handler could not load library D:/free games/EFT/EscapeFromTarkov_Data/MonoBleedingEdge/data-0000022F36FE0790.dll
[Info   :ModulePatch] Enabled patch PatchPlayerPrefsDeleteAll
Fallback handler could not load library D:/free games/EFT/EscapeFromTarkov_Data/MonoBleedingEdge/data-0000022F3703B030.dll
[Info   :ModulePatch] Enabled patch PatchPlayerPrefsSave
[Info   :ModulePatch] Enabled patch QTEPatch
[Info   :ModulePatch] Enabled patch RedirectClientImageRequestsPatch
[Info   :ModulePatch] Enabled patch DisableGameModeAdjustButtonPatch
[Info   :ModulePatch] Enabled patch FixPmcSpawnParamsNullErrorPatch
[Info   :ModulePatch] Enabled patch SetPreRaidSettingsScreenDefaultsPatch
[Info   :ModulePatch] Enabled patch CoreDifficultyPatch
[Info   :ModulePatch] Enabled patch BotDifficultyPatch
[Info   :ModulePatch] Enabled patch VersionLabelPatch
[Info   :ModulePatch] Enabled patch FixScavWarNullErrorWithMarkOfUnknownPatch
[Info   :ModulePatch] Enabled patch MergeScavPmcQuestsOnInventoryLoadPatch
[Info   :ModulePatch] Enabled patch CopyPmcQuestsAndWishlistToPlayerScavPatch
[Info   :ModulePatch] Enabled patch FixBossesHavingNoFollowersOnMediumAiAmount
[Info   :ModulePatch] Enabled patch FixAirdropCrashPatch
[Info   :ModulePatch] Enabled patch FixAirdropFlareDisposePatch
Fallback handler could not load library D:/free games/EFT/EscapeFromTarkov_Data/MonoBleedingEdge/data-0000022F3735F020.dll
[Info   :ModulePatch] Enabled patch AllowAirdropsInPvEPatch
[Info   :ModulePatch] Enabled patch MemoryCollectionPatch
[Info   :ModulePatch] Enabled patch LocaleManagerRaceConditionFixPatch
[Info   :ModulePatch] Enabled patch AddOfferFilterHangPatch
[Info   :ModulePatch] Enabled patch FixPrecipitationAmbientBlenderNullRefPatch
[Info   :ModulePatch] Enabled patch EnablePrestigeTabPatch
[Debug  :ModulePatch] MatchStartServerLocationPatch Type: Struct388
[Debug  :ModulePatch] MatchStartServerLocationPatch Method: MoveNext
[Debug  :ModulePatch] MatchStartServerLocationPatch Nested Type: Class1492
[Info   :ModulePatch] Enabled patch MatchStartServerLocationPatch
[Info   :ModulePatch] Enabled patch SpawnPointAIPlayerBotLimitPatch
[Info   :ModulePatch] Enabled patch SpawnPointNearestPlayerAIPatch
[Info   :ModulePatch] Enabled patch BotsControllerInitPatch
[Info   :ModulePatch] Enabled patch BotsEventsControllerActivatePatch
[Info   :ModulePatch] Enabled patch EnableInfectionUIPatch
[Info   :ModulePatch] Enabled patch KhorovodDisposeFix
[Info   :SPT.Custom] Completed: SPT.Custom
[Info   :   BepInEx] Loading [SPT.Singleplayer 4.0.13]
[Info   :SPT.Singleplayer] Loading: SPT.SinglePlayer
[Info   :ModulePatch] Enabled patch TinnitusFixPatch
[Debug  :ModulePatch] EmptyInfilFixPatch Type: BaseLocalGame`1
[Debug  :ModulePatch] EmptyInfilFixPatch Method: vmethod_6
[Info   :ModulePatch] Enabled patch EmptyInfilFixPatch
[Info   :ModulePatch] Enabled patch OverrideMaxAiAliveInRaidValuePatch
[Info   :ModulePatch] Enabled patch FixPostScavRaidXpShowingZeroPatch
[Info   :ModulePatch] Enabled patch DisablePMCExtractsForScavsPatch
[Info   :ModulePatch] Enabled patch ScavExfilPatch
[Debug  :ModulePatch] ScavProfileLoadPatch Type: Struct388
[Debug  :ModulePatch] ScavProfileLoadPatch Method: MoveNext
[Info   :ModulePatch] Enabled patch ScavProfileLoadPatch
[Debug  :ModulePatch] ScavPrefabLoadPatch Type: Struct389
[Debug  :ModulePatch] ScavPrefabLoadPatch Method: MoveNext
[Info   :ModulePatch] Enabled patch ScavPrefabLoadPatch
[Info   :ModulePatch] Enabled patch LoadOfflineRaidScreenPatch
[Info   :ModulePatch] Enabled patch PluginErrorNotifierPatch
[Info   :ModulePatch] Enabled patch RemoveUsedBotProfilePatch
[Debug  :ModulePatch] ScavLateStartPatch Type: TarkovApplication
[Debug  :ModulePatch] ScavLateStartPatch Method: method_49
[Info   :ModulePatch] Enabled patch ScavLateStartPatch
[Info   :ModulePatch] Enabled patch ScavSellAllPriceStorePatch
[Info   :ModulePatch] Enabled patch ScavSellAllRequestPatch
[Info   :ModulePatch] Enabled patch ScavRepAdjustmentPatch
[Info   :ModulePatch] Enabled patch DisableWelcomeToPVEModeMessagePatch
[Info   :ModulePatch] Enabled patch DisableMatchmakerPlayerPreviewButtonsPatch
[Info   :ModulePatch] Enabled patch EnablePlayerScavPatch
[Info   :ModulePatch] Enabled patch ScavFoundInRaidPatch
[Info   :ModulePatch] Enabled patch GetProfileAtEndOfRaidPatch
[Info   :ModulePatch] Enabled patch SendPlayerScavProfileToServerAfterRaidPatch
[Info   :ModulePatch] Enabled patch RemoveStashUpgradeLabelPatch
[Info   :ModulePatch] Enabled patch RemoveClothingItemExternalObtainLabelPatch
[Info   :ModulePatch] Enabled patch ForceRaidModeToLocalPatch
[Info   :ModulePatch] Enabled patch ScavIsPlayerEnemyPatch
[Info   :ModulePatch] Enabled patch FirearmControllerShowIncompatibleNotificationClass
[Info   :ModulePatch] Enabled patch FixKeyAlreadyExistsErrorOnAchievementPatch
[Info   :ModulePatch] Enabled patch ScavPrestigeFixPatch
[Info   :ModulePatch] Enabled patch DisableDevMaskCheckPatch
[Info   :ModulePatch] Enabled patch RemoveStopwatchAllocationsEveryCoverPointFramePatch
[Info   :ModulePatch] Enabled patch DisableUseBSGServersCheckbox
[Info   :ModulePatch] Enabled patch PmcBotSidePatch
[Info   :ModulePatch] Enabled patch QuestAchievementRewardInRaidPatch
[Info   :ModulePatch] Enabled patch FixUnityWarningSpamFromAirdropsPatch
[Info   :ModulePatch] Enabled patch DisableReadyLocationReadyPatch
[Info   :ModulePatch] Enabled patch DisableMatchmakerOfflineRaidReadyPatch
[Info   :ModulePatch] Enabled patch DisableMatchmakerInsuranceReadyPatch
[Warning:  HarmonyX] DisableDiscardLimitsPatch: You should only patch implemented methods/constructors to avoid issues. Patch the declared method virtual bool EFT.Player+PlayerInventoryController::get_HasDiscardLimits() instead of virtual bool EFT.Player+PlayerInventoryController::get_HasDiscardLimits().
[Info   :ModulePatch] Enabled patch DisableDiscardLimitsPatch
[Info   :ModulePatch] Enabled patch DisableBuffLoggingPatch
[Info   :ModulePatch] Enabled patch RemoveStashUpgradeLabelPatch2
[Debug  :ModulePatch] LocaleFixPatch Type: Struct427
[Info   :ModulePatch] Enabled patch LocaleFixPatch
[Info   :ModulePatch] Enabled patch RemoveTransitionRaidModeSetPatch
[Info   :ModulePatch] Enabled patch FixDisableBossSpawningOptionPatch
[Info   :ModulePatch] Enabled patch DisableHideoutCounterResetPatch
[Info   :SPT.Singleplayer] Completed: SPT.SinglePlayer
[Info   :   BepInEx] Loading [SPT.Core 4.0.13]
[Info   :  SPT.Core] Loading: SPT.Core
[Info   :ModulePatch] Enabled patch ConsistencySinglePatch
[Info   :ModulePatch] Enabled patch ConsistencyMultiPatch
[Info   :ModulePatch] Enabled patch GameValidationPatch
[Info   :ModulePatch] Enabled patch BattlEyePatch
[Info   :ModulePatch] Enabled patch SslCertificatePatch
[Info   :ModulePatch] Enabled patch UnityWebRequestPatch
[Debug  :ModulePatch] WebSocketSslValidationPatch Type: MobileTlsContext
[Debug  :ModulePatch] WebSocketSslValidationPatch Method: ValidateCertificate
[Info   :ModulePatch] Enabled patch WebSocketSslValidationPatch
[Info   :ModulePatch] Enabled patch Patch4001
[Info   :ModulePatch] Enabled patch Patch4002
[Info   :  SPT.Core] Completed: SPT.Core
[Info   :   BepInEx] Loading [SPT.Debugging 4.0.13]
[Info   :SPT.Debugging] Loading: SPT.Debugging
[Info   :ModulePatch] Enabled patch EndRaidDebug
[Info   :ModulePatch] Enabled patch LoggerClassLogPatch
[Info   :ModulePatch] Enabled patch ReloadClientPatch
[Info   :ModulePatch] Enabled patch EnableDebugCommandsPatch
[Info   :SPT.Debugging] Completed: SPT.Debugging
[Info   :   BepInEx] Loading [Fika.Core 2.3.9]
[Info   : Fika.Core] [LogValues]: Received NatPunchServer config from server:
[Info   : Fika.Core] [LogValues]: Enable: False
[Info   : Fika.Core] [LogValues]: Port: 6790
[Info   :ModulePatch] Enabled patch AchievementsScreen_Show_Patch
[Info   :ModulePatch] Enabled patch AchievementView_Show_Patch
[Info   :ModulePatch] Enabled patch ChangeGameModeButton_Patch
[Info   :ModulePatch] Enabled patch CoopSettingsWindow_Show_Patch
[Info   :ModulePatch] Enabled patch DisableInsuranceReadyButton_Patch
[Info   :ModulePatch] Enabled patch DisableMatchSettingsReadyButton_Patch
[Info   :ModulePatch] Enabled patch DisableReadyButton_Patch
[Info   :ModulePatch] Enabled patch DisconnectButton_Patch
[Info   :ModulePatch] Enabled patch FikaVersionLabel_Patch
[Info   :ModulePatch] Enabled patch MainMenuControllerClass_method_55_Patch
[Info   :ModulePatch] Enabled patch MatchmakerOfflineRaidScreen_Show_Patch
[Info   :ModulePatch] Enabled patch MatchmakerOfflineRaidScreen_Close_Patch
[Info   :ModulePatch] Enabled patch MatchmakerPlayerControllerClass_GetCoopBlockReason_Patch
[Info   :ModulePatch] Enabled patch MenuTaskBar_Patch
[Info   :ModulePatch] Enabled patch PartyInfoPanel_Show_Patch
[Info   :ModulePatch] Enabled patch RaidSettingsWindow_method_8_Patch
[Info   :ModulePatch] Enabled patch RaidSettingsWindow_Show_Patch
[Info   :ModulePatch] Enabled patch SessionResultExitStatus_Show_Patch
[Info   :ModulePatch] Enabled patch TarkovApplication_method_16_Patch
[Info   :ModulePatch] Enabled patch MatchmakerAcceptScreen_Awake_Patch
[Info   :ModulePatch] Enabled patch MatchmakerAcceptScreen_Show_Patch
[Info   :ModulePatch] Enabled patch GClass3871_ShowAction_Patch
[Info   :ModulePatch] Enabled patch HideoutPlayerOwner_SetPointOfView_Patch
[Info   :ModulePatch] Enabled patch MenuScreen_Awake_Patch
[Info   :ModulePatch] Enabled patch MenuScreen_method_9_Patch
[Info   :ModulePatch] Enabled patch RagfairScreen_Show_Patch
[Warning:  HarmonyX] com.fika.core: You should only patch implemented methods/constructors to avoid issues. Patch the declared method void EFT.BaseLocalGame<EFT.EftGamePlayerOwner>::method_20(LoadingProgressStruct p) instead of void EFT.BaseLocalGame<EFT.EftGamePlayerOwner>::method_20(LoadingProgressStruct p).
[Info   :ModulePatch] Enabled patch LoadingLootPatch
[Info   :ModulePatch] Enabled patch MapCachingPatch
[Info   :ModulePatch] Enabled patch MapLoadingPatch
[Info   :ModulePatch] Enabled patch BotCacher_Patch
[Info   :ModulePatch] Enabled patch GClass2287_method_0_Patch
[Info   :ModulePatch] Enabled patch GClass3585_ExceptAI_Patch
[Info   :ModulePatch] Enabled patch GrenadeClass_Init_Patch
[Info   :ModulePatch] Enabled patch LocaleClass_ReloadBackendLocale_Patch
[Info   :ModulePatch] Enabled patch TransitInteractionControllerAbstractClass_method_11_Patch
[Info   :ModulePatch] Enabled patch BasicMicrophoneCapture_UpdateSubscribers_Transpiler
[Info   :ModulePatch] Enabled patch DissonanceComms_Start_Patch
[Info   :ModulePatch] Enabled patch Player_IDissonancePlayerType_Patch
[Info   :ModulePatch] Enabled patch TripwireSynchronizableObject_method_11_Patch
[Info   :ModulePatch] Enabled patch TripwireSynchronizableObject_method_6_Patch
[Info   :ModulePatch] Enabled patch TransitControllerAbstractClass_Exist_Patch
[Info   :ModulePatch] Enabled patch CustomPlayerLoopSystemsInjector_InjectDataProviderSyncUpdate_Transpiler
[Info   :ModulePatch] Enabled patch CustomPlayerLoopSystemsInjector_InjectPostUNetUpdateSystem_Transpiler
[Info   :ModulePatch] Enabled patch CustomPlayerLoopSystemsInjector_MoveUNetUpdateSystemOnPreUpdate_Transpiler
[Info   :ModulePatch] Enabled patch RocketLauncherConeBlastClass_Initialize_Patch
[Info   :ModulePatch] Enabled patch RocketProjectile_Launch_Patch
[Info   :ModulePatch] Enabled patch RocketProjectile_method_6_Patch
[Info   :ModulePatch] Enabled patch BodyPartCollider_SetUpPlayer_Patch
[Info   :ModulePatch] Enabled patch Player_HasMarkOfUnknown_Patch
[Info   :ModulePatch] Enabled patch Player_Hide_Patch
[Info   :ModulePatch] Enabled patch Player_ManageAggressor_Patch
[Info   :ModulePatch] Enabled patch Player_OnDead_Patch
[Info   :ModulePatch] Enabled patch Player_SetDogtagInfo_Patch
[Info   :ModulePatch] Enabled patch Player_SpawnInHands_Patch
[Info   :ModulePatch] Enabled patch GetProfileAtEndOfRaidPatch_Override
[Info   :ModulePatch] Enabled patch FixSavageInventoryScreenPatch_Override
[Info   :ModulePatch] Enabled patch OfflineRaidSettingsMenuPatch_Override
[Info   :ModulePatch] Enabled patch PmcFoundInRaidEquipment_ConfigurePMCFindInRaidStatus_Patch
[Info   :ModulePatch] Enabled patch ScavProfileLoad_Override
[Info   :ModulePatch] Enabled patch MuzzleManager_Play_Patch
[Info   :ModulePatch] Enabled patch MovementContext_method_11_Transpiler
[Info   :ModulePatch] Enabled patch MovementContext_method_9_Transpiler
[Info   :ModulePatch] Enabled patch MovementContext_PreviousRotation_Transpiler
[Info   :ModulePatch] Enabled patch MovementContext_RestorePreviousYaw_Transpiler
[Info   :ModulePatch] Enabled patch MovementContext_Rotation_Transpiler
[Info   :ModulePatch] Enabled patch MineDirectional_OnTriggerEnter_Patch
[Info   :ModulePatch] Enabled patch Minefield_method_2_Patch
[Info   :ModulePatch] Enabled patch BaseLocalGame_method_14_Patch
[Info   :ModulePatch] Enabled patch NonWaveSpawnScenario_Patch
[Info   :ModulePatch] Enabled patch TarkovApplication_LocalGameCreator_Patch
[Info   :ModulePatch] Enabled patch TarkovApplication_LocalGamePreparer_Patch
[Info   :ModulePatch] Enabled patch WaveSpawnScenario_Patch
[Info   :ModulePatch] Enabled patch BufferInnerZone_ChangePlayerAccessStatus_Patch
[Info   :ModulePatch] Enabled patch BufferInnerZone_ChangeZoneInteractionAvailability_Patch
[Info   :ModulePatch] Enabled patch BufferZoneControllerClass_method_1_Patch
[Info   :ModulePatch] Enabled patch BufferZoneControllerClass_SetPlayerInZoneStatus_Patch
[Info   :ModulePatch] Enabled patch GameWorld_Create_Patch
[Info   :ModulePatch] Enabled patch GameWorld_method_2_Patch
[Info   :ModulePatch] Enabled patch GameWorld_ThrowItem_Patch
[Info   :ModulePatch] Enabled patch AnticheatMipMapChecker_Start_Patch
[Info   :ModulePatch] Enabled patch OpticRetrice_UpdateTransform_Patch
[Info   :ModulePatch] Enabled patch PlayerCameraController_LateUpdate_Transpiler
[Info   :ModulePatch] Enabled patch WeaponManagerClass_method_12_Patch
[Info   :ModulePatch] Enabled patch WeaponManagerClass_ValidateScopeSmoothZoomUpdate_Patch
[Info   :ModulePatch] Enabled patch BTRControllerClass_Init_Patch
[Info   :ModulePatch] Enabled patch BTRTurretView_AttachBot_Postfix
[Info   :ModulePatch] Enabled patch BTRVehicle_method_38_Patch
[Info   :ModulePatch] Enabled patch BTRView_GoIn_Patch
[Info   :ModulePatch] Enabled patch BTRView_GoOut_Patch
[Info   :ModulePatch] Enabled patch BTRView_Start_Patch
[Info   :ModulePatch] Enabled patch Player_UpdateBtrTraderServiceData_Patch
[Info   :ModulePatch] Enabled patch ArtilleryServerProjectileClass_Constructor_Patch
[Info   :ModulePatch] Enabled patch ServerShellingControllerClass_method_0_Patch
[Info   :ModulePatch] Enabled patch ServerShellingControllerClass_method_28_Patch
[Warning:  HarmonyX] com.fika.core: You should only patch implemented methods/constructors to avoid issues. Patch the declared method virtual void EFT.Player::OnItemAddedOrRemoved(EFT.InventoryLogic.Item item, EFT.InventoryLogic.ItemAddress location, bool added) instead of virtual void EFT.Player::OnItemAddedOrRemoved(EFT.InventoryLogic.Item item, EFT.InventoryLogic.ItemAddress location, bool added).
[Info   :ModulePatch] Enabled patch FikaPlayer_OnItemAddedOrRemoved_Transpiler
[Info   :ModulePatch] Enabled patch Player_CheckArmorHitByDirection_Transpiler
[Info   :ModulePatch] Enabled patch Player_IsShotDeflectedByHeavyArmor_Transpiler
[Info   :ModulePatch] Enabled patch Player_method_95_Transpiler
[Info   :ModulePatch] Enabled patch Player_ProceedDamageThroughArmor_Patch
[Info   :ModulePatch] Enabled patch Player_RecalculateEquipmentParams_Transpiler
[Info   :ModulePatch] Enabled patch Player_TryGetArmorResistData_Transpiler
[Info   :ModulePatch] Enabled patch OfflineAirdropServerLogicClass_UpdateOfflineClientLogic_Patch
[Info   :ModulePatch] Enabled patch OfflineAirplaneServerLogicClass_UpdateOfflineClientLogic_Patch
[Info   :ModulePatch] Enabled patch SyncObjectProcessorClass_GetSyncObjectStrategyByType_Patch
[Info   :ModulePatch] Enabled patch AIPlaceLogicPartisan_Dispose_Patch
[Info   :ModulePatch] Enabled patch BotReload_method_1_Patch
[Info   :ModulePatch] Enabled patch AbstractGame_InRaid_Patch
[Info   :ModulePatch] Enabled patch DeathFade_Patch
[Info   :ModulePatch] Enabled patch PlayEndGameSound_Patch
[Info   :ModulePatch] Enabled patch PlayUISound_Patch
[Info   :ModulePatch] Enabled patch LighthouseTraderZone_AddPlayer_Patch
[Info   :ModulePatch] Enabled patch LighthouseTraderZone_RemovePlayer_Patch
[Info   :ModulePatch] Enabled patch LighthouseTraderZone_Awake_Patch
[Info   :ModulePatch] Enabled patch ZyriachyBossLogicClass_Activate_Patch
[Info   :ModulePatch] Enabled patch BTRSide_AddPassenger_Patch
[Info   :ModulePatch] Enabled patch BTRSide_RemovePassenger_Patch
[Info   :ModulePatch] Enabled patch BTRSide_method_9_Patch
[Info   :Fika.Core PatchManager] Enabled 117 patches
[Info   :ModulePatch] Disabled patch VersionLabelPatch
[Info   :ModulePatch] Disabled patch ScavRepAdjustmentPatch
[Info   :ModulePatch] Disabled patch GetProfileAtEndOfRaidPatch
[Info   :ModulePatch] Disabled patch ScavExfilPatch
[Info   :ModulePatch] Disabled patch SendPlayerScavProfileToServerAfterRaidPatch
[Debug  :ModulePatch] MatchStartServerLocationPatch Type: Struct388
[Debug  :ModulePatch] MatchStartServerLocationPatch Method: MoveNext
[Debug  :ModulePatch] MatchStartServerLocationPatch Nested Type: Class1492
[Info   :ModulePatch] Disabled patch MatchStartServerLocationPatch
[Info   :ModulePatch] Disabled patch QuestAchievementRewardInRaidPatch
[Info   : Fika.Core] [LogValues]: Received config from server:
[Info   : Fika.Core] [LogValues]: [Config] UseBTR: True
[Info   : Fika.Core] [LogValues]: [Config] FriendlyFire: True
[Info   : Fika.Core] [LogValues]: [Config] DynamicVExfils: False
[Info   : Fika.Core] [LogValues]: [Config] AllowFreeCam: False
[Info   : Fika.Core] [LogValues]: [Config] AllowSpectateFreeCam: False
[Info   : Fika.Core] [LogValues]: [Config] AllowItemSending: True
[Info   : Fika.Core] [LogValues]: [Config] BlacklistedItems: 
[Info   : Fika.Core] [LogValues]: [Config] ForceSaveOnDeath: False
[Info   : Fika.Core] [LogValues]: [Config] UseInertia: True
[Info   : Fika.Core] [LogValues]: [Config] SharedQuestProgression: False
[Info   : Fika.Core] [LogValues]: [Config] CanEditRaidSettings: True
[Info   : Fika.Core] [LogValues]: [Config] EnableTransits: True
[Info   : Fika.Core] [LogValues]: [Config] AnyoneCanStartRaid: False
[Info   : Fika.Core] [LogValues]: [Config] AllowNamePlates: True
[Info   : Fika.Core] [LogValues]: [Config] RandomLabyrinthSpawns: False
[Info   : Fika.Core] [LogValues]: [Config] PMCFoundInRaid: False
[Info   : Fika.Core] [LogValues]: [Config] AllowSpectateBots: False
[Info   : Fika.Core] [LogValues]: [Config] InstantLoad: False
[Info   : Fika.Core] [LogValues]: [Config] FastLoad: False
[Info   : Fika.Core] [LogValues]: [ReviveConfig] Enabled: False
[Info   : Fika.Core] [LogValues]: [ReviveConfig] HeadshotKills: False
[Info   : Fika.Core] [LogValues]: [ReviveConfig] GrenadesKills: False
[Info   : Fika.Core] [LogValues]: [ReviveConfig] AllowLooting: False
[Info   : Fika.Core] [LogValues]: [ReviveConfig] MaxRevives: 0
[Info   : Fika.Core] [LogValues]: [ReviveConfig] BleedoutTime: 60
[Info   : Fika.Core] [LogValues]: [ReviveConfig] ReviveTime: 5
[Info   : Fika.Core] Fika is loaded! Running version: 2.3.9.0
[Info   :RequestHandler] [REQUEST]: /singleplayer/settings/bot/difficulty/core/core
[Info   :RequestHandler] [REQUEST SUCCESSFUL] /singleplayer/settings/bot/difficulty/core/core
[Info   :ModulePatch] Enabled patch ItemContext_Patch
[Info   :   BepInEx] Loading [Dynamic Item Weights 1.1.0]
[Info   :Dynamic Item Weights] Loaded 28 empty weights
[Info   :ModulePatch] Enabled patch ItemWeightPatch
[Info   :Dynamic Item Weights] Plugin loaded successfully
[Info   :   BepInEx] Loading [DrakiaXYZ-SearchOpenContainers 1.4.0]
[Info   :ModulePatch] Enabled patch ContainerMenuPatch
[Message:   BepInEx] Chainloader startup complete
[PhysX] Initialized MultithreadedTaskDispatcher with 16 workers.
UnloadTime: 2.835500 ms
Applying Acoustic Propagation Settings: [acoustic model = AcousticRayTracing], [diffraction = True], 
Fallback handler could not load library D:/free games/EFT/EscapeFromTarkov_Data/MonoBleedingEdge/MetaXRAudioWwise
Fallback handler could not load library D:/free games/EFT/EscapeFromTarkov_Data/MonoBleedingEdge/MetaXRAudioWwise.dll
Fallback handler could not load library D:/free games/EFT/EscapeFromTarkov_Data/MonoBleedingEdge/MetaXRAudioWwise.dll
Fallback handler could not load library D:/free games/EFT/EscapeFromTarkov_Data/MonoBleedingEdge/MetaXRAudioWwise
Fallback handler could not load library D:/free games/EFT/EscapeFromTarkov_Data/MonoBleedingEdge/libMetaXRAudioWwise
Fallback handler could not load library D:/free games/EFT/EscapeFromTarkov_Data/MonoBleedingEdge/libMetaXRAudioWwise.dll
Fallback handler could not load library D:/free games/EFT/EscapeFromTarkov_Data/MonoBleedingEdge/libMetaXRAudioWwise.dll
Fallback handler could not load library D:/free games/EFT/EscapeFromTarkov_Data/MonoBleedingEdge/libMetaXRAudioWwise
Fallback handler could not load library D:/free games/EFT/EscapeFromTarkov_Data/MonoBleedingEdge/MetaXRAudioWwise
Fallback handler could not load library D:/free games/EFT/EscapeFromTarkov_Data/MonoBleedingEdge/MetaXRAudioWwise.dll
Fallback handler could not load library D:/free games/EFT/EscapeFromTarkov_Data/MonoBleedingEdge/MetaXRAudioWwise.dll
Fallback handler could not load library D:/free games/EFT/EscapeFromTarkov_Data/MonoBleedingEdge/MetaXRAudioWwise
Fallback handler could not load library D:/free games/EFT/EscapeFromTarkov_Data/MonoBleedingEdge/libMetaXRAudioWwise
Fallback handler could not load library D:/free games/EFT/EscapeFromTarkov_Data/MonoBleedingEdge/libMetaXRAudioWwise.dll
Fallback handler could not load library D:/free games/EFT/EscapeFromTarkov_Data/MonoBleedingEdge/libMetaXRAudioWwise.dll
Fallback handler could not load library D:/free games/EFT/EscapeFromTarkov_Data/MonoBleedingEdge/libMetaXRAudioWwise
Fallback handler could not load library D:/free games/EFT/EscapeFromTarkov_Data/MonoBleedingEdge/MetaXRAudioFMOD
Fallback handler could not load library D:/free games/EFT/EscapeFromTarkov_Data/MonoBleedingEdge/MetaXRAudioFMOD.dll
Fallback handler could not load library D:/free games/EFT/EscapeFromTarkov_Data/MonoBleedingEdge/MetaXRAudioFMOD.dll
Fallback handler could not load library D:/free games/EFT/EscapeFromTarkov_Data/MonoBleedingEdge/MetaXRAudioFMOD
Fallback handler could not load library D:/free games/EFT/EscapeFromTarkov_Data/MonoBleedingEdge/libMetaXRAudioFMOD
Fallback handler could not load library D:/free games/EFT/EscapeFromTarkov_Data/MonoBleedingEdge/libMetaXRAudioFMOD.dll
Fallback handler could not load library D:/free games/EFT/EscapeFromTarkov_Data/MonoBleedingEdge/libMetaXRAudioFMOD.dll
Fallback handler could not load library D:/free games/EFT/EscapeFromTarkov_Data/MonoBleedingEdge/libMetaXRAudioFMOD
Fallback handler could not load library D:/free games/EFT/EscapeFromTarkov_Data/MonoBleedingEdge/MetaXRAudioFMOD
Fallback handler could not load library D:/free games/EFT/EscapeFromTarkov_Data/MonoBleedingEdge/MetaXRAudioFMOD.dll
Fallback handler could not load library D:/free games/EFT/EscapeFromTarkov_Data/MonoBleedingEdge/MetaXRAudioFMOD.dll
Fallback handler could not load library D:/free games/EFT/EscapeFromTarkov_Data/MonoBleedingEdge/MetaXRAudioFMOD
Fallback handler could not load library D:/free games/EFT/EscapeFromTarkov_Data/MonoBleedingEdge/libMetaXRAudioFMOD
Fallback handler could not load library D:/free games/EFT/EscapeFromTarkov_Data/MonoBleedingEdge/libMetaXRAudioFMOD.dll
Fallback handler could not load library D:/free games/EFT/EscapeFromTarkov_Data/MonoBleedingEdge/libMetaXRAudioFMOD.dll
Fallback handler could not load library D:/free games/EFT/EscapeFromTarkov_Data/MonoBleedingEdge/libMetaXRAudioFMOD
Meta XR Audio Native Interface initialized with Unity plugin
Setting spatial voice limit: 196
Odin Serializer ArchitectureInfo initialization with defaults (all unaligned read/writes disabled).
Odin Serializer detected whitelisted runtime platform WindowsPlayer and memory read test succeeded; enabling all unaligned memory read/writes.
Skipped command line argument:D:\free games\EFT\EscapeFromTarkov.exe
Skipped command line argument:-force-gfx-jobs
Skipped command line argument:native
key:token value:69568f09db017222c89b1183
key:config value:{'BackendUrl':'https://10.26.0.14:6969','MatchingVersion':'live','Version':'live'}
PlayerLoopSystems:
UnityEngine.PlayerLoop.TimeUpdate
	UnityEngine.PlayerLoop.TimeUpdate+WaitForLastPresentationAndUpdateTime
UnityEngine.PlayerLoop.Initialization
	UnityEngine.PlayerLoop.Initialization+ProfilerStartFrame
	UnityEngine.PlayerLoop.Initialization+UpdateCameraMotionVectors
	UnityEngine.PlayerLoop.Initialization+DirectorSampleTime
	UnityEngine.PlayerLoop.Initialization+AsyncUploadTimeSlicedUpdate
	UnityEngine.PlayerLoop.Initialization+SynchronizeInputs
	UnityEngine.PlayerLoop.Initialization+SynchronizeState
	UnityEngine.PlayerLoop.Initialization+XREarlyUpdate
UnityEngine.PlayerLoop.EarlyUpdate
	CustomPlayerLoopSystem.FrameCounter
	CustomPlayerLoopSystem.StartOfFrame
	UnityEngine.PlayerLoop.EarlyUpdate+PollPlayerConnection
	UnityEngine.PlayerLoop.EarlyUpdate+GpuTimestamp
	UnityEngine.PlayerLoop.EarlyUpdate+AnalyticsCoreStatsUpdate
	UnityEngine.PlayerLoop.EarlyUpdate+UnityWebRequestUpdate
	UnityEngine.PlayerLoop.EarlyUpdate+ExecuteMainThreadJobs
	UnityEngine.PlayerLoop.EarlyUpdate+ProcessMouseInWindow
	UnityEngine.PlayerLoop.EarlyUpdate+ClearIntermediateRenderers
	UnityEngine.PlayerLoop.EarlyUpdate+ClearLines
	UnityEngine.PlayerLoop.EarlyUpdate+PresentBeforeUpdate
	UnityEngine.PlayerLoop.EarlyUpdate+ResetFrameStatsAfterPresent
	UnityEngine.PlayerLoop.EarlyUpdate+UpdateAsyncInstantiate
	UnityEngine.PlayerLoop.EarlyUpdate+UpdateAsyncReadbackManager
	UnityEngine.PlayerLoop.EarlyUpdate+UpdateStreamingManager
	UnityEngine.PlayerLoop.EarlyUpdate+UpdateTextureStreamingManager
	UnityEngine.PlayerLoop.EarlyUpdate+UpdatePreloading
	UnityEngine.PlayerLoop.EarlyUpdate+UpdateContentLoading
	UnityEngine.PlayerLoop.EarlyUpdate+RendererNotifyInvisible
	UnityEngine.PlayerLoop.EarlyUpdate+PlayerCleanupCachedData
	UnityEngine.PlayerLoop.EarlyUpdate+UpdateMainGameViewRect
	UnityEngine.PlayerLoop.EarlyUpdate+UpdateCanvasRectTransform
	UnityEngine.PlayerLoop.EarlyUpdate+XRUpdate
	UnityEngine.PlayerLoop.EarlyUpdate+UpdateInputManager
	UnityEngine.PlayerLoop.EarlyUpdate+ProcessRemoteInput
	UnityEngine.PlayerLoop.EarlyUpdate+ScriptRunDelayedStartupFrame
	UnityEngine.PlayerLoop.EarlyUpdate+UpdateKinect
	UnityEngine.PlayerLoop.EarlyUpdate+DeliverIosPlatformEvents
	UnityEngine.PlayerLoop.EarlyUpdate+ARCoreUpdate
	UnityEngine.PlayerLoop.EarlyUpdate+DispatchEventQueueEvents
	UnityEngine.PlayerLoop.EarlyUpdate+Physics2DEarlyUpdate
	UnityEngine.PlayerLoop.EarlyUpdate+PhysicsResetInterpolatedTransformPosition
	UnityEngine.PlayerLoop.EarlyUpdate+SpriteAtlasManagerUpdate
	UnityEngine.PlayerLoop.EarlyUpdate+PerformanceAnalyticsUpdate
UnityEngine.PlayerLoop.FixedUpdate
	CustomPlayerLoopSystem.StartOfFixedUpdate
	UnityEngine.PlayerLoop.FixedUpdate+ClearLines
	UnityEngine.PlayerLoop.FixedUpdate+NewInputFixedUpdate
	UnityEngine.PlayerLoop.FixedUpdate+DirectorFixedSampleTime
	UnityEngine.PlayerLoop.FixedUpdate+AudioFixedUpdate
	UnityEngine.PlayerLoop.FixedUpdate+ScriptRunBehaviourFixedUpdate
	UnityEngine.PlayerLoop.FixedUpdate+DirectorFixedUpdate
	UnityEngine.PlayerLoop.FixedUpdate+LegacyFixedAnimationUpdate
	UnityEngine.PlayerLoop.FixedUpdate+XRFixedUpdate
	UnityEngine.PlayerLoop.FixedUpdate+PhysicsFixedUpdate
	UnityEngine.PlayerLoop.FixedUpdate+Physics2DFixedUpdate
	UnityEngine.PlayerLoop.FixedUpdate+PhysicsClothFixedUpdate
	UnityEngine.PlayerLoop.FixedUpdate+DirectorFixedUpdatePostPhysics
	UnityEngine.PlayerLoop.FixedUpdate+ScriptRunDelayedFixedFrameRate
	CustomPlayerLoopSystem.EndOfFixedUpdate
UnityEngine.PlayerLoop.PreUpdate
	UnityEngine.PlayerLoop.PreUpdate+PhysicsUpdate
	UnityEngine.PlayerLoop.PreUpdate+Physics2DUpdate
	UnityEngine.PlayerLoop.PreUpdate+PhysicsClothUpdate
	UnityEngine.PlayerLoop.PreUpdate+CheckTexFieldInput
	UnityEngine.PlayerLoop.PreUpdate+IMGUISendQueuedEvents
	UnityEngine.PlayerLoop.PreUpdate+NewInputUpdate
	UnityEngine.PlayerLoop.PreUpdate+SendMouseEvents
	UnityEngine.PlayerLoop.PreUpdate+AIUpdate
	UnityEngine.PlayerLoop.PreUpdate+WindUpdate
	UnityEngine.PlayerLoop.PreUpdate+UpdateVideo
	CustomPlayerLoopSystem.GlobalEventsClear
	CustomPlayerLoopSystem.GlobalEventsApply
UnityEngine.PlayerLoop.Update
	CustomPlayerLoopSystem.StartOfUpdate
	UnityEngine.PlayerLoop.Update+ScriptRunBehaviourUpdate
	UnityEngine.PlayerLoop.Update+ScriptRunDelayedDynamicFrameRate
	UnityEngine.PlayerLoop.Update+ScriptRunDelayedTasks
	UnityEngine.PlayerLoop.Update+DirectorUpdate
	CustomPlayerLoopSystem.EndOfUpdate
UnityEngine.PlayerLoop.PreLateUpdate
	UnityEngine.PlayerLoop.PreLateUpdate+AIUpdatePostScript
	UnityEngine.PlayerLoop.PreLateUpdate+DirectorUpdateAnimationBegin
	UnityEngine.PlayerLoop.PreLateUpdate+LegacyAnimationUpdate
	UnityEngine.PlayerLoop.PreLateUpdate+DirectorUpdateAnimationEnd
	UnityEngine.PlayerLoop.PreLateUpdate+DirectorDeferredEvaluate
	UnityEngine.PlayerLoop.PreLateUpdate+UIElementsUpdatePanels
	UnityEngine.PlayerLoop.PreLateUpdate+EndGraphicsJobsAfterScriptUpdate
	UnityEngine.PlayerLoop.PreLateUpdate+ConstraintManagerUpdate
	UnityEngine.PlayerLoop.PreLateUpdate+ParticleSystemBeginUpdateAll
	UnityEngine.PlayerLoop.PreLateUpdate+Physics2DLateUpdate
	UnityEngine.PlayerLoop.PreLateUpdate+PhysicsLateUpdate
	UnityEngine.PlayerLoop.PreLateUpdate+ScriptRunBehaviourLateUpdate
UnityEngine.PlayerLoop.PostLateUpdate
	CustomPlayerLoopSystem.StartOfPostLateUpdate
	UnityEngine.PlayerLoop.PostLateUpdate+PlayerSendFrameStarted
	UnityEngine.PlayerLoop.PostLateUpdate+DirectorLateUpdate
	UnityEngine.PlayerLoop.PostLateUpdate+ScriptRunDelayedDynamicFrameRate
	UnityEngine.PlayerLoop.PostLateUpdate+PhysicsSkinnedClothBeginUpdate
	UnityEngine.PlayerLoop.PostLateUpdate+UpdateRectTransform
	UnityEngine.PlayerLoop.PostLateUpdate+PlayerUpdateCanvases
	UnityEngine.PlayerLoop.PostLateUpdate+UpdateAudio
	UnityEngine.PlayerLoop.PostLateUpdate+VFXUpdate
	UnityEngine.PlayerLoop.PostLateUpdate+ParticleSystemEndUpdateAll
	UnityEngine.PlayerLoop.PostLateUpdate+EndGraphicsJobsAfterScriptLateUpdate
	UnityEngine.PlayerLoop.PostLateUpdate+UpdateCustomRenderTextures
	UnityEngine.PlayerLoop.PostLateUpdate+XRPostLateUpdate
	UnityEngine.PlayerLoop.PostLateUpdate+UpdateAllRenderers
	UnityEngine.PlayerLoop.PostLateUpdate+UpdateLightProbeProxyVolumes
	UnityEngine.PlayerLoop.PostLateUpdate+EnlightenRuntimeUpdate
	UnityEngine.PlayerLoop.PostLateUpdate+UpdateAllSkinnedMeshes
	UnityEngine.PlayerLoop.PostLateUpdate+ProcessWebSendMessages
	UnityEngine.PlayerLoop.PostLateUpdate+SortingGroupsUpdate
	UnityEngine.PlayerLoop.PostLateUpdate+UpdateVideoTextures
	UnityEngine.PlayerLoop.PostLateUpdate+UpdateVideo
	UnityEngine.PlayerLoop.PostLateUpdate+DirectorRenderImage
	UnityEngine.PlayerLoop.PostLateUpdate+PlayerEmitCanvasGeometry
	UnityEngine.PlayerLoop.PostLateUpdate+PlayerRenderUIEBatchModeOffscreen
	UnityEngine.PlayerLoop.PostLateUpdate+PhysicsSkinnedClothFinishUpdate
	UnityEngine.PlayerLoop.PostLateUpdate+FinishFrameRendering
	UnityEngine.PlayerLoop.PostLateUpdate+BatchModeUpdate
	UnityEngine.PlayerLoop.PostLateUpdate+PlayerSendFrameComplete
	UnityEngine.PlayerLoop.PostLateUpdate+UpdateCaptureScreenshot
	UnityEngine.PlayerLoop.PostLateUpdate+PresentAfterDraw
	UnityEngine.PlayerLoop.PostLateUpdate+ClearImmediateRenderers
	UnityEngine.PlayerLoop.PostLateUpdate+PlayerSendFramePostPresent
	UnityEngine.PlayerLoop.PostLateUpdate+UpdateResolution
	UnityEngine.PlayerLoop.PostLateUpdate+InputEndFrame
	UnityEngine.PlayerLoop.PostLateUpdate+TriggerEndOfFrameCallbacks
	UnityEngine.PlayerLoop.PostLateUpdate+GUIClearEvents
	UnityEngine.PlayerLoop.PostLateUpdate+ShaderHandleErrors
	UnityEngine.PlayerLoop.PostLateUpdate+ResetInputAxis
	UnityEngine.PlayerLoop.PostLateUpdate+ThreadedLoadingDebug
	UnityEngine.PlayerLoop.PostLateUpdate+ProfilerSynchronizeStats
	UnityEngine.PlayerLoop.PostLateUpdate+MemoryFrameMaintenance
	UnityEngine.PlayerLoop.PostLateUpdate+ExecuteGameCenterCallbacks
	UnityEngine.PlayerLoop.PostLateUpdate+XRPreEndFrame
	UnityEngine.PlayerLoop.PostLateUpdate+ProfilerEndFrame
	UnityEngine.PlayerLoop.PostLateUpdate+GraphicsWarmupPreloadedShaders
	UnityEngine.PlayerLoop.PostLateUpdate+ObjectDispatcherPostLateUpdate
	CustomPlayerLoopSystem.EndOfFrame
No Meta XR Audio Room found, setting default room
Fallback handler could not load library D:/free games/EFT/EscapeFromTarkov_Data/MonoBleedingEdge/MetaXRAudioWwise
Fallback handler could not load library D:/free games/EFT/EscapeFromTarkov_Data/MonoBleedingEdge/MetaXRAudioWwise.dll
Fallback handler could not load library D:/free games/EFT/EscapeFromTarkov_Data/MonoBleedingEdge/MetaXRAudioWwise.dll
Fallback handler could not load library D:/free games/EFT/EscapeFromTarkov_Data/MonoBleedingEdge/MetaXRAudioWwise
Fallback handler could not load library D:/free games/EFT/EscapeFromTarkov_Data/MonoBleedingEdge/libMetaXRAudioWwise
Fallback handler could not load library D:/free games/EFT/EscapeFromTarkov_Data/MonoBleedingEdge/libMetaXRAudioWwise.dll
Fallback handler could not load library D:/free games/EFT/EscapeFromTarkov_Data/MonoBleedingEdge/libMetaXRAudioWwise.dll
Fallback handler could not load library D:/free games/EFT/EscapeFromTarkov_Data/MonoBleedingEdge/libMetaXRAudioWwise
Fallback handler could not load library D:/free games/EFT/EscapeFromTarkov_Data/MonoBleedingEdge/MetaXRAudioWwise
Fallback handler could not load library D:/free games/EFT/EscapeFromTarkov_Data/MonoBleedingEdge/MetaXRAudioWwise.dll
Fallback handler could not load library D:/free games/EFT/EscapeFromTarkov_Data/MonoBleedingEdge/MetaXRAudioWwise.dll
Fallback handler could not load library D:/free games/EFT/EscapeFromTarkov_Data/MonoBleedingEdge/MetaXRAudioWwise
Fallback handler could not load library D:/free games/EFT/EscapeFromTarkov_Data/MonoBleedingEdge/libMetaXRAudioWwise
Fallback handler could not load library D:/free games/EFT/EscapeFromTarkov_Data/MonoBleedingEdge/libMetaXRAudioWwise.dll
Fallback handler could not load library D:/free games/EFT/EscapeFromTarkov_Data/MonoBleedingEdge/libMetaXRAudioWwise.dll
Fallback handler could not load library D:/free games/EFT/EscapeFromTarkov_Data/MonoBleedingEdge/libMetaXRAudioWwise
Fallback handler could not load library D:/free games/EFT/EscapeFromTarkov_Data/MonoBleedingEdge/MetaXRAudioFMOD
Fallback handler could not load library D:/free games/EFT/EscapeFromTarkov_Data/MonoBleedingEdge/MetaXRAudioFMOD.dll
Fallback handler could not load library D:/free games/EFT/EscapeFromTarkov_Data/MonoBleedingEdge/MetaXRAudioFMOD.dll
Fallback handler could not load library D:/free games/EFT/EscapeFromTarkov_Data/MonoBleedingEdge/MetaXRAudioFMOD
Fallback handler could not load library D:/free games/EFT/EscapeFromTarkov_Data/MonoBleedingEdge/libMetaXRAudioFMOD
Fallback handler could not load library D:/free games/EFT/EscapeFromTarkov_Data/MonoBleedingEdge/libMetaXRAudioFMOD.dll
Fallback handler could not load library D:/free games/EFT/EscapeFromTarkov_Data/MonoBleedingEdge/libMetaXRAudioFMOD.dll
Fallback handler could not load library D:/free games/EFT/EscapeFromTarkov_Data/MonoBleedingEdge/libMetaXRAudioFMOD
Fallback handler could not load library D:/free games/EFT/EscapeFromTarkov_Data/MonoBleedingEdge/MetaXRAudioFMOD
Fallback handler could not load library D:/free games/EFT/EscapeFromTarkov_Data/MonoBleedingEdge/MetaXRAudioFMOD.dll
Fallback handler could not load library D:/free games/EFT/EscapeFromTarkov_Data/MonoBleedingEdge/MetaXRAudioFMOD.dll
Fallback handler could not load library D:/free games/EFT/EscapeFromTarkov_Data/MonoBleedingEdge/MetaXRAudioFMOD
Fallback handler could not load library D:/free games/EFT/EscapeFromTarkov_Data/MonoBleedingEdge/libMetaXRAudioFMOD
Fallback handler could not load library D:/free games/EFT/EscapeFromTarkov_Data/MonoBleedingEdge/libMetaXRAudioFMOD.dll
Fallback handler could not load library D:/free games/EFT/EscapeFromTarkov_Data/MonoBleedingEdge/libMetaXRAudioFMOD.dll
Fallback handler could not load library D:/free games/EFT/EscapeFromTarkov_Data/MonoBleedingEdge/libMetaXRAudioFMOD
Meta XR Audio Native Interface initialized with Unity plugin
Unloading 7 Unused Serialized files (Serialized files now loaded: 1)
[PhysX] Initialized MultithreadedTaskDispatcher with 16 workers.
UnloadTime: 0.288000 ms
Unloading 5 unused Assets to reduce memory usage. Loaded Objects now: 8230.
Total: 29.593700 ms (FindLiveObjects: 0.349400 ms CreateObjectMapping: 0.184100 ms MarkObjects: 29.014900 ms  DeleteObjects: 0.044900 ms)

[Debug  :ModulePatch] output Nlog: Info : Current DSP buffer length: 1024, buffers num: 4
Skipped command line argument:D:\free games\EFT\EscapeFromTarkov.exe
Skipped command line argument:-force-gfx-jobs
Skipped command line argument:native
key:token value:69568f09db017222c89b1183
key:config value:{'BackendUrl':'https://10.26.0.14:6969','MatchingVersion':'live','Version':'live'}
[Debug  :ModulePatch] output Nlog: Info : Application awaken, updateQueue:'Update'
[Debug  :ModulePatch] output Nlog: Info : Assert.raiseExceptions:'True'
[Debug  :ModulePatch] output Nlog: Info : Application obfuscation succeed.
[Debug  :ModulePatch] output Nlog: Info : driveType:SSD swapDriveType:SSD
[Info   :RequestHandler] [REQUEST]: /singleplayer/settings/version
[Info   :RequestHandler] [REQUEST SUCCESSFUL] /singleplayer/settings/version
[Info   :RequestHandler] [REQUEST]: /singleplayer/release
[Info   :RequestHandler] [REQUEST SUCCESSFUL] /singleplayer/release
[Info   :RequestHandler] [REQUEST]: /singleplayer/moddedTraders
[Info   :RequestHandler] [REQUEST SUCCESSFUL] /singleplayer/moddedTraders
[Info   :RequestHandler] [REQUEST]: /singleplayer/enableBSGlogging
[Info   :RequestHandler] [REQUEST SUCCESSFUL] /singleplayer/enableBSGlogging
[Debug  :   BepInEx] [UnityInput] Using LegacyInputSystem
[Info   :RequestHandler] [REQUEST]: /singleplayer/bundles
[Info   :RequestHandler] [REQUEST SUCCESSFUL] /singleplayer/bundles
[Info   :BundleManager] CACHE: Loading locally assets/content/items/mods/barrels/barrel_vpo215_600mm_366tkm.bundle
[Info   :BundleManager] CACHE: Loading locally assets/content/items/mods/recievers/reciever_aks74u_izhmash_aks74u_std.bundle
[Info   :BundleManager] CACHE: Loading locally assets/content/items/mods/recievers/reciever_aks74u_izhmash_aks74ub_std.bundle
[Info   :BundleManager] CACHE: Loading locally assets/content/items/mods/recievers/reciever_aks74u_legal_arsenal_pilgrim_dust_cover.bundle
[Info   :BundleManager] CACHE: Loading locally assets/content/items/mods/scopes/scope_25_4mm_vomz_pilad_4x32m.bundle
[Info   :BundleManager] CACHE: Loading locally assets/content/items/mods/scopes/scope_30mm_burris_fullfield_tac30_1_4x24.bundle
[Info   :BundleManager] CACHE: Loading locally assets/content/items/mods/scopes/scope_30mm_burris_fullfield_tac30_1_4x24_textures.bundle
[Info   :BundleManager] CACHE: Loading locally assets/content/items/mods/scopes/scope_30mm_eotech_vudu_1_6x24.bundle
[Info   :BundleManager] CACHE: Loading locally assets/content/items/mods/scopes/scope_30mm_leupold_mark4_lr_6,5_20x50.bundle
[Info   :BundleManager] CACHE: Loading locally assets/content/items/mods/scopes/scope_30mm_march_tactical_3-24x42.bundle
[Info   :BundleManager] CACHE: Loading locally assets/content/items/mods/scopes/scope_30mm_razor_hd_gen_2_1_6x24.bundle
[Info   :BundleManager] CACHE: Loading locally assets/content/items/mods/scopes/scope_30mm_s&b_pm_ii_1_8x24.bundle
[Info   :BundleManager] CACHE: Loading locally assets/content/items/mods/scopes/scope_30mm_sig_tango6t_1_6x24.bundle
[Info   :BundleManager] CACHE: Loading locally assets/content/items/mods/scopes/scope_34mm_hensoldt_zf_4_16x56_ff.bundle
[Info   :BundleManager] CACHE: Loading locally assets/content/items/mods/scopes/scope_34mm_nightforce_atacr_7_35x56.bundle
[Info   :BundleManager] CACHE: Loading locally assets/content/items/mods/scopes/scope_34mm_s&b_pm_ii_3_12x50.bundle
[Info   :BundleManager] CACHE: Loading locally assets/content/items/mods/scopes/scope_34mm_s&b_pm_ii_5_25x56.bundle
[Info   :BundleManager] CACHE: Loading locally assets/content/items/mods/scopes/scope_35mm_leupold_mark_5hd_5_25x56_fde.bundle
[Info   :BundleManager] CACHE: Loading locally assets/content/items/mods/scopes/scope_7mm_vomz_target_ring.bundle
[Info   :BundleManager] CACHE: Loading locally assets/content/items/mods/scopes/scope_ags_npz_pag17_2,7x.bundle
[Info   :BundleManager] CACHE: Loading locally assets/content/items/mods/scopes/scope_all_aimpoint_micro_h1_high_mark
[Info   :BundleManager] CACHE: Loading locally assets/content/items/mods/scopes/scope_all_aksion_ekp_8_18.bundle
[Info   :BundleManager] CACHE: Loading locally assets/content/items/mods/scopes/scope_all_aksion_ekp_8_18_lod0_textures.bundle
[Info   :BundleManager] CACHE: Loading locally assets/content/items/mods/scopes/scope_all_aksion_ekp_8_18_marks
[Info   :BundleManager] CACHE: Loading locally assets/content/items/mods/scopes/scope_all_belomo_pk_06.bundle
[Info   :BundleManager] CACHE: Loading locally assets/content/items/mods/scopes/scope_all_ekb_okp7.bundle
[Info   :BundleManager] CACHE: Loading locally assets/content/items/mods/scopes/scope_all_elcan_specter_dr_1-4.bundle
[Info   :BundleManager] CACHE: Loading locally assets/content/items/mods/scopes/scope_all_elcan_specter_dr_1-4_fde.bundle
[Info   :BundleManager] CACHE: Loading locally assets/content/items/mods/scopes/scope_all_elcan_specter_dr_1-4_mesh
[Info   :BundleManager] CACHE: Loading locally assets/content/items/mods/scopes/scope_all_elcan_specter_dr_marks.bundle
[Info   :BundleManager] CACHE: Loading locally assets/content/items/mods/scopes/scope_all_elcan_specter_dr_textures.bundle
[Info   :BundleManager] CACHE: Loading locally assets/content/items/mods/scopes/scope_all_elcan_specter_hco.bundle
[Info   :BundleManager] CACHE: Loading locally assets/content/items/mods/scopes/scope_all_elcan_specter_os4x.bundle
[Info   :BundleManager] CACHE: Loading locally assets/content/items/mods/scopes/scope_all_eotech_553.bundle
[Info   :BundleManager] CACHE: Loading locally assets/content/items/mods/scopes/scope_all_eotech_exps3.bundle
[Info   :BundleManager] CACHE: Loading locally assets/content/items/mods/scopes/scope_all_eotech_exps3_gloss_nrm
[Info   :BundleManager] CACHE: Loading locally assets/content/items/mods/scopes/scope_all_eotech_exps3_mesh
[Info   :BundleManager] CACHE: Loading locally assets/content/items/mods/scopes/scope_all_eotech_exps3_tan_textures
[Info   :BundleManager] CACHE: Loading locally assets/content/items/mods/scopes/scope_all_eotech_hhs_1.bundle
[Info   :BundleManager] CACHE: Loading locally assets/content/items/mods/scopes/scope_all_eotech_hhs_1_mesh
[Info   :BundleManager] CACHE: Loading locally assets/content/items/mods/scopes/scope_all_eotech_hhs_1_tan.bundle
[Info   :BundleManager] CACHE: Loading locally assets/content/items/mods/scopes/scope_all_eotech_hhs_1_tan_mesh
[Info   :BundleManager] CACHE: Loading locally assets/content/items/mods/scopes/scope_all_eotech_xps3_textures.bundle
[Info   :BundleManager] CACHE: Loading locally assets/content/items/mods/scopes/scope_all_eotech_xps3-0.bundle
[Info   :BundleManager] CACHE: Loading locally assets/content/items/mods/scopes/scope_all_eotech_xps3-2.bundle
[Info   :BundleManager] CACHE: Loading locally assets/content/items/mods/scopes/scope_all_flir_rs32_225_9x_35_60hz.bundle
[Info   :BundleManager] CACHE: Loading locally assets/content/items/mods/scopes/scope_all_hensoldt_ff_3-12x56.bundle
[Info   :BundleManager] CACHE: Loading locally assets/content/items/mods/scopes/scope_all_holosun_hs401g5.bundle
[Info   :BundleManager] CACHE: Loading locally assets/content/items/mods/scopes/scope_all_leapers_utg_38_ita_1x30.bundle
[Info   :BundleManager] CACHE: Loading locally assets/content/items/mods/scopes/scope_all_leupold_mark4_hamr.bundle
[Info   :BundleManager] CACHE: Loading locally assets/content/items/mods/scopes/scope_all_milkor_m2a1_reflex_sight.bundle
[Info   :BundleManager] CACHE: Loading locally assets/content/items/mods/scopes/scope_all_monstrum_compact_prism_scope_2x32.bundle
[Info   :BundleManager] CACHE: Loading locally assets/content/items/mods/scopes/scope_all_ncstar_advance_dual_optic_3_9x_42.bundle
[Info   :BundleManager] CACHE: Loading locally assets/content/items/mods/scopes/scope_all_nightforce_nxs_2,5-10x24.bundle
[Info   : Fika.Core] Server version check passed. Expected: >2.3.5, received: 2.3.5
[Info   :FikaModHandler] Loaded plugin: [Amands's Graphics] with GUID [com.Amanda.Graphics] and crc32 [2034541531]
[Info   :FikaModHandler] Loaded plugin: [Configuration Manager] with GUID [com.bepis.bepinex.configurationmanager] and crc32 [1470267783]
[Info   :FikaModHandler] Loaded plugin: [SPT.Custom] with GUID [com.SPT.custom] and crc32 [1044430791]
[Info   :FikaModHandler] Loaded plugin: [SPT.Singleplayer] with GUID [com.SPT.singleplayer] and crc32 [3414810157]
[Info   :FikaModHandler] Loaded plugin: [SPT.Core] with GUID [com.SPT.core] and crc32 [685668204]
[Info   :FikaModHandler] Loaded plugin: [SPT.Debugging] with GUID [com.SPT.debugging] and crc32 [254322737]
[Info   :FikaModHandler] Loaded plugin: [Fika.Core] with GUID [com.fika.core] and crc32 [4069422837]
[Info   :FikaModHandler] Loaded plugin: [Dynamic Item Weights] with GUID [de.tosox.dynamicitemweights] and crc32 [58322233]
[Info   :FikaModHandler] Loaded plugin: [DrakiaXYZ-SearchOpenContainers] with GUID [xyz.drakia.searchopencontainers] and crc32 [4268861109]
[Debug  :FikaModHandler] {"com.Amanda.Graphics":2034541531,"com.bepis.bepinex.configurationmanager":1470267783,"com.SPT.custom":1044430791,"com.SPT.singleplayer":3414810157,"com.SPT.core":685668204,"com.SPT.debugging":254322737,"com.fika.core":4069422837,"de.tosox.dynamicitemweights":58322233,"xyz.drakia.searchopencontainers":4268861109}
[Info   :RequestHandler] [REQUEST]: /fika/client/check/mods
[Info   :BundleManager] CACHE: Loading locally assets/content/items/mods/scopes/scope_all_sig_bravo4_4x30.bundle
[Info   :RequestHandler] [REQUEST SUCCESSFUL] /fika/client/check/mods
[Debug  :FikaModHandler] {"forbidden":[],"missingRequired":[],"hashMismatch":[]}
[Info   :FikaModHandler] UI Fixes is not loaded, enabling PartyInfoPanel fix
[Info   :ModulePatch] Enabled patch PartyInfoPanel_method_3_Patch
[Info   :BundleManager] CACHE: Loading locally assets/content/items/mods/scopes/scope_all_sig_romeo_8t.bundle
[Info   :BundleManager] CACHE: Loading locally assets/content/items/mods/scopes/scope_all_sig_sauer_echo1_thermal_reflex_sight_1_2x_30hz.bundle
[Info   :BundleManager] CACHE: Loading locally assets/content/items/mods/scopes/scope_all_sig_sauer_romeo7_1x30.bundle
[Info   :BundleManager] CACHE: Loading locally assets/content/items/mods/scopes/scope_all_swampfox_trihawk_prism_scope_3x30.bundle
[Info   :BundleManager] CACHE: Loading locally assets/content/items/mods/scopes/scope_all_torrey_pines_logic_t12_w_30hz.bundle
[Info   :BundleManager] CACHE: Loading locally assets/content/items/mods/scopes/scope_all_trijicon_srs_02.bundle
[Info   :BundleManager] CACHE: Loading locally assets/content/items/mods/scopes/scope_all_valday_1p87.bundle
[Warning: Fika.Core] [GetPublicIP]: Could not get public IP address from [https://api.ipify.org/]. Error: An error occurred while sending the request
[Info   :BundleManager] CACHE: Loading locally assets/content/items/mods/scopes/scope_all_valday_krechet.bundle
[Info   :BundleManager] CACHE: Loading locally assets/content/items/mods/scopes/scope_all_valday_krechet_mark.bundle
[Info   :BundleManager] CACHE: Loading locally assets/content/items/mods/scopes/scope_all_valday_ps320.bundle
[Info   :BundleManager] CACHE: Loading locally assets/content/items/mods/scopes/scope_all_vomz_pilad_p1x42_weaver.bundle
[Info   :BundleManager] CACHE: Loading locally assets/content/items/mods/scopes/scope_all_vomz_pilad_p1x42_weaver_textures.bundle
[Info   :BundleManager] CACHE: Loading locally assets/content/items/mods/scopes/scope_all_vortex_razor_amg_uh-1.bundle
[Info   :BundleManager] CACHE: Loading locally assets/content/items/mods/scopes/scope_all_walther_mrs.bundle
[Info   :BundleManager] CACHE: Loading locally assets/content/items/mods/scopes/scope_all_wilcox_boss_xe_hp.bundle
[Info   :BundleManager] CACHE: Loading locally assets/content/items/mods/scopes/scope_aug_steyr_rail_optic_1,5x.bundle
[Info   :BundleManager] CACHE: Loading locally assets/content/items/mods/scopes/scope_aug_steyr_stg77_optic_1,5x.bundle
[Info   :BundleManager] CACHE: Loading locally assets/content/items/mods/scopes/scope_base_aimpoint_acro_p1.bundle
[Info   :BundleManager] CACHE: Loading locally assets/content/items/mods/scopes/scope_base_aimpoint_micro_h2.bundle
[Info   :BundleManager] CACHE: Loading locally assets/content/items/mods/scopes/scope_base_aimpoint_micro_t1.bundle
[Info   :BundleManager] CACHE: Loading locally assets/content/items/mods/scopes/scope_base_aimpoint_pro.bundle
[Info   :BundleManager] CACHE: Loading locally assets/content/items/mods/scopes/scope_base_aimpooint_comp_m4.bundle
[Info   :BundleManager] CACHE: Loading locally assets/content/items/mods/scopes/scope_base_armasight_vulcan_gen3_bravo_mg_3,5x.bundle
[Info   :BundleManager] CACHE: Loading locally assets/content/items/mods/scopes/scope_base_armasight_zeus_pro_640_2_16x50_30hz.bundle
[Info   :BundleManager] CACHE: Loading locally assets/content/items/mods/scopes/scope_base_burris_fast_fire_3.bundle
[Info   :BundleManager] CACHE: Loading locally assets/content/items/mods/scopes/scope_base_burris_fast_fire_3_textures.bundle
[Info   :BundleManager] CACHE: Loading locally assets/content/items/mods/scopes/scope_base_ciklon_shakhin_37x.bundle
[Info   :BundleManager] CACHE: Loading locally assets/content/items/mods/scopes/scope_base_hensoldt_hkv_red_dot_sight.bundle
[Info   :BundleManager] CACHE: Loading locally assets/content/items/mods/scopes/scope_base_kmz_1p59_1p69_3_10x_textures
[Info   :BundleManager] CACHE: Loading locally assets/content/items/mods/scopes/scope_base_kmz_1p59_3_10x.bundle
[Info   :BundleManager] CACHE: Loading locally assets/content/items/mods/scopes/scope_base_kmz_1p69_3_10x.bundle
[Info   :BundleManager] CACHE: Loading locally assets/content/items/mods/scopes/scope_base_leupold_deltapoint.bundle
[Info   :BundleManager] CACHE: Loading locally assets/content/items/mods/scopes/scope_base_npz_1p78_1_2,8x24.bundle
[Info   :BundleManager] CACHE: Loading locally assets/content/items/mods/scopes/scope_base_primary_arms_compact_prism_scope_2,5x.bundle
[Info   :BundleManager] CACHE: Loading locally assets/content/items/mods/scopes/scope_base_progress_pu_3,5x.bundle
[Info   :BundleManager] CACHE: Loading locally assets/content/items/mods/scopes/scope_base_sig_romeo_4.bundle
[Info   :BundleManager] CACHE: Loading locally assets/content/items/mods/scopes/scope_base_trijicon_acog_ta01nsn_4x32.bundle
[Info   :BundleManager] CACHE: Loading locally assets/content/items/mods/scopes/scope_base_trijicon_acog_ta01nsn_4x32_mark
[Info   :BundleManager] CACHE: Loading locally assets/content/items/mods/scopes/scope_base_trijicon_acog_ta01nsn_4x32_mesh
[Info   :BundleManager] CACHE: Loading locally assets/content/items/mods/scopes/scope_base_trijicon_acog_ta01nsn_4x32_tan.bundle
[Info   :BundleManager] CACHE: Loading locally assets/content/items/mods/scopes/scope_base_trijicon_acog_ta01nsn_4x32_textures
[Info   :BundleManager] CACHE: Loading locally assets/content/items/mods/scopes/scope_base_trijicon_acog_ta11_3,5x35.bundle
[Info   :BundleManager] CACHE: Loading locally assets/content/items/mods/scopes/scope_base_trijicon_reap-ir.bundle
[Info   :BundleManager] CACHE: Loading locally assets/content/items/mods/scopes/scope_base_trijicon_rmr.bundle
[Info   :BundleManager] CACHE: Loading locally assets/content/items/mods/scopes/scope_dovetail_aksion_ekp_1s_03.bundle
[Info   :BundleManager] CACHE: Loading locally assets/content/items/mods/scopes/scope_dovetail_aksion_ekp_8_02.bundle
[Info   :BundleManager] CACHE: Loading locally assets/content/items/mods/scopes/scope_dovetail_belomo_pk_aa.bundle
[Info   :BundleManager] CACHE: Loading locally assets/content/items/mods/scopes/scope_dovetail_belomo_pso_1_4x24.bundle
[Info   :BundleManager] CACHE: Loading locally assets/content/items/mods/scopes/scope_dovetail_belomo_pso_1m2_1_4x24.bundle
[Info   :BundleManager] CACHE: Loading locally assets/content/items/mods/scopes/scope_dovetail_belomo_pso_1m2_4x24.bundle
[Info   :BundleManager] CACHE: Loading locally assets/content/items/mods/scopes/scope_dovetail_ekb_okp7_dovetail.bundle
[Info   :BundleManager] CACHE: Loading locally assets/content/items/mods/scopes/scope_dovetail_komz_rusak.bundle
[Info   :BundleManager] CACHE: Loading locally assets/content/items/mods/scopes/scope_dovetail_npz_1p29_4x.bundle
[Info   :BundleManager] CACHE: Loading locally assets/content/items/mods/scopes/scope_dovetail_npz_nspum_3,5x.bundle
[Info   :BundleManager] CACHE: Loading locally assets/content/items/mods/scopes/scope_dovetail_npz_pk_1.bundle
[Info   :BundleManager] CACHE: Loading locally assets/content/items/mods/scopes/scope_g36_hensoldt_hkv_carry_handle_3x.bundle
[Info   :BundleManager] CACHE: Loading locally assets/content/items/mods/scopes/scope_g36_hensoldt_hkv_single_optic_carry_handle_3x.bundle
[Info   :BundleManager] CACHE: Loading locally assets/content/items/mods/scopes/scope_p90_fn_ring_sight_std.bundle
[Info   :BundleManager] CACHE: Loading locally assets/content/items/mods/scopes/scope_sr2m_tochmash_kp_sr2.bundle
[Info   :BundleManager] CACHE: Loading locally assets/content/items/mods/sights rear/sight_rear_ak_izhmash_ak105_std.bundle
[Info   :BundleManager] CACHE: Loading locally assets/content/items/mods/sights rear/sight_rear_ak_izhmash_ak12_rear_sight_std.bundle
[Info   :BundleManager] CACHE: Loading locally assets/content/items/mods/sights rear/sight_rear_ak_izhmash_ak74_std.bundle
[Info   :BundleManager] CACHE: Loading locally assets/content/items/mods/sights rear/sight_rear_ak_izhmash_ak74m_std.bundle
[Info   :BundleManager] CACHE: Loading locally assets/content/items/mods/sights rear/sight_rear_ak_izhmash_akm_std.bundle
[Info   :BundleManager] CACHE: Loading locally assets/content/items/mods/sights rear/sight_rear_ak_izhmash_akmb.bundle
[Info   :BundleManager] CACHE: Loading locally assets/content/items/mods/sights rear/sight_rear_ak_izhmash_akmp.bundle
[Info   :BundleManager] CACHE: Loading locally assets/content/items/mods/sights rear/sight_rear_ak_izhmash_rpk16_rear_sight_std.bundle
[Info   :BundleManager] CACHE: Loading locally assets/content/items/mods/sights rear/sight_rear_ak_molot_vpo_209.bundle
[Info   :BundleManager] CACHE: Loading locally assets/content/items/mods/sights rear/sight_rear_ak_rifle_dynamics_enhanced_v2.bundle
[Info   :BundleManager] CACHE: Loading locally assets/content/items/mods/sights rear/sight_rear_ak_sag_mk3_chassis_rear_sight.bundle
[Info   :BundleManager] CACHE: Loading locally assets/content/items/mods/sights rear/sight_rear_ak_tactica_tula_tt01.bundle
[Info   :BundleManager] CACHE: Loading locally assets/content/items/mods/sights rear/sight_rear_all_ckib_ash12_std.bundle
[Info   :BundleManager] CACHE: Loading locally assets/content/items/mods/sights rear/sight_rear_all_fn_scar_rear_sight_std.bundle
[Info   :BundleManager] CACHE: Loading locally assets/content/items/mods/sights rear/sight_rear_all_hk_416_flip_up.bundle
[Info   :BundleManager] CACHE: Loading locally assets/content/items/mods/sights rear/sight_rear_all_hk_mp7_std.bundle
[Info   :BundleManager] CACHE: Loading locally assets/content/items/mods/sights rear/sight_rear_all_kac_folding_micro_sight.bundle
[Info   :BundleManager] CACHE: Loading locally assets/content/items/mods/sights rear/sight_rear_all_kac_folding_sight.bundle
[Info   :BundleManager] CACHE: Loading locally assets/content/items/mods/sights rear/sight_rear_all_kriss_defiance_low_profile_flip_up.bundle
[Info   :BundleManager] CACHE: Loading locally assets/content/items/mods/sights rear/sight_rear_ar15_colt_a2.bundle
[Info   :BundleManager] CACHE: Loading locally assets/content/items/mods/sights rear/sight_rear_ar15_colt_carry_hande_std.bundle
[Info   :BundleManager] CACHE: Loading locally assets/content/items/mods/sights rear/sight_rear_g36_hk_std.bundle
[Info   :BundleManager] CACHE: Loading locally assets/content/items/mods/sights rear/sight_rear_m14_springfield_armory_enlarged_military_aperture_135.bundle
[Info   :BundleManager] CACHE: Loading locally assets/content/items/mods/sights rear/sight_rear_mosin_izhmash_mosin_carabine.bundle
[Info   :BundleManager] CACHE: Loading locally assets/content/items/mods/sights rear/sight_rear_mosin_izhmash_mosin_std.bundle
[Info   :BundleManager] CACHE: Loading locally assets/content/items/mods/sights rear/sight_rear_mp9_bt_mp9_std.bundle
[Info   :BundleManager] CACHE: Loading locally assets/content/items/mods/sights rear/sight_rear_pk_zid_pk_std.bundle
[Info   :BundleManager] CACHE: Loading locally assets/content/items/mods/sights rear/sight_rear_rpd_zid_rpd_std.bundle
[Info   :BundleManager] CACHE: Loading locally assets/content/items/mods/sights rear/sight_rear_sa58_ds_arms_metric_holand_type_rear_sight.bundle
[Info   :BundleManager] CACHE: Loading locally assets/content/items/mods/sights rear/sight_rear_sks_toz_sks_std.bundle
[Info   :BundleManager] CACHE: Loading locally assets/content/items/mods/sights rear/sight_rear_svt40_toz_svt40_std.bundle
[Info   :BundleManager] CACHE: Loading locally assets/content/items/mods/sights rear/sight_rear_val_tochmash_val_std.bundle
[Info   :BundleManager] CACHE: Loading locally assets/content/items/mods/sights rear/sight_rear_vepr_molot_vpo-101_std.bundle
[Info   :BundleManager] CACHE: Loading locally assets/content/items/mods/sights rear/sight_rear_vss_tochmash_vss_std.bundle
[Info   :BundleManager] CACHE: Loading locally assets/content/items/mods/scopes/scope_base_di_optical_fc1.bundle
[Info   :BundleManager] CACHE: Loading locally assets/content/items/mods/scopes/scope_all_steiner_r1x.bundle
Shader 'Effects/Explosions/DistortionFresnel': fallback shader 'Effects/Distortion/Free/CullOff' not found
Shader 'TextMeshPro/Distance Field': fallback shader 'TextMeshPro/Mobile/Distance Field' not found
Shader 'p0/Reflective/Bumped Specular Mask': fallback shader 'p0/Reflective/Bumped Specular Mask 2' not found
Shader 'Terrain/Bumped Specular Snow': dependency 'AddPassShader' shader 'Hidden/Nature/Terrain/Bumped Specular AddPass' not found
Shader 'RainyShaders/Terrain_Rainy_Shader ': dependency 'AddPassShader' shader 'Hidden/Nature/Terrain/Bumped Specular AddPass' not found
Shader 'Terrain/Bumped Specular': dependency 'AddPassShader' shader 'Hidden/Nature/Terrain/Bumped Specular AddPass' not found
Shader 'p0/Reflective/Bumped Specular Mask Compound': fallback shader 'p0/Reflective/Bumped Specular Mask 2' not found
Shader 'TextMeshPro/Distance Field Overlay': fallback shader 'TextMeshPro/Mobile/Distance Field' not found
Unloading 4 Unused Serialized files (Serialized files now loaded: 3)
[PhysX] Initialized MultithreadedTaskDispatcher with 16 workers.
UnloadTime: 5.252300 ms
Unloading 4517 unused Assets to reduce memory usage. Loaded Objects now: 91794.
Total: 68.070200 ms (FindLiveObjects: 8.167500 ms CreateObjectMapping: 2.075200 ms MarkObjects: 55.061300 ms  DeleteObjects: 2.765600 ms)

[Info   :RequestHandler] [REQUEST]: /singleplayer/settings/version
[Info   :RequestHandler] [REQUEST SUCCESSFUL] /singleplayer/settings/version
[Info   :ModulePatch] Server version: SPT 4.0.13 - 2891fd
[Info   : Fika.Core] Waiting for locales to be ready...
[Info   :RequestHandler] [REQUEST]: /singleplayer/clientmods
[Info   :RequestHandler] [REQUEST SUCCESSFUL] /singleplayer/clientmods
Unloading 10 Unused Serialized files (Serialized files now loaded: 4)
UnloadTime: 1.795300 ms
Unloading 13 unused Assets to reduce memory usage. Loaded Objects now: 553109.
Total: 173.964300 ms (FindLiveObjects: 51.713400 ms CreateObjectMapping: 8.451800 ms MarkObjects: 111.099600 ms  DeleteObjects: 2.698600 ms)

The referenced script (Unknown) on this Behaviour is missing!
The referenced script (Unknown) on this Behaviour is missing!
The referenced script (Unknown) on this Behaviour is missing!
The referenced script (Unknown) on this Behaviour is missing!
The referenced script (Unknown) on this Behaviour is missing!
The referenced script (Unknown) on this Behaviour is missing!
The referenced script (Unknown) on this Behaviour is missing!
The referenced script (Unknown) on this Behaviour is missing!
The referenced script on this Behaviour (Game Object '<null>') is missing!
The referenced script on this Behaviour (Game Object '<null>') is missing!
The referenced script on this Behaviour (Game Object '<null>') is missing!
The referenced script on this Behaviour (Game Object '<null>') is missing!
The referenced script on this Behaviour (Game Object '<null>') is missing!
The referenced script on this Behaviour (Game Object '<null>') is missing!
The referenced script on this Behaviour (Game Object '<null>') is missing!
The referenced script on this Behaviour (Game Object '<null>') is missing!
The referenced script on this Behaviour (Game Object '<null>') is missing!
The referenced script on this Behaviour (Game Object '<null>') is missing!
The referenced script on this Behaviour (Game Object '<null>') is missing!
The referenced script on this Behaviour (Game Object '<null>') is missing!
The referenced script on this Behaviour (Game Object '<null>') is missing!
The referenced script on this Behaviour (Game Object '<null>') is missing!
The referenced script on this Behaviour (Game Object '<null>') is missing!
The referenced script on this Behaviour (Game Object '<null>') is missing!
The referenced script on this Behaviour (Game Object '<null>') is missing!
The referenced script on this Behaviour (Game Object '<null>') is missing!
The referenced script on this Behaviour (Game Object '<null>') is missing!
The referenced script on this Behaviour (Game Object '<null>') is missing!
The referenced script on this Behaviour (Game Object '<null>') is missing!
The referenced script on this Behaviour (Game Object '<null>') is missing!
The referenced script on this Behaviour (Game Object '<null>') is missing!
The referenced script on this Behaviour (Game Object '<null>') is missing!
The referenced script on this Behaviour (Game Object '<null>') is missing!
Shader 'TextMeshPro/Distance Field': fallback shader 'TextMeshPro/Mobile/Distance Field' not found
Shader 'TextMeshPro/Distance Field Overlay': fallback shader 'TextMeshPro/Mobile/Distance Field' not found
[Info   : Fika.Core] Locales are ready!
[Error  : Fika.Core] [ShowFikaMessage]: You are trying to show error screen from non-main thread!
[Info   :RequestHandler] [REQUEST]: /singleplayer/log
[Info   : Fika.Core] Cached local IPs: 0.0.0.0, ::, 10.26.0.235, 240e:351:1f2a:6b00:ba61:2607:41b0:b683, 192.168.1.6
[Info   :RequestHandler] [REQUEST SUCCESSFUL] /singleplayer/log
[Warning:  SPT.Core] Validation failed
NullReferenceException: Object reference not set to an instance of an object
  at EFT.UI.ErrorScreen.smethod_0 (System.String source) [0x00000] in <ad47400a25db462cbf0a531df654c3c3>:0 
  at EFT.UI.ErrorScreen.Show (System.String title, System.String message, System.Single waitingTime, EFT.UI.ErrorScreen+EButtonType buttonType, System.Boolean removeHtml) [0x00023] in <ad47400a25db462cbf0a531df654c3c3>:0 
  at EFT.UI.PreloaderUI.method_1 () [0x0005d] in <ad47400a25db462cbf0a531df654c3c3>:0 
Rethrow as AggregateException: One or more errors occurred. (Object reference not set to an instance of an object)

UnityEngine.DebugLogHandler:Internal_LogException(Exception, Object)
UnityEngine.DebugLogHandler:LogException(Exception, Object)
Class412:LogException(Exception, Object)
UnityEngine.Logger:LogException(Exception, Object)
UnityEngine.Debug:LogException(Exception)
TasksExtensions:HandleFinishedTask(Task)
System.Threading.Tasks.ContinuationTaskFromTask:InnerInvoke()
System.Threading.Tasks.Task:Execute()
System.Threading.Tasks.Task:ExecutionContextCallback(Object)
System.Threading.ExecutionContext:RunInternal(ExecutionContext, ContextCallback, Object, Boolean)
System.Threading.ExecutionContext:Run(ExecutionContext, ContextCallback, Object, Boolean)
System.Threading.Tasks.Task:ExecuteWithThreadLocal(Task&)
System.Threading.Tasks.Task:ExecuteEntry(Boolean)
System.Threading.Tasks.Task:System.Threading.IThreadPoolWorkItem.ExecuteWorkItem()
System.Threading.ThreadPoolWorkQueue:Dispatch()
System.Threading._ThreadPoolWaitCallback:PerformWaitCallback()

[Debug  :ModulePatch] Item 'Grizzly急救包' weight adjusted: 1.6 -> 1.353 (empty: 0.3, usage: 0.81)
[Debug  :ModulePatch] Item 'Surv12野战手术包' weight adjusted: 1.2 -> 0.8222223 (empty: 0.35, usage: 0.5555556)
The referenced script (Unknown) on this Behaviour is missing!
[Info   :RequestHandler] [REQUEST]: /client/ragfair/offerfees
[Info   :RequestHandler] [REQUEST SUCCESSFUL] /client/ragfair/offerfees
[Info   :RequestHandler] [REQUEST]: /client/ragfair/offerfees
[Info   :RequestHandler] [REQUEST SUCCESSFUL] /client/ragfair/offerfees
[Info   :RequestHandler] [REQUEST]: /client/ragfair/offerfees
[Info   :RequestHandler] [REQUEST SUCCESSFUL] /client/ragfair/offerfees
[Info   :RequestHandler] [REQUEST]: /client/ragfair/offerfees
[Info   :RequestHandler] [REQUEST SUCCESSFUL] /client/ragfair/offerfees
[Info   :RequestHandler] [REQUEST]: /client/ragfair/offerfees
[Info   :RequestHandler] [REQUEST SUCCESSFUL] /client/ragfair/offerfees
[Info   :RequestHandler] [REQUEST]: /client/ragfair/offerfees
[Info   :RequestHandler] [REQUEST SUCCESSFUL] /client/ragfair/offerfees
The referenced script (Unknown) on this Behaviour is missing!
The referenced script (Unknown) on this Behaviour is missing!
[Info   :RequestHandler] [REQUEST]: /client/ragfair/offerfees
[Info   :RequestHandler] [REQUEST SUCCESSFUL] /client/ragfair/offerfees
[Info   :RequestHandler] [REQUEST]: /client/ragfair/offerfees
[Info   :RequestHandler] [REQUEST SUCCESSFUL] /client/ragfair/offerfees
[Info   :RequestHandler] [REQUEST]: /client/ragfair/offerfees
[Info   :RequestHandler] [REQUEST SUCCESSFUL] /client/ragfair/offerfees
[Info   :RequestHandler] [REQUEST]: /client/ragfair/offerfees
[Info   :RequestHandler] [REQUEST SUCCESSFUL] /client/ragfair/offerfees
[Info   :RequestHandler] [REQUEST]: /client/ragfair/offerfees
[Info   :RequestHandler] [REQUEST SUCCESSFUL] /client/ragfair/offerfees
[Info   :RequestHandler] [REQUEST]: /client/ragfair/offerfees
[Info   :RequestHandler] [REQUEST SUCCESSFUL] /client/ragfair/offerfees
[Info   :RequestHandler] [REQUEST]: /client/ragfair/offerfees
[Info   :RequestHandler] [REQUEST SUCCESSFUL] /client/ragfair/offerfees
[Info   :RequestHandler] [REQUEST]: /client/ragfair/offerfees
[Info   :RequestHandler] [REQUEST SUCCESSFUL] /client/ragfair/offerfees
[Info   :RequestHandler] [REQUEST]: /client/ragfair/offerfees
[Info   :RequestHandler] [REQUEST SUCCESSFUL] /client/ragfair/offerfees
[Info   :RequestHandler] [REQUEST]: /client/ragfair/offerfees
[Info   :RequestHandler] [REQUEST SUCCESSFUL] /client/ragfair/offerfees
[Info   :RequestHandler] [REQUEST]: /singleplayer/settings/raid/menu
[Info   :RequestHandler] [REQUEST SUCCESSFUL] /singleplayer/settings/raid/menu
[Info   :RequestHandler] [REQUEST]: /singleplayer/settings/raid/menu
[Info   :RequestHandler] [REQUEST SUCCESSFUL] /singleplayer/settings/raid/menu
[Info   :RequestHandler] [REQUEST]: /singleplayer/settings/raid/menu
[Info   :RequestHandler] [REQUEST SUCCESSFUL] /singleplayer/settings/raid/menu
[Info   :NetManagerUtils] FikaGameObject has been created!
[Info   :NetManagerUtils] FikaPingingClient has started!
[Info   :Fika.PingingClient] HostResponse Data: IPs: 10.26.0.111; 10.26.0.14; 10.120.85.241, Guid: 868ebcb6-5daf-4471-8315-eab6937ddbf4, Port: 25565, NatPunch: False, UseFikaNatPunchServer: False, IsHeadless: False
[Info   : Fika.Core] [JoinMatch]: Attempting to connect to host session...
[Info   :Fika.PingingClient] Stopped pinging 10.26.0.14:25565
[Info   :Fika.PingingClient] Received candidate: 10.26.0.14:25565
[Info   :Fika.PingingClient] Picked candidate 10.26.0.14:25565, using LocalPort: 51549
[Info   :Fika.PingingClient] Stopped FikaPingingClient
[Debug  :ModulePatch] TarkovApplication_LocalGamePreparer_Patch:Prefix
[Info   :NetManagerUtils] FikaClient has created!
[Info   :NetManagerUtils] Creating CoopHandler...
ParseException: Undefined packet in NetDataReader: 16530
  at Fika.Core.Networking.LiteNetLib.Utils.NetPacketProcessor.GetCallbackFromData (Fika.Core.Networking.LiteNetLib.Utils.NetDataReader reader) [0x0002c] in <584e5e373a4147c194040eda2372a621>:0 
  at Fika.Core.Networking.LiteNetLib.Utils.NetPacketProcessor.ReadPacket (Fika.Core.Networking.LiteNetLib.Utils.NetDataReader reader, System.Object userData) [0x00000] in <584e5e373a4147c194040eda2372a621>:0 
  at Fika.Core.Networking.LiteNetLib.Utils.NetPacketProcessor.ReadAllPackets (Fika.Core.Networking.LiteNetLib.Utils.NetDataReader reader, System.Object userData) [0x00002] in <584e5e373a4147c194040eda2372a621>:0 
  at Fika.Core.Networking.FikaClient.OnNetworkReceive (Fika.Core.Networking.LiteNetLib.NetPeer peer, Fika.Core.Networking.LiteNetLib.NetPacketReader reader, System.Byte channelNumber, Fika.Core.Networking.LiteNetLib.DeliveryMethod deliveryMethod) [0x00020] in <584e5e373a4147c194040eda2372a621>:0 
  at Fika.Core.Networking.LiteNetLib.NetManager.ProcessEvent (Fika.Core.Networking.LiteNetLib.NetEvent evt) [0x000a9] in <584e5e373a4147c194040eda2372a621>:0 
  at LiteNetLib.LiteNetManager.PollEvents () [0x00086] in <584e5e373a4147c194040eda2372a621>:0 
  at Fika.Core.Networking.FikaClient.Update () [0x0000a] in <584e5e373a4147c194040eda2372a621>:0 
UnityEngine.DebugLogHandler:Internal_LogException(Exception, Object)
UnityEngine.DebugLogHandler:LogException(Exception, Object)
Class412:LogException(Exception, Object)
UnityEngine.Logger:LogException(Exception, Object)
UnityEngine.Debug:CallOverridenDebugHandler(Exception, Object)

[Info   :Fika.Client] Received settings from server. SendRate: 20, NetId: 2, AllowVOIP: False
[Info   :ModulePatch] Disabling server scenes
The referenced script (EFT.SinglePlayerApplication) on this Behaviour is missing!
The referenced script on this Behaviour (Game Object '--- Application ---') is missing!
A scripted object (probably EFT.SinglePlayerApplication?) has a different serialization layout when loading. (Read 32 bytes but expected 148 bytes)
Did you #ifdef UNITY_EDITOR a section of your serialized properties in any of your scripts?
Unloading 18 Unused Serialized files (Serialized files now loaded: 391)
UnloadTime: 4.521500 ms
Unloading 923 unused Assets to reduce memory usage. Loaded Objects now: 883703.
Total: 383.670100 ms (FindLiveObjects: 82.627100 ms CreateObjectMapping: 16.801600 ms MarkObjects: 270.198100 ms  DeleteObjects: 14.042800 ms)

The referenced script on this Behaviour (Game Object 'model_LOD0') is missing!
The referenced script on this Behaviour (Game Object 'camomile01_LOD0') is missing!
WheelCollider requires an attached Rigidbody to function.
WheelCollider requires an attached Rigidbody to function.
WheelCollider requires an attached Rigidbody to function.
WheelCollider requires an attached Rigidbody to function.
[PhysX] Initialized MultithreadedTaskDispatcher with 16 workers.
[PhysX] Initialized MultithreadedTaskDispatcher with 16 workers.
Graphics.CopyTexture called with region not fitting in destination element: trying to copy to region (x:0, y:0, width:512, height:512) of mip 0 (size: 128x128) 
[Info   :RequestHandler] [REQUEST]: /singleplayer/settings/getRaidTime
[Info   :RequestHandler] [REQUEST SUCCESSFUL] /singleplayer/settings/getRaidTime
[Info   :ModulePatch] Received CustomRaidSettings: UseCustomWeather: False, DisableOverload: False, DisableLegStamina: False, DisableArmStamina: False
[Info   :ClientGameController] Waiting for host to init
[Info   :  CoopGame] Creating CoopHandler
[Info   :  CoopGame] Initializing Exfils: Id TarkovStreets, Exits: 12, SecretExits: 1
[Info   :  CoopGame] Location: Streets of Tarkov
[Info   :ClientGameController] Loading BTR data...
[Info   : Fika.Core] [HandleResponse]: Received spawn position from host: (45.79, 2.72, 417.08), rotation: (0.00, -0.86, 0.00, 0.51)
[Info   :ClientGameController] Retrieved infiltration point 'E1_2' from server
[Info   : Fika.Core] [HandleResponse]: Received 11 exfils from the server
[Info   : Fika.Core] [Create]: Using strict inventory sync
[Info   :NetManagerUtils] Setting up game variables...
[Info   :  CoopGame] Adding debug component...
[Info   :  CoopGame] Local player created
[Info   :ClientGameController] Starting task to wait for host to start the raid.
Couldn't create a Convex Mesh from source mesh "item_barter_household_shampoo_LOD0" within the maximum polygons limit (256). The partial hull will be used. Consider simplifying your mesh.
The referenced script (Unknown) on this Behaviour is missing!
The referenced script (Unknown) on this Behaviour is missing!
The referenced script (Unknown) on this Behaviour is missing!
The referenced script (Unknown) on this Behaviour is missing!
The referenced script (Unknown) on this Behaviour is missing!
[Info   :ClientGameController] Generating and initializing weather...
[Debug  :ModulePatch] Item 'Grizzly急救包' weight adjusted: 1.6 -> 1.504667 (empty: 0.3, usage: 0.9266667)
[Debug  :ModulePatch] Item 'Surv12野战手术包' weight adjusted: 1.2 -> 0.9166667 (empty: 0.35, usage: 0.6666667)
[Info   :ClientGameController] Setting Season to: Spring
[Info   :ClientGameController] Setting Season to: Spring
[Info   :ClientGameController] Setting Season to: Spring
[Info   :ClientGameController] Setting Season to: Spring
[Info   :ClientGameController] Setting Season to: Spring
[Info   :ClientGameController] Setting Season to: Spring
[Info   :ClientGameController] Setting Season to: Spring
Shader 'TextMeshPro/Distance Field': fallback shader 'TextMeshPro/Mobile/Distance Field' not found
[Debug  :ModulePatch] Item 'Grizzly急救包' weight adjusted: 1.6 -> 1.519111 (empty: 0.3, usage: 0.9377778)
[Info   :ClientGameController] All players are loaded, continuing...
[Info   :ClientGameController] MatchingType: Client, Raid Code: NHFZ7K
The referenced script (Unknown) on this Behaviour is missing!
Couldn't create a Convex Mesh from source mesh "item_equipment_helmet_armasight_nvg_googles_mask_LOD1_base" within the maximum polygons limit (256). The partial hull will be used. Consider simplifying your mesh.
[Info   :ClientGameController] Waiting for host init
[Info   :ClientGameController] Received date from server, was [07/31/2026 09:37:37] - new [07/31/2026 09:15:46]
[Info   :ClientGameController] Host init complete
The referenced script (Unknown) on this Behaviour is missing!
The referenced script (Unknown) on this Behaviour is missing!
The referenced script (Unknown) on this Behaviour is missing!
The referenced script (Unknown) on this Behaviour is missing!
The referenced script (Unknown) on this Behaviour is missing!
The referenced script (Unknown) on this Behaviour is missing!
The referenced script (Unknown) on this Behaviour is missing!
The referenced script (Unknown) on this Behaviour is missing!
The referenced script (Unknown) on this Behaviour is missing!
The referenced script (Unknown) on this Behaviour is missing!
[Debug  :ModulePatch] Item '0.6升瓶装水' weight adjusted: 0.65 -> 0.5758458 (empty: 0.05, usage: 0.8764096)
[Debug  :ModulePatch] Item '安乃近止痛药' weight adjusted: 0.01 -> 0.007239904 (empty: 0.002, usage: 0.654988)
[Debug  :ModulePatch] Item '布洛芬止痛药' weight adjusted: 0.07 -> 0.068491 (empty: 0.015, usage: 0.9725636)
[Info   :Fika.Client] Received sync event: 0
[Info   : Fika.Core] [OnInitEvent]: Received TransitInitEvent from server with 3 points
[Info   :Fika.Client] Received sync event: 1
[Info   :Fika.Client] Received sync event: 0
[Info   : Fika.Core] [OnInitEvent]: Received TransitInitEvent from server with 3 points
Coroutine couldn't be started because the the game object 'TimerPanel' is inactive!
[Info   :Fika.Client] Received sync event: 1
Coroutine couldn't be started because the the game object 'TimerPanel' is inactive!
[Info   :Fika.Client] Received sync event: 0
[Info   : Fika.Core] [OnInitEvent]: Received TransitInitEvent from server with 3 points
[Info   :Fika.Client] Received sync event: 1
The referenced script (Unknown) on this Behaviour is missing!
[Info   :ClientGameController] [CLIENT] SpawnPosition: (45.79, 2.72, 417.08), InfiltrationPoint: E1_2
The referenced script (Unknown) on this Behaviour is missing!
The referenced script (Unknown) on this Behaviour is missing!
The referenced script (Unknown) on this Behaviour is missing!
The referenced script (Unknown) on this Behaviour is missing!
The referenced script (Unknown) on this Behaviour is missing!
The referenced script (Unknown) on this Behaviour is missing!
The referenced script (Unknown) on this Behaviour is missing!
[Debug  :ModulePatch] Item '0.6升瓶装水' weight adjusted: 0.65 -> 0.5758458 (empty: 0.05, usage: 0.8764096)
[Debug  :ModulePatch] Item '0.6升瓶装水' weight adjusted: 0.65 -> 0.5758458 (empty: 0.05, usage: 0.8764096)
[Debug  :ModulePatch] Item '0.6升瓶装水' weight adjusted: 0.65 -> 0.5758458 (empty: 0.05, usage: 0.8764096)
[Debug  :ModulePatch] Item '0.6升瓶装水' weight adjusted: 0.65 -> 0.5758458 (empty: 0.05, usage: 0.8764096)
[Debug  :ModulePatch] Item 'Grizzly急救包' weight adjusted: 1.6 -> 1.504667 (empty: 0.3, usage: 0.9266667)
[Debug  :ModulePatch] Item 'Surv12野战手术包' weight adjusted: 1.2 -> 0.9166667 (empty: 0.35, usage: 0.6666667)
[Info   : Fika.Core] [Execute]: Received BTR spawn event from server
[Debug  :ModulePatch] Item '安乃近止痛药' weight adjusted: 0.01 -> 0.007239904 (empty: 0.002, usage: 0.654988)
[Debug  :ModulePatch] Item '布洛芬止痛药' weight adjusted: 0.07 -> 0.068491 (empty: 0.015, usage: 0.9725636)
[Debug  :ModulePatch] Item '安乃近止痛药' weight adjusted: 0.01 -> 0.007239904 (empty: 0.002, usage: 0.654988)
[Debug  :ModulePatch] Item '布洛芬止痛药' weight adjusted: 0.07 -> 0.068491 (empty: 0.015, usage: 0.9725636)
[Debug  :ModulePatch] Item '安乃近止痛药' weight adjusted: 0.01 -> 0.007239904 (empty: 0.002, usage: 0.654988)
[Debug  :ModulePatch] Item '布洛芬止痛药' weight adjusted: 0.07 -> 0.068491 (empty: 0.015, usage: 0.9725636)
[Debug  :ModulePatch] Item '安乃近止痛药' weight adjusted: 0.01 -> 0.007239904 (empty: 0.002, usage: 0.654988)
[Debug  :ModulePatch] Item '布洛芬止痛药' weight adjusted: 0.07 -> 0.068491 (empty: 0.015, usage: 0.9725636)
[Debug  :ModulePatch] Item 'Grizzly急救包' weight adjusted: 1.6 -> 1.353 (empty: 0.3, usage: 0.81)
[Debug  :ModulePatch] Item 'Surv12野战手术包' weight adjusted: 1.2 -> 0.8222223 (empty: 0.35, usage: 0.5555556)
[Debug  :ModulePatch] Item 'Grizzly急救包' weight adjusted: 1.6 -> 1.353 (empty: 0.3, usage: 0.81)
[Debug  :ModulePatch] Item 'Surv12野战手术包' weight adjusted: 1.2 -> 0.8222223 (empty: 0.35, usage: 0.5555556)
[Debug  :ModulePatch] Item 'Grizzly急救包' weight adjusted: 1.6 -> 1.353 (empty: 0.3, usage: 0.81)
[Debug  :ModulePatch] Item 'Surv12野战手术包' weight adjusted: 1.2 -> 0.8222223 (empty: 0.35, usage: 0.5555556)
[Debug  :ModulePatch] Item 'Grizzly急救包' weight adjusted: 1.6 -> 1.353 (empty: 0.3, usage: 0.81)
[Debug  :ModulePatch] Item 'Surv12野战手术包' weight adjusted: 1.2 -> 0.8222223 (empty: 0.35, usage: 0.5555556)
[Debug  :ModulePatch] Item 'Grizzly急救包' weight adjusted: 1.6 -> 1.353 (empty: 0.3, usage: 0.81)
[Debug  :ModulePatch] Item 'Surv12野战手术包' weight adjusted: 1.2 -> 0.8222223 (empty: 0.35, usage: 0.5555556)
[Debug  :ModulePatch] Item 'Grizzly急救包' weight adjusted: 1.6 -> 1.353 (empty: 0.3, usage: 0.81)
[Debug  :ModulePatch] Item 'Surv12野战手术包' weight adjusted: 1.2 -> 0.8222223 (empty: 0.35, usage: 0.5555556)
[Debug  :ModulePatch] Item 'Grizzly急救包' weight adjusted: 1.6 -> 1.353 (empty: 0.3, usage: 0.81)
[Debug  :ModulePatch] Item 'Surv12野战手术包' weight adjusted: 1.2 -> 0.8222223 (empty: 0.35, usage: 0.5555556)
[Debug  :ModulePatch] Item 'Grizzly急救包' weight adjusted: 1.6 -> 1.353 (empty: 0.3, usage: 0.81)
[Debug  :ModulePatch] Item 'Surv12野战手术包' weight adjusted: 1.2 -> 0.8222223 (empty: 0.35, usage: 0.5555556)
[Debug  :ModulePatch] Item 'Grizzly急救包' weight adjusted: 1.6 -> 1.353 (empty: 0.3, usage: 0.81)
[Debug  :ModulePatch] Item 'Surv12野战手术包' weight adjusted: 1.2 -> 0.8222223 (empty: 0.35, usage: 0.5555556)
[Debug  :ModulePatch] Item 'Grizzly急救包' weight adjusted: 1.6 -> 1.519111 (empty: 0.3, usage: 0.9377778)
[Debug  :ModulePatch] Item 'Grizzly急救包' weight adjusted: 1.6 -> 1.519111 (empty: 0.3, usage: 0.9377778)
[Debug  :ModulePatch] Item 'Grizzly急救包' weight adjusted: 1.6 -> 1.519111 (empty: 0.3, usage: 0.9377778)
[Debug  :ModulePatch] Item 'Grizzly急救包' weight adjusted: 1.6 -> 1.519111 (empty: 0.3, usage: 0.9377778)
[Error  :Fika.Client] HandleInventoryPacket::Unable to process descriptor from netId 14, error: You're trying to transfer 9 when you can only transfer 1
[Debug  :ModulePatch] Item '安乃近止痛药' weight adjusted: 0.01 -> 0.007239904 (empty: 0.002, usage: 0.654988)
[Debug  :ModulePatch] Item '布洛芬止痛药' weight adjusted: 0.07 -> 0.068491 (empty: 0.015, usage: 0.9725636)
[Debug  :ModulePatch] Item 'Grizzly急救包' weight adjusted: 1.6 -> 1.504667 (empty: 0.3, usage: 0.9266667)
[Debug  :ModulePatch] Item 'Surv12野战手术包' weight adjusted: 1.2 -> 0.9166667 (empty: 0.35, usage: 0.6666667)
[Debug  :ModulePatch] Item 'Grizzly急救包' weight adjusted: 1.6 -> 1.504667 (empty: 0.3, usage: 0.9266667)
[Debug  :ModulePatch] Item 'Surv12野战手术包' weight adjusted: 1.2 -> 0.9166667 (empty: 0.35, usage: 0.6666667)
[Debug  :ModulePatch] Item '安乃近止痛药' weight adjusted: 0.01 -> 0.007239904 (empty: 0.002, usage: 0.654988)
[Debug  :ModulePatch] Item '布洛芬止痛药' weight adjusted: 0.07 -> 0.068491 (empty: 0.015, usage: 0.9725636)
[Debug  :ModulePatch] Item 'Grizzly急救包' weight adjusted: 1.6 -> 1.519111 (empty: 0.3, usage: 0.9377778)
[Debug  :ModulePatch] Item 'Grizzly急救包' weight adjusted: 1.6 -> 1.519111 (empty: 0.3, usage: 0.9377778)
[Debug  :ModulePatch] Item 'Grizzly急救包' weight adjusted: 1.6 -> 1.353 (empty: 0.3, usage: 0.81)
[Debug  :ModulePatch] Item 'Surv12野战手术包' weight adjusted: 1.2 -> 0.8222223 (empty: 0.35, usage: 0.5555556)
[Debug  :ModulePatch] Item 'Grizzly急救包' weight adjusted: 1.6 -> 1.353 (empty: 0.3, usage: 0.81)
[Debug  :ModulePatch] Item 'Surv12野战手术包' weight adjusted: 1.2 -> 0.8222223 (empty: 0.35, usage: 0.5555556)
[Debug  :ModulePatch] Item 'Grizzly急救包' weight adjusted: 1.6 -> 1.353 (empty: 0.3, usage: 0.81)
[Debug  :ModulePatch] Item 'Surv12野战手术包' weight adjusted: 1.2 -> 0.8222223 (empty: 0.35, usage: 0.5555556)
[Debug  :ModulePatch] Item 'Grizzly急救包' weight adjusted: 1.6 -> 1.353 (empty: 0.3, usage: 0.81)
[Debug  :ModulePatch] Item 'Surv12野战手术包' weight adjusted: 1.2 -> 0.8222223 (empty: 0.35, usage: 0.5555556)
[Debug  :ModulePatch] Item 'Grizzly急救包' weight adjusted: 1.6 -> 1.353 (empty: 0.3, usage: 0.81)
[Debug  :ModulePatch] Item 'Surv12野战手术包' weight adjusted: 1.2 -> 0.8222223 (empty: 0.35, usage: 0.5555556)
[Debug  :ModulePatch] Item 'AFAK单兵战术急救包' weight adjusted: 0.8 -> 0.7550141 (empty: 0.2, usage: 0.9250235)
[Debug  :ModulePatch] Item 'Grizzly急救包' weight adjusted: 1.6 -> 1.519111 (empty: 0.3, usage: 0.9377778)
[Debug  :ModulePatch] Item 'Grizzly急救包' weight adjusted: 1.6 -> 1.519111 (empty: 0.3, usage: 0.9377778)
[Debug  :ModulePatch] Item 'Grizzly急救包' weight adjusted: 1.6 -> 1.519111 (empty: 0.3, usage: 0.9377778)
[Debug  :ModulePatch] Item 'Grizzly急救包' weight adjusted: 1.6 -> 1.353 (empty: 0.3, usage: 0.81)
[Debug  :ModulePatch] Item 'Surv12野战手术包' weight adjusted: 1.2 -> 0.8222223 (empty: 0.35, usage: 0.5555556)
[Debug  :ModulePatch] Item 'Grizzly急救包' weight adjusted: 1.6 -> 1.519111 (empty: 0.3, usage: 0.9377778)
[Debug  :ModulePatch] Item 'Grizzly急救包' weight adjusted: 1.6 -> 1.353 (empty: 0.3, usage: 0.81)
[Debug  :ModulePatch] Item 'Surv12野战手术包' weight adjusted: 1.2 -> 0.8222223 (empty: 0.35, usage: 0.5555556)
[Debug  :ModulePatch] Item 'Grizzly急救包' weight adjusted: 1.6 -> 1.353 (empty: 0.3, usage: 0.81)
[Debug  :ModulePatch] Item 'Surv12野战手术包' weight adjusted: 1.2 -> 0.8222223 (empty: 0.35, usage: 0.5555556)
[Debug  :ModulePatch] Item 'Grizzly急救包' weight adjusted: 1.6 -> 1.504667 (empty: 0.3, usage: 0.9266667)
[Debug  :ModulePatch] Item 'Surv12野战手术包' weight adjusted: 1.2 -> 0.9166667 (empty: 0.35, usage: 0.6666667)
[Debug  :ModulePatch] Item 'Grizzly急救包' weight adjusted: 1.6 -> 1.353 (empty: 0.3, usage: 0.81)
[Debug  :ModulePatch] Item 'Surv12野战手术包' weight adjusted: 1.2 -> 0.8222223 (empty: 0.35, usage: 0.5555556)
[Debug  :ModulePatch] Item 'Grizzly急救包' weight adjusted: 1.6 -> 1.504667 (empty: 0.3, usage: 0.9266667)
[Debug  :ModulePatch] Item 'Surv12野战手术包' weight adjusted: 1.2 -> 0.9166667 (empty: 0.35, usage: 0.6666667)
[Debug  :ModulePatch] Item 'Grizzly急救包' weight adjusted: 1.6 -> 1.353 (empty: 0.3, usage: 0.81)
[Debug  :ModulePatch] Item 'Surv12野战手术包' weight adjusted: 1.2 -> 0.8222223 (empty: 0.35, usage: 0.5555556)
[Debug  :ModulePatch] Item '0.6升瓶装水' weight adjusted: 0.65 -> 0.5982599 (empty: 0.05, usage: 0.9137664)
[Debug  :ModulePatch] Item 'Grizzly急救包' weight adjusted: 1.6 -> 1.353 (empty: 0.3, usage: 0.81)
[Debug  :ModulePatch] Item 'Surv12野战手术包' weight adjusted: 1.2 -> 0.8222223 (empty: 0.35, usage: 0.5555556)
[Debug  :ModulePatch] Item 'Grizzly急救包' weight adjusted: 1.6 -> 1.353 (empty: 0.3, usage: 0.81)
[Debug  :ModulePatch] Item 'Surv12野战手术包' weight adjusted: 1.2 -> 0.8222223 (empty: 0.35, usage: 0.5555556)
[Debug  :ModulePatch] Item 'Grizzly急救包' weight adjusted: 1.6 -> 1.353 (empty: 0.3, usage: 0.81)
[Debug  :ModulePatch] Item 'Surv12野战手术包' weight adjusted: 1.2 -> 0.8222223 (empty: 0.35, usage: 0.5555556)
[Debug  :ModulePatch] Item 'Grizzly急救包' weight adjusted: 1.6 -> 1.353 (empty: 0.3, usage: 0.81)
[Debug  :ModulePatch] Item 'Surv12野战手术包' weight adjusted: 1.2 -> 0.8222223 (empty: 0.35, usage: 0.5555556)
[Debug  :ModulePatch] Item 'Grizzly急救包' weight adjusted: 1.6 -> 1.353 (empty: 0.3, usage: 0.81)
[Debug  :ModulePatch] Item 'Surv12野战手术包' weight adjusted: 1.2 -> 0.8222223 (empty: 0.35, usage: 0.5555556)
[Debug  :ModulePatch] Item 'Grizzly急救包' weight adjusted: 1.6 -> 1.353 (empty: 0.3, usage: 0.81)
[Debug  :ModulePatch] Item 'Surv12野战手术包' weight adjusted: 1.2 -> 0.8222223 (empty: 0.35, usage: 0.5555556)
[Debug  :ModulePatch] Item 'Grizzly急救包' weight adjusted: 1.6 -> 1.353 (empty: 0.3, usage: 0.81)
[Debug  :ModulePatch] Item 'Surv12野战手术包' weight adjusted: 1.2 -> 0.8222223 (empty: 0.35, usage: 0.5555556)
[Debug  :ModulePatch] Item 'Grizzly急救包' weight adjusted: 1.6 -> 1.519111 (empty: 0.3, usage: 0.9377778)
[Debug  :ModulePatch] Item 'Grizzly急救包' weight adjusted: 1.6 -> 1.353 (empty: 0.3, usage: 0.81)
[Debug  :ModulePatch] Item 'Surv12野战手术包' weight adjusted: 1.2 -> 0.8222223 (empty: 0.35, usage: 0.5555556)
[Debug  :ModulePatch] Item 'Grizzly急救包' weight adjusted: 1.6 -> 1.519111 (empty: 0.3, usage: 0.9377778)
[Debug  :ModulePatch] Item 'Grizzly急救包' weight adjusted: 1.6 -> 1.353 (empty: 0.3, usage: 0.81)
[Debug  :ModulePatch] Item 'Surv12野战手术包' weight adjusted: 1.2 -> 0.8222223 (empty: 0.35, usage: 0.5555556)
[Debug  :ModulePatch] Item 'Grizzly急救包' weight adjusted: 1.6 -> 1.353 (empty: 0.3, usage: 0.81)
[Debug  :ModulePatch] Item 'Surv12野战手术包' weight adjusted: 1.2 -> 0.8222223 (empty: 0.35, usage: 0.5555556)
[Debug  :ModulePatch] Item '0.6升瓶装水' weight adjusted: 0.65 -> 0.5982599 (empty: 0.05, usage: 0.9137664)
[Debug  :ModulePatch] Item '0.6升瓶装水' weight adjusted: 0.65 -> 0.5982599 (empty: 0.05, usage: 0.9137664)
[Debug  :ModulePatch] Item 'Grizzly急救包' weight adjusted: 1.6 -> 1.353 (empty: 0.3, usage: 0.81)
[Debug  :ModulePatch] Item 'Surv12野战手术包' weight adjusted: 1.2 -> 0.8222223 (empty: 0.35, usage: 0.5555556)
[Debug  :ModulePatch] Item 'Grizzly急救包' weight adjusted: 1.6 -> 1.353 (empty: 0.3, usage: 0.81)
[Debug  :ModulePatch] Item 'Surv12野战手术包' weight adjusted: 1.2 -> 0.8222223 (empty: 0.35, usage: 0.5555556)
[Debug  :ModulePatch] Item 'Grizzly急救包' weight adjusted: 1.6 -> 1.353 (empty: 0.3, usage: 0.81)
[Debug  :ModulePatch] Item 'Surv12野战手术包' weight adjusted: 1.2 -> 0.8222223 (empty: 0.35, usage: 0.5555556)
[Debug  :ModulePatch] Item 'Grizzly急救包' weight adjusted: 1.6 -> 1.353 (empty: 0.3, usage: 0.81)
[Debug  :ModulePatch] Item 'Surv12野战手术包' weight adjusted: 1.2 -> 0.8222223 (empty: 0.35, usage: 0.5555556)
[Debug  :ModulePatch] Item 'Grizzly急救包' weight adjusted: 1.6 -> 1.353 (empty: 0.3, usage: 0.81)
[Debug  :ModulePatch] Item 'Surv12野战手术包' weight adjusted: 1.2 -> 0.8222223 (empty: 0.35, usage: 0.5555556)
[Debug  :ModulePatch] Item 'Grizzly急救包' weight adjusted: 1.6 -> 1.519111 (empty: 0.3, usage: 0.9377778)
[Debug  :ModulePatch] Item 'Grizzly急救包' weight adjusted: 1.6 -> 1.353 (empty: 0.3, usage: 0.81)
[Debug  :ModulePatch] Item 'Surv12野战手术包' weight adjusted: 1.2 -> 0.8222223 (empty: 0.35, usage: 0.5555556)
[Debug  :ModulePatch] Item 'Grizzly急救包' weight adjusted: 1.6 -> 1.353 (empty: 0.3, usage: 0.81)
[Debug  :ModulePatch] Item 'Surv12野战手术包' weight adjusted: 1.2 -> 0.8222223 (empty: 0.35, usage: 0.5555556)
[Debug  :ModulePatch] Item '布洛芬止痛药' weight adjusted: 0.07 -> 0.068491 (empty: 0.015, usage: 0.9725636)
[Debug  :ModulePatch] Item 'AFAK单兵战术急救包' weight adjusted: 0.8 -> 0.7550141 (empty: 0.2, usage: 0.9250235)
[Debug  :ModulePatch] Item 'Grizzly急救包' weight adjusted: 1.6 -> 1.519111 (empty: 0.3, usage: 0.9377778)
[Debug  :ModulePatch] Item 'Grizzly急救包' weight adjusted: 1.6 -> 1.353 (empty: 0.3, usage: 0.81)
[Debug  :ModulePatch] Item 'Surv12野战手术包' weight adjusted: 1.2 -> 0.8222223 (empty: 0.35, usage: 0.5555556)
[Debug  :ModulePatch] Item '布洛芬止痛药' weight adjusted: 0.07 -> 0.068491 (empty: 0.015, usage: 0.9725636)
[Debug  :ModulePatch] Item 'AFAK单兵战术急救包' weight adjusted: 0.8 -> 0.7550141 (empty: 0.2, usage: 0.9250235)
[Debug  :ModulePatch] Item 'Grizzly急救包' weight adjusted: 1.6 -> 1.353 (empty: 0.3, usage: 0.81)
[Debug  :ModulePatch] Item 'Surv12野战手术包' weight adjusted: 1.2 -> 0.8222223 (empty: 0.35, usage: 0.5555556)
[Debug  :ModulePatch] Item '布洛芬止痛药' weight adjusted: 0.07 -> 0.068491 (empty: 0.015, usage: 0.9725636)
[Debug  :ModulePatch] Item 'AFAK单兵战术急救包' weight adjusted: 0.8 -> 0.7550141 (empty: 0.2, usage: 0.9250235)
[Debug  :ModulePatch] Item 'Grizzly急救包' weight adjusted: 1.6 -> 1.519111 (empty: 0.3, usage: 0.9377778)
[Debug  :ModulePatch] Item 'Grizzly急救包' weight adjusted: 1.6 -> 1.353 (empty: 0.3, usage: 0.81)
[Debug  :ModulePatch] Item 'Surv12野战手术包' weight adjusted: 1.2 -> 0.8222223 (empty: 0.35, usage: 0.5555556)
[Debug  :ModulePatch] Item 'Grizzly急救包' weight adjusted: 1.6 -> 1.519111 (empty: 0.3, usage: 0.9377778)
[Debug  :ModulePatch] Item '安乃近止痛药' weight adjusted: 0.01 -> 0.007967864 (empty: 0.002, usage: 0.7459831)
[Debug  :ModulePatch] Item 'Grizzly急救包' weight adjusted: 1.6 -> 1.519111 (empty: 0.3, usage: 0.9377778)
[Debug  :ModulePatch] Item '安乃近止痛药' weight adjusted: 0.01 -> 0.007967864 (empty: 0.002, usage: 0.7459831)
[Debug  :ModulePatch] Item 'Grizzly急救包' weight adjusted: 1.6 -> 1.519111 (empty: 0.3, usage: 0.9377778)
[Debug  :ModulePatch] Item '安乃近止痛药' weight adjusted: 0.01 -> 0.007967864 (empty: 0.002, usage: 0.7459831)
[Debug  :ModulePatch] Item 'Grizzly急救包' weight adjusted: 1.6 -> 1.353 (empty: 0.3, usage: 0.81)
[Debug  :ModulePatch] Item 'Surv12野战手术包' weight adjusted: 1.2 -> 0.8222223 (empty: 0.35, usage: 0.5555556)
[Debug  :ModulePatch] Item 'Grizzly急救包' weight adjusted: 1.6 -> 1.353 (empty: 0.3, usage: 0.81)
[Debug  :ModulePatch] Item 'Surv12野战手术包' weight adjusted: 1.2 -> 0.8222223 (empty: 0.35, usage: 0.5555556)
[Debug  :ModulePatch] Item 'Grizzly急救包' weight adjusted: 1.6 -> 1.353 (empty: 0.3, usage: 0.81)
[Debug  :ModulePatch] Item 'Surv12野战手术包' weight adjusted: 1.2 -> 0.8222223 (empty: 0.35, usage: 0.5555556)
[Debug  :ModulePatch] Item 'Grizzly急救包' weight adjusted: 1.6 -> 1.353 (empty: 0.3, usage: 0.81)
[Debug  :ModulePatch] Item 'Surv12野战手术包' weight adjusted: 1.2 -> 0.8222223 (empty: 0.35, usage: 0.5555556)
[Debug  :ModulePatch] Item 'Grizzly急救包' weight adjusted: 1.6 -> 1.353 (empty: 0.3, usage: 0.81)
[Debug  :ModulePatch] Item 'Surv12野战手术包' weight adjusted: 1.2 -> 0.8222223 (empty: 0.35, usage: 0.5555556)
[Debug  :ModulePatch] Item 'Grizzly急救包' weight adjusted: 1.6 -> 1.353 (empty: 0.3, usage: 0.81)
[Debug  :ModulePatch] Item 'Surv12野战手术包' weight adjusted: 1.2 -> 0.8222223 (empty: 0.35, usage: 0.5555556)
[Debug  :ModulePatch] Item 'Grizzly急救包' weight adjusted: 1.6 -> 1.353 (empty: 0.3, usage: 0.81)
[Debug  :ModulePatch] Item 'Surv12野战手术包' weight adjusted: 1.2 -> 0.8222223 (empty: 0.35, usage: 0.5555556)
[Debug  :ModulePatch] Item 'Grizzly急救包' weight adjusted: 1.6 -> 1.353 (empty: 0.3, usage: 0.81)
[Debug  :ModulePatch] Item 'Surv12野战手术包' weight adjusted: 1.2 -> 0.8222223 (empty: 0.35, usage: 0.5555556)
[Debug  :ModulePatch] Item 'Grizzly急救包' weight adjusted: 1.6 -> 1.519111 (empty: 0.3, usage: 0.9377778)
[Debug  :ModulePatch] Item '安乃近止痛药' weight adjusted: 0.01 -> 0.007967864 (empty: 0.002, usage: 0.7459831)
[Debug  :ModulePatch] Item 'Grizzly急救包' weight adjusted: 1.6 -> 1.353 (empty: 0.3, usage: 0.81)
[Debug  :ModulePatch] Item 'Surv12野战手术包' weight adjusted: 1.2 -> 0.8222223 (empty: 0.35, usage: 0.5555556)
[Debug  :ModulePatch] Item 'Grizzly急救包' weight adjusted: 1.6 -> 1.353 (empty: 0.3, usage: 0.81)
[Debug  :ModulePatch] Item 'Surv12野战手术包' weight adjusted: 1.2 -> 0.8222223 (empty: 0.35, usage: 0.5555556)
[Debug  :ModulePatch] Item 'Grizzly急救包' weight adjusted: 1.6 -> 1.353 (empty: 0.3, usage: 0.81)
[Debug  :ModulePatch] Item 'Surv12野战手术包' weight adjusted: 1.2 -> 0.8222223 (empty: 0.35, usage: 0.5555556)
[Debug  :ModulePatch] Item 'Grizzly急救包' weight adjusted: 1.6 -> 1.519111 (empty: 0.3, usage: 0.9377778)
[Debug  :ModulePatch] Item '安乃近止痛药' weight adjusted: 0.01 -> 0.007967864 (empty: 0.002, usage: 0.7459831)
[Debug  :ModulePatch] Item 'Grizzly急救包' weight adjusted: 1.6 -> 1.353 (empty: 0.3, usage: 0.81)
[Debug  :ModulePatch] Item 'Surv12野战手术包' weight adjusted: 1.2 -> 0.8222223 (empty: 0.35, usage: 0.5555556)
[Debug  :ModulePatch] Item 'Grizzly急救包' weight adjusted: 1.6 -> 1.353 (empty: 0.3, usage: 0.81)
[Debug  :ModulePatch] Item 'Surv12野战手术包' weight adjusted: 1.2 -> 0.8222223 (empty: 0.35, usage: 0.5555556)
[Debug  :ModulePatch] Item '0.6升瓶装水' weight adjusted: 0.65 -> 0.5758458 (empty: 0.05, usage: 0.8764096)
[Debug  :ModulePatch] Item 'Grizzly急救包' weight adjusted: 1.6 -> 1.504667 (empty: 0.3, usage: 0.9266667)
[Debug  :ModulePatch] Item 'Surv12野战手术包' weight adjusted: 1.2 -> 0.9166667 (empty: 0.35, usage: 0.6666667)
[Debug  :ModulePatch] Item '0.6升瓶装水' weight adjusted: 0.65 -> 0.5758458 (empty: 0.05, usage: 0.8764096)
[Debug  :ModulePatch] Item 'Grizzly急救包' weight adjusted: 1.6 -> 1.504667 (empty: 0.3, usage: 0.9266667)
[Debug  :ModulePatch] Item 'Surv12野战手术包' weight adjusted: 1.2 -> 0.9166667 (empty: 0.35, usage: 0.6666667)
[Debug  :ModulePatch] Item 'Grizzly急救包' weight adjusted: 1.6 -> 1.353 (empty: 0.3, usage: 0.81)
[Debug  :ModulePatch] Item 'Surv12野战手术包' weight adjusted: 1.2 -> 0.8222223 (empty: 0.35, usage: 0.5555556)
[Debug  :ModulePatch] Item 'Grizzly急救包' weight adjusted: 1.6 -> 1.353 (empty: 0.3, usage: 0.81)
[Debug  :ModulePatch] Item 'Surv12野战手术包' weight adjusted: 1.2 -> 0.8222223 (empty: 0.35, usage: 0.5555556)
[Debug  :ModulePatch] Item '0.6升瓶装水' weight adjusted: 0.65 -> 0.5758458 (empty: 0.05, usage: 0.8764096)
[Debug  :ModulePatch] Item 'Grizzly急救包' weight adjusted: 1.6 -> 1.504667 (empty: 0.3, usage: 0.9266667)
[Debug  :ModulePatch] Item 'Surv12野战手术包' weight adjusted: 1.2 -> 0.9166667 (empty: 0.35, usage: 0.6666667)
[Debug  :ModulePatch] Item '0.6升瓶装水' weight adjusted: 0.65 -> 0.5758458 (empty: 0.05, usage: 0.8764096)
[Debug  :ModulePatch] Item 'Grizzly急救包' weight adjusted: 1.6 -> 1.504667 (empty: 0.3, usage: 0.9266667)
[Debug  :ModulePatch] Item 'Surv12野战手术包' weight adjusted: 1.2 -> 0.9166667 (empty: 0.35, usage: 0.6666667)
[Debug  :ModulePatch] Item '0.6升瓶装水' weight adjusted: 0.65 -> 0.5758458 (empty: 0.05, usage: 0.8764096)
[Debug  :ModulePatch] Item 'Grizzly急救包' weight adjusted: 1.6 -> 1.504667 (empty: 0.3, usage: 0.9266667)
[Debug  :ModulePatch] Item 'Surv12野战手术包' weight adjusted: 1.2 -> 0.9166667 (empty: 0.35, usage: 0.6666667)
[Debug  :ModulePatch] Item 'Grizzly急救包' weight adjusted: 1.6 -> 1.519111 (empty: 0.3, usage: 0.9377778)
[Debug  :ModulePatch] Item '安乃近止痛药' weight adjusted: 0.01 -> 0.007967864 (empty: 0.002, usage: 0.7459831)
[Debug  :ModulePatch] Item 'Grizzly急救包' weight adjusted: 1.6 -> 1.353 (empty: 0.3, usage: 0.81)
[Debug  :ModulePatch] Item 'Surv12野战手术包' weight adjusted: 1.2 -> 0.8222223 (empty: 0.35, usage: 0.5555556)
[Debug  :ModulePatch] Item 'Grizzly急救包' weight adjusted: 1.6 -> 1.519111 (empty: 0.3, usage: 0.9377778)
[Debug  :ModulePatch] Item '安乃近止痛药' weight adjusted: 0.01 -> 0.007967864 (empty: 0.002, usage: 0.7459831)
[Debug  :ModulePatch] Item '0.6升瓶装水' weight adjusted: 0.65 -> 0.5758458 (empty: 0.05, usage: 0.8764096)
[Debug  :ModulePatch] Item 'Grizzly急救包' weight adjusted: 1.6 -> 1.504667 (empty: 0.3, usage: 0.9266667)
[Debug  :ModulePatch] Item 'Surv12野战手术包' weight adjusted: 1.2 -> 0.9166667 (empty: 0.35, usage: 0.6666667)
[Debug  :ModulePatch] Item 'Grizzly急救包' weight adjusted: 1.6 -> 1.519111 (empty: 0.3, usage: 0.9377778)
[Debug  :ModulePatch] Item '安乃近止痛药' weight adjusted: 0.01 -> 0.007967864 (empty: 0.002, usage: 0.7459831)
[Debug  :ModulePatch] Item '0.6升瓶装水' weight adjusted: 0.65 -> 0.5758458 (empty: 0.05, usage: 0.8764096)
[Debug  :ModulePatch] Item 'Grizzly急救包' weight adjusted: 1.6 -> 1.504667 (empty: 0.3, usage: 0.9266667)
[Debug  :ModulePatch] Item 'Surv12野战手术包' weight adjusted: 1.2 -> 0.9166667 (empty: 0.35, usage: 0.6666667)
[Debug  :ModulePatch] Item 'Grizzly急救包' weight adjusted: 1.6 -> 1.519111 (empty: 0.3, usage: 0.9377778)
[Debug  :ModulePatch] Item '安乃近止痛药' weight adjusted: 0.01 -> 0.007967864 (empty: 0.002, usage: 0.7459831)
[Debug  :ModulePatch] Item 'Grizzly急救包' weight adjusted: 1.6 -> 1.519111 (empty: 0.3, usage: 0.9377778)
[Debug  :ModulePatch] Item '安乃近止痛药' weight adjusted: 0.01 -> 0.007967864 (empty: 0.002, usage: 0.7459831)
[Debug  :ModulePatch] Item 'Grizzly急救包' weight adjusted: 1.6 -> 1.519111 (empty: 0.3, usage: 0.9377778)
[Debug  :ModulePatch] Item '安乃近止痛药' weight adjusted: 0.01 -> 0.007967864 (empty: 0.002, usage: 0.7459831)
[Error  : Fika.Core] [Execute]: ShotInfoPacket::Execute: Player was not alive, can not process!
[Debug  :ModulePatch] Item 'Grizzly急救包' weight adjusted: 1.6 -> 1.353 (empty: 0.3, usage: 0.81)
[Debug  :ModulePatch] Item 'Surv12野战手术包' weight adjusted: 1.2 -> 0.8222223 (empty: 0.35, usage: 0.5555556)
[Debug  :ModulePatch] Item 'Grizzly急救包' weight adjusted: 1.6 -> 1.353 (empty: 0.3, usage: 0.81)
[Debug  :ModulePatch] Item 'Surv12野战手术包' weight adjusted: 1.2 -> 0.8222223 (empty: 0.35, usage: 0.5555556)
[Debug  :ModulePatch] Item 'Grizzly急救包' weight adjusted: 1.6 -> 1.353 (empty: 0.3, usage: 0.81)
[Debug  :ModulePatch] Item 'Surv12野战手术包' weight adjusted: 1.2 -> 0.8222223 (empty: 0.35, usage: 0.5555556)
[Debug  :ModulePatch] Item 'Grizzly急救包' weight adjusted: 1.6 -> 1.353 (empty: 0.3, usage: 0.81)
[Debug  :ModulePatch] Item 'Surv12野战手术包' weight adjusted: 1.2 -> 0.8222223 (empty: 0.35, usage: 0.5555556)
[Debug  :ModulePatch] Item 'Grizzly急救包' weight adjusted: 1.6 -> 1.353 (empty: 0.3, usage: 0.81)
[Debug  :ModulePatch] Item 'Surv12野战手术包' weight adjusted: 1.2 -> 0.8222223 (empty: 0.35, usage: 0.5555556)
[Debug  :ModulePatch] Item 'Grizzly急救包' weight adjusted: 1.6 -> 1.353 (empty: 0.3, usage: 0.81)
[Debug  :ModulePatch] Item 'Surv12野战手术包' weight adjusted: 1.2 -> 0.8222223 (empty: 0.35, usage: 0.5555556)
[Debug  :ModulePatch] Item 'Grizzly急救包' weight adjusted: 1.6 -> 1.353 (empty: 0.3, usage: 0.81)
[Debug  :ModulePatch] Item 'Surv12野战手术包' weight adjusted: 1.2 -> 0.8222223 (empty: 0.35, usage: 0.5555556)
[Debug  :ModulePatch] Item 'Grizzly急救包' weight adjusted: 1.6 -> 1.353 (empty: 0.3, usage: 0.81)
[Debug  :ModulePatch] Item 'Surv12野战手术包' weight adjusted: 1.2 -> 0.8222223 (empty: 0.35, usage: 0.5555556)
[Debug  :ModulePatch] Item 'Grizzly急救包' weight adjusted: 1.6 -> 1.519111 (empty: 0.3, usage: 0.9377778)
[Debug  :ModulePatch] Item '安乃近止痛药' weight adjusted: 0.01 -> 0.007967864 (empty: 0.002, usage: 0.7459831)
[Debug  :ModulePatch] Item 'Grizzly急救包' weight adjusted: 1.6 -> 1.353 (empty: 0.3, usage: 0.81)
[Debug  :ModulePatch] Item 'Surv12野战手术包' weight adjusted: 1.2 -> 0.8222223 (empty: 0.35, usage: 0.5555556)
[Debug  :ModulePatch] Item 'Grizzly急救包' weight adjusted: 1.6 -> 1.353 (empty: 0.3, usage: 0.81)
[Debug  :ModulePatch] Item 'Surv12野战手术包' weight adjusted: 1.2 -> 0.8222223 (empty: 0.35, usage: 0.5555556)
[Debug  :ModulePatch] Item 'Grizzly急救包' weight adjusted: 1.6 -> 1.353 (empty: 0.3, usage: 0.81)
[Debug  :ModulePatch] Item 'Surv12野战手术包' weight adjusted: 1.2 -> 0.8222223 (empty: 0.35, usage: 0.5555556)
[Debug  :ModulePatch] Item 'Grizzly急救包' weight adjusted: 1.6 -> 1.353 (empty: 0.3, usage: 0.81)
[Debug  :ModulePatch] Item 'Surv12野战手术包' weight adjusted: 1.2 -> 0.8222223 (empty: 0.35, usage: 0.5555556)
[Debug  :ModulePatch] Item 'Grizzly急救包' weight adjusted: 1.6 -> 1.353 (empty: 0.3, usage: 0.81)
[Debug  :ModulePatch] Item 'Surv12野战手术包' weight adjusted: 1.2 -> 0.8222223 (empty: 0.35, usage: 0.5555556)
[Debug  :ModulePatch] Item 'Grizzly急救包' weight adjusted: 1.6 -> 1.519111 (empty: 0.3, usage: 0.9377778)
[Debug  :ModulePatch] Item '安乃近止痛药' weight adjusted: 0.01 -> 0.007967864 (empty: 0.002, usage: 0.7459831)
[Debug  :ModulePatch] Item 'Grizzly急救包' weight adjusted: 1.6 -> 1.353 (empty: 0.3, usage: 0.81)
[Debug  :ModulePatch] Item 'Surv12野战手术包' weight adjusted: 1.2 -> 0.8222223 (empty: 0.35, usage: 0.5555556)
[Debug  :ModulePatch] Item 'Grizzly急救包' weight adjusted: 1.6 -> 1.353 (empty: 0.3, usage: 0.81)
[Debug  :ModulePatch] Item 'Surv12野战手术包' weight adjusted: 1.2 -> 0.8222223 (empty: 0.35, usage: 0.5555556)
[Debug  :ModulePatch] Item 'Grizzly急救包' weight adjusted: 1.6 -> 1.519111 (empty: 0.3, usage: 0.9377778)
[Debug  :ModulePatch] Item 'Grizzly急救包' weight adjusted: 1.6 -> 1.519111 (empty: 0.3, usage: 0.9377778)
[Debug  :ModulePatch] Item 'Grizzly急救包' weight adjusted: 1.6 -> 1.353 (empty: 0.3, usage: 0.81)
[Debug  :ModulePatch] Item 'Surv12野战手术包' weight adjusted: 1.2 -> 0.8222223 (empty: 0.35, usage: 0.5555556)
[Debug  :ModulePatch] Item 'Grizzly急救包' weight adjusted: 1.6 -> 1.353 (empty: 0.3, usage: 0.81)
[Debug  :ModulePatch] Item 'Surv12野战手术包' weight adjusted: 1.2 -> 0.8222223 (empty: 0.35, usage: 0.5555556)
[Debug  :ModulePatch] Item 'Grizzly急救包' weight adjusted: 1.6 -> 1.353 (empty: 0.3, usage: 0.81)
[Debug  :ModulePatch] Item 'Surv12野战手术包' weight adjusted: 1.2 -> 0.8222223 (empty: 0.35, usage: 0.5555556)
[Debug  :ModulePatch] Item 'Grizzly急救包' weight adjusted: 1.6 -> 1.353 (empty: 0.3, usage: 0.81)
[Debug  :ModulePatch] Item 'Surv12野战手术包' weight adjusted: 1.2 -> 0.8222223 (empty: 0.35, usage: 0.5555556)
[Debug  :ModulePatch] Item 'Grizzly急救包' weight adjusted: 1.6 -> 1.353 (empty: 0.3, usage: 0.81)
[Debug  :ModulePatch] Item 'Surv12野战手术包' weight adjusted: 1.2 -> 0.8222223 (empty: 0.35, usage: 0.5555556)
[Debug  :ModulePatch] Item 'Grizzly急救包' weight adjusted: 1.6 -> 1.353 (empty: 0.3, usage: 0.81)
[Debug  :ModulePatch] Item 'Surv12野战手术包' weight adjusted: 1.2 -> 0.8222223 (empty: 0.35, usage: 0.5555556)
[Debug  :ModulePatch] Item 'Grizzly急救包' weight adjusted: 1.6 -> 1.353 (empty: 0.3, usage: 0.81)
[Debug  :ModulePatch] Item 'Surv12野战手术包' weight adjusted: 1.2 -> 0.8222223 (empty: 0.35, usage: 0.5555556)
[Debug  :ModulePatch] Item 'Grizzly急救包' weight adjusted: 1.6 -> 1.353 (empty: 0.3, usage: 0.81)
[Debug  :ModulePatch] Item 'Surv12野战手术包' weight adjusted: 1.2 -> 0.8222223 (empty: 0.35, usage: 0.5555556)
[Debug  :ModulePatch] Item 'Grizzly急救包' weight adjusted: 1.6 -> 1.353 (empty: 0.3, usage: 0.81)
[Debug  :ModulePatch] Item 'Surv12野战手术包' weight adjusted: 1.2 -> 0.8222223 (empty: 0.35, usage: 0.5555556)
[Debug  :ModulePatch] Item 'Grizzly急救包' weight adjusted: 1.6 -> 1.519111 (empty: 0.3, usage: 0.9377778)
[Debug  :ModulePatch] Item 'Grizzly急救包' weight adjusted: 1.6 -> 1.519111 (empty: 0.3, usage: 0.9377778)
[Error  :Fika.Client] HandleInventoryPacket::Unable to process descriptor from netId 23, error: Result cannot hold as much
[Debug  :ModulePatch] Item 'Grizzly急救包' weight adjusted: 1.6 -> 1.519111 (empty: 0.3, usage: 0.9377778)
[Debug  :ModulePatch] Item 'Grizzly急救包' weight adjusted: 1.6 -> 1.519111 (empty: 0.3, usage: 0.9377778)
[Debug  :ModulePatch] Item 'Grizzly急救包' weight adjusted: 1.6 -> 1.353 (empty: 0.3, usage: 0.81)
[Debug  :ModulePatch] Item 'Surv12野战手术包' weight adjusted: 1.2 -> 0.8222223 (empty: 0.35, usage: 0.5555556)
[Debug  :ModulePatch] Item 'Grizzly急救包' weight adjusted: 1.6 -> 1.353 (empty: 0.3, usage: 0.81)
[Debug  :ModulePatch] Item 'Surv12野战手术包' weight adjusted: 1.2 -> 0.8222223 (empty: 0.35, usage: 0.5555556)
[Debug  :ModulePatch] Item 'Grizzly急救包' weight adjusted: 1.6 -> 1.353 (empty: 0.3, usage: 0.81)
[Debug  :ModulePatch] Item 'Surv12野战手术包' weight adjusted: 1.2 -> 0.8222223 (empty: 0.35, usage: 0.5555556)
[Debug  :ModulePatch] Item 'Grizzly急救包' weight adjusted: 1.6 -> 1.353 (empty: 0.3, usage: 0.81)
[Debug  :ModulePatch] Item 'Surv12野战手术包' weight adjusted: 1.2 -> 0.8222223 (empty: 0.35, usage: 0.5555556)
[Debug  :ModulePatch] Item 'Grizzly急救包' weight adjusted: 1.6 -> 1.353 (empty: 0.3, usage: 0.81)
[Debug  :ModulePatch] Item 'Surv12野战手术包' weight adjusted: 1.2 -> 0.8222223 (empty: 0.35, usage: 0.5555556)
[Debug  :ModulePatch] Item '0.6升瓶装水' weight adjusted: 0.65 -> 0.5758458 (empty: 0.05, usage: 0.8764096)
[Debug  :ModulePatch] Item 'Grizzly急救包' weight adjusted: 1.6 -> 1.504667 (empty: 0.3, usage: 0.9266667)
[Debug  :ModulePatch] Item 'Surv12野战手术包' weight adjusted: 1.2 -> 0.9166667 (empty: 0.35, usage: 0.6666667)
InvalidOperationException: Collection was modified; enumeration operation may not execute.
  at System.Collections.Generic.Dictionary`2+Enumerator[TKey,TValue].MoveNext () [0x00013] in <8ce0bd04a7a04b4b9395538239d3fdd8>:0 
  at EFT.UI.DragAndDrop.GridView.PrepareItems () [0x00077] in <ad47400a25db462cbf0a531df654c3c3>:0 
  at EFT.UI.DragAndDrop.GridView.method_2 () [0x00000] in <ad47400a25db462cbf0a531df654c3c3>:0 
  at EFT.UI.DragAndDrop.GridView.Show (StashGridClass grid, ItemContextAbstractClass parentContext, TraderControllerClass itemController, EFT.UI.ItemUiContext itemUiContext, EFT.UI.FilterPanel filterPanel, System.Boolean magnify) [0x001a7] in <ad47400a25db462cbf0a531df654c3c3>:0 
  at EFT.UI.DragAndDrop.ContainedGridsView.Show (EFT.InventoryLogic.CompoundItem compoundItem, ItemContextAbstractClass itemContext, EFT.UI.DragAndDrop.GridView[] gridViews, EFT.UI.DragAndDrop.SlotView[] slotViews, TraderControllerClass itemController, EFT.UI.FilterPanel filterPanel, EFT.UI.ItemUiContext itemUiContext, System.Boolean magnify) [0x00046] in <ad47400a25db462cbf0a531df654c3c3>:0 
  at EFT.UI.DragAndDrop.GeneratedGridsView.Show (EFT.InventoryLogic.CompoundItem compoundItem, ItemContextAbstractClass itemContext, TraderControllerClass itemController, EFT.UI.FilterPanel filterPanel, EFT.UI.ItemUiContext itemUiContext, System.Boolean magnify) [0x00021] in <ad47400a25db462cbf0a531df654c3c3>:0 
  at EFT.UI.DragAndDrop.SearchableItemView.method_0 () [0x00020] in <ad47400a25db462cbf0a531df654c3c3>:0 
  at Diz.Binding.BindableEvent.Invoke () [0x0000a] in <ad47400a25db462cbf0a531df654c3c3>:0 
  at EFT.UI.DragAndDrop.SearchableView.method_2 () [0x000f6] in <ad47400a25db462cbf0a531df654c3c3>:0 
  at (wrapper delegate-invoke) <Module>.invoke_void()
  at Diz.Binding.BindableEvent.Invoke () [0x0000a] in <ad47400a25db462cbf0a531df654c3c3>:0 
  at GClass1628`1[T].Remove (T existingItem) [0x0001d] in <ad47400a25db462cbf0a531df654c3c3>:0 
  at GClass2235+Class1423.method_0 (Comfort.Common.IResult error) [0x00000] in <ad47400a25db462cbf0a531df654c3c3>:0 
  at TraderControllerClass+Class2449.method_0 (Comfort.Common.IResult result) [0x0007b] in <ad47400a25db462cbf0a531df654c3c3>:0 
  at BaseInventoryOperationClass+Class2503.method_0 (Comfort.Common.IResult result) [0x00015] in <ad47400a25db462cbf0a531df654c3c3>:0 
  at BaseInventoryOperationClass+Class2502.method_0 () [0x0000f] in <ad47400a25db462cbf0a531df654c3c3>:0 
  at GClass1516.RunInMainTread (System.Action action) [0x00012] in <ad47400a25db462cbf0a531df654c3c3>:0 
  at Diz.Utils.AsyncWorker.RunInMainTread (System.Action action) [0x00005] in <ad47400a25db462cbf0a531df654c3c3>:0 
  at BaseInventoryOperationClass+Class2501.method_0 (Comfort.Common.IResult result) [0x00030] in <ad47400a25db462cbf0a531df654c3c3>:0 
  at Comfort.Common.CallbackExtensions.Succeed (Comfort.Common.Callback callback) [0x00000] in <48b1db9873f04ce8b3bad0c383343f52>:0 
  at GClass3515+Class2508.method_0 (System.Threading.Tasks.Task task) [0x00000] in <ad47400a25db462cbf0a531df654c3c3>:0 
  at System.Threading.Tasks.ContinuationTaskFromTask.InnerInvoke () [0x00024] in <8ce0bd04a7a04b4b9395538239d3fdd8>:0 
  at System.Threading.Tasks.Task.Execute () [0x00000] in <8ce0bd04a7a04b4b9395538239d3fdd8>:0 
Rethrow as AggregateException: One or more errors occurred. (Collection was modified; enumeration operation may not execute.)

UnityEngine.DebugLogHandler:Internal_LogException(Exception, Object)
UnityEngine.DebugLogHandler:LogException(Exception, Object)
Class412:LogException(Exception, Object)
UnityEngine.Logger:LogException(Exception, Object)
UnityEngine.Debug:LogException(Exception)
TasksExtensions:HandleFinishedTask(Task)
System.Threading.Tasks.ContinuationTaskFromTask:InnerInvoke()
System.Threading.Tasks.Task:Execute()
System.Threading.Tasks.Task:ExecutionContextCallback(Object)
System.Threading.ExecutionContext:RunInternal(ExecutionContext, ContextCallback, Object, Boolean)
System.Threading.ExecutionContext:Run(ExecutionContext, ContextCallback, Object, Boolean)
System.Threading.Tasks.Task:ExecuteWithThreadLocal(Task&)
System.Threading.Tasks.Task:ExecuteEntry(Boolean)
System.Threading.Tasks.Task:System.Threading.IThreadPoolWorkItem.ExecuteWorkItem()
System.Threading.ThreadPoolWorkQueue:Dispatch()
System.Threading._ThreadPoolWaitCallback:PerformWaitCallback()

[Debug  :ModulePatch] Item 'Grizzly急救包' weight adjusted: 1.6 -> 1.353 (empty: 0.3, usage: 0.81)
[Debug  :ModulePatch] Item 'Surv12野战手术包' weight adjusted: 1.2 -> 0.8222223 (empty: 0.35, usage: 0.5555556)
[Debug  :ModulePatch] Item 'Grizzly急救包' weight adjusted: 1.6 -> 1.353 (empty: 0.3, usage: 0.81)
[Debug  :ModulePatch] Item 'Surv12野战手术包' weight adjusted: 1.2 -> 0.8222223 (empty: 0.35, usage: 0.5555556)
[Debug  :ModulePatch] Item 'Grizzly急救包' weight adjusted: 1.6 -> 1.353 (empty: 0.3, usage: 0.81)
[Debug  :ModulePatch] Item 'Surv12野战手术包' weight adjusted: 1.2 -> 0.8222223 (empty: 0.35, usage: 0.5555556)
[Debug  :ModulePatch] Item 'Grizzly急救包' weight adjusted: 1.6 -> 1.353 (empty: 0.3, usage: 0.81)
[Debug  :ModulePatch] Item 'Surv12野战手术包' weight adjusted: 1.2 -> 0.8222223 (empty: 0.35, usage: 0.5555556)
[Debug  :ModulePatch] Item 'Grizzly急救包' weight adjusted: 1.6 -> 1.353 (empty: 0.3, usage: 0.81)
[Debug  :ModulePatch] Item 'Surv12野战手术包' weight adjusted: 1.2 -> 0.8222223 (empty: 0.35, usage: 0.5555556)
[Debug  :ModulePatch] Item 'Grizzly急救包' weight adjusted: 1.6 -> 1.353 (empty: 0.3, usage: 0.81)
[Debug  :ModulePatch] Item 'Surv12野战手术包' weight adjusted: 1.2 -> 0.8222223 (empty: 0.35, usage: 0.5555556)
[Debug  :ModulePatch] Item '0.6升瓶装水' weight adjusted: 0.65 -> 0.5758458 (empty: 0.05, usage: 0.8764096)
[Debug  :ModulePatch] Item 'Grizzly急救包' weight adjusted: 1.6 -> 1.504667 (empty: 0.3, usage: 0.9266667)
[Debug  :ModulePatch] Item 'Surv12野战手术包' weight adjusted: 1.2 -> 0.9166667 (empty: 0.35, usage: 0.6666667)
[Debug  :ModulePatch] Item '0.6升瓶装水' weight adjusted: 0.65 -> 0.5758458 (empty: 0.05, usage: 0.8764096)
[Debug  :ModulePatch] Item 'Grizzly急救包' weight adjusted: 1.6 -> 1.504667 (empty: 0.3, usage: 0.9266667)
[Debug  :ModulePatch] Item 'Surv12野战手术包' weight adjusted: 1.2 -> 0.9166667 (empty: 0.35, usage: 0.6666667)
[Debug  :ModulePatch] Item '0.6升瓶装水' weight adjusted: 0.65 -> 0.5758458 (empty: 0.05, usage: 0.8764096)
[Debug  :ModulePatch] Item 'Grizzly急救包' weight adjusted: 1.6 -> 1.504667 (empty: 0.3, usage: 0.9266667)
[Debug  :ModulePatch] Item 'Surv12野战手术包' weight adjusted: 1.2 -> 0.9166667 (empty: 0.35, usage: 0.6666667)
[Debug  :ModulePatch] Item 'Grizzly急救包' weight adjusted: 1.6 -> 1.353 (empty: 0.3, usage: 0.81)
[Debug  :ModulePatch] Item 'Surv12野战手术包' weight adjusted: 1.2 -> 0.8222223 (empty: 0.35, usage: 0.5555556)
[Debug  :ModulePatch] Item 'Grizzly急救包' weight adjusted: 1.6 -> 1.353 (empty: 0.3, usage: 0.81)
[Debug  :ModulePatch] Item 'Surv12野战手术包' weight adjusted: 1.2 -> 0.8222223 (empty: 0.35, usage: 0.5555556)
[Debug  :ModulePatch] Item 'Grizzly急救包' weight adjusted: 1.6 -> 1.353 (empty: 0.3, usage: 0.81)
[Debug  :ModulePatch] Item 'Surv12野战手术包' weight adjusted: 1.2 -> 0.8222223 (empty: 0.35, usage: 0.5555556)
[Debug  :ModulePatch] Item 'Grizzly急救包' weight adjusted: 1.6 -> 1.353 (empty: 0.3, usage: 0.81)
[Debug  :ModulePatch] Item 'Surv12野战手术包' weight adjusted: 1.2 -> 0.8222223 (empty: 0.35, usage: 0.5555556)
[Debug  :ModulePatch] Item 'Grizzly急救包' weight adjusted: 1.6 -> 1.353 (empty: 0.3, usage: 0.81)
[Debug  :ModulePatch] Item 'Surv12野战手术包' weight adjusted: 1.2 -> 0.8222223 (empty: 0.35, usage: 0.5555556)
[Debug  :ModulePatch] Item 'Grizzly急救包' weight adjusted: 1.6 -> 1.353 (empty: 0.3, usage: 0.81)
[Debug  :ModulePatch] Item 'Surv12野战手术包' weight adjusted: 1.2 -> 0.8222223 (empty: 0.35, usage: 0.5555556)
[Debug  :ModulePatch] Item 'Grizzly急救包' weight adjusted: 1.6 -> 1.353 (empty: 0.3, usage: 0.81)
[Debug  :ModulePatch] Item 'Surv12野战手术包' weight adjusted: 1.2 -> 0.8222223 (empty: 0.35, usage: 0.5555556)
[Debug  :ModulePatch] Item 'Grizzly急救包' weight adjusted: 1.6 -> 1.353 (empty: 0.3, usage: 0.81)
[Debug  :ModulePatch] Item 'Surv12野战手术包' weight adjusted: 1.2 -> 0.8222223 (empty: 0.35, usage: 0.5555556)
[Debug  :ModulePatch] Item 'Grizzly急救包' weight adjusted: 1.6 -> 1.353 (empty: 0.3, usage: 0.81)
[Debug  :ModulePatch] Item 'Surv12野战手术包' weight adjusted: 1.2 -> 0.8222223 (empty: 0.35, usage: 0.5555556)
[Debug  :ModulePatch] Item '0.6升瓶装水' weight adjusted: 0.65 -> 0.5758458 (empty: 0.05, usage: 0.8764096)
[Debug  :ModulePatch] Item 'Grizzly急救包' weight adjusted: 1.6 -> 1.504667 (empty: 0.3, usage: 0.9266667)
[Debug  :ModulePatch] Item 'Surv12野战手术包' weight adjusted: 1.2 -> 0.9166667 (empty: 0.35, usage: 0.6666667)
[Debug  :ModulePatch] Item 'Grizzly急救包' weight adjusted: 1.6 -> 1.353 (empty: 0.3, usage: 0.81)
[Debug  :ModulePatch] Item 'Surv12野战手术包' weight adjusted: 1.2 -> 0.8222223 (empty: 0.35, usage: 0.5555556)
[Debug  :ModulePatch] Item 'Grizzly急救包' weight adjusted: 1.6 -> 1.519111 (empty: 0.3, usage: 0.9377778)
[Debug  :ModulePatch] Item '0.6升瓶装水' weight adjusted: 0.65 -> 0.5758458 (empty: 0.05, usage: 0.8764096)
[Debug  :ModulePatch] Item 'Grizzly急救包' weight adjusted: 1.6 -> 1.504667 (empty: 0.3, usage: 0.9266667)
[Debug  :ModulePatch] Item 'Surv12野战手术包' weight adjusted: 1.2 -> 0.9166667 (empty: 0.35, usage: 0.6666667)
[Debug  :ModulePatch] Item '0.6升瓶装水' weight adjusted: 0.65 -> 0.5758458 (empty: 0.05, usage: 0.8764096)
[Debug  :ModulePatch] Item 'Grizzly急救包' weight adjusted: 1.6 -> 1.504667 (empty: 0.3, usage: 0.9266667)
[Debug  :ModulePatch] Item 'Surv12野战手术包' weight adjusted: 1.2 -> 0.9166667 (empty: 0.35, usage: 0.6666667)
[Debug  :ModulePatch] Item '0.6升瓶装水' weight adjusted: 0.65 -> 0.5758458 (empty: 0.05, usage: 0.8764096)
[Debug  :ModulePatch] Item 'Grizzly急救包' weight adjusted: 1.6 -> 1.504667 (empty: 0.3, usage: 0.9266667)
[Debug  :ModulePatch] Item 'Surv12野战手术包' weight adjusted: 1.2 -> 0.9166667 (empty: 0.35, usage: 0.6666667)
[Debug  :ModulePatch] Item 'Grizzly急救包' weight adjusted: 1.6 -> 1.353 (empty: 0.3, usage: 0.81)
[Debug  :ModulePatch] Item 'Surv12野战手术包' weight adjusted: 1.2 -> 0.8222223 (empty: 0.35, usage: 0.5555556)
[Debug  :ModulePatch] Item 'Grizzly急救包' weight adjusted: 1.6 -> 1.353 (empty: 0.3, usage: 0.81)
[Debug  :ModulePatch] Item 'Surv12野战手术包' weight adjusted: 1.2 -> 0.8222223 (empty: 0.35, usage: 0.5555556)
[Debug  :ModulePatch] Item 'Grizzly急救包' weight adjusted: 1.6 -> 1.353 (empty: 0.3, usage: 0.81)
[Debug  :ModulePatch] Item 'Surv12野战手术包' weight adjusted: 1.2 -> 0.8222223 (empty: 0.35, usage: 0.5555556)
[Debug  :ModulePatch] Item '0.6升瓶装水' weight adjusted: 0.65 -> 0.5758458 (empty: 0.05, usage: 0.8764096)
[Debug  :ModulePatch] Item 'Grizzly急救包' weight adjusted: 1.6 -> 1.504667 (empty: 0.3, usage: 0.9266667)
[Debug  :ModulePatch] Item 'Surv12野战手术包' weight adjusted: 1.2 -> 0.9166667 (empty: 0.35, usage: 0.6666667)
[Debug  :ModulePatch] Item 'Grizzly急救包' weight adjusted: 1.6 -> 1.519111 (empty: 0.3, usage: 0.9377778)
[Debug  :ModulePatch] Item '0.6升瓶装水' weight adjusted: 0.65 -> 0.5758458 (empty: 0.05, usage: 0.8764096)
[Debug  :ModulePatch] Item 'Grizzly急救包' weight adjusted: 1.6 -> 1.504667 (empty: 0.3, usage: 0.9266667)
[Debug  :ModulePatch] Item 'Surv12野战手术包' weight adjusted: 1.2 -> 0.9166667 (empty: 0.35, usage: 0.6666667)
[Debug  :ModulePatch] Item '0.6升瓶装水' weight adjusted: 0.65 -> 0.5758458 (empty: 0.05, usage: 0.8764096)
[Debug  :ModulePatch] Item 'Grizzly急救包' weight adjusted: 1.6 -> 1.504667 (empty: 0.3, usage: 0.9266667)
[Debug  :ModulePatch] Item 'Surv12野战手术包' weight adjusted: 1.2 -> 0.9166667 (empty: 0.35, usage: 0.6666667)
[Debug  :ModulePatch] Item 'Grizzly急救包' weight adjusted: 1.6 -> 1.519111 (empty: 0.3, usage: 0.9377778)
[Debug  :ModulePatch] Item 'Grizzly急救包' weight adjusted: 1.6 -> 1.353 (empty: 0.3, usage: 0.81)
[Debug  :ModulePatch] Item 'Surv12野战手术包' weight adjusted: 1.2 -> 0.8222223 (empty: 0.35, usage: 0.5555556)
[Debug  :ModulePatch] Item '布洛芬止痛药' weight adjusted: 0.07 -> 0.068491 (empty: 0.015, usage: 0.9725636)
[Debug  :ModulePatch] Item 'AFAK单兵战术急救包' weight adjusted: 0.8 -> 0.7550141 (empty: 0.2, usage: 0.9250235)
[Debug  :ModulePatch] Item 'Grizzly急救包' weight adjusted: 1.6 -> 1.353 (empty: 0.3, usage: 0.81)
[Debug  :ModulePatch] Item 'Surv12野战手术包' weight adjusted: 1.2 -> 0.8222223 (empty: 0.35, usage: 0.5555556)
[Debug  :ModulePatch] Item 'Grizzly急救包' weight adjusted: 1.6 -> 1.353 (empty: 0.3, usage: 0.81)
[Debug  :ModulePatch] Item 'Surv12野战手术包' weight adjusted: 1.2 -> 0.8222223 (empty: 0.35, usage: 0.5555556)
Couldn't create a Convex Mesh from source mesh "item_equipment_facecover_devtac_LOD0_base" within the maximum polygons limit (256). The partial hull will be used. Consider simplifying your mesh.
[Debug  :ModulePatch] Item 'CMS手术包' weight adjusted: 0.4 -> 0.3808224 (empty: 0.25, usage: 0.872149)
[Debug  :ModulePatch] Item '苹果汁' weight adjusted: 1 -> 0.6120633 (empty: 0.03, usage: 0.6000653)
[Debug  :ModulePatch] Item '0.6升瓶装水' weight adjusted: 0.65 -> 0.5758458 (empty: 0.05, usage: 0.8764096)
[Debug  :ModulePatch] Item 'Grizzly急救包' weight adjusted: 1.6 -> 1.504667 (empty: 0.3, usage: 0.9266667)
[Debug  :ModulePatch] Item 'Surv12野战手术包' weight adjusted: 1.2 -> 0.9166667 (empty: 0.35, usage: 0.6666667)
[Debug  :ModulePatch] Item 'Salewa急救包' weight adjusted: 0.6 -> 0.547749 (empty: 0.15, usage: 0.8838865)
[Debug  :ModulePatch] Item 'Grizzly急救包' weight adjusted: 1.6 -> 1.519111 (empty: 0.3, usage: 0.9377778)
[Debug  :ModulePatch] Item '苹果汁' weight adjusted: 1 -> 0.6120633 (empty: 0.03, usage: 0.6000653)
[Debug  :ModulePatch] Item '0.6升瓶装水' weight adjusted: 0.65 -> 0.5758458 (empty: 0.05, usage: 0.8764096)
[Debug  :ModulePatch] Item 'Grizzly急救包' weight adjusted: 1.6 -> 1.504667 (empty: 0.3, usage: 0.9266667)
[Debug  :ModulePatch] Item 'Surv12野战手术包' weight adjusted: 1.2 -> 0.9166667 (empty: 0.35, usage: 0.6666667)
[Debug  :ModulePatch] Item '苹果汁' weight adjusted: 1 -> 0.6120633 (empty: 0.03, usage: 0.6000653)
[Debug  :ModulePatch] Item '0.6升瓶装水' weight adjusted: 0.65 -> 0.5758458 (empty: 0.05, usage: 0.8764096)
[Debug  :ModulePatch] Item 'Grizzly急救包' weight adjusted: 1.6 -> 1.504667 (empty: 0.3, usage: 0.9266667)
[Debug  :ModulePatch] Item 'Surv12野战手术包' weight adjusted: 1.2 -> 0.9166667 (empty: 0.35, usage: 0.6666667)
[Debug  :ModulePatch] Item '苹果汁' weight adjusted: 1 -> 0.6120633 (empty: 0.03, usage: 0.6000653)
[Debug  :ModulePatch] Item '0.6升瓶装水' weight adjusted: 0.65 -> 0.5758458 (empty: 0.05, usage: 0.8764096)
[Debug  :ModulePatch] Item 'Grizzly急救包' weight adjusted: 1.6 -> 1.504667 (empty: 0.3, usage: 0.9266667)
[Debug  :ModulePatch] Item 'Surv12野战手术包' weight adjusted: 1.2 -> 0.9166667 (empty: 0.35, usage: 0.6666667)
[Debug  :ModulePatch] Item 'Grizzly急救包' weight adjusted: 1.6 -> 1.353 (empty: 0.3, usage: 0.81)
[Debug  :ModulePatch] Item 'Surv12野战手术包' weight adjusted: 1.2 -> 0.8222223 (empty: 0.35, usage: 0.5555556)
[Debug  :ModulePatch] Item 'Grizzly急救包' weight adjusted: 1.6 -> 1.353 (empty: 0.3, usage: 0.81)
[Debug  :ModulePatch] Item 'Surv12野战手术包' weight adjusted: 1.2 -> 0.8222223 (empty: 0.35, usage: 0.5555556)
[Debug  :ModulePatch] Item 'Grizzly急救包' weight adjusted: 1.6 -> 1.519111 (empty: 0.3, usage: 0.9377778)
[Debug  :ModulePatch] Item 'Grizzly急救包' weight adjusted: 1.6 -> 1.519111 (empty: 0.3, usage: 0.9377778)
[Debug  :ModulePatch] Item 'Grizzly急救包' weight adjusted: 1.6 -> 1.519111 (empty: 0.3, usage: 0.9377778)
[Debug  :ModulePatch] Item '苹果汁' weight adjusted: 1 -> 0.6120633 (empty: 0.03, usage: 0.6000653)
[Debug  :ModulePatch] Item '0.6升瓶装水' weight adjusted: 0.65 -> 0.5758458 (empty: 0.05, usage: 0.8764096)
[Debug  :ModulePatch] Item 'Grizzly急救包' weight adjusted: 1.6 -> 1.504667 (empty: 0.3, usage: 0.9266667)
[Debug  :ModulePatch] Item 'Surv12野战手术包' weight adjusted: 1.2 -> 0.9166667 (empty: 0.35, usage: 0.6666667)
[Debug  :ModulePatch] Item '铝固定夹板' weight adjusted: 0.22 -> 0.17562 (empty: 0, usage: 0.7982727)
[Debug  :ModulePatch] Item 'Grizzly急救包' weight adjusted: 1.6 -> 1.519111 (empty: 0.3, usage: 0.9377778)
[Debug  :ModulePatch] Item 'AFAK单兵战术急救包' weight adjusted: 0.8 -> 0.5879718 (empty: 0.2, usage: 0.6466196)
[Debug  :ModulePatch] Item 'Grizzly急救包' weight adjusted: 1.6 -> 1.353 (empty: 0.3, usage: 0.81)
[Debug  :ModulePatch] Item 'Surv12野战手术包' weight adjusted: 1.2 -> 0.8222223 (empty: 0.35, usage: 0.5555556)
[Debug  :ModulePatch] Item 'Grizzly急救包' weight adjusted: 1.6 -> 1.353 (empty: 0.3, usage: 0.81)
[Debug  :ModulePatch] Item 'Surv12野战手术包' weight adjusted: 1.2 -> 0.8222223 (empty: 0.35, usage: 0.5555556)
[Debug  :ModulePatch] Item 'Grizzly急救包' weight adjusted: 1.6 -> 1.353 (empty: 0.3, usage: 0.81)
[Debug  :ModulePatch] Item 'Surv12野战手术包' weight adjusted: 1.2 -> 0.8222223 (empty: 0.35, usage: 0.5555556)
[Debug  :ModulePatch] Item 'Grizzly急救包' weight adjusted: 1.6 -> 1.353 (empty: 0.3, usage: 0.81)
[Debug  :ModulePatch] Item 'Surv12野战手术包' weight adjusted: 1.2 -> 0.8222223 (empty: 0.35, usage: 0.5555556)
[Debug  :ModulePatch] Item 'Grizzly急救包' weight adjusted: 1.6 -> 1.353 (empty: 0.3, usage: 0.81)
[Debug  :ModulePatch] Item 'Surv12野战手术包' weight adjusted: 1.2 -> 0.8222223 (empty: 0.35, usage: 0.5555556)
[Debug  :ModulePatch] Item 'Grizzly急救包' weight adjusted: 1.6 -> 1.353 (empty: 0.3, usage: 0.81)
[Debug  :ModulePatch] Item 'Surv12野战手术包' weight adjusted: 1.2 -> 0.8222223 (empty: 0.35, usage: 0.5555556)
[Debug  :ModulePatch] Item 'Grizzly急救包' weight adjusted: 1.6 -> 1.353 (empty: 0.3, usage: 0.81)
[Debug  :ModulePatch] Item 'Surv12野战手术包' weight adjusted: 1.2 -> 0.8222223 (empty: 0.35, usage: 0.5555556)
[Debug  :ModulePatch] Item 'Grizzly急救包' weight adjusted: 1.6 -> 1.353 (empty: 0.3, usage: 0.81)
[Debug  :ModulePatch] Item 'Surv12野战手术包' weight adjusted: 1.2 -> 0.8222223 (empty: 0.35, usage: 0.5555556)
[Debug  :ModulePatch] Item 'Grizzly急救包' weight adjusted: 1.6 -> 1.353 (empty: 0.3, usage: 0.81)
[Debug  :ModulePatch] Item 'Surv12野战手术包' weight adjusted: 1.2 -> 0.8222223 (empty: 0.35, usage: 0.5555556)
[Debug  :ModulePatch] Item 'Grizzly急救包' weight adjusted: 1.6 -> 1.353 (empty: 0.3, usage: 0.81)
[Debug  :ModulePatch] Item 'Surv12野战手术包' weight adjusted: 1.2 -> 0.8222223 (empty: 0.35, usage: 0.5555556)
[Debug  :ModulePatch] Item 'Grizzly急救包' weight adjusted: 1.6 -> 1.353 (empty: 0.3, usage: 0.81)
[Debug  :ModulePatch] Item 'Surv12野战手术包' weight adjusted: 1.2 -> 0.8222223 (empty: 0.35, usage: 0.5555556)
[Debug  :ModulePatch] Item 'Grizzly急救包' weight adjusted: 1.6 -> 1.353 (empty: 0.3, usage: 0.81)
[Debug  :ModulePatch] Item 'Surv12野战手术包' weight adjusted: 1.2 -> 0.8222223 (empty: 0.35, usage: 0.5555556)
[Debug  :ModulePatch] Item 'Grizzly急救包' weight adjusted: 1.6 -> 1.353 (empty: 0.3, usage: 0.81)
[Debug  :ModulePatch] Item 'Surv12野战手术包' weight adjusted: 1.2 -> 0.8222223 (empty: 0.35, usage: 0.5555556)
[Debug  :ModulePatch] Item 'Grizzly急救包' weight adjusted: 1.6 -> 1.353 (empty: 0.3, usage: 0.81)
[Debug  :ModulePatch] Item 'Surv12野战手术包' weight adjusted: 1.2 -> 0.8222223 (empty: 0.35, usage: 0.5555556)
[Error  :Fika.Client] HandleInventoryPacket::Unable to process descriptor from netId 10, error: Could not find item with id: 6a6b49ec5156593f96004d6a
[Error  : Fika.Core] [GetKeyHandler]: WorldInteractionPacket: Could not find item: 6a6b4ec07ed847bb66000000
InvalidCastException: Specified cast is not valid.
  at EFT.Interactive.Door.Interact (EFT.Interactive.InteractionResult interactionResult) [0x00035] in <ad47400a25db462cbf0a531df654c3c3>:0 
  at EFT.MovementState.ExecuteDoorInteraction (EFT.Interactive.WorldInteractiveObject interactive, EFT.Interactive.InteractionResult interactionResult, System.Action callback, EFT.Player user) [0x0004b] in <ad47400a25db462cbf0a531df654c3c3>:0 
  at Fika.Core.Main.Players.ObservedPlayer.vmethod_1 (EFT.Interactive.WorldInteractiveObject door, EFT.Interactive.InteractionResult interactionResult) [0x0000f] in <584e5e373a4147c194040eda2372a621>:0 
  at Fika.Core.Networking.Packets.Player.Common.SubPackets.WorldInteractionPacket.Execute (Fika.Core.Main.Players.FikaPlayer player) [0x00123] in <584e5e373a4147c194040eda2372a621>:0 
  at Fika.Core.Networking.Packets.Player.Common.CommonPlayerPacket.Execute (Fika.Core.Main.Players.FikaPlayer player) [0x00000] in <584e5e373a4147c194040eda2372a621>:0 
  at Fika.Core.Networking.FikaClient.OnCommonPlayerPacketReceived (Fika.Core.Networking.Packets.Player.Common.CommonPlayerPacket packet) [0x0001a] in <584e5e373a4147c194040eda2372a621>:0 
  at Fika.Core.Networking.LiteNetLib.Utils.NetPacketProcessor+<>c__DisplayClass26_0`1[T].<SubscribeNetReusable>b__0 (Fika.Core.Networking.LiteNetLib.Utils.NetDataReader reader, System.Object userData) [0x00011] in <584e5e373a4147c194040eda2372a621>:0 
  at Fika.Core.Networking.LiteNetLib.Utils.NetPacketProcessor.ReadPacket (Fika.Core.Networking.LiteNetLib.Utils.NetDataReader reader, System.Object userData) [0x00007] in <584e5e373a4147c194040eda2372a621>:0 
  at Fika.Core.Networking.LiteNetLib.Utils.NetPacketProcessor.ReadAllPackets (Fika.Core.Networking.LiteNetLib.Utils.NetDataReader reader, System.Object userData) [0x00002] in <584e5e373a4147c194040eda2372a621>:0 
  at Fika.Core.Networking.FikaClient.OnNetworkReceive (Fika.Core.Networking.LiteNetLib.NetPeer peer, Fika.Core.Networking.LiteNetLib.NetPacketReader reader, System.Byte channelNumber, Fika.Core.Networking.LiteNetLib.DeliveryMethod deliveryMethod) [0x00020] in <584e5e373a4147c194040eda2372a621>:0 
  at Fika.Core.Networking.LiteNetLib.NetManager.ProcessEvent (Fika.Core.Networking.LiteNetLib.NetEvent evt) [0x000a9] in <584e5e373a4147c194040eda2372a621>:0 
  at LiteNetLib.LiteNetManager.PollEvents () [0x00086] in <584e5e373a4147c194040eda2372a621>:0 
  at Fika.Core.Networking.FikaClient.Update () [0x0000a] in <584e5e373a4147c194040eda2372a621>:0 
UnityEngine.DebugLogHandler:Internal_LogException(Exception, Object)
UnityEngine.DebugLogHandler:LogException(Exception, Object)
Class412:LogException(Exception, Object)
UnityEngine.Logger:LogException(Exception, Object)
UnityEngine.Debug:CallOverridenDebugHandler(Exception, Object)

InvalidCastException: Specified cast is not valid.
  at EFT.Interactive.Door.Interact (EFT.Interactive.InteractionResult interactionResult) [0x00035] in <ad47400a25db462cbf0a531df654c3c3>:0 
  at EFT.MovementState.ExecuteDoorInteraction (EFT.Interactive.WorldInteractiveObject interactive, EFT.Interactive.InteractionResult interactionResult, System.Action callback, EFT.Player user) [0x0004b] in <ad47400a25db462cbf0a531df654c3c3>:0 
  at Fika.Core.Main.Players.ObservedPlayer.vmethod_1 (EFT.Interactive.WorldInteractiveObject door, EFT.Interactive.InteractionResult interactionResult) [0x0000f] in <584e5e373a4147c194040eda2372a621>:0 
  at Fika.Core.Networking.Packets.Player.Common.SubPackets.WorldInteractionPacket.Execute (Fika.Core.Main.Players.FikaPlayer player) [0x00123] in <584e5e373a4147c194040eda2372a621>:0 
  at Fika.Core.Networking.Packets.Player.Common.CommonPlayerPacket.Execute (Fika.Core.Main.Players.FikaPlayer player) [0x00000] in <584e5e373a4147c194040eda2372a621>:0 
  at Fika.Core.Networking.FikaClient.OnCommonPlayerPacketReceived (Fika.Core.Networking.Packets.Player.Common.CommonPlayerPacket packet) [0x0001a] in <584e5e373a4147c194040eda2372a621>:0 
  at Fika.Core.Networking.LiteNetLib.Utils.NetPacketProcessor+<>c__DisplayClass26_0`1[T].<SubscribeNetReusable>b__0 (Fika.Core.Networking.LiteNetLib.Utils.NetDataReader reader, System.Object userData) [0x00011] in <584e5e373a4147c194040eda2372a621>:0 
  at Fika.Core.Networking.LiteNetLib.Utils.NetPacketProcessor.ReadPacket (Fika.Core.Networking.LiteNetLib.Utils.NetDataReader reader, System.Object userData) [0x00007] in <584e5e373a4147c194040eda2372a621>:0 
  at Fika.Core.Networking.LiteNetLib.Utils.NetPacketProcessor.ReadAllPackets (Fika.Core.Networking.LiteNetLib.Utils.NetDataReader reader, System.Object userData) [0x00002] in <584e5e373a4147c194040eda2372a621>:0 
  at Fika.Core.Networking.FikaClient.OnNetworkReceive (Fika.Core.Networking.LiteNetLib.NetPeer peer, Fika.Core.Networking.LiteNetLib.NetPacketReader reader, System.Byte channelNumber, Fika.Core.Networking.LiteNetLib.DeliveryMethod deliveryMethod) [0x00020] in <584e5e373a4147c194040eda2372a621>:0 
  at Fika.Core.Networking.LiteNetLib.NetManager.ProcessEvent (Fika.Core.Networking.LiteNetLib.NetEvent evt) [0x000a9] in <584e5e373a4147c194040eda2372a621>:0 
  at LiteNetLib.LiteNetManager.PollEvents () [0x00086] in <584e5e373a4147c194040eda2372a621>:0 
  at Fika.Core.Networking.FikaClient.Update () [0x0000a] in <584e5e373a4147c194040eda2372a621>:0 
UnityEngine.DebugLogHandler:Internal_LogException(Exception, Object)
UnityEngine.DebugLogHandler:LogException(Exception, Object)
Class412:LogException(Exception, Object)
UnityEngine.Logger:LogException(Exception, Object)
UnityEngine.Debug:CallOverridenDebugHandler(Exception, Object)

[Debug  :ModulePatch] Item 'Grizzly急救包' weight adjusted: 1.6 -> 1.353 (empty: 0.3, usage: 0.81)
[Debug  :ModulePatch] Item 'Surv12野战手术包' weight adjusted: 1.2 -> 0.8222223 (empty: 0.35, usage: 0.5555556)
[Debug  :ModulePatch] Item 'Grizzly急救包' weight adjusted: 1.6 -> 1.353 (empty: 0.3, usage: 0.81)
[Debug  :ModulePatch] Item 'Surv12野战手术包' weight adjusted: 1.2 -> 0.8222223 (empty: 0.35, usage: 0.5555556)
[Debug  :ModulePatch] Item 'Grizzly急救包' weight adjusted: 1.6 -> 1.353 (empty: 0.3, usage: 0.81)
[Debug  :ModulePatch] Item 'Surv12野战手术包' weight adjusted: 1.2 -> 0.8222223 (empty: 0.35, usage: 0.5555556)
[Debug  :ModulePatch] Item 'Grizzly急救包' weight adjusted: 1.6 -> 1.353 (empty: 0.3, usage: 0.81)
[Debug  :ModulePatch] Item 'Surv12野战手术包' weight adjusted: 1.2 -> 0.8222223 (empty: 0.35, usage: 0.5555556)
[Debug  :ModulePatch] Item 'Grizzly急救包' weight adjusted: 1.6 -> 1.353 (empty: 0.3, usage: 0.81)
[Debug  :ModulePatch] Item 'Surv12野战手术包' weight adjusted: 1.2 -> 0.8222223 (empty: 0.35, usage: 0.5555556)
[Debug  :ModulePatch] Item 'Grizzly急救包' weight adjusted: 1.6 -> 1.353 (empty: 0.3, usage: 0.81)
[Debug  :ModulePatch] Item 'Surv12野战手术包' weight adjusted: 1.2 -> 0.8222223 (empty: 0.35, usage: 0.5555556)
[Debug  :ModulePatch] Item 'Grizzly急救包' weight adjusted: 1.6 -> 1.353 (empty: 0.3, usage: 0.81)
[Debug  :ModulePatch] Item 'Surv12野战手术包' weight adjusted: 1.2 -> 0.8222223 (empty: 0.35, usage: 0.5555556)
[Debug  :ModulePatch] Item '军用绷带' weight adjusted: 0.043 -> 0.0298005 (empty: 0.003, usage: 0.6700125)
[Debug  :ModulePatch] Item 'Grizzly急救包' weight adjusted: 1.6 -> 1.353 (empty: 0.3, usage: 0.81)
[Debug  :ModulePatch] Item 'Surv12野战手术包' weight adjusted: 1.2 -> 0.8222223 (empty: 0.35, usage: 0.5555556)
[Debug  :ModulePatch] Item 'Grizzly急救包' weight adjusted: 1.6 -> 1.353 (empty: 0.3, usage: 0.81)
[Debug  :ModulePatch] Item 'Surv12野战手术包' weight adjusted: 1.2 -> 0.8222223 (empty: 0.35, usage: 0.5555556)
[Debug  :ModulePatch] Item 'Grizzly急救包' weight adjusted: 1.6 -> 1.353 (empty: 0.3, usage: 0.81)
[Debug  :ModulePatch] Item 'Surv12野战手术包' weight adjusted: 1.2 -> 0.8222223 (empty: 0.35, usage: 0.5555556)
[Debug  :ModulePatch] Item '布洛芬止痛药' weight adjusted: 0.07 -> 0.068491 (empty: 0.015, usage: 0.9725636)
[Debug  :ModulePatch] Item 'AFAK单兵战术急救包' weight adjusted: 0.8 -> 0.7550141 (empty: 0.2, usage: 0.9250235)
ParseException: Undefined packet in NetDataReader: 1010
  at Fika.Core.Networking.LiteNetLib.Utils.NetPacketProcessor.GetCallbackFromData (Fika.Core.Networking.LiteNetLib.Utils.NetDataReader reader) [0x0002c] in <584e5e373a4147c194040eda2372a621>:0 
  at Fika.Core.Networking.LiteNetLib.Utils.NetPacketProcessor.ReadPacket (Fika.Core.Networking.LiteNetLib.Utils.NetDataReader reader, System.Object userData) [0x00000] in <584e5e373a4147c194040eda2372a621>:0 
  at Fika.Core.Networking.LiteNetLib.Utils.NetPacketProcessor.ReadAllPackets (Fika.Core.Networking.LiteNetLib.Utils.NetDataReader reader, System.Object userData) [0x00002] in <584e5e373a4147c194040eda2372a621>:0 
  at Fika.Core.Networking.FikaClient.OnNetworkReceive (Fika.Core.Networking.LiteNetLib.NetPeer peer, Fika.Core.Networking.LiteNetLib.NetPacketReader reader, System.Byte channelNumber, Fika.Core.Networking.LiteNetLib.DeliveryMethod deliveryMethod) [0x00020] in <584e5e373a4147c194040eda2372a621>:0 
  at Fika.Core.Networking.LiteNetLib.NetManager.ProcessEvent (Fika.Core.Networking.LiteNetLib.NetEvent evt) [0x000a9] in <584e5e373a4147c194040eda2372a621>:0 
  at LiteNetLib.LiteNetManager.PollEvents () [0x00086] in <584e5e373a4147c194040eda2372a621>:0 
  at Fika.Core.Networking.FikaClient.Update () [0x0000a] in <584e5e373a4147c194040eda2372a621>:0 
UnityEngine.DebugLogHandler:Internal_LogException(Exception, Object)
UnityEngine.DebugLogHandler:LogException(Exception, Object)
Class412:LogException(Exception, Object)
UnityEngine.Logger:LogException(Exception, Object)
UnityEngine.Debug:CallOverridenDebugHandler(Exception, Object)

[Error  :Fika.Client] HandleInventoryPacket::Unable to process descriptor from netId 1, error: Could not find item owner with id: 6a69dc891e81a33de8f8f534
[Debug  :ModulePatch] Item '军用绷带' weight adjusted: 0.043 -> 0.0298005 (empty: 0.003, usage: 0.6700125)
[Debug  :ModulePatch] Item 'Grizzly急救包' weight adjusted: 1.6 -> 1.353 (empty: 0.3, usage: 0.81)
[Debug  :ModulePatch] Item 'Surv12野战手术包' weight adjusted: 1.2 -> 0.8222223 (empty: 0.35, usage: 0.5555556)
[Debug  :ModulePatch] Item 'Grizzly急救包' weight adjusted: 1.6 -> 1.353 (empty: 0.3, usage: 0.81)
[Debug  :ModulePatch] Item 'Surv12野战手术包' weight adjusted: 1.2 -> 0.8222223 (empty: 0.35, usage: 0.5555556)
[Debug  :ModulePatch] Item 'Grizzly急救包' weight adjusted: 1.6 -> 1.353 (empty: 0.3, usage: 0.81)
[Debug  :ModulePatch] Item 'Surv12野战手术包' weight adjusted: 1.2 -> 0.8222223 (empty: 0.35, usage: 0.5555556)
[Debug  :ModulePatch] Item 'Grizzly急救包' weight adjusted: 1.6 -> 1.353 (empty: 0.3, usage: 0.81)
[Debug  :ModulePatch] Item 'Surv12野战手术包' weight adjusted: 1.2 -> 0.8222223 (empty: 0.35, usage: 0.5555556)
[Debug  :ModulePatch] Item 'Grizzly急救包' weight adjusted: 1.6 -> 1.353 (empty: 0.3, usage: 0.81)
[Debug  :ModulePatch] Item 'Surv12野战手术包' weight adjusted: 1.2 -> 0.8222223 (empty: 0.35, usage: 0.5555556)
[Debug  :ModulePatch] Item 'Grizzly急救包' weight adjusted: 1.6 -> 1.353 (empty: 0.3, usage: 0.81)
[Debug  :ModulePatch] Item 'Surv12野战手术包' weight adjusted: 1.2 -> 0.8222223 (empty: 0.35, usage: 0.5555556)
[Debug  :ModulePatch] Item '军用绷带' weight adjusted: 0.043 -> 0.0298005 (empty: 0.003, usage: 0.6700125)
[Debug  :ModulePatch] Item '军用绷带' weight adjusted: 0.043 -> 0.0298005 (empty: 0.003, usage: 0.6700125)
[Debug  :ModulePatch] Item 'Grizzly急救包' weight adjusted: 1.6 -> 1.353 (empty: 0.3, usage: 0.81)
[Debug  :ModulePatch] Item 'Surv12野战手术包' weight adjusted: 1.2 -> 0.8222223 (empty: 0.35, usage: 0.5555556)
[Debug  :ModulePatch] Item 'Grizzly急救包' weight adjusted: 1.6 -> 1.353 (empty: 0.3, usage: 0.81)
[Debug  :ModulePatch] Item 'Surv12野战手术包' weight adjusted: 1.2 -> 0.8222223 (empty: 0.35, usage: 0.5555556)
[Debug  :ModulePatch] Item 'Grizzly急救包' weight adjusted: 1.6 -> 1.519111 (empty: 0.3, usage: 0.9377778)
[Debug  :ModulePatch] Item 'Grizzly急救包' weight adjusted: 1.6 -> 1.353 (empty: 0.3, usage: 0.81)
[Debug  :ModulePatch] Item 'Surv12野战手术包' weight adjusted: 1.2 -> 0.8222223 (empty: 0.35, usage: 0.5555556)
[Debug  :ModulePatch] Item 'Grizzly急救包' weight adjusted: 1.6 -> 1.353 (empty: 0.3, usage: 0.81)
[Debug  :ModulePatch] Item 'Surv12野战手术包' weight adjusted: 1.2 -> 0.8222223 (empty: 0.35, usage: 0.5555556)
[Debug  :ModulePatch] Item 'Grizzly急救包' weight adjusted: 1.6 -> 1.353 (empty: 0.3, usage: 0.81)
[Debug  :ModulePatch] Item 'Surv12野战手术包' weight adjusted: 1.2 -> 0.8222223 (empty: 0.35, usage: 0.5555556)
[Debug  :ModulePatch] Item '0.6升瓶装水' weight adjusted: 0.65 -> 0.5758458 (empty: 0.05, usage: 0.8764096)
[Debug  :ModulePatch] Item 'Grizzly急救包' weight adjusted: 1.6 -> 1.504667 (empty: 0.3, usage: 0.9266667)
[Debug  :ModulePatch] Item 'Surv12野战手术包' weight adjusted: 1.2 -> 0.9166667 (empty: 0.35, usage: 0.6666667)
[Debug  :ModulePatch] Item '铝固定夹板' weight adjusted: 0.22 -> 0.17562 (empty: 0, usage: 0.7982727)
[Debug  :ModulePatch] Item 'Grizzly急救包' weight adjusted: 1.6 -> 1.353 (empty: 0.3, usage: 0.81)
[Debug  :ModulePatch] Item 'Surv12野战手术包' weight adjusted: 1.2 -> 0.8222223 (empty: 0.35, usage: 0.5555556)
[Debug  :ModulePatch] Item 'Grizzly急救包' weight adjusted: 1.6 -> 1.353 (empty: 0.3, usage: 0.81)
[Debug  :ModulePatch] Item 'Surv12野战手术包' weight adjusted: 1.2 -> 0.8222223 (empty: 0.35, usage: 0.5555556)
[Debug  :ModulePatch] Item 'Grizzly急救包' weight adjusted: 1.6 -> 1.353 (empty: 0.3, usage: 0.81)
[Debug  :ModulePatch] Item 'Surv12野战手术包' weight adjusted: 1.2 -> 0.8222223 (empty: 0.35, usage: 0.5555556)
Exception5: Can't perform operation GClass3398: item patron_9x19_7n31 (id: 6a6b497919774c1ee5000016) ->StackSlot cartridges in item mag_glock_magpul_pmag_21_gl9_9x19_21 (id: 6a69dc891e81a33de8f8f534)
  at GClass3475`1[T].method_4 (EFT.InventoryLogic.Item item, EFT.InventoryLogic.ItemAddress to, GInterface438 operation) [0x000ba] in <ad47400a25db462cbf0a531df654c3c3>:0 
  at SplitOperationClass.ExecuteInternal () [0x00136] in <ad47400a25db462cbf0a531df654c3c3>:0 
UnityEngine.DebugLogHandler:Internal_LogException(Exception, Object)
UnityEngine.DebugLogHandler:LogException(Exception, Object)
Class412:LogException(Exception, Object)
UnityEngine.Logger:LogException(Exception, Object)
UnityEngine.Debug:LogException(Exception)
Class2505:method_0(Task`1)
System.Threading.Tasks.ContinuationTaskFromResultTask`1:InnerInvoke()
System.Threading.Tasks.Task:Execute()
System.Threading.Tasks.Task:ExecutionContextCallback(Object)
System.Threading.ExecutionContext:RunInternal(ExecutionContext, ContextCallback, Object, Boolean)
System.Threading.ExecutionContext:Run(ExecutionContext, ContextCallback, Object, Boolean)
System.Threading.Tasks.Task:ExecuteWithThreadLocal(Task&)
System.Threading.Tasks.Task:ExecuteEntry(Boolean)
System.Threading.Tasks.ThreadPoolTaskScheduler:TryExecuteTaskInline(Task, Boolean)
System.Threading.Tasks.TaskScheduler:TryRunInline(Task, Boolean)
System.Threading.Tasks.TaskContinuation:InlineIfPossibleOrElseQueue(Task, Boolean)
System.Threading.Tasks.StandardTaskContinuation:Run(Task, Boolean)
System.Threading.Tasks.Task:ContinueWithCore(Task, TaskScheduler, CancellationToken, TaskContinuationOptions)
System.Threading.Tasks.Task`1:ContinueWith(Action`1, TaskScheduler, CancellationToken, TaskContinuationOptions)
System.Threading.Tasks.Task`1:ContinueWith(Action`1, TaskContinuationOptions)
GClass3475`1:ExecuteInternal(Callback)
BaseInventoryOperationClass:method_0(Callback)
GClass3512`1:ExecuteInternal(Callback)
BaseInventoryOperationClass:method_0(Callback)
BaseInventoryOperationClass:method_1(Callback)
Fika.Core.Networking.FikaClient:HandleInventoryOperations()
Fika.Core.Networking.FikaClient:HandleInventoryPacket(InventoryPacket, FikaPlayer)
Fika.Core.Networking.FikaClient:OnInventoryPacketReceived(InventoryPacket)
Fika.Core.Networking.FikaClient:OnGenericPacketReceived(GenericPacket)
Fika.Core.Networking.LiteNetLib.Utils.<>c__DisplayClass26_0`1:<SubscribeNetReusable>b__0(NetDataReader, Object)
Fika.Core.Networking.LiteNetLib.Utils.NetPacketProcessor:ReadPacket(NetDataReader, Object)
Fika.Core.Networking.LiteNetLib.Utils.NetPacketProcessor:ReadAllPackets(NetDataReader, Object)
Fika.Core.Networking.FikaClient:OnNetworkReceive(NetPeer, NetPacketReader, Byte, DeliveryMethod)
Fika.Core.Networking.LiteNetLib.NetManager:ProcessEvent(NetEvent)
LiteNetLib.LiteNetManager:PollEvents()
Fika.Core.Networking.FikaClient:Update()

[Error  :Fika.Client] Error in operation: Can't perform operation GClass3398: item patron_9x19_7n31 (id: 6a6b497919774c1ee5000016) ->StackSlot cartridges in item mag_glock_magpul_pmag_21_gl9_9x19_21 (id: 6a69dc891e81a33de8f8f534)
Exception5: Can't perform operation GClass3398: item patron_9x19_7n31 (id: 6a6b497919774c1ee5000016) ->StackSlot cartridges in item mag_glock_magpul_pmag_21_gl9_9x19_21 (id: 6a69dc891e81a33de8f8f534)
  at GClass3475`1[T].method_4 (EFT.InventoryLogic.Item item, EFT.InventoryLogic.ItemAddress to, GInterface438 operation) [0x000ba] in <ad47400a25db462cbf0a531df654c3c3>:0 
  at GClass3475`1+Class2505[T].method_0 (System.Threading.Tasks.Task`1[TResult] finishedTask) [0x00070] in <ad47400a25db462cbf0a531df654c3c3>:0 
  at System.Threading.Tasks.ContinuationTaskFromResultTask`1[TAntecedentResult].InnerInvoke () [0x00024] in <8ce0bd04a7a04b4b9395538239d3fdd8>:0 
  at System.Threading.Tasks.Task.Execute () [0x00000] in <8ce0bd04a7a04b4b9395538239d3fdd8>:0 
Rethrow as AggregateException: One or more errors occurred. (Can't perform operation GClass3398: item patron_9x19_7n31 (id: 6a6b497919774c1ee5000016) ->StackSlot cartridges in item mag_glock_magpul_pmag_21_gl9_9x19_21 (id: 6a69dc891e81a33de8f8f534))

UnityEngine.DebugLogHandler:Internal_LogException(Exception, Object)
UnityEngine.DebugLogHandler:LogException(Exception, Object)
Class412:LogException(Exception, Object)
UnityEngine.Logger:LogException(Exception, Object)
UnityEngine.Debug:LogException(Exception)
TasksExtensions:HandleFinishedTask(Task)
System.Threading.Tasks.ContinuationTaskFromTask:InnerInvoke()
System.Threading.Tasks.Task:Execute()
System.Threading.Tasks.Task:ExecutionContextCallback(Object)
System.Threading.ExecutionContext:RunInternal(ExecutionContext, ContextCallback, Object, Boolean)
System.Threading.ExecutionContext:Run(ExecutionContext, ContextCallback, Object, Boolean)
System.Threading.Tasks.Task:ExecuteWithThreadLocal(Task&)
System.Threading.Tasks.Task:ExecuteEntry(Boolean)
System.Threading.Tasks.Task:System.Threading.IThreadPoolWorkItem.ExecuteWorkItem()
System.Threading.ThreadPoolWorkQueue:Dispatch()
System.Threading._ThreadPoolWaitCallback:PerformWaitCallback()

[Error  :Fika.Client] HandleInventoryPacket::Unable to process descriptor from netId 1, error: Could not find item with id: 6a6b497919774c1ee5000016
[Error  :Fika.Client] HandleInventoryPacket::Unable to process descriptor from netId 1, error: Could not find item with id: 6a6b497919774c1ee5000016
[Error  :Fika.Client] HandleInventoryPacket::Unable to process descriptor from netId 1, error: Could not find item with id: 6a6b497919774c1ee5000016
[Debug  :ModulePatch] Item 'Grizzly急救包' weight adjusted: 1.6 -> 1.353 (empty: 0.3, usage: 0.81)
[Debug  :ModulePatch] Item 'Surv12野战手术包' weight adjusted: 1.2 -> 0.8222223 (empty: 0.35, usage: 0.5555556)
[Error  :Fika.Client] HandleInventoryPacket::Unable to process descriptor from netId 1, error: Cloned item ID desync. Expected ID: 6a6b497919774c1ee5000017, real ID: 6a6b497919774c1ee5000016
[Error  :Fika.Client] HandleInventoryPacket::Unable to process descriptor from netId 1, error: Could not find item with id: 6a6b497919774c1ee5000017
[Error  :Fika.Client] HandleInventoryPacket::Unable to process descriptor from netId 1, error: Could not find item with id: 6a6b497919774c1ee5000017
[Error  :Fika.Client] HandleInventoryPacket::Unable to process descriptor from netId 1, error: Could not find item with id: 6a6b497919774c1ee5000017
[Debug  :ModulePatch] Item '军用绷带' weight adjusted: 0.043 -> 0.0298005 (empty: 0.003, usage: 0.6700125)
[Error  :Fika.Client] HandleInventoryPacket::Unable to process descriptor from netId 1, error: Could not find item with id: 6a6b497919774c1ee5000017
[Error  :Fika.Client] HandleInventoryPacket::Unable to process descriptor from netId 1, error: Could not find item with id: 6a6b497919774c1ee5000017
[Error  :Fika.Client] HandleInventoryPacket::Unable to process descriptor from netId 1, error: Could not find item with id: 6a6b497919774c1ee5000017
[Error  :Fika.Client] HandleInventoryPacket::Unable to process descriptor from netId 1, error: Could not find item with id: 6a6b497919774c1ee5000017
[Error  :Fika.Client] HandleInventoryPacket::Unable to process descriptor from netId 1, error: (x: 1, y: 3, r: Horizontal) in grid main in item backpack_Raid_6SH118 (id: 6a4e2f3b0c77480438ef882b) is taken by another item when trying to add item weapon_grenade_f1 (id: 6a6b49f9d1a37b3624904850)
[Error  :Fika.Client] HandleInventoryPacket::Unable to process descriptor from netId 1, error: Could not find item with id: 6a6b497919774c1ee5000017
[Error  :Fika.Client] HandleInventoryPacket::Unable to process descriptor from netId 1, error: Could not find item with id: 6a6b497919774c1ee5000017
[Error  : Fika.Core] [ReceiveStatusFromServer]: 69568f09db017222c89b1183 - Client operation rejected by server: 221 - OperationType: MoveOperationClass, Owner: 69568f09db017222c89b1183, 
Item: weapon_grenade_f1 5710c24ad2720bc3458b45a3, Address: grid pocket4 in item Pockets 1x4 (id: 6a6b49f9d1a37b3624904507) at (x: 0, y: 0, r: Horizontal), ID: 6a6b49f9d1a37b3624904850, 
From: grid pocket4 in item Pockets 1x4 (id: 6a6b49f9d1a37b3624904507) at (x: 0, y: 0, r: Horizontal), 
To: grid pocket1 in item Pockets 1x4 TUE (id: 69568f82db017222c89b1458) at (x: 0, y: 0, r: Horizontal)
Reason: item weapon_grenade_f1 (id: 6a6b49f9d1a37b3624904850) is not located at grid pocket4 in item Pockets 1x4 (id: 6a6b49f9d1a37b3624904507) at (x: 0, y: 0, r: Horizontal). It's at grid main in item backpack_Raid_6SH118 (id: 6a4e2f3b0c77480438ef882b) at (x: 1, y: 3, r: Horizontal)
[Error  :Fika.Client] HandleInventoryPacket::Unable to process descriptor from netId 1, error: Could not find item with id: 6a6b497919774c1ee5000017
[Error  :Fika.Client] HandleInventoryPacket::Unable to process descriptor from netId 1, error: Could not find item with id: 6a6b497919774c1ee5000017
[Error  :Fika.Client] HandleInventoryPacket::Unable to process descriptor from netId 1, error: Could not find item with id: 6a6b497919774c1ee5000017
[Error  :Fika.Client] HandleInventoryPacket::Unable to process descriptor from netId 1, error: Could not find item with id: 6a6b497919774c1ee5000017
[Error  :Fika.Client] HandleInventoryPacket::Unable to process descriptor from netId 1, error: Could not find item with id: 6a6b497919774c1ee5000017
[Error  :Fika.Client] HandleInventoryPacket::Unable to process descriptor from netId 1, error: Could not find item with id: 6a6b497919774c1ee5000017
[Error  :Fika.Client] HandleInventoryPacket::Unable to process descriptor from netId 1, error: Could not find item with id: 6a6b497919774c1ee5000017
[Error  : Fika.Core] [ReceiveStatusFromServer]: 69568f09db017222c89b1183 - Client operation rejected by server: 222 - OperationType: MoveOperationClass, Owner: 69568f09db017222c89b1183, 
Item: weapon_grenade_f1 5710c24ad2720bc3458b45a3, Address: grid pocket4 in item Pockets 1x4 (id: 6a6b49f9d1a37b3624904507) at (x: 0, y: 0, r: Horizontal), ID: 6a6b49f9d1a37b3624904850, 
From: grid pocket4 in item Pockets 1x4 (id: 6a6b49f9d1a37b3624904507) at (x: 0, y: 0, r: Horizontal), 
To: grid pocket1 in item Pockets 1x4 TUE (id: 69568f82db017222c89b1458) at (x: 0, y: 0, r: Horizontal)
Reason: item weapon_grenade_f1 (id: 6a6b49f9d1a37b3624904850) is not located at grid pocket4 in item Pockets 1x4 (id: 6a6b49f9d1a37b3624904507) at (x: 0, y: 0, r: Horizontal). It's at grid main in item backpack_Raid_6SH118 (id: 6a4e2f3b0c77480438ef882b) at (x: 1, y: 3, r: Horizontal)
[Error  :Fika.Client] HandleInventoryPacket::Unable to process descriptor from netId 1, error: Could not find item with id: 6a6b497919774c1ee5000017
[Error  :Fika.Client] HandleInventoryPacket::Unable to process descriptor from netId 1, error: Could not find item with id: 6a6b497919774c1ee5000017
[Error  :Fika.Client] HandleInventoryPacket::Unable to process descriptor from netId 1, error: Could not find item with id: 6a6b497919774c1ee5000017
[Error  :Fika.Client] HandleInventoryPacket::Unable to process descriptor from netId 1, error: Could not find item with id: 6a6b497919774c1ee5000017
[Debug  :ModulePatch] Item '0.6升瓶装水' weight adjusted: 0.65 -> 0.5758458 (empty: 0.05, usage: 0.8764096)
[Debug  :ModulePatch] Item 'Grizzly急救包' weight adjusted: 1.6 -> 1.504667 (empty: 0.3, usage: 0.9266667)
[Debug  :ModulePatch] Item 'Surv12野战手术包' weight adjusted: 1.2 -> 0.9166667 (empty: 0.35, usage: 0.6666667)
[Debug  :ModulePatch] Item '铝固定夹板' weight adjusted: 0.22 -> 0.17562 (empty: 0, usage: 0.7982727)
[Error  :Fika.Client] HandleInventoryPacket::Unable to process descriptor from netId 1, error: Could not find item with id: 6a6b497919774c1ee5000017
[Error  :Fika.Client] HandleInventoryPacket::Unable to process descriptor from netId 1, error: Could not find item with id: 6a6b497919774c1ee5000017
[Error  :Fika.Client] HandleInventoryPacket::Unable to process descriptor from netId 1, error: Could not find item with id: 6a6b497919774c1ee5000017
[Error  :Fika.Client] HandleInventoryPacket::Unable to process descriptor from netId 1, error: Could not find item with id: 6a6b497919774c1ee5000017
[Error  :Fika.Client] HandleInventoryPacket::Unable to process descriptor from netId 1, error: Could not find item with id: 6a6b497919774c1ee5000017
[Error  :Fika.Client] HandleInventoryPacket::Unable to process descriptor from netId 1, error: Could not find item with id: 6a6b497919774c1ee5000017
[Error  :Fika.Client] HandleInventoryPacket::Unable to process descriptor from netId 1, error: Could not find item with id: 6a6b497919774c1ee5000017
[Error  :Fika.Client] HandleInventoryPacket::Unable to process descriptor from netId 1, error: Could not find item with id: 6a6b497919774c1ee5000017
[Error  :Fika.Client] HandleInventoryPacket::Unable to process descriptor from netId 1, error: Could not find item with id: 6a6b497919774c1ee5000017
[Debug  :ModulePatch] Item 'Grizzly急救包' weight adjusted: 1.6 -> 1.353 (empty: 0.3, usage: 0.81)
[Debug  :ModulePatch] Item 'Surv12野战手术包' weight adjusted: 1.2 -> 0.8222223 (empty: 0.35, usage: 0.5555556)
[Debug  :ModulePatch] Item 'Grizzly急救包' weight adjusted: 1.6 -> 1.353 (empty: 0.3, usage: 0.81)
[Debug  :ModulePatch] Item 'Surv12野战手术包' weight adjusted: 1.2 -> 0.8222223 (empty: 0.35, usage: 0.5555556)
[Debug  :ModulePatch] Item 'Grizzly急救包' weight adjusted: 1.6 -> 1.353 (empty: 0.3, usage: 0.81)
[Debug  :ModulePatch] Item 'Surv12野战手术包' weight adjusted: 1.2 -> 0.8222223 (empty: 0.35, usage: 0.5555556)
[Debug  :ModulePatch] Item '0.6升瓶装水' weight adjusted: 0.65 -> 0.5758458 (empty: 0.05, usage: 0.8764096)
[Debug  :ModulePatch] Item 'Grizzly急救包' weight adjusted: 1.6 -> 1.504667 (empty: 0.3, usage: 0.9266667)
[Debug  :ModulePatch] Item 'Surv12野战手术包' weight adjusted: 1.2 -> 0.9166667 (empty: 0.35, usage: 0.6666667)
[Debug  :ModulePatch] Item '铝固定夹板' weight adjusted: 0.22 -> 0.17562 (empty: 0, usage: 0.7982727)
[Debug  :ModulePatch] Item 'Surv12野战手术包' weight adjusted: 1.2 -> 0.8222223 (empty: 0.35, usage: 0.5555556)
[Error  : Fika.Core] [ReceiveStatusFromServer]: 69568f09db017222c89b1183 - Client operation rejected by server: 226 - OperationType: MoveOperationClass, Owner: 69568f09db017222c89b1183, 
Item: AMK_Grizzly 590c657e86f77412b013051d, Address: grid main in item item_equipment_backpack_pillbox (id: 6a6b49f9d1a37b36249044fc) at (x: 2, y: 0, r: Horizontal), ID: 6a6b49f9d1a37b362490484c, 
From: grid main in item item_equipment_backpack_pillbox (id: 6a6b49f9d1a37b36249044fc) at (x: 2, y: 0, r: Horizontal), 
To: grid main in item backpack_Raid_6SH118 (id: 6a5df51706e9345ea4f0de41) at (x: 1, y: 3, r: Horizontal)
Reason: item AMK_Grizzly (id: 6a6b49f9d1a37b362490484c) is not located at grid main in item item_equipment_backpack_pillbox (id: 6a6b49f9d1a37b36249044fc) at (x: 2, y: 0, r: Horizontal). It's at grid 10 in item item_equipment_rig_custom_osprey_defence (id: 6a537f6a474a536e446e1ff2) at (x: 0, y: 0, r: Horizontal)
[Debug  :ModulePatch] Item 'Surv12野战手术包' weight adjusted: 1.2 -> 0.8222223 (empty: 0.35, usage: 0.5555556)
[Debug  :ModulePatch] Item '0.6升瓶装水' weight adjusted: 0.65 -> 0.5758458 (empty: 0.05, usage: 0.8764096)
[Debug  :ModulePatch] Item 'Grizzly急救包' weight adjusted: 1.6 -> 1.504667 (empty: 0.3, usage: 0.9266667)
[Debug  :ModulePatch] Item 'Surv12野战手术包' weight adjusted: 1.2 -> 0.9166667 (empty: 0.35, usage: 0.6666667)
[Debug  :ModulePatch] Item '铝固定夹板' weight adjusted: 0.22 -> 0.17562 (empty: 0, usage: 0.7982727)
[Error  : Fika.Core] [ReceiveStatusFromServer]: 69568f09db017222c89b1183 - Client operation rejected by server: 228 - OperationType: MoveOperationClass, Owner: 69568f09db017222c89b1183, 
Item: AMK_Grizzly 590c657e86f77412b013051d, Address: grid main in item item_equipment_backpack_pillbox (id: 6a6b49f9d1a37b36249044fc) at (x: 2, y: 0, r: Horizontal), ID: 6a6b49f9d1a37b362490484c, 
From: grid main in item item_equipment_backpack_pillbox (id: 6a6b49f9d1a37b36249044fc) at (x: 2, y: 0, r: Horizontal), 
To: grid main in item backpack_Raid_6SH118 (id: 6a5df51706e9345ea4f0de41) at (x: 2, y: 3, r: Horizontal)
Reason: item AMK_Grizzly (id: 6a6b49f9d1a37b362490484c) is not located at grid main in item item_equipment_backpack_pillbox (id: 6a6b49f9d1a37b36249044fc) at (x: 2, y: 0, r: Horizontal). It's at grid 10 in item item_equipment_rig_custom_osprey_defence (id: 6a537f6a474a536e446e1ff2) at (x: 0, y: 0, r: Horizontal)
[Debug  :ModulePatch] Item '0.6升瓶装水' weight adjusted: 0.65 -> 0.5982599 (empty: 0.05, usage: 0.9137664)
[Debug  :ModulePatch] Item '军用绷带' weight adjusted: 0.043 -> 0.0298005 (empty: 0.003, usage: 0.6700125)
[Debug  :ModulePatch] Item 'Grizzly急救包' weight adjusted: 1.6 -> 1.353 (empty: 0.3, usage: 0.81)
[Debug  :ModulePatch] Item 'Surv12野战手术包' weight adjusted: 1.2 -> 0.8222223 (empty: 0.35, usage: 0.5555556)
[Debug  :ModulePatch] Item '0.6升瓶装水' weight adjusted: 0.65 -> 0.5758458 (empty: 0.05, usage: 0.8764096)
[Debug  :ModulePatch] Item 'Grizzly急救包' weight adjusted: 1.6 -> 1.504667 (empty: 0.3, usage: 0.9266667)
[Debug  :ModulePatch] Item 'Surv12野战手术包' weight adjusted: 1.2 -> 0.9166667 (empty: 0.35, usage: 0.6666667)
[Debug  :ModulePatch] Item '铝固定夹板' weight adjusted: 0.22 -> 0.17562 (empty: 0, usage: 0.7982727)
[Debug  :ModulePatch] Item '军用绷带' weight adjusted: 0.043 -> 0.0298005 (empty: 0.003, usage: 0.6700125)
[Debug  :ModulePatch] Item 'Grizzly急救包' weight adjusted: 1.6 -> 1.353 (empty: 0.3, usage: 0.81)
[Debug  :ModulePatch] Item 'Surv12野战手术包' weight adjusted: 1.2 -> 0.8222223 (empty: 0.35, usage: 0.5555556)
[Debug  :ModulePatch] Item 'Grizzly急救包' weight adjusted: 1.6 -> 1.353 (empty: 0.3, usage: 0.81)
[Debug  :ModulePatch] Item 'Surv12野战手术包' weight adjusted: 1.2 -> 0.8222223 (empty: 0.35, usage: 0.5555556)
[Error  :Fika.Client] HandleInventoryPacket::Unable to process descriptor from netId 1, error: Cloned item ID desync. Expected ID: 6a6b497919774c1ee5000018, real ID: 6a6b497919774c1ee5000016
[Error  :Fika.Client] HandleInventoryPacket::Unable to process descriptor from netId 1, error: Could not find item with id: 6a6b497919774c1ee5000018
[Error  :Fika.Client] HandleInventoryPacket::Unable to process descriptor from netId 1, error: Could not find item with id: 6a6b497919774c1ee5000018
[Error  :Fika.Client] HandleInventoryPacket::Unable to process descriptor from netId 1, error: Could not find item with id: 6a6b497919774c1ee5000018
[Error  :Fika.Client] HandleInventoryPacket::Unable to process descriptor from netId 1, error: Could not find item with id: 6a6b497919774c1ee5000018
[Error  :Fika.Client] HandleInventoryPacket::Unable to process descriptor from netId 1, error: Could not find item with id: 6a6b497919774c1ee5000018
[Error  :Fika.Client] HandleInventoryPacket::Unable to process descriptor from netId 1, error: Could not find item with id: 6a6b497919774c1ee5000018
[Error  :Fika.Client] HandleInventoryPacket::Unable to process descriptor from netId 1, error: Could not find item with id: 6a6b497919774c1ee5000018
[Error  :Fika.Client] HandleInventoryPacket::Unable to process descriptor from netId 1, error: Could not find item with id: 6a6b497919774c1ee5000018
[Error  :Fika.Client] HandleInventoryPacket::Unable to process descriptor from netId 1, error: Could not find item with id: 6a6b497919774c1ee5000018
[Error  :Fika.Client] HandleInventoryPacket::Unable to process descriptor from netId 1, error: Could not find item with id: 6a6b497919774c1ee5000018
[Error  :Fika.Client] HandleInventoryPacket::Unable to process descriptor from netId 1, error: Could not find item with id: 6a6b497919774c1ee5000018
[Error  :Fika.Client] HandleInventoryPacket::Unable to process descriptor from netId 1, error: Could not find item with id: 6a6b497919774c1ee5000018
[Debug  :ModulePatch] Item 'Grizzly急救包' weight adjusted: 1.6 -> 1.353 (empty: 0.3, usage: 0.81)
[Debug  :ModulePatch] Item 'Surv12野战手术包' weight adjusted: 1.2 -> 0.8222223 (empty: 0.35, usage: 0.5555556)
[Error  :Fika.Client] HandleInventoryPacket::Unable to process descriptor from netId 1, error: Could not find item with id: 6a6b497919774c1ee5000018
[Error  :Fika.Client] HandleInventoryPacket::Unable to process descriptor from netId 1, error: Could not find item with id: 6a6b497919774c1ee5000018
[Error  :Fika.Client] HandleInventoryPacket::Unable to process descriptor from netId 1, error: Could not find item with id: 6a6b497919774c1ee5000018
[Error  :Fika.Client] HandleInventoryPacket::Unable to process descriptor from netId 1, error: Could not find item with id: 6a6b497919774c1ee5000018
[Debug  :ModulePatch] Item 'Salewa急救包' weight adjusted: 0.6 -> 0.547749 (empty: 0.15, usage: 0.8838865)
[Debug  :ModulePatch] Item '0.6升瓶装水' weight adjusted: 0.65 -> 0.5758458 (empty: 0.05, usage: 0.8764096)
[Debug  :ModulePatch] Item 'Grizzly急救包' weight adjusted: 1.6 -> 1.504667 (empty: 0.3, usage: 0.9266667)
[Debug  :ModulePatch] Item 'Surv12野战手术包' weight adjusted: 1.2 -> 0.9166667 (empty: 0.35, usage: 0.6666667)
[Debug  :ModulePatch] Item '铝固定夹板' weight adjusted: 0.22 -> 0.17562 (empty: 0, usage: 0.7982727)
[Error  :Fika.Client] HandleInventoryPacket::Unable to process descriptor from netId 1, error: Could not find item with id: 6a6b497919774c1ee5000018
[Error  :Fika.Client] HandleInventoryPacket::Unable to process descriptor from netId 1, error: Could not find item with id: 6a6b497919774c1ee5000018
[Debug  :ModulePatch] Item 'Grizzly急救包' weight adjusted: 1.6 -> 1.353 (empty: 0.3, usage: 0.81)
[Debug  :ModulePatch] Item 'Surv12野战手术包' weight adjusted: 1.2 -> 0.8222223 (empty: 0.35, usage: 0.5555556)
[Debug  :ModulePatch] Item 'Salewa急救包' weight adjusted: 0.6 -> 0.547749 (empty: 0.15, usage: 0.8838865)
[Debug  :ModulePatch] Item '0.6升瓶装水' weight adjusted: 0.65 -> 0.5758458 (empty: 0.05, usage: 0.8764096)
[Debug  :ModulePatch] Item 'Grizzly急救包' weight adjusted: 1.6 -> 1.504667 (empty: 0.3, usage: 0.9266667)
[Debug  :ModulePatch] Item 'Surv12野战手术包' weight adjusted: 1.2 -> 0.9166667 (empty: 0.35, usage: 0.6666667)
[Debug  :ModulePatch] Item '铝固定夹板' weight adjusted: 0.22 -> 0.17562 (empty: 0, usage: 0.7982727)
[Error  :Fika.Client] HandleInventoryPacket::Unable to process descriptor from netId 1, error: Could not find item with id: 6a6b497919774c1ee5000018
[Error  :Fika.Client] HandleInventoryPacket::Unable to process descriptor from netId 1, error: Could not find item with id: 6a6b497919774c1ee5000018
[Error  :Fika.Client] HandleInventoryPacket::Unable to process descriptor from netId 1, error: Could not find item with id: 6a6b497919774c1ee5000018
[Error  :Fika.Client] HandleInventoryPacket::Unable to process descriptor from netId 1, error: Could not find item with id: 6a6b497919774c1ee5000018
[Error  :Fika.Client] HandleInventoryPacket::Unable to process descriptor from netId 1, error: item mag_glock_magpul_pmag_21_gl9_9x19_21 (id: 6a69dc891e81a33de8f8f534) is not located at grid pocket1 in item Pockets 1x4 TUE (id: 68f79a10575e002bfcf6d355) at (x: 0, y: 0, r: Horizontal). It's at slot mod_magazine in item weapon_glock_glock_18c_gen3_9x19 (id: 6a5f568898182e4494592f68)
[Error  :Fika.Client] HandleInventoryPacket::Unable to process descriptor from netId 1, error: Could not find item with id: 6a6b497919774c1ee5000018
[Error  :Fika.Client] HandleInventoryPacket::Unable to process descriptor from netId 1, error: Could not find item with id: 6a6b497919774c1ee5000018
[Error  :Fika.Client] HandleInventoryPacket::Unable to process descriptor from netId 1, error: Could not find item with id: 6a6b497919774c1ee5000018
[Error  :Fika.Client] HandleInventoryPacket::Unable to process descriptor from netId 1, error: Could not find item with id: 6a6b497919774c1ee5000018
[Error  :Fika.Client] HandleInventoryPacket::Unable to process descriptor from netId 1, error: Could not find item with id: 6a6b497919774c1ee5000018
[Debug  :ModulePatch] Item '0.6升瓶装水' weight adjusted: 0.65 -> 0.5982599 (empty: 0.05, usage: 0.9137664)
[Error  :Fika.Client] HandleInventoryPacket::Unable to process descriptor from netId 1, error: Could not find item with id: 6a6b497919774c1ee5000018
[Debug  :ModulePatch] Item '军用绷带' weight adjusted: 0.043 -> 0.0298005 (empty: 0.003, usage: 0.6700125)
[Error  :Fika.Client] HandleInventoryPacket::Unable to process descriptor from netId 1, error: Could not find item with id: 6a6b497919774c1ee5000018
[Error  :Fika.Client] HandleInventoryPacket::Unable to process descriptor from netId 1, error: Could not find item with id: 6a6b497919774c1ee5000018
[Error  :Fika.Client] HandleInventoryPacket::Unable to process descriptor from netId 1, error: Could not find item with id: 6a6b497919774c1ee5000018
[Error  :Fika.Client] HandleInventoryPacket::Unable to process descriptor from netId 1, error: Could not find item with id: 6a6b497919774c1ee5000018
[Error  :Fika.Client] HandleInventoryPacket::Unable to process descriptor from netId 1, error: Could not find item with id: 6a6b497919774c1ee5000018
[Error  :Fika.Client] HandleInventoryPacket::Unable to process descriptor from netId 1, error: Could not find item with id: 6a6b497919774c1ee5000018
[Error  :Fika.Client] HandleInventoryPacket::Unable to process descriptor from netId 1, error: Could not find item with id: 6a6b497919774c1ee5000018
[Error  :Fika.Client] HandleInventoryPacket::Unable to process descriptor from netId 1, error: Could not find item with id: 6a6b497919774c1ee5000018
[Error  :Fika.Client] HandleInventoryPacket::Unable to process descriptor from netId 1, error: Could not find item with id: 6a6b497919774c1ee5000018
[Error  :Fika.Client] HandleInventoryPacket::Unable to process descriptor from netId 1, error: Could not find item with id: 6a6b497919774c1ee5000018
[Error  :Fika.Client] HandleInventoryPacket::Unable to process descriptor from netId 1, error: Could not find item with id: 6a6b497919774c1ee5000018
[Error  :Fika.Client] HandleInventoryPacket::Unable to process descriptor from netId 1, error: Could not find item with id: 6a6b497919774c1ee5000018
[Error  :Fika.Client] HandleInventoryPacket::Unable to process descriptor from netId 1, error: Could not find item with id: 6a6b497919774c1ee5000018
[Error  :Fika.Client] HandleInventoryPacket::Unable to process descriptor from netId 1, error: Could not find item with id: 6a6b497919774c1ee5000018
[Error  :Fika.Client] HandleInventoryPacket::Unable to process descriptor from netId 1, error: Could not find item with id: 6a6b497919774c1ee5000018
[Debug  :ModulePatch] Item 'Grizzly急救包' weight adjusted: 1.6 -> 1.353 (empty: 0.3, usage: 0.81)
[Debug  :ModulePatch] Item 'Surv12野战手术包' weight adjusted: 1.2 -> 0.8222223 (empty: 0.35, usage: 0.5555556)
[Error  :Fika.Client] HandleInventoryPacket::Unable to process descriptor from netId 1, error: Could not find item with id: 6a6b497919774c1ee5000018
[Error  :Fika.Client] HandleInventoryPacket::Unable to process descriptor from netId 1, error: Could not find item with id: 6a6b497919774c1ee5000018
[Debug  :ModulePatch] Item 'Grizzly急救包' weight adjusted: 1.6 -> 1.353 (empty: 0.3, usage: 0.81)
[Debug  :ModulePatch] Item 'Surv12野战手术包' weight adjusted: 1.2 -> 0.8222223 (empty: 0.35, usage: 0.5555556)
[Error  :Fika.Client] HandleInventoryPacket::Unable to process descriptor from netId 1, error: Could not find item with id: 6a6b497919774c1ee5000018
[Debug  :ModulePatch] Item 'Grizzly急救包' weight adjusted: 1.6 -> 1.353 (empty: 0.3, usage: 0.81)
[Debug  :ModulePatch] Item 'Surv12野战手术包' weight adjusted: 1.2 -> 0.8222223 (empty: 0.35, usage: 0.5555556)
[Error  :Fika.Client] HandleInventoryPacket::Unable to process descriptor from netId 1, error: Could not find item with id: 6a6b497919774c1ee5000018
[Error  :Fika.Client] HandleInventoryPacket::Unable to process descriptor from netId 1, error: Could not find item with id: 6a6b497919774c1ee5000018
[Error  :Fika.Client] HandleInventoryPacket::Unable to process descriptor from netId 1, error: Could not find item with id: 6a6b497919774c1ee5000018
[Error  :Fika.Client] HandleInventoryPacket::Unable to process descriptor from netId 1, error: Could not find item with id: 6a6b497919774c1ee5000018
[Error  :Fika.Client] HandleInventoryPacket::Unable to process descriptor from netId 1, error: Could not find item with id: 6a6b497919774c1ee5000018
[Error  :Fika.Client] HandleInventoryPacket::Unable to process descriptor from netId 1, error: Could not find item with id: 6a6b497919774c1ee5000018
[Error  :Fika.Client] HandleInventoryPacket::Unable to process descriptor from netId 1, error: Could not find item with id: 6a6b497919774c1ee5000018
[Error  :Fika.Client] HandleInventoryPacket::Unable to process descriptor from netId 1, error: Could not find item with id: 6a6b497919774c1ee5000018
[Error  :Fika.Client] HandleInventoryPacket::Unable to process descriptor from netId 1, error: Could not find item with id: 6a6b497919774c1ee5000018
[Error  :Fika.Client] HandleInventoryPacket::Unable to process descriptor from netId 1, error: Could not find item with id: 6a6b497919774c1ee5000018
[Error  :Fika.Client] HandleInventoryPacket::Unable to process descriptor from netId 1, error: Could not find item with id: 6a6b497919774c1ee5000018
[Debug  :ModulePatch] Item '0.6升瓶装水' weight adjusted: 0.65 -> 0.5982599 (empty: 0.05, usage: 0.9137664)
[Error  :Fika.Client] HandleInventoryPacket::Unable to process descriptor from netId 1, error: Could not find item with id: 6a6b497919774c1ee5000018
[Debug  :ModulePatch] Item 'Salewa急救包' weight adjusted: 0.6 -> 0.547749 (empty: 0.15, usage: 0.8838865)
[Debug  :ModulePatch] Item '0.6升瓶装水' weight adjusted: 0.65 -> 0.5758458 (empty: 0.05, usage: 0.8764096)
[Debug  :ModulePatch] Item 'Grizzly急救包' weight adjusted: 1.6 -> 1.504667 (empty: 0.3, usage: 0.9266667)
[Debug  :ModulePatch] Item 'Surv12野战手术包' weight adjusted: 1.2 -> 0.9166667 (empty: 0.35, usage: 0.6666667)
[Debug  :ModulePatch] Item '铝固定夹板' weight adjusted: 0.22 -> 0.17562 (empty: 0, usage: 0.7982727)
[Debug  :ModulePatch] Item 'Grizzly急救包' weight adjusted: 1.6 -> 1.353 (empty: 0.3, usage: 0.81)
[Debug  :ModulePatch] Item 'Surv12野战手术包' weight adjusted: 1.2 -> 0.8222223 (empty: 0.35, usage: 0.5555556)
[Debug  :ModulePatch] Item 'Salewa急救包' weight adjusted: 0.6 -> 0.547749 (empty: 0.15, usage: 0.8838865)
[Debug  :ModulePatch] Item '0.6升瓶装水' weight adjusted: 0.65 -> 0.5758458 (empty: 0.05, usage: 0.8764096)
[Debug  :ModulePatch] Item 'Grizzly急救包' weight adjusted: 1.6 -> 1.504667 (empty: 0.3, usage: 0.9266667)
[Debug  :ModulePatch] Item 'Surv12野战手术包' weight adjusted: 1.2 -> 0.9166667 (empty: 0.35, usage: 0.6666667)
[Debug  :ModulePatch] Item '铝固定夹板' weight adjusted: 0.22 -> 0.17562 (empty: 0, usage: 0.7982727)
[Debug  :ModulePatch] Item 'Salewa急救包' weight adjusted: 0.6 -> 0.547749 (empty: 0.15, usage: 0.8838865)
[Debug  :ModulePatch] Item '0.6升瓶装水' weight adjusted: 0.65 -> 0.5758458 (empty: 0.05, usage: 0.8764096)
[Debug  :ModulePatch] Item 'Grizzly急救包' weight adjusted: 1.6 -> 1.504667 (empty: 0.3, usage: 0.9266667)
[Debug  :ModulePatch] Item 'Surv12野战手术包' weight adjusted: 1.2 -> 0.9166667 (empty: 0.35, usage: 0.6666667)
[Debug  :ModulePatch] Item '铝固定夹板' weight adjusted: 0.22 -> 0.17562 (empty: 0, usage: 0.7982727)
[Debug  :ModulePatch] Item 'Salewa急救包' weight adjusted: 0.6 -> 0.547749 (empty: 0.15, usage: 0.8838865)
[Debug  :ModulePatch] Item '0.6升瓶装水' weight adjusted: 0.65 -> 0.5758458 (empty: 0.05, usage: 0.8764096)
[Debug  :ModulePatch] Item 'Grizzly急救包' weight adjusted: 1.6 -> 1.504667 (empty: 0.3, usage: 0.9266667)
[Debug  :ModulePatch] Item 'Surv12野战手术包' weight adjusted: 1.2 -> 0.9166667 (empty: 0.35, usage: 0.6666667)
[Debug  :ModulePatch] Item '铝固定夹板' weight adjusted: 0.22 -> 0.17562 (empty: 0, usage: 0.7982727)
[Debug  :ModulePatch] Item 'Salewa急救包' weight adjusted: 0.6 -> 0.547749 (empty: 0.15, usage: 0.8838865)
[Debug  :ModulePatch] Item '0.6升瓶装水' weight adjusted: 0.65 -> 0.5758458 (empty: 0.05, usage: 0.8764096)
[Debug  :ModulePatch] Item 'Grizzly急救包' weight adjusted: 1.6 -> 1.504667 (empty: 0.3, usage: 0.9266667)
[Debug  :ModulePatch] Item 'Surv12野战手术包' weight adjusted: 1.2 -> 0.9166667 (empty: 0.35, usage: 0.6666667)
[Debug  :ModulePatch] Item '铝固定夹板' weight adjusted: 0.22 -> 0.17562 (empty: 0, usage: 0.7982727)
[Debug  :ModulePatch] Item 'Grizzly急救包' weight adjusted: 1.6 -> 1.353 (empty: 0.3, usage: 0.81)
[Debug  :ModulePatch] Item 'Surv12野战手术包' weight adjusted: 1.2 -> 0.8222223 (empty: 0.35, usage: 0.5555556)
[Debug  :ModulePatch] Item 'Grizzly急救包' weight adjusted: 1.6 -> 1.353 (empty: 0.3, usage: 0.81)
[Debug  :ModulePatch] Item 'Surv12野战手术包' weight adjusted: 1.2 -> 0.8222223 (empty: 0.35, usage: 0.5555556)
[Debug  :ModulePatch] Item 'Grizzly急救包' weight adjusted: 1.6 -> 1.353 (empty: 0.3, usage: 0.81)
[Debug  :ModulePatch] Item 'Surv12野战手术包' weight adjusted: 1.2 -> 0.8222223 (empty: 0.35, usage: 0.5555556)
[Debug  :ModulePatch] Item 'Salewa急救包' weight adjusted: 0.6 -> 0.547749 (empty: 0.15, usage: 0.8838865)
[Debug  :ModulePatch] Item '0.6升瓶装水' weight adjusted: 0.65 -> 0.5758458 (empty: 0.05, usage: 0.8764096)
[Debug  :ModulePatch] Item 'Grizzly急救包' weight adjusted: 1.6 -> 1.504667 (empty: 0.3, usage: 0.9266667)
[Debug  :ModulePatch] Item 'Surv12野战手术包' weight adjusted: 1.2 -> 0.9166667 (empty: 0.35, usage: 0.6666667)
[Debug  :ModulePatch] Item '铝固定夹板' weight adjusted: 0.22 -> 0.17562 (empty: 0, usage: 0.7982727)
[Debug  :ModulePatch] Item 'Salewa急救包' weight adjusted: 0.6 -> 0.547749 (empty: 0.15, usage: 0.8838865)
[Debug  :ModulePatch] Item '0.6升瓶装水' weight adjusted: 0.65 -> 0.5758458 (empty: 0.05, usage: 0.8764096)
[Debug  :ModulePatch] Item 'Grizzly急救包' weight adjusted: 1.6 -> 1.504667 (empty: 0.3, usage: 0.9266667)
[Debug  :ModulePatch] Item 'Surv12野战手术包' weight adjusted: 1.2 -> 0.9166667 (empty: 0.35, usage: 0.6666667)
[Debug  :ModulePatch] Item '铝固定夹板' weight adjusted: 0.22 -> 0.17562 (empty: 0, usage: 0.7982727)
[Debug  :ModulePatch] Item '军用绷带' weight adjusted: 0.043 -> 0.0298005 (empty: 0.003, usage: 0.6700125)
[Debug  :ModulePatch] Item 'Grizzly急救包' weight adjusted: 1.6 -> 1.353 (empty: 0.3, usage: 0.81)
[Debug  :ModulePatch] Item 'Surv12野战手术包' weight adjusted: 1.2 -> 0.8222223 (empty: 0.35, usage: 0.5555556)
[Debug  :ModulePatch] Item 'Grizzly急救包' weight adjusted: 1.6 -> 1.353 (empty: 0.3, usage: 0.81)
[Debug  :ModulePatch] Item 'Surv12野战手术包' weight adjusted: 1.2 -> 0.8222223 (empty: 0.35, usage: 0.5555556)
[Debug  :ModulePatch] Item '军用绷带' weight adjusted: 0.043 -> 0.0298005 (empty: 0.003, usage: 0.6700125)
[Debug  :ModulePatch] Item 'Grizzly急救包' weight adjusted: 1.6 -> 1.353 (empty: 0.3, usage: 0.81)
[Debug  :ModulePatch] Item 'Surv12野战手术包' weight adjusted: 1.2 -> 0.8222223 (empty: 0.35, usage: 0.5555556)
[Debug  :ModulePatch] Item 'Grizzly急救包' weight adjusted: 1.6 -> 1.353 (empty: 0.3, usage: 0.81)
[Debug  :ModulePatch] Item 'Surv12野战手术包' weight adjusted: 1.2 -> 0.8222223 (empty: 0.35, usage: 0.5555556)
[Debug  :ModulePatch] Item 'Grizzly急救包' weight adjusted: 1.6 -> 1.353 (empty: 0.3, usage: 0.81)
[Debug  :ModulePatch] Item 'Surv12野战手术包' weight adjusted: 1.2 -> 0.8222223 (empty: 0.35, usage: 0.5555556)
[Debug  :ModulePatch] Item 'Grizzly急救包' weight adjusted: 1.6 -> 1.353 (empty: 0.3, usage: 0.81)
[Debug  :ModulePatch] Item 'Surv12野战手术包' weight adjusted: 1.2 -> 0.8222223 (empty: 0.35, usage: 0.5555556)
[Debug  :ModulePatch] Item '0.6升瓶装水' weight adjusted: 0.65 -> 0.5982599 (empty: 0.05, usage: 0.9137664)
[Debug  :ModulePatch] Item 'Grizzly急救包' weight adjusted: 1.6 -> 1.353 (empty: 0.3, usage: 0.81)
[Debug  :ModulePatch] Item 'Surv12野战手术包' weight adjusted: 1.2 -> 0.8222223 (empty: 0.35, usage: 0.5555556)
[Debug  :ModulePatch] Item 'Grizzly急救包' weight adjusted: 1.6 -> 1.353 (empty: 0.3, usage: 0.81)
[Debug  :ModulePatch] Item 'Surv12野战手术包' weight adjusted: 1.2 -> 0.8222223 (empty: 0.35, usage: 0.5555556)
[Debug  :ModulePatch] Item 'Grizzly急救包' weight adjusted: 1.6 -> 1.353 (empty: 0.3, usage: 0.81)
[Debug  :ModulePatch] Item 'Surv12野战手术包' weight adjusted: 1.2 -> 0.8222223 (empty: 0.35, usage: 0.5555556)
[Debug  :ModulePatch] Item 'Grizzly急救包' weight adjusted: 1.6 -> 1.353 (empty: 0.3, usage: 0.81)
[Debug  :ModulePatch] Item 'Surv12野战手术包' weight adjusted: 1.2 -> 0.8222223 (empty: 0.35, usage: 0.5555556)
[Debug  :ModulePatch] Item 'Grizzly急救包' weight adjusted: 1.6 -> 1.353 (empty: 0.3, usage: 0.81)
[Debug  :ModulePatch] Item 'Surv12野战手术包' weight adjusted: 1.2 -> 0.8222223 (empty: 0.35, usage: 0.5555556)
[Debug  :ModulePatch] Item 'Grizzly急救包' weight adjusted: 1.6 -> 1.353 (empty: 0.3, usage: 0.81)
[Debug  :ModulePatch] Item 'Surv12野战手术包' weight adjusted: 1.2 -> 0.8222223 (empty: 0.35, usage: 0.5555556)
[Debug  :ModulePatch] Item '0.6升瓶装水' weight adjusted: 0.65 -> 0.5982599 (empty: 0.05, usage: 0.9137664)
[Debug  :ModulePatch] Item '0.6升瓶装水' weight adjusted: 0.65 -> 0.5982599 (empty: 0.05, usage: 0.9137664)
[Debug  :ModulePatch] Item 'Grizzly急救包' weight adjusted: 1.6 -> 1.353 (empty: 0.3, usage: 0.81)
[Debug  :ModulePatch] Item 'Surv12野战手术包' weight adjusted: 1.2 -> 0.8222223 (empty: 0.35, usage: 0.5555556)
[Debug  :ModulePatch] Item 'Grizzly急救包' weight adjusted: 1.6 -> 1.353 (empty: 0.3, usage: 0.81)
[Debug  :ModulePatch] Item 'Surv12野战手术包' weight adjusted: 1.2 -> 0.8222223 (empty: 0.35, usage: 0.5555556)
[Debug  :ModulePatch] Item 'Salewa急救包' weight adjusted: 0.6 -> 0.547749 (empty: 0.15, usage: 0.8838865)
[Debug  :ModulePatch] Item '0.6升瓶装水' weight adjusted: 0.65 -> 0.5758458 (empty: 0.05, usage: 0.8764096)
[Debug  :ModulePatch] Item 'Grizzly急救包' weight adjusted: 1.6 -> 1.504667 (empty: 0.3, usage: 0.9266667)
[Debug  :ModulePatch] Item 'Surv12野战手术包' weight adjusted: 1.2 -> 0.9166667 (empty: 0.35, usage: 0.6666667)
[Debug  :ModulePatch] Item '铝固定夹板' weight adjusted: 0.22 -> 0.17562 (empty: 0, usage: 0.7982727)
[Debug  :ModulePatch] Item 'Grizzly急救包' weight adjusted: 1.6 -> 1.353 (empty: 0.3, usage: 0.81)
[Debug  :ModulePatch] Item 'Surv12野战手术包' weight adjusted: 1.2 -> 0.8222223 (empty: 0.35, usage: 0.5555556)
[Debug  :ModulePatch] Item 'Grizzly急救包' weight adjusted: 1.6 -> 1.353 (empty: 0.3, usage: 0.81)
[Debug  :ModulePatch] Item 'Surv12野战手术包' weight adjusted: 1.2 -> 0.8222223 (empty: 0.35, usage: 0.5555556)
[Debug  :ModulePatch] Item '布洛芬止痛药' weight adjusted: 0.07 -> 0.068491 (empty: 0.015, usage: 0.9725636)
[Debug  :ModulePatch] Item 'AFAK单兵战术急救包' weight adjusted: 0.8 -> 0.7550141 (empty: 0.2, usage: 0.9250235)
[Debug  :ModulePatch] Item 'Grizzly急救包' weight adjusted: 1.6 -> 1.353 (empty: 0.3, usage: 0.81)
[Debug  :ModulePatch] Item 'Surv12野战手术包' weight adjusted: 1.2 -> 0.8222223 (empty: 0.35, usage: 0.5555556)
[Debug  :ModulePatch] Item 'Grizzly急救包' weight adjusted: 1.6 -> 1.353 (empty: 0.3, usage: 0.81)
[Debug  :ModulePatch] Item 'Surv12野战手术包' weight adjusted: 1.2 -> 0.8222223 (empty: 0.35, usage: 0.5555556)
[Debug  :ModulePatch] Item 'Grizzly急救包' weight adjusted: 1.6 -> 1.353 (empty: 0.3, usage: 0.81)
[Debug  :ModulePatch] Item 'Surv12野战手术包' weight adjusted: 1.2 -> 0.8222223 (empty: 0.35, usage: 0.5555556)
[Error  :Fika.Client] HandleInventoryPacket::Unable to process descriptor from netId 1, error: Cloned item ID desync. Expected ID: 6a6b497919774c1ee5000019, real ID: 6a6b497919774c1ee5000016
[Error  :Fika.Client] HandleInventoryPacket::Unable to process descriptor from netId 1, error: Could not find item with id: 6a6b497919774c1ee5000019
[Error  :Fika.Client] HandleInventoryPacket::Unable to process descriptor from netId 1, error: Could not find item with id: 6a6b497919774c1ee5000019
[Debug  :ModulePatch] Item '0.6升瓶装水' weight adjusted: 0.65 -> 0.5982599 (empty: 0.05, usage: 0.9137664)
[Debug  :ModulePatch] Item '0.6升瓶装水' weight adjusted: 0.65 -> 0.5982599 (empty: 0.05, usage: 0.9137664)
[Debug  :ModulePatch] Item 'Grizzly急救包' weight adjusted: 1.6 -> 1.504667 (empty: 0.3, usage: 0.9266667)
[Debug  :ModulePatch] Item 'Surv12野战手术包' weight adjusted: 1.2 -> 0.9166667 (empty: 0.35, usage: 0.6666667)
[Debug  :ModulePatch] Item '铝固定夹板' weight adjusted: 0.22 -> 0.17562 (empty: 0, usage: 0.7982727)
[Debug  :ModulePatch] Item 'Salewa急救包' weight adjusted: 0.6 -> 0.547749 (empty: 0.15, usage: 0.8838865)
[Debug  :ModulePatch] Item '0.6升瓶装水' weight adjusted: 0.65 -> 0.5758458 (empty: 0.05, usage: 0.8764096)
[Debug  :ModulePatch] Item 'Grizzly急救包' weight adjusted: 1.6 -> 1.504667 (empty: 0.3, usage: 0.9266667)
[Debug  :ModulePatch] Item 'Surv12野战手术包' weight adjusted: 1.2 -> 0.9166667 (empty: 0.35, usage: 0.6666667)
[Debug  :ModulePatch] Item '铝固定夹板' weight adjusted: 0.22 -> 0.17562 (empty: 0, usage: 0.7982727)
[Debug  :ModulePatch] Item 'Salewa急救包' weight adjusted: 0.6 -> 0.547749 (empty: 0.15, usage: 0.8838865)
[Debug  :ModulePatch] Item '0.6升瓶装水' weight adjusted: 0.65 -> 0.5758458 (empty: 0.05, usage: 0.8764096)
[Debug  :ModulePatch] Item '布洛芬止痛药' weight adjusted: 0.07 -> 0.068491 (empty: 0.015, usage: 0.9725636)
[Debug  :ModulePatch] Item 'AFAK单兵战术急救包' weight adjusted: 0.8 -> 0.7550141 (empty: 0.2, usage: 0.9250235)
[Debug  :ModulePatch] Item 'Grizzly急救包' weight adjusted: 1.6 -> 1.353 (empty: 0.3, usage: 0.81)
[Debug  :ModulePatch] Item 'Surv12野战手术包' weight adjusted: 1.2 -> 0.8222223 (empty: 0.35, usage: 0.5555556)
[Debug  :ModulePatch] Item 'Grizzly急救包' weight adjusted: 1.6 -> 1.353 (empty: 0.3, usage: 0.81)
[Debug  :ModulePatch] Item 'Surv12野战手术包' weight adjusted: 1.2 -> 0.8222223 (empty: 0.35, usage: 0.5555556)
[Debug  :ModulePatch] Item 'Grizzly急救包' weight adjusted: 1.6 -> 1.353 (empty: 0.3, usage: 0.81)
[Debug  :ModulePatch] Item 'Surv12野战手术包' weight adjusted: 1.2 -> 0.8222223 (empty: 0.35, usage: 0.5555556)
[Debug  :ModulePatch] Item 'Grizzly急救包' weight adjusted: 1.6 -> 1.353 (empty: 0.3, usage: 0.81)
[Debug  :ModulePatch] Item 'Surv12野战手术包' weight adjusted: 1.2 -> 0.8222223 (empty: 0.35, usage: 0.5555556)
[Debug  :ModulePatch] Item 'Grizzly急救包' weight adjusted: 1.6 -> 1.353 (empty: 0.3, usage: 0.81)
[Debug  :ModulePatch] Item 'Surv12野战手术包' weight adjusted: 1.2 -> 0.8222223 (empty: 0.35, usage: 0.5555556)
[Debug  :ModulePatch] Item 'Grizzly急救包' weight adjusted: 1.6 -> 1.353 (empty: 0.3, usage: 0.81)
[Debug  :ModulePatch] Item 'Surv12野战手术包' weight adjusted: 1.2 -> 0.8222223 (empty: 0.35, usage: 0.5555556)
[Debug  :ModulePatch] Item '0.6升瓶装水' weight adjusted: 0.65 -> 0.5982599 (empty: 0.05, usage: 0.9137664)
[Debug  :ModulePatch] Item '0.6升瓶装水' weight adjusted: 0.65 -> 0.5982599 (empty: 0.05, usage: 0.9137664)
[Debug  :ModulePatch] Item '0.6升瓶装水' weight adjusted: 0.65 -> 0.5982599 (empty: 0.05, usage: 0.9137664)
[Debug  :ModulePatch] Item '0.6升瓶装水' weight adjusted: 0.65 -> 0.5982599 (empty: 0.05, usage: 0.9137664)
[Debug  :ModulePatch] Item '0.6升瓶装水' weight adjusted: 0.65 -> 0.5982599 (empty: 0.05, usage: 0.9137664)
[Debug  :ModulePatch] Item '0.6升瓶装水' weight adjusted: 0.65 -> 0.5982599 (empty: 0.05, usage: 0.9137664)
[Debug  :ModulePatch] Item '0.6升瓶装水' weight adjusted: 0.65 -> 0.5982599 (empty: 0.05, usage: 0.9137664)
[Debug  :ModulePatch] Item '0.6升瓶装水' weight adjusted: 0.65 -> 0.5982599 (empty: 0.05, usage: 0.9137664)
[Debug  :ModulePatch] Item '0.6升瓶装水' weight adjusted: 0.65 -> 0.5982599 (empty: 0.05, usage: 0.9137664)
[Debug  :ModulePatch] Item '0.6升瓶装水' weight adjusted: 0.65 -> 0.5982599 (empty: 0.05, usage: 0.9137664)
[Debug  :ModulePatch] Item '0.6升瓶装水' weight adjusted: 0.65 -> 0.5982599 (empty: 0.05, usage: 0.9137664)
[Debug  :ModulePatch] Item 'Aquamari带滤嘴水瓶' weight adjusted: 0.6 -> 0.5819468 (empty: 0.2, usage: 0.9548669)
[Debug  :ModulePatch] Item 'Aquamari带滤嘴水瓶' weight adjusted: 0.6 -> 0.5819468 (empty: 0.2, usage: 0.9548669)
[Info   :CoopHandler] F8 pressed, attempting to extract!
[Info   :Fika.Client] ..:: Fika Client Session Statistics ::..
[Info   :Fika.Client] Sent packets: 41083
[Info   :Fika.Client] Sent data: 2.37 MB
[Info   :Fika.Client] Received packets: 51240
[Info   :Fika.Client] Received data: 26.96 MB
[Info   :Fika.Client] Packet loss: 0%
[Info   :Fika.Client] Time in raid: 00h 34m 38s
[Info   :NetManagerUtils] Destroyed FikaClient
The referenced script on this Behaviour (Game Object '<null>') is missing!
The referenced script on this Behaviour (Game Object '<null>') is missing!
The referenced script on this Behaviour (Game Object '<null>') is missing!
The referenced script on this Behaviour (Game Object '<null>') is missing!
The referenced script on this Behaviour (Game Object '<null>') is missing!
The referenced script on this Behaviour (Game Object '<null>') is missing!
The referenced script on this Behaviour (Game Object '<null>') is missing!
The referenced script on this Behaviour (Game Object '<null>') is missing!
The referenced script on this Behaviour (Game Object '<null>') is missing!
The referenced script on this Behaviour (Game Object '<null>') is missing!
The referenced script on this Behaviour (Game Object '<null>') is missing!
The referenced script on this Behaviour (Game Object '<null>') is missing!
The referenced script on this Behaviour (Game Object '<null>') is missing!
The referenced script on this Behaviour (Game Object '<null>') is missing!
The referenced script on this Behaviour (Game Object '<null>') is missing!
The referenced script on this Behaviour (Game Object '<null>') is missing!
The referenced script on this Behaviour (Game Object '<null>') is missing!
The referenced script on this Behaviour (Game Object '<null>') is missing!
The referenced script on this Behaviour (Game Object '<null>') is missing!
The referenced script on this Behaviour (Game Object '<null>') is missing!
The referenced script on this Behaviour (Game Object '<null>') is missing!
The referenced script on this Behaviour (Game Object '<null>') is missing!
The referenced script on this Behaviour (Game Object '<null>') is missing!
The referenced script on this Behaviour (Game Object '<null>') is missing!
The referenced script on this Behaviour (Game Object '<null>') is missing!
[Debug  :ModulePatch] Item 'Surv12野战手术包' weight adjusted: 1.2 -> 0.8222223 (empty: 0.35, usage: 0.5555556)
Unloading 309 Unused Serialized files (Serialized files now loaded: 1473)
Unloading 77506 unused Assets to reduce memory usage. Loaded Objects now: 929022.
Total: 1686.205700 ms (FindLiveObjects: 480.146100 ms CreateObjectMapping: 47.470400 ms MarkObjects: 611.063200 ms  DeleteObjects: 547.525300 ms)

Unloading 9 Unused Serialized files (Serialized files now loaded: 1473)
[PhysX] Initialized MultithreadedTaskDispatcher with 16 workers.
UnloadTime: 58.319300 ms
Unloading 124 unused Assets to reduce memory usage. Loaded Objects now: 959894.
Total: 585.246900 ms (FindLiveObjects: 90.501600 ms CreateObjectMapping: 32.822000 ms MarkObjects: 456.703400 ms  DeleteObjects: 5.218700 ms)

The referenced script on this Behaviour (Game Object '<null>') is missing!
The referenced script on this Behaviour (Game Object '<null>') is missing!
The referenced script on this Behaviour (Game Object '<null>') is missing!
The referenced script on this Behaviour (Game Object '<null>') is missing!
The referenced script on this Behaviour (Game Object '<null>') is missing!
The referenced script on this Behaviour (Game Object '<null>') is missing!
The referenced script on this Behaviour (Game Object '<null>') is missing!
The referenced script on this Behaviour (Game Object '<null>') is missing!
The referenced script on this Behaviour (Game Object '<null>') is missing!
The referenced script on this Behaviour (Game Object '<null>') is missing!
The referenced script on this Behaviour (Game Object '<null>') is missing!
The referenced script on this Behaviour (Game Object '<null>') is missing!
The referenced script on this Behaviour (Game Object '<null>') is missing!
The referenced script on this Behaviour (Game Object '<null>') is missing!
The referenced script on this Behaviour (Game Object '<null>') is missing!
The referenced script on this Behaviour (Game Object '<null>') is missing!
The referenced script on this Behaviour (Game Object '<null>') is missing!
The referenced script on this Behaviour (Game Object '<null>') is missing!
The referenced script on this Behaviour (Game Object '<null>') is missing!
The referenced script on this Behaviour (Game Object '<null>') is missing!
The referenced script on this Behaviour (Game Object '<null>') is missing!
The referenced script on this Behaviour (Game Object '<null>') is missing!
The referenced script on this Behaviour (Game Object '<null>') is missing!
The referenced script on this Behaviour (Game Object '<null>') is missing!
The referenced script on this Behaviour (Game Object '<null>') is missing!
NullReferenceException: Object reference not set to an instance of an object
  at EFT.UI.ErrorScreen.smethod_0 (System.String source) [0x00000] in <ad47400a25db462cbf0a531df654c3c3>:0 
  at EFT.UI.ErrorScreen.Show (System.String title, System.String message, System.Single waitingTime, EFT.UI.ErrorScreen+EButtonType buttonType, System.Boolean removeHtml) [0x00023] in <ad47400a25db462cbf0a531df654c3c3>:0 
  at EFT.UI.PreloaderUI.method_1 () [0x0005d] in <ad47400a25db462cbf0a531df654c3c3>:0 
Rethrow as AggregateException: One or more errors occurred. (Object reference not set to an instance of an object)

UnityEngine.DebugLogHandler:Internal_LogException(Exception, Object)
UnityEngine.DebugLogHandler:LogException(Exception, Object)
Class412:LogException(Exception, Object)
UnityEngine.Logger:LogException(Exception, Object)
UnityEngine.Debug:LogException(Exception)
TasksExtensions:HandleFinishedTask(Task)
System.Threading.Tasks.ContinuationTaskFromTask:InnerInvoke()
System.Threading.Tasks.Task:Execute()
System.Threading.Tasks.Task:ExecutionContextCallback(Object)
System.Threading.ExecutionContext:RunInternal(ExecutionContext, ContextCallback, Object, Boolean)
System.Threading.ExecutionContext:Run(ExecutionContext, ContextCallback, Object, Boolean)
System.Threading.Tasks.Task:ExecuteWithThreadLocal(Task&)
System.Threading.Tasks.Task:ExecuteEntry(Boolean)
System.Threading.Tasks.Task:System.Threading.IThreadPoolWorkItem.ExecuteWorkItem()
System.Threading.ThreadPoolWorkQueue:Dispatch()
System.Threading._ThreadPoolWaitCallback:PerformWaitCallback()

[Debug  :ModulePatch] Item 'Surv12野战手术包' weight adjusted: 1.2 -> 0.8222223 (empty: 0.35, usage: 0.5555556)
[Debug  :ModulePatch] Item 'Surv12野战手术包' weight adjusted: 1.2 -> 0.8222223 (empty: 0.35, usage: 0.5555556)
[Debug  :ModulePatch] Item 'Surv12野战手术包' weight adjusted: 1.2 -> 0.8222223 (empty: 0.35, usage: 0.5555556)
[Debug  :ModulePatch] Item 'Surv12野战手术包' weight adjusted: 1.2 -> 0.8222223 (empty: 0.35, usage: 0.5555556)
[Debug  :ModulePatch] Item 'Surv12野战手术包' weight adjusted: 1.2 -> 0.8222223 (empty: 0.35, usage: 0.5555556)
[Debug  :ModulePatch] Item 'Surv12野战手术包' weight adjusted: 1.2 -> 0.8222223 (empty: 0.35, usage: 0.5555556)
[Debug  :ModulePatch] Item 'Surv12野战手术包' weight adjusted: 1.2 -> 0.8222223 (empty: 0.35, usage: 0.5555556)
[Debug  :ModulePatch] Item 'Surv12野战手术包' weight adjusted: 1.2 -> 0.8222223 (empty: 0.35, usage: 0.5555556)
[Debug  :ModulePatch] Item 'Surv12野战手术包' weight adjusted: 1.2 -> 0.8222223 (empty: 0.35, usage: 0.5555556)
[Debug  :ModulePatch] Item 'Surv12野战手术包' weight adjusted: 1.2 -> 0.8222223 (empty: 0.35, usage: 0.5555556)
[Debug  :ModulePatch] Item 'Surv12野战手术包' weight adjusted: 1.2 -> 0.8222223 (empty: 0.35, usage: 0.5555556)
[Debug  :ModulePatch] Item 'Surv12野战手术包' weight adjusted: 1.2 -> 0.8222223 (empty: 0.35, usage: 0.5555556)
[Debug  :ModulePatch] Item 'Surv12野战手术包' weight adjusted: 1.2 -> 0.8222223 (empty: 0.35, usage: 0.5555556)
[Debug  :ModulePatch] Item 'Surv12野战手术包' weight adjusted: 1.2 -> 0.8222223 (empty: 0.35, usage: 0.5555556)
[Debug  :ModulePatch] Item 'Surv12野战手术包' weight adjusted: 1.2 -> 0.8222223 (empty: 0.35, usage: 0.5555556)
[Debug  :ModulePatch] Item 'Surv12野战手术包' weight adjusted: 1.2 -> 0.8222223 (empty: 0.35, usage: 0.5555556)
[Debug  :ModulePatch] Item 'Surv12野战手术包' weight adjusted: 1.2 -> 0.8222223 (empty: 0.35, usage: 0.5555556)
[Debug  :ModulePatch] Item 'Surv12野战手术包' weight adjusted: 1.2 -> 0.8222223 (empty: 0.35, usage: 0.5555556)
[Debug  :ModulePatch] Item 'Surv12野战手术包' weight adjusted: 1.2 -> 0.8222223 (empty: 0.35, usage: 0.5555556)
[Debug  :ModulePatch] Item 'Surv12野战手术包' weight adjusted: 1.2 -> 0.8222223 (empty: 0.35, usage: 0.5555556)
[Debug  :ModulePatch] Item 'Surv12野战手术包' weight adjusted: 1.2 -> 0.8222223 (empty: 0.35, usage: 0.5555556)
[Debug  :ModulePatch] Item 'Surv12野战手术包' weight adjusted: 1.2 -> 0.8222223 (empty: 0.35, usage: 0.5555556)
[Debug  :ModulePatch] Item 'Surv12野战手术包' weight adjusted: 1.2 -> 0.8222223 (empty: 0.35, usage: 0.5555556)
[Debug  :ModulePatch] Item 'Surv12野战手术包' weight adjusted: 1.2 -> 0.8222223 (empty: 0.35, usage: 0.5555556)
[Debug  :ModulePatch] Item 'Surv12野战手术包' weight adjusted: 1.2 -> 0.8222223 (empty: 0.35, usage: 0.5555556)
[Debug  :ModulePatch] Item 'Surv12野战手术包' weight adjusted: 1.2 -> 0.8222223 (empty: 0.35, usage: 0.5555556)
[Debug  :ModulePatch] Item 'Surv12野战手术包' weight adjusted: 1.2 -> 0.8222223 (empty: 0.35, usage: 0.5555556)
[Debug  :ModulePatch] Item 'Surv12野战手术包' weight adjusted: 1.2 -> 0.8222223 (empty: 0.35, usage: 0.5555556)
[Debug  :ModulePatch] Item 'Surv12野战手术包' weight adjusted: 1.2 -> 0.8222223 (empty: 0.35, usage: 0.5555556)
[Debug  :ModulePatch] Item 'Surv12野战手术包' weight adjusted: 1.2 -> 0.8222223 (empty: 0.35, usage: 0.5555556)
[Debug  :ModulePatch] Item 'Surv12野战手术包' weight adjusted: 1.2 -> 0.8222223 (empty: 0.35, usage: 0.5555556)
[Debug  :ModulePatch] Item 'Surv12野战手术包' weight adjusted: 1.2 -> 0.8222223 (empty: 0.35, usage: 0.5555556)
[Debug  :ModulePatch] Item 'Surv12野战手术包' weight adjusted: 1.2 -> 0.8222223 (empty: 0.35, usage: 0.5555556)
[Debug  :ModulePatch] Item 'Surv12野战手术包' weight adjusted: 1.2 -> 0.8222223 (empty: 0.35, usage: 0.5555556)
[Debug  :ModulePatch] Item 'Surv12野战手术包' weight adjusted: 1.2 -> 0.8222223 (empty: 0.35, usage: 0.5555556)
[Debug  :ModulePatch] Item 'Surv12野战手术包' weight adjusted: 1.2 -> 0.8222223 (empty: 0.35, usage: 0.5555556)
[Debug  :ModulePatch] Item 'Surv12野战手术包' weight adjusted: 1.2 -> 0.8222223 (empty: 0.35, usage: 0.5555556)
[Debug  :ModulePatch] Item 'Surv12野战手术包' weight adjusted: 1.2 -> 0.8222223 (empty: 0.35, usage: 0.5555556)
[Debug  :ModulePatch] Item 'Surv12野战手术包' weight adjusted: 1.2 -> 0.8222223 (empty: 0.35, usage: 0.5555556)
[Debug  :ModulePatch] Item 'Surv12野战手术包' weight adjusted: 1.2 -> 0.8222223 (empty: 0.35, usage: 0.5555556)
[Debug  :ModulePatch] Item 'Surv12野战手术包' weight adjusted: 1.2 -> 0.8222223 (empty: 0.35, usage: 0.5555556)
[Debug  :ModulePatch] Item 'Surv12野战手术包' weight adjusted: 1.2 -> 0.8222223 (empty: 0.35, usage: 0.5555556)
[Debug  :ModulePatch] Item 'Surv12野战手术包' weight adjusted: 1.2 -> 0.8222223 (empty: 0.35, usage: 0.5555556)
[Debug  :ModulePatch] Item 'Surv12野战手术包' weight adjusted: 1.2 -> 0.8222223 (empty: 0.35, usage: 0.5555556)
[Debug  :ModulePatch] Item 'Surv12野战手术包' weight adjusted: 1.2 -> 0.8222223 (empty: 0.35, usage: 0.5555556)
[Debug  :ModulePatch] Item 'Surv12野战手术包' weight adjusted: 1.2 -> 0.8222223 (empty: 0.35, usage: 0.5555556)
[Debug  :ModulePatch] Item 'Surv12野战手术包' weight adjusted: 1.2 -> 0.8222223 (empty: 0.35, usage: 0.5555556)
[Debug  :ModulePatch] Item 'Surv12野战手术包' weight adjusted: 1.2 -> 0.8222223 (empty: 0.35, usage: 0.5555556)
[Debug  :ModulePatch] Item 'Surv12野战手术包' weight adjusted: 1.2 -> 0.8222223 (empty: 0.35, usage: 0.5555556)
[Debug  :ModulePatch] Item 'Surv12野战手术包' weight adjusted: 1.2 -> 0.8222223 (empty: 0.35, usage: 0.5555556)
[Info   :RequestHandler] [REQUEST]: /client/ragfair/offerfees
[Info   :RequestHandler] [REQUEST SUCCESSFUL] /client/ragfair/offerfees
[Info   :RequestHandler] [REQUEST]: /client/ragfair/offerfees
[Info   :RequestHandler] [REQUEST SUCCESSFUL] /client/ragfair/offerfees
NullReferenceException: Object reference not set to an instance of an object
  at EFT.UI.Ragfair.AddOfferWindow.method_21 () [0x00000] in <ad47400a25db462cbf0a531df654c3c3>:0 
  at EFT.UI.PreloaderUI+Class2989.method_0 () [0x0000f] in <ad47400a25db462cbf0a531df654c3c3>:0 
  at GClass3829.Close () [0x0000a] in <ad47400a25db462cbf0a531df654c3c3>:0 
  at GClass3833`1[T].method_2 (T result) [0x0005d] in <ad47400a25db462cbf0a531df654c3c3>:0 
  at GClass3833`1[T].Decline () [0x0001a] in <ad47400a25db462cbf0a531df654c3c3>:0 
  at EFT.UI.ErrorScreen.method_6 (System.Boolean timeOut, System.Boolean silent) [0x0003f] in <ad47400a25db462cbf0a531df654c3c3>:0 
  at EFT.UI.ErrorScreen.method_5 () [0x00000] in <ad47400a25db462cbf0a531df654c3c3>:0 
  at UnityEngine.Events.InvokableCall.Invoke () [0x00010] in <b4e80bd296bc48ba89d931486f299d70>:0 
  at UnityEngine.Events.UnityEvent.Invoke () [0x00022] in <b4e80bd296bc48ba89d931486f299d70>:0 
  at EFT.UI.DefaultUIButton.method_11 () [0x0000a] in <ad47400a25db462cbf0a531df654c3c3>:0 
  at EFT.UI.TweenAnimatedButton.OnPointerClick (UnityEngine.EventSystems.PointerEventData eventData) [0x00012] in <ad47400a25db462cbf0a531df654c3c3>:0 
  at UnityEngine.EventSystems.ExecuteEvents.Execute (UnityEngine.EventSystems.IPointerClickHandler handler, UnityEngine.EventSystems.BaseEventData eventData) [0x00007] in <76ec1fc119664eb3af8df7d79290060a>:0 
  at UnityEngine.EventSystems.ExecuteEvents.Execute[T] (UnityEngine.GameObject target, UnityEngine.EventSystems.BaseEventData eventData, UnityEngine.EventSystems.ExecuteEvents+EventFunction`1[T1] functor) [0x00067] in <76ec1fc119664eb3af8df7d79290060a>:0 
UnityEngine.DebugLogHandler:Internal_LogException(Exception, Object)
UnityEngine.DebugLogHandler:LogException(Exception, Object)
Class412:LogException(Exception, Object)
UnityEngine.Logger:LogException(Exception, Object)
UnityEngine.Debug:LogException(Exception)
UnityEngine.EventSystems.ExecuteEvents:Execute(GameObject, BaseEventData, EventFunction`1)
UnityEngine.EventSystems.StandaloneInputModule:ReleaseMouse(PointerEventData, GameObject)
UnityEngine.EventSystems.StandaloneInputModule:ProcessMousePress(MouseButtonEventData)
UnityEngine.EventSystems.StandaloneInputModule:ProcessMouseEvent(Int32)
UnityEngine.EventSystems.StandaloneInputModule:ProcessMouseEvent()
UnityEngine.EventSystems.StandaloneInputModule:Process()
UnityEngine.EventSystems.EventSystem:Update()

[Info   :RequestHandler] [REQUEST]: /client/ragfair/offerfees
[Info   :RequestHandler] [REQUEST SUCCESSFUL] /client/ragfair/offerfees
[Info   :RequestHandler] [REQUEST]: /client/ragfair/offerfees
[Info   :RequestHandler] [REQUEST SUCCESSFUL] /client/ragfair/offerfees
[Info   :RequestHandler] [REQUEST]: /client/ragfair/offerfees
[Info   :RequestHandler] [REQUEST SUCCESSFUL] /client/ragfair/offerfees
[Info   :RequestHandler] [REQUEST]: /client/ragfair/offerfees
[Info   :RequestHandler] [REQUEST SUCCESSFUL] /client/ragfair/offerfees
NullReferenceException: Object reference not set to an instance of an object
  at EFT.UI.Ragfair.AddOfferWindow.method_21 () [0x00000] in <ad47400a25db462cbf0a531df654c3c3>:0 
  at EFT.UI.PreloaderUI+Class2989.method_0 () [0x0000f] in <ad47400a25db462cbf0a531df654c3c3>:0 
  at GClass3829.Close () [0x0000a] in <ad47400a25db462cbf0a531df654c3c3>:0 
  at GClass3833`1[T].method_2 (T result) [0x0005d] in <ad47400a25db462cbf0a531df654c3c3>:0 
  at GClass3833`1[T].Decline () [0x0001a] in <ad47400a25db462cbf0a531df654c3c3>:0 
  at EFT.UI.ErrorScreen.method_6 (System.Boolean timeOut, System.Boolean silent) [0x0003f] in <ad47400a25db462cbf0a531df654c3c3>:0 
  at EFT.UI.ErrorScreen.method_5 () [0x00000] in <ad47400a25db462cbf0a531df654c3c3>:0 
  at UnityEngine.Events.InvokableCall.Invoke () [0x00010] in <b4e80bd296bc48ba89d931486f299d70>:0 
  at UnityEngine.Events.UnityEvent.Invoke () [0x00022] in <b4e80bd296bc48ba89d931486f299d70>:0 
  at EFT.UI.DefaultUIButton.method_11 () [0x0000a] in <ad47400a25db462cbf0a531df654c3c3>:0 
  at EFT.UI.TweenAnimatedButton.OnPointerClick (UnityEngine.EventSystems.PointerEventData eventData) [0x00012] in <ad47400a25db462cbf0a531df654c3c3>:0 
  at UnityEngine.EventSystems.ExecuteEvents.Execute (UnityEngine.EventSystems.IPointerClickHandler handler, UnityEngine.EventSystems.BaseEventData eventData) [0x00007] in <76ec1fc119664eb3af8df7d79290060a>:0 
  at UnityEngine.EventSystems.ExecuteEvents.Execute[T] (UnityEngine.GameObject target, UnityEngine.EventSystems.BaseEventData eventData, UnityEngine.EventSystems.ExecuteEvents+EventFunction`1[T1] functor) [0x00067] in <76ec1fc119664eb3af8df7d79290060a>:0 
UnityEngine.DebugLogHandler:Internal_LogException(Exception, Object)
UnityEngine.DebugLogHandler:LogException(Exception, Object)
Class412:LogException(Exception, Object)
UnityEngine.Logger:LogException(Exception, Object)
UnityEngine.Debug:LogException(Exception)
UnityEngine.EventSystems.ExecuteEvents:Execute(GameObject, BaseEventData, EventFunction`1)
UnityEngine.EventSystems.StandaloneInputModule:ReleaseMouse(PointerEventData, GameObject)
UnityEngine.EventSystems.StandaloneInputModule:ProcessMousePress(MouseButtonEventData)
UnityEngine.EventSystems.StandaloneInputModule:ProcessMouseEvent(Int32)
UnityEngine.EventSystems.StandaloneInputModule:ProcessMouseEvent()
UnityEngine.EventSystems.StandaloneInputModule:Process()
UnityEngine.EventSystems.EventSystem:Update()

[Debug  :ModulePatch] Item 'Surv12野战手术包' weight adjusted: 1.2 -> 0.8222223 (empty: 0.35, usage: 0.5555556)
The referenced script (Unknown) on this Behaviour is missing!
The referenced script (EFT.SinglePlayerApplication) on this Behaviour is missing!
The referenced script on this Behaviour (Game Object '----APPLICATION----') is missing!
A scripted object (probably EFT.SinglePlayerApplication?) has a different serialization layout when loading. (Read 32 bytes but expected 144 bytes)
Did you #ifdef UNITY_EDITOR a section of your serialized properties in any of your scripts?
The referenced script on this Behaviour (Game Object 'EditorDecalManager') is missing!
The referenced script on this Behaviour (Game Object 'stub') is missing!
The referenced script on this Behaviour (Game Object 'UnculledObjectRenderer') is missing!
Renderer 'light_CellPlafonds_holder_LOD0' is registered with more than one LODGroup ('light_CellPlafonds_holder (2)' and 'light_CellPlafonds_holder_LOD0').
Renderer 'light_CellPlafonds_holder_LOD0' is registered with more than one LODGroup ('light_CellPlafonds_holder (2)' and 'light_CellPlafonds_holder_LOD0').
Renderer 'light_CellPlafonds_holder_LOD0' is registered with more than one LODGroup ('light_CellPlafonds_holder (2)' and 'light_CellPlafonds_holder_LOD0').
Renderer 'light_CellPlafonds_holder_LOD0' is registered with more than one LODGroup ('light_CellPlafonds_holder (2)' and 'light_CellPlafonds_holder_LOD0').
[Debug  :ModulePatch] Item 'Surv12野战手术包' weight adjusted: 1.2 -> 0.8222223 (empty: 0.35, usage: 0.5555556)
Only custom filters can be played. Please add a custom filter or an audioclip to the audiosource (Audio Source).
Can not play a disabled audio source
[Info   :RequestHandler] [REQUEST]: /client/ragfair/offerfees
[Info   :RequestHandler] [REQUEST SUCCESSFUL] /client/ragfair/offerfees
[Debug  :ModulePatch] Item 'Surv12野战手术包' weight adjusted: 1.2 -> 0.8222223 (empty: 0.35, usage: 0.5555556)
[Debug  :ModulePatch] Item 'Surv12野战手术包' weight adjusted: 1.2 -> 0.8222223 (empty: 0.35, usage: 0.5555556)
[Info   :RequestHandler] [REQUEST]: /client/ragfair/offerfees
[Info   :RequestHandler] [REQUEST SUCCESSFUL] /client/ragfair/offerfees
[Info   :RequestHandler] [REQUEST]: /client/ragfair/offerfees
[Info   :RequestHandler] [REQUEST SUCCESSFUL] /client/ragfair/offerfees
[Info   :RequestHandler] [REQUEST]: /client/ragfair/offerfees
[Info   :RequestHandler] [REQUEST SUCCESSFUL] /client/ragfair/offerfees
[Info   :RequestHandler] [REQUEST]: /client/ragfair/offerfees
[Info   :RequestHandler] [REQUEST SUCCESSFUL] /client/ragfair/offerfees
[Debug  :ModulePatch] Item 'Surv12野战手术包' weight adjusted: 1.2 -> 0.8222223 (empty: 0.35, usage: 0.5555556)
[Debug  :ModulePatch] Item 'Surv12野战手术包' weight adjusted: 1.2 -> 0.8222223 (empty: 0.35, usage: 0.5555556)
[Debug  :ModulePatch] Item 'Surv12野战手术包' weight adjusted: 1.2 -> 0.8222223 (empty: 0.35, usage: 0.5555556)
[Debug  :ModulePatch] Item 'Surv12野战手术包' weight adjusted: 1.2 -> 0.8222223 (empty: 0.35, usage: 0.5555556)
[Debug  :ModulePatch] Item 'Surv12野战手术包' weight adjusted: 1.2 -> 0.8222223 (empty: 0.35, usage: 0.5555556)
[Debug  :ModulePatch] Item 'Surv12野战手术包' weight adjusted: 1.2 -> 0.8222223 (empty: 0.35, usage: 0.5555556)
[Debug  :ModulePatch] Item 'Surv12野战手术包' weight adjusted: 1.2 -> 0.8222223 (empty: 0.35, usage: 0.5555556)
[Debug  :ModulePatch] Item 'Surv12野战手术包' weight adjusted: 1.2 -> 0.8222223 (empty: 0.35, usage: 0.5555556)
[Debug  :ModulePatch] Item 'Surv12野战手术包' weight adjusted: 1.2 -> 0.8222223 (empty: 0.35, usage: 0.5555556)
[Info   :RequestHandler] [REQUEST]: /client/ragfair/offerfees
[Info   :RequestHandler] [REQUEST SUCCESSFUL] /client/ragfair/offerfees
[Info   :RequestHandler] [REQUEST]: /client/ragfair/offerfees
[Info   :RequestHandler] [REQUEST SUCCESSFUL] /client/ragfair/offerfees
NullReferenceException: Object reference not set to an instance of an object
  at EFT.UI.Ragfair.AddOfferWindow.method_21 () [0x00000] in <ad47400a25db462cbf0a531df654c3c3>:0 
  at EFT.UI.PreloaderUI+Class2989.method_0 () [0x0000f] in <ad47400a25db462cbf0a531df654c3c3>:0 
  at GClass3829.Close () [0x0000a] in <ad47400a25db462cbf0a531df654c3c3>:0 
  at GClass3833`1[T].method_2 (T result) [0x0005d] in <ad47400a25db462cbf0a531df654c3c3>:0 
  at GClass3833`1[T].Decline () [0x0001a] in <ad47400a25db462cbf0a531df654c3c3>:0 
  at EFT.UI.ErrorScreen.method_6 (System.Boolean timeOut, System.Boolean silent) [0x0003f] in <ad47400a25db462cbf0a531df654c3c3>:0 
  at EFT.UI.ErrorScreen.method_5 () [0x00000] in <ad47400a25db462cbf0a531df654c3c3>:0 
  at UnityEngine.Events.InvokableCall.Invoke () [0x00010] in <b4e80bd296bc48ba89d931486f299d70>:0 
  at UnityEngine.Events.UnityEvent.Invoke () [0x00022] in <b4e80bd296bc48ba89d931486f299d70>:0 
  at EFT.UI.DefaultUIButton.method_11 () [0x0000a] in <ad47400a25db462cbf0a531df654c3c3>:0 
  at EFT.UI.TweenAnimatedButton.OnPointerClick (UnityEngine.EventSystems.PointerEventData eventData) [0x00012] in <ad47400a25db462cbf0a531df654c3c3>:0 
  at UnityEngine.EventSystems.ExecuteEvents.Execute (UnityEngine.EventSystems.IPointerClickHandler handler, UnityEngine.EventSystems.BaseEventData eventData) [0x00007] in <76ec1fc119664eb3af8df7d79290060a>:0 
  at UnityEngine.EventSystems.ExecuteEvents.Execute[T] (UnityEngine.GameObject target, UnityEngine.EventSystems.BaseEventData eventData, UnityEngine.EventSystems.ExecuteEvents+EventFunction`1[T1] functor) [0x00067] in <76ec1fc119664eb3af8df7d79290060a>:0 
UnityEngine.DebugLogHandler:Internal_LogException(Exception, Object)
UnityEngine.DebugLogHandler:LogException(Exception, Object)
Class412:LogException(Exception, Object)
UnityEngine.Logger:LogException(Exception, Object)
UnityEngine.Debug:LogException(Exception)
UnityEngine.EventSystems.ExecuteEvents:Execute(GameObject, BaseEventData, EventFunction`1)
UnityEngine.EventSystems.StandaloneInputModule:ReleaseMouse(PointerEventData, GameObject)
UnityEngine.EventSystems.StandaloneInputModule:ProcessMousePress(MouseButtonEventData)
UnityEngine.EventSystems.StandaloneInputModule:ProcessMouseEvent(Int32)
UnityEngine.EventSystems.StandaloneInputModule:ProcessMouseEvent()
UnityEngine.EventSystems.StandaloneInputModule:Process()
UnityEngine.EventSystems.EventSystem:Update()

[Info   :RequestHandler] [REQUEST]: /client/ragfair/offerfees
[Info   :RequestHandler] [REQUEST SUCCESSFUL] /client/ragfair/offerfees
[Debug  :ModulePatch] Item 'Surv12野战手术包' weight adjusted: 1.2 -> 0.8222223 (empty: 0.35, usage: 0.5555556)
[Debug  :ModulePatch] Item 'Surv12野战手术包' weight adjusted: 1.2 -> 0.8222223 (empty: 0.35, usage: 0.5555556)
[Debug  :ModulePatch] Item 'Surv12野战手术包' weight adjusted: 1.2 -> 0.8222223 (empty: 0.35, usage: 0.5555556)
[Debug  :ModulePatch] Item 'Surv12野战手术包' weight adjusted: 1.2 -> 0.8222223 (empty: 0.35, usage: 0.5555556)
[Debug  :ModulePatch] Item 'Surv12野战手术包' weight adjusted: 1.2 -> 0.8222223 (empty: 0.35, usage: 0.5555556)
[Debug  :ModulePatch] Item 'Surv12野战手术包' weight adjusted: 1.2 -> 0.8222223 (empty: 0.35, usage: 0.5555556)
[Debug  :ModulePatch] Item 'Surv12野战手术包' weight adjusted: 1.2 -> 0.8222223 (empty: 0.35, usage: 0.5555556)
[Debug  :ModulePatch] Item 'Surv12野战手术包' weight adjusted: 1.2 -> 0.8222223 (empty: 0.35, usage: 0.5555556)
[Debug  :ModulePatch] Item 'Surv12野战手术包' weight adjusted: 1.2 -> 0.8222223 (empty: 0.35, usage: 0.5555556)
[Debug  :ModulePatch] Item 'Surv12野战手术包' weight adjusted: 1.2 -> 0.8222223 (empty: 0.35, usage: 0.5555556)
[Debug  :ModulePatch] Item 'Surv12野战手术包' weight adjusted: 1.2 -> 0.8222223 (empty: 0.35, usage: 0.5555556)
[Debug  :ModulePatch] Item 'Surv12野战手术包' weight adjusted: 1.2 -> 0.8222223 (empty: 0.35, usage: 0.5555556)
[Debug  :ModulePatch] Item 'Surv12野战手术包' weight adjusted: 1.2 -> 0.8222223 (empty: 0.35, usage: 0.5555556)
[Debug  :ModulePatch] Item 'Surv12野战手术包' weight adjusted: 1.2 -> 0.8222223 (empty: 0.35, usage: 0.5555556)
[Info   :RequestHandler] [REQUEST]: /singleplayer/settings/raid/menu
[Info   :RequestHandler] [REQUEST SUCCESSFUL] /singleplayer/settings/raid/menu
[Info   :NetManagerUtils] FikaPingingClient has started!
[Info   :Fika.PingingClient] HostResponse Data: IPs: 10.26.0.111; 10.26.0.14; 10.120.85.241, Guid: 3499f00d-1bc6-4cdf-9410-46c3a6273c08, Port: 25565, NatPunch: False, UseFikaNatPunchServer: False, IsHeadless: False
[Info   : Fika.Core] [JoinMatch]: Attempting to connect to host session...
[Info   :Fika.PingingClient] Stopped pinging 10.26.0.14:25565
[Info   :Fika.PingingClient] Received candidate: 10.26.0.14:25565
[Info   :Fika.PingingClient] Picked candidate 10.26.0.14:25565, using LocalPort: 50736
[Info   :Fika.PingingClient] Stopped FikaPingingClient
[Debug  :ModulePatch] TarkovApplication_LocalGamePreparer_Patch:Prefix
[Info   :NetManagerUtils] FikaClient has created!
[Info   :NetManagerUtils] Creating CoopHandler...
ParseException: Undefined packet in NetDataReader: 16530
  at Fika.Core.Networking.LiteNetLib.Utils.NetPacketProcessor.GetCallbackFromData (Fika.Core.Networking.LiteNetLib.Utils.NetDataReader reader) [0x0002c] in <584e5e373a4147c194040eda2372a621>:0 
  at Fika.Core.Networking.LiteNetLib.Utils.NetPacketProcessor.ReadPacket (Fika.Core.Networking.LiteNetLib.Utils.NetDataReader reader, System.Object userData) [0x00000] in <584e5e373a4147c194040eda2372a621>:0 
  at Fika.Core.Networking.LiteNetLib.Utils.NetPacketProcessor.ReadAllPackets (Fika.Core.Networking.LiteNetLib.Utils.NetDataReader reader, System.Object userData) [0x00002] in <584e5e373a4147c194040eda2372a621>:0 
  at Fika.Core.Networking.FikaClient.OnNetworkReceive (Fika.Core.Networking.LiteNetLib.NetPeer peer, Fika.Core.Networking.LiteNetLib.NetPacketReader reader, System.Byte channelNumber, Fika.Core.Networking.LiteNetLib.DeliveryMethod deliveryMethod) [0x00020] in <584e5e373a4147c194040eda2372a621>:0 
  at Fika.Core.Networking.LiteNetLib.NetManager.ProcessEvent (Fika.Core.Networking.LiteNetLib.NetEvent evt) [0x000a9] in <584e5e373a4147c194040eda2372a621>:0 
  at LiteNetLib.LiteNetManager.PollEvents () [0x00086] in <584e5e373a4147c194040eda2372a621>:0 
  at Fika.Core.Networking.FikaClient.Update () [0x0000a] in <584e5e373a4147c194040eda2372a621>:0 
UnityEngine.DebugLogHandler:Internal_LogException(Exception, Object)
UnityEngine.DebugLogHandler:LogException(Exception, Object)
Class412:LogException(Exception, Object)
UnityEngine.Logger:LogException(Exception, Object)
UnityEngine.Debug:CallOverridenDebugHandler(Exception, Object)

[Info   :Fika.Client] Received settings from server. SendRate: 20, NetId: 3, AllowVOIP: False
[Info   :ModulePatch] Disabling server scenes
The referenced script (EFT.SinglePlayerApplication) on this Behaviour is missing!
The referenced script on this Behaviour (Game Object '--- Application ---') is missing!
A scripted object (probably EFT.SinglePlayerApplication?) has a different serialization layout when loading. (Read 32 bytes but expected 148 bytes)
Did you #ifdef UNITY_EDITOR a section of your serialized properties in any of your scripts?
Unloading 82 Unused Serialized files (Serialized files now loaded: 1683)
UnloadTime: 32.040100 ms
Unloading 13132 unused Assets to reduce memory usage. Loaded Objects now: 1137094.
Total: 1098.441900 ms (FindLiveObjects: 219.094700 ms CreateObjectMapping: 37.307900 ms MarkObjects: 646.196500 ms  DeleteObjects: 195.841800 ms)

The referenced script on this Behaviour (Game Object 'model_LOD0') is missing!
The referenced script on this Behaviour (Game Object 'camomile01_LOD0') is missing!
WheelCollider requires an attached Rigidbody to function.
WheelCollider requires an attached Rigidbody to function.
WheelCollider requires an attached Rigidbody to function.
WheelCollider requires an attached Rigidbody to function.
[PhysX] Initialized MultithreadedTaskDispatcher with 16 workers.
[PhysX] Initialized MultithreadedTaskDispatcher with 16 workers.
Graphics.CopyTexture called with region not fitting in destination element: trying to copy to region (x:0, y:0, width:512, height:512) of mip 0 (size: 128x128) 
[Info   :RequestHandler] [REQUEST]: /singleplayer/settings/getRaidTime
[Info   :RequestHandler] [REQUEST SUCCESSFUL] /singleplayer/settings/getRaidTime
[Info   :ModulePatch] Received CustomRaidSettings: UseCustomWeather: False, DisableOverload: False, DisableLegStamina: False, DisableArmStamina: False
[Info   :ClientGameController] Waiting for host to init
[Info   :  CoopGame] Creating CoopHandler
[Info   :  CoopGame] Initializing Exfils: Id TarkovStreets, Exits: 12, SecretExits: 1
[Info   :  CoopGame] Location: Streets of Tarkov
[Info   :ClientGameController] Loading BTR data...
[Info   : Fika.Core] [HandleResponse]: Received spawn position from host: (232.64, 3.49, 409.53), rotation: (0.00, 1.00, 0.00, 0.09)
[Info   :ClientGameController] Retrieved infiltration point 'E1_2' from server
[Info   : Fika.Core] [HandleResponse]: Received 11 exfils from the server
[Info   : Fika.Core] [Create]: Using strict inventory sync
[Info   :NetManagerUtils] Setting up game variables...
[Info   :  CoopGame] Adding debug component...
[Info   :  CoopGame] Local player created
[Info   :ClientGameController] Starting task to wait for host to start the raid.
The referenced script (Unknown) on this Behaviour is missing!
The referenced script (Unknown) on this Behaviour is missing!
The referenced script (Unknown) on this Behaviour is missing!
The referenced script (Unknown) on this Behaviour is missing!
The referenced script (Unknown) on this Behaviour is missing!
The referenced script (Unknown) on this Behaviour is missing!
The referenced script (Unknown) on this Behaviour is missing!
The referenced script (Unknown) on this Behaviour is missing!
The referenced script (Unknown) on this Behaviour is missing!
The referenced script (Unknown) on this Behaviour is missing!
[Info   :ClientGameController] Generating and initializing weather...
[Info   :ClientGameController] Setting Season to: Spring
[Debug  :ModulePatch] Item '0.6升瓶装水' weight adjusted: 0.65 -> 0.5758458 (empty: 0.05, usage: 0.8764096)
[Debug  :ModulePatch] Item 'Grizzly急救包' weight adjusted: 1.6 -> 1.5025 (empty: 0.3, usage: 0.925)
[Debug  :ModulePatch] Item 'Surv12野战手术包' weight adjusted: 1.2 -> 0.9166667 (empty: 0.35, usage: 0.6666667)
[Debug  :ModulePatch] Item '铝固定夹板' weight adjusted: 0.22 -> 0.176 (empty: 0, usage: 0.8)
[Info   :ClientGameController] All players are loaded, continuing...
[Info   :ClientGameController] MatchingType: Client, Raid Code: N6HVW8
[Info   :ClientGameController] Waiting for host init
[Info   :ClientGameController] Received date from server, was [07/31/2026 15:37:25] - new [07/31/2026 14:46:59]
[Info   :ClientGameController] Host init complete
The referenced script (Unknown) on this Behaviour is missing!
The referenced script (Unknown) on this Behaviour is missing!
The referenced script (Unknown) on this Behaviour is missing!
The referenced script (Unknown) on this Behaviour is missing!
The referenced script (Unknown) on this Behaviour is missing!
The referenced script (Unknown) on this Behaviour is missing!
[Debug  :ModulePatch] Item '苹果汁' weight adjusted: 1 -> 0.7601735 (empty: 0.03, usage: 0.7527562)
[Debug  :ModulePatch] Item '一包糖' weight adjusted: 0.5 -> 0.3992531 (empty: 0.02, usage: 0.7901106)
[Info   :Fika.Client] Received sync event: 0
[Info   : Fika.Core] [OnInitEvent]: Received TransitInitEvent from server with 3 points
[Info   :Fika.Client] Received sync event: 1
[Info   :Fika.Client] Received sync event: 0
[Info   : Fika.Core] [OnInitEvent]: Received TransitInitEvent from server with 3 points
[Info   :Fika.Client] Received sync event: 1
[Info   :Fika.Client] Received sync event: 0
[Info   : Fika.Core] [OnInitEvent]: Received TransitInitEvent from server with 3 points
Coroutine couldn't be started because the the game object 'TimerPanel' is inactive!
[Info   :Fika.Client] Received sync event: 1
Coroutine couldn't be started because the the game object 'TimerPanel' is inactive!
[Info   :ClientGameController] [CLIENT] SpawnPosition: (232.64, 3.49, 409.53), InfiltrationPoint: E1_2
[Debug  :ModulePatch] Item '苹果汁' weight adjusted: 1 -> 0.7601735 (empty: 0.03, usage: 0.7527562)
[Debug  :ModulePatch] Item '0.6升瓶装水' weight adjusted: 0.65 -> 0.5758458 (empty: 0.05, usage: 0.8764096)
[Debug  :ModulePatch] Item 'Grizzly急救包' weight adjusted: 1.6 -> 1.5025 (empty: 0.3, usage: 0.925)
[Debug  :ModulePatch] Item 'Surv12野战手术包' weight adjusted: 1.2 -> 0.9166667 (empty: 0.35, usage: 0.6666667)
[Debug  :ModulePatch] Item '铝固定夹板' weight adjusted: 0.22 -> 0.176 (empty: 0, usage: 0.8)
[Debug  :ModulePatch] Item 'Grizzly急救包' weight adjusted: 1.6 -> 1.5025 (empty: 0.3, usage: 0.925)
[Debug  :ModulePatch] Item 'Surv12野战手术包' weight adjusted: 1.2 -> 0.9166667 (empty: 0.35, usage: 0.6666667)
[Debug  :ModulePatch] Item '铝固定夹板' weight adjusted: 0.22 -> 0.176 (empty: 0, usage: 0.8)
[Debug  :ModulePatch] Item '0.6升瓶装水' weight adjusted: 0.65 -> 0.5758458 (empty: 0.05, usage: 0.8764096)
[Debug  :ModulePatch] Item 'Grizzly急救包' weight adjusted: 1.6 -> 1.5025 (empty: 0.3, usage: 0.925)
[Debug  :ModulePatch] Item 'Surv12野战手术包' weight adjusted: 1.2 -> 0.9166667 (empty: 0.35, usage: 0.6666667)
[Debug  :ModulePatch] Item '铝固定夹板' weight adjusted: 0.22 -> 0.176 (empty: 0, usage: 0.8)
[Debug  :ModulePatch] Item '0.6升瓶装水' weight adjusted: 0.65 -> 0.5758458 (empty: 0.05, usage: 0.8764096)
[Debug  :ModulePatch] Item 'Surv12野战手术包' weight adjusted: 1.2 -> 0.8222223 (empty: 0.35, usage: 0.5555556)
[Debug  :ModulePatch] Item 'Surv12野战手术包' weight adjusted: 1.2 -> 0.8222223 (empty: 0.35, usage: 0.5555556)
[Debug  :ModulePatch] Item 'Surv12野战手术包' weight adjusted: 1.2 -> 0.8222223 (empty: 0.35, usage: 0.5555556)
[Debug  :ModulePatch] Item 'Surv12野战手术包' weight adjusted: 1.2 -> 0.8222223 (empty: 0.35, usage: 0.5555556)
[Debug  :ModulePatch] Item 'Grizzly急救包' weight adjusted: 1.6 -> 1.5025 (empty: 0.3, usage: 0.925)
[Debug  :ModulePatch] Item 'Surv12野战手术包' weight adjusted: 1.2 -> 0.9166667 (empty: 0.35, usage: 0.6666667)
[Debug  :ModulePatch] Item '铝固定夹板' weight adjusted: 0.22 -> 0.176 (empty: 0, usage: 0.8)
[Debug  :ModulePatch] Item '0.6升瓶装水' weight adjusted: 0.65 -> 0.5758458 (empty: 0.05, usage: 0.8764096)
[Debug  :ModulePatch] Item 'Grizzly急救包' weight adjusted: 1.6 -> 1.5025 (empty: 0.3, usage: 0.925)
[Debug  :ModulePatch] Item 'Surv12野战手术包' weight adjusted: 1.2 -> 0.9166667 (empty: 0.35, usage: 0.6666667)
[Debug  :ModulePatch] Item '铝固定夹板' weight adjusted: 0.22 -> 0.176 (empty: 0, usage: 0.8)
[Debug  :ModulePatch] Item '0.6升瓶装水' weight adjusted: 0.65 -> 0.5758458 (empty: 0.05, usage: 0.8764096)
[Debug  :ModulePatch] Item '苹果汁' weight adjusted: 1 -> 0.7601735 (empty: 0.03, usage: 0.7527562)
[Debug  :ModulePatch] Item 'Surv12野战手术包' weight adjusted: 1.2 -> 0.8222223 (empty: 0.35, usage: 0.5555556)
[Debug  :ModulePatch] Item 'Grizzly急救包' weight adjusted: 1.6 -> 1.5025 (empty: 0.3, usage: 0.925)
[Debug  :ModulePatch] Item 'Surv12野战手术包' weight adjusted: 1.2 -> 0.9166667 (empty: 0.35, usage: 0.6666667)
[Debug  :ModulePatch] Item '铝固定夹板' weight adjusted: 0.22 -> 0.176 (empty: 0, usage: 0.8)
[Debug  :ModulePatch] Item '0.6升瓶装水' weight adjusted: 0.65 -> 0.5758458 (empty: 0.05, usage: 0.8764096)
[Debug  :ModulePatch] Item 'Grizzly急救包' weight adjusted: 1.6 -> 1.5025 (empty: 0.3, usage: 0.925)
[Debug  :ModulePatch] Item 'Surv12野战手术包' weight adjusted: 1.2 -> 0.9166667 (empty: 0.35, usage: 0.6666667)
[Debug  :ModulePatch] Item '铝固定夹板' weight adjusted: 0.22 -> 0.176 (empty: 0, usage: 0.8)
[Debug  :ModulePatch] Item '0.6升瓶装水' weight adjusted: 0.65 -> 0.5758458 (empty: 0.05, usage: 0.8764096)
[Error  :Fika.Client] HandleInventoryPacket::Unable to process descriptor from netId 14, error: You're trying to transfer 4 when you can only transfer 2
[Error  :Fika.Client] HandleInventoryPacket::Unable to process descriptor from netId 7, error: Could not find item with id: 6a6b55f95b9264960c004d6f
[Debug  :ModulePatch] Item 'Grizzly急救包' weight adjusted: 1.6 -> 1.5025 (empty: 0.3, usage: 0.925)
[Debug  :ModulePatch] Item 'Surv12野战手术包' weight adjusted: 1.2 -> 0.9166667 (empty: 0.35, usage: 0.6666667)
[Debug  :ModulePatch] Item '铝固定夹板' weight adjusted: 0.22 -> 0.176 (empty: 0, usage: 0.8)
[Debug  :ModulePatch] Item '0.6升瓶装水' weight adjusted: 0.65 -> 0.5758458 (empty: 0.05, usage: 0.8764096)
[Debug  :ModulePatch] Item '苹果汁' weight adjusted: 1 -> 0.7601735 (empty: 0.03, usage: 0.7527562)
[Debug  :ModulePatch] Item 'Grizzly急救包' weight adjusted: 1.6 -> 1.5025 (empty: 0.3, usage: 0.925)
[Debug  :ModulePatch] Item 'Surv12野战手术包' weight adjusted: 1.2 -> 0.9166667 (empty: 0.35, usage: 0.6666667)
[Debug  :ModulePatch] Item '铝固定夹板' weight adjusted: 0.22 -> 0.176 (empty: 0, usage: 0.8)
[Debug  :ModulePatch] Item '0.6升瓶装水' weight adjusted: 0.65 -> 0.5758458 (empty: 0.05, usage: 0.8764096)
[Debug  :ModulePatch] Item '苹果汁' weight adjusted: 1 -> 0.7601735 (empty: 0.03, usage: 0.7527562)
[Debug  :ModulePatch] Item 'Grizzly急救包' weight adjusted: 1.6 -> 1.5025 (empty: 0.3, usage: 0.925)
[Debug  :ModulePatch] Item 'Surv12野战手术包' weight adjusted: 1.2 -> 0.9166667 (empty: 0.35, usage: 0.6666667)
[Debug  :ModulePatch] Item '铝固定夹板' weight adjusted: 0.22 -> 0.176 (empty: 0, usage: 0.8)
[Debug  :ModulePatch] Item '0.6升瓶装水' weight adjusted: 0.65 -> 0.5758458 (empty: 0.05, usage: 0.8764096)
[Error  : Fika.Core] [GetKeyHandler]: WorldInteractionPacket: Could not find item: 6a6b56e160f751fc9b000000
InvalidCastException: Specified cast is not valid.
  at EFT.Interactive.Door.Interact (EFT.Interactive.InteractionResult interactionResult) [0x00035] in <ad47400a25db462cbf0a531df654c3c3>:0 
  at EFT.MovementState.ExecuteDoorInteraction (EFT.Interactive.WorldInteractiveObject interactive, EFT.Interactive.InteractionResult interactionResult, System.Action callback, EFT.Player user) [0x0004b] in <ad47400a25db462cbf0a531df654c3c3>:0 
  at Fika.Core.Main.Players.ObservedPlayer.vmethod_1 (EFT.Interactive.WorldInteractiveObject door, EFT.Interactive.InteractionResult interactionResult) [0x0000f] in <584e5e373a4147c194040eda2372a621>:0 
  at Fika.Core.Networking.Packets.Player.Common.SubPackets.WorldInteractionPacket.Execute (Fika.Core.Main.Players.FikaPlayer player) [0x00123] in <584e5e373a4147c194040eda2372a621>:0 
  at Fika.Core.Networking.Packets.Player.Common.CommonPlayerPacket.Execute (Fika.Core.Main.Players.FikaPlayer player) [0x00000] in <584e5e373a4147c194040eda2372a621>:0 
  at Fika.Core.Networking.FikaClient.OnCommonPlayerPacketReceived (Fika.Core.Networking.Packets.Player.Common.CommonPlayerPacket packet) [0x0001a] in <584e5e373a4147c194040eda2372a621>:0 
  at Fika.Core.Networking.LiteNetLib.Utils.NetPacketProcessor+<>c__DisplayClass26_0`1[T].<SubscribeNetReusable>b__0 (Fika.Core.Networking.LiteNetLib.Utils.NetDataReader reader, System.Object userData) [0x00011] in <584e5e373a4147c194040eda2372a621>:0 
  at Fika.Core.Networking.LiteNetLib.Utils.NetPacketProcessor.ReadPacket (Fika.Core.Networking.LiteNetLib.Utils.NetDataReader reader, System.Object userData) [0x00007] in <584e5e373a4147c194040eda2372a621>:0 
  at Fika.Core.Networking.LiteNetLib.Utils.NetPacketProcessor.ReadAllPackets (Fika.Core.Networking.LiteNetLib.Utils.NetDataReader reader, System.Object userData) [0x00002] in <584e5e373a4147c194040eda2372a621>:0 
  at Fika.Core.Networking.FikaClient.OnNetworkReceive (Fika.Core.Networking.LiteNetLib.NetPeer peer, Fika.Core.Networking.LiteNetLib.NetPacketReader reader, System.Byte channelNumber, Fika.Core.Networking.LiteNetLib.DeliveryMethod deliveryMethod) [0x00020] in <584e5e373a4147c194040eda2372a621>:0 
  at Fika.Core.Networking.LiteNetLib.NetManager.ProcessEvent (Fika.Core.Networking.LiteNetLib.NetEvent evt) [0x000a9] in <584e5e373a4147c194040eda2372a621>:0 
  at LiteNetLib.LiteNetManager.PollEvents () [0x00086] in <584e5e373a4147c194040eda2372a621>:0 
  at Fika.Core.Networking.FikaClient.Update () [0x0000a] in <584e5e373a4147c194040eda2372a621>:0 
UnityEngine.DebugLogHandler:Internal_LogException(Exception, Object)
UnityEngine.DebugLogHandler:LogException(Exception, Object)
Class412:LogException(Exception, Object)
UnityEngine.Logger:LogException(Exception, Object)
UnityEngine.Debug:CallOverridenDebugHandler(Exception, Object)

InvalidCastException: Specified cast is not valid.
  at EFT.Interactive.Door.Interact (EFT.Interactive.InteractionResult interactionResult) [0x00035] in <ad47400a25db462cbf0a531df654c3c3>:0 
  at EFT.MovementState.ExecuteDoorInteraction (EFT.Interactive.WorldInteractiveObject interactive, EFT.Interactive.InteractionResult interactionResult, System.Action callback, EFT.Player user) [0x0004b] in <ad47400a25db462cbf0a531df654c3c3>:0 
  at Fika.Core.Main.Players.ObservedPlayer.vmethod_1 (EFT.Interactive.WorldInteractiveObject door, EFT.Interactive.InteractionResult interactionResult) [0x0000f] in <584e5e373a4147c194040eda2372a621>:0 
  at Fika.Core.Networking.Packets.Player.Common.SubPackets.WorldInteractionPacket.Execute (Fika.Core.Main.Players.FikaPlayer player) [0x00123] in <584e5e373a4147c194040eda2372a621>:0 
  at Fika.Core.Networking.Packets.Player.Common.CommonPlayerPacket.Execute (Fika.Core.Main.Players.FikaPlayer player) [0x00000] in <584e5e373a4147c194040eda2372a621>:0 
  at Fika.Core.Networking.FikaClient.OnCommonPlayerPacketReceived (Fika.Core.Networking.Packets.Player.Common.CommonPlayerPacket packet) [0x0001a] in <584e5e373a4147c194040eda2372a621>:0 
  at Fika.Core.Networking.LiteNetLib.Utils.NetPacketProcessor+<>c__DisplayClass26_0`1[T].<SubscribeNetReusable>b__0 (Fika.Core.Networking.LiteNetLib.Utils.NetDataReader reader, System.Object userData) [0x00011] in <584e5e373a4147c194040eda2372a621>:0 
  at Fika.Core.Networking.LiteNetLib.Utils.NetPacketProcessor.ReadPacket (Fika.Core.Networking.LiteNetLib.Utils.NetDataReader reader, System.Object userData) [0x00007] in <584e5e373a4147c194040eda2372a621>:0 
  at Fika.Core.Networking.LiteNetLib.Utils.NetPacketProcessor.ReadAllPackets (Fika.Core.Networking.LiteNetLib.Utils.NetDataReader reader, System.Object userData) [0x00002] in <584e5e373a4147c194040eda2372a621>:0 
  at Fika.Core.Networking.FikaClient.OnNetworkReceive (Fika.Core.Networking.LiteNetLib.NetPeer peer, Fika.Core.Networking.LiteNetLib.NetPacketReader reader, System.Byte channelNumber, Fika.Core.Networking.LiteNetLib.DeliveryMethod deliveryMethod) [0x00020] in <584e5e373a4147c194040eda2372a621>:0 
  at Fika.Core.Networking.LiteNetLib.NetManager.ProcessEvent (Fika.Core.Networking.LiteNetLib.NetEvent evt) [0x000a9] in <584e5e373a4147c194040eda2372a621>:0 
  at LiteNetLib.LiteNetManager.PollEvents () [0x00086] in <584e5e373a4147c194040eda2372a621>:0 
  at Fika.Core.Networking.FikaClient.Update () [0x0000a] in <584e5e373a4147c194040eda2372a621>:0 
UnityEngine.DebugLogHandler:Internal_LogException(Exception, Object)
UnityEngine.DebugLogHandler:LogException(Exception, Object)
Class412:LogException(Exception, Object)
UnityEngine.Logger:LogException(Exception, Object)
UnityEngine.Debug:CallOverridenDebugHandler(Exception, Object)

[Debug  :ModulePatch] Item '0.6升瓶装水' weight adjusted: 0.65 -> 0.5758458 (empty: 0.05, usage: 0.8764096)
[Debug  :ModulePatch] Item 'Grizzly急救包' weight adjusted: 1.6 -> 1.5025 (empty: 0.3, usage: 0.925)
[Debug  :ModulePatch] Item 'Surv12野战手术包' weight adjusted: 1.2 -> 0.9166667 (empty: 0.35, usage: 0.6666667)
[Debug  :ModulePatch] Item '铝固定夹板' weight adjusted: 0.22 -> 0.176 (empty: 0, usage: 0.8)
[Debug  :ModulePatch] Item '0.6升瓶装水' weight adjusted: 0.65 -> 0.5758458 (empty: 0.05, usage: 0.8764096)
[Debug  :ModulePatch] Item 'Grizzly急救包' weight adjusted: 1.6 -> 1.5025 (empty: 0.3, usage: 0.925)
[Debug  :ModulePatch] Item 'Surv12野战手术包' weight adjusted: 1.2 -> 0.9166667 (empty: 0.35, usage: 0.6666667)
[Debug  :ModulePatch] Item '铝固定夹板' weight adjusted: 0.22 -> 0.176 (empty: 0, usage: 0.8)
[Debug  :ModulePatch] Item 'Surv12野战手术包' weight adjusted: 1.2 -> 0.8222223 (empty: 0.35, usage: 0.5555556)
[Debug  :ModulePatch] Item 'Surv12野战手术包' weight adjusted: 1.2 -> 0.8222223 (empty: 0.35, usage: 0.5555556)
[Debug  :ModulePatch] Item 'Surv12野战手术包' weight adjusted: 1.2 -> 0.8222223 (empty: 0.35, usage: 0.5555556)
[Debug  :ModulePatch] Item 'Surv12野战手术包' weight adjusted: 1.2 -> 0.8222223 (empty: 0.35, usage: 0.5555556)
[Debug  :ModulePatch] Item 'Surv12野战手术包' weight adjusted: 1.2 -> 0.8222223 (empty: 0.35, usage: 0.5555556)
[Debug  :ModulePatch] Item 'Surv12野战手术包' weight adjusted: 1.2 -> 0.8222223 (empty: 0.35, usage: 0.5555556)
[Debug  :ModulePatch] Item 'Surv12野战手术包' weight adjusted: 1.2 -> 0.8222223 (empty: 0.35, usage: 0.5555556)
[Debug  :ModulePatch] Item 'Surv12野战手术包' weight adjusted: 1.2 -> 0.8222223 (empty: 0.35, usage: 0.5555556)
[Debug  :ModulePatch] Item 'Surv12野战手术包' weight adjusted: 1.2 -> 0.8222223 (empty: 0.35, usage: 0.5555556)
[Debug  :ModulePatch] Item 'Surv12野战手术包' weight adjusted: 1.2 -> 0.8222223 (empty: 0.35, usage: 0.5555556)
[Debug  :ModulePatch] Item '0.6升瓶装水' weight adjusted: 0.65 -> 0.5758458 (empty: 0.05, usage: 0.8764096)
[Debug  :ModulePatch] Item 'Grizzly急救包' weight adjusted: 1.6 -> 1.5025 (empty: 0.3, usage: 0.925)
[Debug  :ModulePatch] Item 'Surv12野战手术包' weight adjusted: 1.2 -> 0.9166667 (empty: 0.35, usage: 0.6666667)
[Debug  :ModulePatch] Item '铝固定夹板' weight adjusted: 0.22 -> 0.176 (empty: 0, usage: 0.8)
[Debug  :ModulePatch] Item '0.6升瓶装水' weight adjusted: 0.65 -> 0.5758458 (empty: 0.05, usage: 0.8764096)
[Debug  :ModulePatch] Item 'Grizzly急救包' weight adjusted: 1.6 -> 1.5025 (empty: 0.3, usage: 0.925)
[Debug  :ModulePatch] Item 'Surv12野战手术包' weight adjusted: 1.2 -> 0.9166667 (empty: 0.35, usage: 0.6666667)
[Debug  :ModulePatch] Item '铝固定夹板' weight adjusted: 0.22 -> 0.176 (empty: 0, usage: 0.8)
[Debug  :ModulePatch] Item '0.6升瓶装水' weight adjusted: 0.65 -> 0.5758458 (empty: 0.05, usage: 0.8764096)
[Debug  :ModulePatch] Item 'Grizzly急救包' weight adjusted: 1.6 -> 1.5025 (empty: 0.3, usage: 0.925)
[Debug  :ModulePatch] Item 'Surv12野战手术包' weight adjusted: 1.2 -> 0.9166667 (empty: 0.35, usage: 0.6666667)
[Debug  :ModulePatch] Item '铝固定夹板' weight adjusted: 0.22 -> 0.176 (empty: 0, usage: 0.8)
[Debug  :ModulePatch] Item '0.6升瓶装水' weight adjusted: 0.65 -> 0.5758458 (empty: 0.05, usage: 0.8764096)
[Debug  :ModulePatch] Item 'Grizzly急救包' weight adjusted: 1.6 -> 1.5025 (empty: 0.3, usage: 0.925)
[Debug  :ModulePatch] Item 'Surv12野战手术包' weight adjusted: 1.2 -> 0.9166667 (empty: 0.35, usage: 0.6666667)
[Debug  :ModulePatch] Item '铝固定夹板' weight adjusted: 0.22 -> 0.176 (empty: 0, usage: 0.8)
[Debug  :ModulePatch] Item '0.6升瓶装水' weight adjusted: 0.65 -> 0.5758458 (empty: 0.05, usage: 0.8764096)
[Debug  :ModulePatch] Item 'Grizzly急救包' weight adjusted: 1.6 -> 1.5025 (empty: 0.3, usage: 0.925)
[Debug  :ModulePatch] Item 'Surv12野战手术包' weight adjusted: 1.2 -> 0.9166667 (empty: 0.35, usage: 0.6666667)
[Debug  :ModulePatch] Item '铝固定夹板' weight adjusted: 0.22 -> 0.176 (empty: 0, usage: 0.8)
[Info   : Fika.Core] [Execute]: Received BTR spawn event from server
[Debug  :ModulePatch] Item '0.6升瓶装水' weight adjusted: 0.65 -> 0.5758458 (empty: 0.05, usage: 0.8764096)
[Debug  :ModulePatch] Item 'Grizzly急救包' weight adjusted: 1.6 -> 1.5025 (empty: 0.3, usage: 0.925)
[Debug  :ModulePatch] Item 'Surv12野战手术包' weight adjusted: 1.2 -> 0.9166667 (empty: 0.35, usage: 0.6666667)
[Debug  :ModulePatch] Item '铝固定夹板' weight adjusted: 0.22 -> 0.176 (empty: 0, usage: 0.8)
[Debug  :ModulePatch] Item 'AFAK单兵战术急救包' weight adjusted: 0.8 -> 0.5494982 (empty: 0.2, usage: 0.5824969)
[Debug  :ModulePatch] Item 'Surv12野战手术包' weight adjusted: 1.2 -> 0.8222223 (empty: 0.35, usage: 0.5555556)
[Debug  :ModulePatch] Item 'Surv12野战手术包' weight adjusted: 1.2 -> 0.8222223 (empty: 0.35, usage: 0.5555556)
[Debug  :ModulePatch] Item 'Surv12野战手术包' weight adjusted: 1.2 -> 0.8222223 (empty: 0.35, usage: 0.5555556)
[Debug  :ModulePatch] Item 'Surv12野战手术包' weight adjusted: 1.2 -> 0.8222223 (empty: 0.35, usage: 0.5555556)
[Debug  :ModulePatch] Item 'Surv12野战手术包' weight adjusted: 1.2 -> 0.8222223 (empty: 0.35, usage: 0.5555556)
[Debug  :ModulePatch] Item 'Surv12野战手术包' weight adjusted: 1.2 -> 0.8222223 (empty: 0.35, usage: 0.5555556)
[Debug  :ModulePatch] Item 'Surv12野战手术包' weight adjusted: 1.2 -> 0.8222223 (empty: 0.35, usage: 0.5555556)
[Debug  :ModulePatch] Item 'Surv12野战手术包' weight adjusted: 1.2 -> 0.8222223 (empty: 0.35, usage: 0.5555556)
[Debug  :ModulePatch] Item 'Surv12野战手术包' weight adjusted: 1.2 -> 0.8222223 (empty: 0.35, usage: 0.5555556)
[Debug  :ModulePatch] Item 'Surv12野战手术包' weight adjusted: 1.2 -> 0.8222223 (empty: 0.35, usage: 0.5555556)
[Debug  :ModulePatch] Item 'Surv12野战手术包' weight adjusted: 1.2 -> 0.8222223 (empty: 0.35, usage: 0.5555556)
[Debug  :ModulePatch] Item 'Surv12野战手术包' weight adjusted: 1.2 -> 0.8222223 (empty: 0.35, usage: 0.5555556)
[Debug  :ModulePatch] Item 'Surv12野战手术包' weight adjusted: 1.2 -> 0.8222223 (empty: 0.35, usage: 0.5555556)
[Debug  :ModulePatch] Item 'Surv12野战手术包' weight adjusted: 1.2 -> 0.8222223 (empty: 0.35, usage: 0.5555556)
[Debug  :ModulePatch] Item 'Surv12野战手术包' weight adjusted: 1.2 -> 0.8222223 (empty: 0.35, usage: 0.5555556)
[Debug  :ModulePatch] Item 'Surv12野战手术包' weight adjusted: 1.2 -> 0.8222223 (empty: 0.35, usage: 0.5555556)
[Debug  :ModulePatch] Item 'Surv12野战手术包' weight adjusted: 1.2 -> 0.8222223 (empty: 0.35, usage: 0.5555556)
[Debug  :ModulePatch] Item 'Surv12野战手术包' weight adjusted: 1.2 -> 0.8222223 (empty: 0.35, usage: 0.5555556)
[Debug  :ModulePatch] Item 'Surv12野战手术包' weight adjusted: 1.2 -> 0.8222223 (empty: 0.35, usage: 0.5555556)
[Debug  :ModulePatch] Item 'Surv12野战手术包' weight adjusted: 1.2 -> 0.8222223 (empty: 0.35, usage: 0.5555556)
[Debug  :ModulePatch] Item 'Surv12野战手术包' weight adjusted: 1.2 -> 0.8222223 (empty: 0.35, usage: 0.5555556)
[Debug  :ModulePatch] Item 'Surv12野战手术包' weight adjusted: 1.2 -> 0.8222223 (empty: 0.35, usage: 0.5555556)
[Debug  :ModulePatch] Item 'Surv12野战手术包' weight adjusted: 1.2 -> 0.8222223 (empty: 0.35, usage: 0.5555556)
[Debug  :ModulePatch] Item '0.6升瓶装水' weight adjusted: 0.65 -> 0.5758458 (empty: 0.05, usage: 0.8764096)
[Debug  :ModulePatch] Item 'Grizzly急救包' weight adjusted: 1.6 -> 1.5025 (empty: 0.3, usage: 0.925)
[Debug  :ModulePatch] Item 'Surv12野战手术包' weight adjusted: 1.2 -> 0.9166667 (empty: 0.35, usage: 0.6666667)
[Debug  :ModulePatch] Item '铝固定夹板' weight adjusted: 0.22 -> 0.176 (empty: 0, usage: 0.8)
[Debug  :ModulePatch] Item 'Surv12野战手术包' weight adjusted: 1.2 -> 0.8222223 (empty: 0.35, usage: 0.5555556)
[Debug  :ModulePatch] Item 'Surv12野战手术包' weight adjusted: 1.2 -> 0.8222223 (empty: 0.35, usage: 0.5555556)
[Debug  :ModulePatch] Item 'Surv12野战手术包' weight adjusted: 1.2 -> 0.8222223 (empty: 0.35, usage: 0.5555556)
[Debug  :ModulePatch] Item 'Surv12野战手术包' weight adjusted: 1.2 -> 0.8222223 (empty: 0.35, usage: 0.5555556)
[Debug  :ModulePatch] Item 'Surv12野战手术包' weight adjusted: 1.2 -> 0.8222223 (empty: 0.35, usage: 0.5555556)
[Debug  :ModulePatch] Item 'Surv12野战手术包' weight adjusted: 1.2 -> 0.8222223 (empty: 0.35, usage: 0.5555556)
[Debug  :ModulePatch] Item '一包糖' weight adjusted: 0.5 -> 0.3992531 (empty: 0.02, usage: 0.7901106)
[Debug  :ModulePatch] Item 'Surv12野战手术包' weight adjusted: 1.2 -> 0.8222223 (empty: 0.35, usage: 0.5555556)
[Debug  :ModulePatch] Item 'Surv12野战手术包' weight adjusted: 1.2 -> 0.8222223 (empty: 0.35, usage: 0.5555556)
[Debug  :ModulePatch] Item 'Surv12野战手术包' weight adjusted: 1.2 -> 0.8222223 (empty: 0.35, usage: 0.5555556)
[Debug  :ModulePatch] Item 'Surv12野战手术包' weight adjusted: 1.2 -> 0.8222223 (empty: 0.35, usage: 0.5555556)
[Debug  :ModulePatch] Item 'Surv12野战手术包' weight adjusted: 1.2 -> 0.8222223 (empty: 0.35, usage: 0.5555556)
[Debug  :ModulePatch] Item 'Surv12野战手术包' weight adjusted: 1.2 -> 0.8222223 (empty: 0.35, usage: 0.5555556)
[Debug  :ModulePatch] Item 'Surv12野战手术包' weight adjusted: 1.2 -> 0.8222223 (empty: 0.35, usage: 0.5555556)
[Debug  :ModulePatch] Item 'Surv12野战手术包' weight adjusted: 1.2 -> 0.8222223 (empty: 0.35, usage: 0.5555556)
[Debug  :ModulePatch] Item 'Surv12野战手术包' weight adjusted: 1.2 -> 0.8222223 (empty: 0.35, usage: 0.5555556)
[Debug  :ModulePatch] Item 'Surv12野战手术包' weight adjusted: 1.2 -> 0.8222223 (empty: 0.35, usage: 0.5555556)
[Debug  :ModulePatch] Item 'Surv12野战手术包' weight adjusted: 1.2 -> 0.8222223 (empty: 0.35, usage: 0.5555556)
[Debug  :ModulePatch] Item 'Surv12野战手术包' weight adjusted: 1.2 -> 0.8222223 (empty: 0.35, usage: 0.5555556)
[Debug  :ModulePatch] Item 'Surv12野战手术包' weight adjusted: 1.2 -> 0.8222223 (empty: 0.35, usage: 0.5555556)
[Debug  :ModulePatch] Item 'Surv12野战手术包' weight adjusted: 1.2 -> 0.8222223 (empty: 0.35, usage: 0.5555556)
[Debug  :ModulePatch] Item '一包糖' weight adjusted: 0.5 -> 0.3992531 (empty: 0.02, usage: 0.7901106)
[Debug  :ModulePatch] Item 'Surv12野战手术包' weight adjusted: 1.2 -> 0.8222223 (empty: 0.35, usage: 0.5555556)
[Debug  :ModulePatch] Item 'Surv12野战手术包' weight adjusted: 1.2 -> 0.8222223 (empty: 0.35, usage: 0.5555556)
The referenced script (Unknown) on this Behaviour is missing!
[Debug  :ModulePatch] Item '一包糖' weight adjusted: 0.5 -> 0.3992531 (empty: 0.02, usage: 0.7901106)
[Debug  :ModulePatch] Item '0.6升瓶装水' weight adjusted: 0.65 -> 0.5758458 (empty: 0.05, usage: 0.8764096)
[Debug  :ModulePatch] Item 'Grizzly急救包' weight adjusted: 1.6 -> 1.5025 (empty: 0.3, usage: 0.925)
[Debug  :ModulePatch] Item 'Surv12野战手术包' weight adjusted: 1.2 -> 0.8221084 (empty: 0.35, usage: 0.5554216)
[Debug  :ModulePatch] Item '铝固定夹板' weight adjusted: 0.22 -> 0.176 (empty: 0, usage: 0.8)
[Error  : Fika.Core] [RefreshSlotViews]: CRITICAL ERROR DICTIONARY: mod_tactical 67111094d1758189fc0bd223
[Debug  :ModulePatch] Item '一包糖' weight adjusted: 0.5 -> 0.3992531 (empty: 0.02, usage: 0.7901106)
[Debug  :ModulePatch] Item '0.6升瓶装水' weight adjusted: 0.65 -> 0.5758458 (empty: 0.05, usage: 0.8764096)
[Debug  :ModulePatch] Item 'Grizzly急救包' weight adjusted: 1.6 -> 1.5025 (empty: 0.3, usage: 0.925)
[Debug  :ModulePatch] Item 'Surv12野战手术包' weight adjusted: 1.2 -> 0.7269621 (empty: 0.35, usage: 0.4434848)
[Debug  :ModulePatch] Item '铝固定夹板' weight adjusted: 0.22 -> 0.176 (empty: 0, usage: 0.8)
[Debug  :ModulePatch] Item '0.6升瓶装水' weight adjusted: 0.65 -> 0.5758458 (empty: 0.05, usage: 0.8764096)
[Debug  :ModulePatch] Item 'Grizzly急救包' weight adjusted: 1.6 -> 1.5025 (empty: 0.3, usage: 0.925)
[Debug  :ModulePatch] Item 'Surv12野战手术包' weight adjusted: 1.2 -> 0.7269621 (empty: 0.35, usage: 0.4434848)
[Debug  :ModulePatch] Item '金星软膏' weight adjusted: 0.016 -> 0.01438618 (empty: 0.008, usage: 0.7982727)
[Debug  :ModulePatch] Item '铝固定夹板' weight adjusted: 0.22 -> 0.176 (empty: 0, usage: 0.8)
[Debug  :ModulePatch] Item '一包糖' weight adjusted: 0.5 -> 0.3992531 (empty: 0.02, usage: 0.7901106)
[Debug  :ModulePatch] Item '一包糖' weight adjusted: 0.5 -> 0.3992531 (empty: 0.02, usage: 0.7901106)
[Debug  :ModulePatch] Item '一包糖' weight adjusted: 0.5 -> 0.3992531 (empty: 0.02, usage: 0.7901106)
[Debug  :ModulePatch] Item '0.6升瓶装水' weight adjusted: 0.65 -> 0.5758458 (empty: 0.05, usage: 0.8764096)
[Debug  :ModulePatch] Item 'Grizzly急救包' weight adjusted: 1.6 -> 1.5025 (empty: 0.3, usage: 0.925)
[Debug  :ModulePatch] Item 'Surv12野战手术包' weight adjusted: 1.2 -> 0.7269621 (empty: 0.35, usage: 0.4434848)
[Debug  :ModulePatch] Item '金星软膏' weight adjusted: 0.016 -> 0.01438618 (empty: 0.008, usage: 0.7982727)
[Debug  :ModulePatch] Item '铝固定夹板' weight adjusted: 0.22 -> 0.176 (empty: 0, usage: 0.8)
[Debug  :ModulePatch] Item 'Surv12野战手术包' weight adjusted: 1.2 -> 0.8222223 (empty: 0.35, usage: 0.5555556)
[Debug  :ModulePatch] Item 'Surv12野战手术包' weight adjusted: 1.2 -> 0.8222223 (empty: 0.35, usage: 0.5555556)
[Debug  :ModulePatch] Item 'Surv12野战手术包' weight adjusted: 1.2 -> 0.8222223 (empty: 0.35, usage: 0.5555556)
[Debug  :ModulePatch] Item 'Surv12野战手术包' weight adjusted: 1.2 -> 0.8222223 (empty: 0.35, usage: 0.5555556)
[Debug  :ModulePatch] Item 'Surv12野战手术包' weight adjusted: 1.2 -> 0.8222223 (empty: 0.35, usage: 0.5555556)
[Debug  :ModulePatch] Item 'Surv12野战手术包' weight adjusted: 1.2 -> 0.8222223 (empty: 0.35, usage: 0.5555556)
[Debug  :ModulePatch] Item '0.6升瓶装水' weight adjusted: 0.65 -> 0.5758458 (empty: 0.05, usage: 0.8764096)
[Debug  :ModulePatch] Item 'Grizzly急救包' weight adjusted: 1.6 -> 1.5025 (empty: 0.3, usage: 0.925)
[Debug  :ModulePatch] Item 'Surv12野战手术包' weight adjusted: 1.2 -> 0.7269621 (empty: 0.35, usage: 0.4434848)
[Debug  :ModulePatch] Item '金星软膏' weight adjusted: 0.016 -> 0.01438618 (empty: 0.008, usage: 0.7982727)
[Debug  :ModulePatch] Item '铝固定夹板' weight adjusted: 0.22 -> 0.176 (empty: 0, usage: 0.8)
[Debug  :ModulePatch] Item '0.6升瓶装水' weight adjusted: 0.65 -> 0.5758458 (empty: 0.05, usage: 0.8764096)
[Debug  :ModulePatch] Item 'Grizzly急救包' weight adjusted: 1.6 -> 1.5025 (empty: 0.3, usage: 0.925)
[Debug  :ModulePatch] Item 'Surv12野战手术包' weight adjusted: 1.2 -> 0.7269621 (empty: 0.35, usage: 0.4434848)
[Debug  :ModulePatch] Item '金星软膏' weight adjusted: 0.016 -> 0.01438618 (empty: 0.008, usage: 0.7982727)
[Debug  :ModulePatch] Item '铝固定夹板' weight adjusted: 0.22 -> 0.176 (empty: 0, usage: 0.8)
The referenced script (Unknown) on this Behaviour is missing!
[Debug  :ModulePatch] Item '0.6升瓶装水' weight adjusted: 0.65 -> 0.5758458 (empty: 0.05, usage: 0.8764096)
[Debug  :ModulePatch] Item 'Grizzly急救包' weight adjusted: 1.6 -> 1.5025 (empty: 0.3, usage: 0.925)
[Debug  :ModulePatch] Item 'Surv12野战手术包' weight adjusted: 1.2 -> 0.7269621 (empty: 0.35, usage: 0.4434848)
[Debug  :ModulePatch] Item '金星软膏' weight adjusted: 0.016 -> 0.01438618 (empty: 0.008, usage: 0.7982727)
[Debug  :ModulePatch] Item '铝固定夹板' weight adjusted: 0.22 -> 0.176 (empty: 0, usage: 0.8)
[Debug  :ModulePatch] Item '0.6升瓶装水' weight adjusted: 0.65 -> 0.5758458 (empty: 0.05, usage: 0.8764096)
[Debug  :ModulePatch] Item 'Grizzly急救包' weight adjusted: 1.6 -> 1.5025 (empty: 0.3, usage: 0.925)
[Debug  :ModulePatch] Item 'Surv12野战手术包' weight adjusted: 1.2 -> 0.7269621 (empty: 0.35, usage: 0.4434848)
[Debug  :ModulePatch] Item '金星软膏' weight adjusted: 0.016 -> 0.01438618 (empty: 0.008, usage: 0.7982727)
[Debug  :ModulePatch] Item '铝固定夹板' weight adjusted: 0.22 -> 0.176 (empty: 0, usage: 0.8)
[Debug  :ModulePatch] Item '0.6升瓶装水' weight adjusted: 0.65 -> 0.5758458 (empty: 0.05, usage: 0.8764096)
[Debug  :ModulePatch] Item 'Grizzly急救包' weight adjusted: 1.6 -> 1.5025 (empty: 0.3, usage: 0.925)
[Debug  :ModulePatch] Item 'Surv12野战手术包' weight adjusted: 1.2 -> 0.7269621 (empty: 0.35, usage: 0.4434848)
[Debug  :ModulePatch] Item '金星软膏' weight adjusted: 0.016 -> 0.01438618 (empty: 0.008, usage: 0.7982727)
[Debug  :ModulePatch] Item '铝固定夹板' weight adjusted: 0.22 -> 0.176 (empty: 0, usage: 0.8)
[Debug  :ModulePatch] Item '0.6升瓶装水' weight adjusted: 0.65 -> 0.5758458 (empty: 0.05, usage: 0.8764096)
[Debug  :ModulePatch] Item 'Grizzly急救包' weight adjusted: 1.6 -> 1.5025 (empty: 0.3, usage: 0.925)
[Debug  :ModulePatch] Item 'Surv12野战手术包' weight adjusted: 1.2 -> 0.7269621 (empty: 0.35, usage: 0.4434848)
[Debug  :ModulePatch] Item '金星软膏' weight adjusted: 0.016 -> 0.01438618 (empty: 0.008, usage: 0.7982727)
[Debug  :ModulePatch] Item '铝固定夹板' weight adjusted: 0.22 -> 0.176 (empty: 0, usage: 0.8)
[Debug  :ModulePatch] Item '0.6升瓶装水' weight adjusted: 0.65 -> 0.08991364 (empty: 0.05, usage: 0.06652272)
[Debug  :ModulePatch] Item '0.6升瓶装水' weight adjusted: 0.65 -> 0.08991364 (empty: 0.05, usage: 0.06652272)
[Debug  :ModulePatch] Item '0.6升瓶装水' weight adjusted: 0.65 -> 0.08991364 (empty: 0.05, usage: 0.06652272)
[Debug  :ModulePatch] Item '0.6升瓶装水' weight adjusted: 0.65 -> 0.08991364 (empty: 0.05, usage: 0.06652272)
[Debug  :ModulePatch] Item '0.6升瓶装水' weight adjusted: 0.65 -> 0.08991364 (empty: 0.05, usage: 0.06652272)
[Debug  :ModulePatch] Item '0.6升瓶装水' weight adjusted: 0.65 -> 0.08991364 (empty: 0.05, usage: 0.06652272)
[Debug  :ModulePatch] Item '0.6升瓶装水' weight adjusted: 0.65 -> 0.08991364 (empty: 0.05, usage: 0.06652272)
[Debug  :ModulePatch] Item '0.6升瓶装水' weight adjusted: 0.65 -> 0.08991364 (empty: 0.05, usage: 0.06652272)
[Debug  :ModulePatch] Item '0.6升瓶装水' weight adjusted: 0.65 -> 0.5758458 (empty: 0.05, usage: 0.8764096)
[Debug  :ModulePatch] Item 'Grizzly急救包' weight adjusted: 1.6 -> 1.5025 (empty: 0.3, usage: 0.925)
[Debug  :ModulePatch] Item 'Surv12野战手术包' weight adjusted: 1.2 -> 0.7269621 (empty: 0.35, usage: 0.4434848)
[Debug  :ModulePatch] Item '金星软膏' weight adjusted: 0.016 -> 0.01438618 (empty: 0.008, usage: 0.7982727)
[Debug  :ModulePatch] Item '铝固定夹板' weight adjusted: 0.22 -> 0.176 (empty: 0, usage: 0.8)
[Debug  :ModulePatch] Item '0.6升瓶装水' weight adjusted: 0.65 -> 0.08991364 (empty: 0.05, usage: 0.06652272)
[Debug  :ModulePatch] Item 'Surv12野战手术包' weight adjusted: 1.2 -> 0.8222223 (empty: 0.35, usage: 0.5555556)
[Debug  :ModulePatch] Item '一包糖' weight adjusted: 0.5 -> 0.3992531 (empty: 0.02, usage: 0.7901106)
[Debug  :ModulePatch] Item '0.6升瓶装水' weight adjusted: 0.65 -> 0.5758458 (empty: 0.05, usage: 0.8764096)
[Debug  :ModulePatch] Item 'Grizzly急救包' weight adjusted: 1.6 -> 1.5025 (empty: 0.3, usage: 0.925)
[Debug  :ModulePatch] Item 'Surv12野战手术包' weight adjusted: 1.2 -> 0.7269621 (empty: 0.35, usage: 0.4434848)
[Debug  :ModulePatch] Item '金星软膏' weight adjusted: 0.016 -> 0.01438618 (empty: 0.008, usage: 0.7982727)
[Debug  :ModulePatch] Item '铝固定夹板' weight adjusted: 0.22 -> 0.176 (empty: 0, usage: 0.8)
[Debug  :ModulePatch] Item 'Surv12野战手术包' weight adjusted: 1.2 -> 0.8222223 (empty: 0.35, usage: 0.5555556)
[Debug  :ModulePatch] Item 'Surv12野战手术包' weight adjusted: 1.2 -> 0.8222223 (empty: 0.35, usage: 0.5555556)
[Debug  :ModulePatch] Item 'Surv12野战手术包' weight adjusted: 1.2 -> 0.8222223 (empty: 0.35, usage: 0.5555556)
[Debug  :ModulePatch] Item 'Surv12野战手术包' weight adjusted: 1.2 -> 0.8222223 (empty: 0.35, usage: 0.5555556)
[Debug  :ModulePatch] Item 'Surv12野战手术包' weight adjusted: 1.2 -> 0.8222223 (empty: 0.35, usage: 0.5555556)
[Debug  :ModulePatch] Item 'Surv12野战手术包' weight adjusted: 1.2 -> 0.8222223 (empty: 0.35, usage: 0.5555556)
[Debug  :ModulePatch] Item 'Surv12野战手术包' weight adjusted: 1.2 -> 0.8222223 (empty: 0.35, usage: 0.5555556)
[Debug  :ModulePatch] Item 'Surv12野战手术包' weight adjusted: 1.2 -> 0.8222223 (empty: 0.35, usage: 0.5555556)
[Debug  :ModulePatch] Item 'Surv12野战手术包' weight adjusted: 1.2 -> 0.8222223 (empty: 0.35, usage: 0.5555556)
[Debug  :ModulePatch] Item 'Surv12野战手术包' weight adjusted: 1.2 -> 0.8222223 (empty: 0.35, usage: 0.5555556)
[Debug  :ModulePatch] Item 'Surv12野战手术包' weight adjusted: 1.2 -> 0.8222223 (empty: 0.35, usage: 0.5555556)
[Debug  :ModulePatch] Item 'Surv12野战手术包' weight adjusted: 1.2 -> 0.8222223 (empty: 0.35, usage: 0.5555556)
[Debug  :ModulePatch] Item 'Surv12野战手术包' weight adjusted: 1.2 -> 0.8222223 (empty: 0.35, usage: 0.5555556)
[Debug  :ModulePatch] Item 'Surv12野战手术包' weight adjusted: 1.2 -> 0.8222223 (empty: 0.35, usage: 0.5555556)
[Debug  :ModulePatch] Item 'Surv12野战手术包' weight adjusted: 1.2 -> 0.8222223 (empty: 0.35, usage: 0.5555556)
[Debug  :ModulePatch] Item 'Surv12野战手术包' weight adjusted: 1.2 -> 0.8222223 (empty: 0.35, usage: 0.5555556)
[Debug  :ModulePatch] Item 'Surv12野战手术包' weight adjusted: 1.2 -> 0.8222223 (empty: 0.35, usage: 0.5555556)
[Debug  :ModulePatch] Item '0.6升瓶装水' weight adjusted: 0.65 -> 0.08991364 (empty: 0.05, usage: 0.06652272)
[Debug  :ModulePatch] Item '0.6升瓶装水' weight adjusted: 0.65 -> 0.08991364 (empty: 0.05, usage: 0.06652272)
[Debug  :ModulePatch] Item '0.6升瓶装水' weight adjusted: 0.65 -> 0.08991364 (empty: 0.05, usage: 0.06652272)
[Debug  :ModulePatch] Item '安乃近止痛药' weight adjusted: 0.01 -> 0.007967864 (empty: 0.002, usage: 0.7459831)
[Debug  :ModulePatch] Item '0.6升瓶装水' weight adjusted: 0.65 -> 0.5758458 (empty: 0.05, usage: 0.8764096)
[Debug  :ModulePatch] Item 'Grizzly急救包' weight adjusted: 1.6 -> 1.5025 (empty: 0.3, usage: 0.925)
[Debug  :ModulePatch] Item 'Surv12野战手术包' weight adjusted: 1.2 -> 0.7269621 (empty: 0.35, usage: 0.4434848)
[Debug  :ModulePatch] Item '金星软膏' weight adjusted: 0.016 -> 0.01438618 (empty: 0.008, usage: 0.7982727)
[Debug  :ModulePatch] Item '铝固定夹板' weight adjusted: 0.22 -> 0.176 (empty: 0, usage: 0.8)
[Debug  :ModulePatch] Item '0.6升瓶装水' weight adjusted: 0.65 -> 0.08991364 (empty: 0.05, usage: 0.06652272)
[Debug  :ModulePatch] Item '安乃近止痛药' weight adjusted: 0.01 -> 0.007967864 (empty: 0.002, usage: 0.7459831)
[Debug  :ModulePatch] Item '0.6升瓶装水' weight adjusted: 0.65 -> 0.08991364 (empty: 0.05, usage: 0.06652272)
[Debug  :ModulePatch] Item '安乃近止痛药' weight adjusted: 0.01 -> 0.007967864 (empty: 0.002, usage: 0.7459831)
[Debug  :ModulePatch] Item '0.6升瓶装水' weight adjusted: 0.65 -> 0.5758458 (empty: 0.05, usage: 0.8764096)
[Debug  :ModulePatch] Item 'Grizzly急救包' weight adjusted: 1.6 -> 1.5025 (empty: 0.3, usage: 0.925)
[Debug  :ModulePatch] Item 'Surv12野战手术包' weight adjusted: 1.2 -> 0.7269621 (empty: 0.35, usage: 0.4434848)
[Debug  :ModulePatch] Item '金星软膏' weight adjusted: 0.016 -> 0.01438618 (empty: 0.008, usage: 0.7982727)
[Debug  :ModulePatch] Item '铝固定夹板' weight adjusted: 0.22 -> 0.176 (empty: 0, usage: 0.8)
[Debug  :ModulePatch] Item '0.6升瓶装水' weight adjusted: 0.65 -> 0.5758458 (empty: 0.05, usage: 0.8764096)
[Debug  :ModulePatch] Item 'Grizzly急救包' weight adjusted: 1.6 -> 1.5025 (empty: 0.3, usage: 0.925)
[Debug  :ModulePatch] Item 'Surv12野战手术包' weight adjusted: 1.2 -> 0.7269621 (empty: 0.35, usage: 0.4434848)
[Debug  :ModulePatch] Item '金星软膏' weight adjusted: 0.016 -> 0.01438618 (empty: 0.008, usage: 0.7982727)
[Debug  :ModulePatch] Item '铝固定夹板' weight adjusted: 0.22 -> 0.176 (empty: 0, usage: 0.8)
[Debug  :ModulePatch] Item '0.6升瓶装水' weight adjusted: 0.65 -> 0.5758458 (empty: 0.05, usage: 0.8764096)
[Debug  :ModulePatch] Item 'Grizzly急救包' weight adjusted: 1.6 -> 1.5025 (empty: 0.3, usage: 0.925)
[Debug  :ModulePatch] Item 'Surv12野战手术包' weight adjusted: 1.2 -> 0.7269621 (empty: 0.35, usage: 0.4434848)
[Debug  :ModulePatch] Item '金星软膏' weight adjusted: 0.016 -> 0.01438618 (empty: 0.008, usage: 0.7982727)
[Debug  :ModulePatch] Item '铝固定夹板' weight adjusted: 0.22 -> 0.176 (empty: 0, usage: 0.8)
[Debug  :ModulePatch] Item '0.6升瓶装水' weight adjusted: 0.65 -> 0.5758458 (empty: 0.05, usage: 0.8764096)
[Debug  :ModulePatch] Item 'Grizzly急救包' weight adjusted: 1.6 -> 1.5025 (empty: 0.3, usage: 0.925)
[Debug  :ModulePatch] Item 'Surv12野战手术包' weight adjusted: 1.2 -> 0.7269621 (empty: 0.35, usage: 0.4434848)
[Debug  :ModulePatch] Item '金星软膏' weight adjusted: 0.016 -> 0.01438618 (empty: 0.008, usage: 0.7982727)
[Debug  :ModulePatch] Item '铝固定夹板' weight adjusted: 0.22 -> 0.176 (empty: 0, usage: 0.8)
[Debug  :ModulePatch] Item '0.6升瓶装水' weight adjusted: 0.65 -> 0.08991364 (empty: 0.05, usage: 0.06652272)
[Debug  :ModulePatch] Item '安乃近止痛药' weight adjusted: 0.01 -> 0.007967864 (empty: 0.002, usage: 0.7459831)
[Debug  :ModulePatch] Item '0.6升瓶装水' weight adjusted: 0.65 -> 0.5758458 (empty: 0.05, usage: 0.8764096)
[Debug  :ModulePatch] Item 'Grizzly急救包' weight adjusted: 1.6 -> 1.5025 (empty: 0.3, usage: 0.925)
[Debug  :ModulePatch] Item 'Surv12野战手术包' weight adjusted: 1.2 -> 0.7269621 (empty: 0.35, usage: 0.4434848)
[Debug  :ModulePatch] Item '金星软膏' weight adjusted: 0.016 -> 0.01438618 (empty: 0.008, usage: 0.7982727)
[Debug  :ModulePatch] Item '铝固定夹板' weight adjusted: 0.22 -> 0.176 (empty: 0, usage: 0.8)
[Debug  :ModulePatch] Item 'Surv12野战手术包' weight adjusted: 1.2 -> 0.8222223 (empty: 0.35, usage: 0.5555556)
[Debug  :ModulePatch] Item '0.6升瓶装水' weight adjusted: 0.65 -> 0.5758458 (empty: 0.05, usage: 0.8764096)
[Debug  :ModulePatch] Item 'Grizzly急救包' weight adjusted: 1.6 -> 1.5025 (empty: 0.3, usage: 0.925)
[Debug  :ModulePatch] Item 'Surv12野战手术包' weight adjusted: 1.2 -> 0.7269621 (empty: 0.35, usage: 0.4434848)
[Debug  :ModulePatch] Item '金星软膏' weight adjusted: 0.016 -> 0.01438618 (empty: 0.008, usage: 0.7982727)
[Debug  :ModulePatch] Item '铝固定夹板' weight adjusted: 0.22 -> 0.176 (empty: 0, usage: 0.8)
[Debug  :ModulePatch] Item '0.6升瓶装水' weight adjusted: 0.65 -> 0.08991364 (empty: 0.05, usage: 0.06652272)
[Debug  :ModulePatch] Item '安乃近止痛药' weight adjusted: 0.01 -> 0.006044587 (empty: 0.002, usage: 0.5055733)
[Debug  :ModulePatch] Item '0.6升瓶装水' weight adjusted: 0.65 -> 0.08991364 (empty: 0.05, usage: 0.06652272)
[Debug  :ModulePatch] Item '安乃近止痛药' weight adjusted: 0.01 -> 0.006044587 (empty: 0.002, usage: 0.5055733)
[Debug  :ModulePatch] Item '0.6升瓶装水' weight adjusted: 0.65 -> 0.08991364 (empty: 0.05, usage: 0.06652272)
[Debug  :ModulePatch] Item '安乃近止痛药' weight adjusted: 0.01 -> 0.006044587 (empty: 0.002, usage: 0.5055733)
[Debug  :ModulePatch] Item 'Surv12野战手术包' weight adjusted: 1.2 -> 0.8222223 (empty: 0.35, usage: 0.5555556)
[Debug  :ModulePatch] Item 'Surv12野战手术包' weight adjusted: 1.2 -> 0.8222223 (empty: 0.35, usage: 0.5555556)
[Error  : Fika.Core] [PlayerTick]: [[Maxryuki|1243487|69802d793401cb1dcc190aae]] tick operation exception: System.NullReferenceException: Object reference not set to an instance of an object
  at EFT.Player+BaseKnifeController.SetDeflected (System.Boolean deflected) [0x00000] in <ad47400a25db462cbf0a531df654c3c3>:0 
  at EFT.Player+BaseKnifeController.method_6 (EFT.Player+GStruct182 other) [0x00084] in <ad47400a25db462cbf0a531df654c3c3>:0 
  at EFT.KnifeCollider.method_0 () [0x001ce] in <ad47400a25db462cbf0a531df654c3c3>:0 
  at EFT.KnifeCollider.ManualUpdate () [0x0002a] in <ad47400a25db462cbf0a531df654c3c3>:0 
  at EFT.Player+KnifeController+Class1287.Update (System.Single deltaTime) [0x00007] in <ad47400a25db462cbf0a531df654c3c3>:0 
  at EFT.Player+ItemHandsController.ManualUpdate (System.Single deltaTime) [0x00006] in <ad47400a25db462cbf0a531df654c3c3>:0 
  at EFT.Player.ArmsUpdate (System.Single deltaTime) [0x0000e] in <ad47400a25db462cbf0a531df654c3c3>:0 
  at EFT.Player.ComplexUpdate (EFT.EUpdateQueue queue, System.Single deltaTime) [0x0004c] in <ad47400a25db462cbf0a531df654c3c3>:0 
  at EFT.Player.UpdateTick () [0x00007] in <ad47400a25db462cbf0a531df654c3c3>:0 
  at Fika.Core.Main.Players.FikaPlayer.UpdateTick () [0x00011] in <584e5e373a4147c194040eda2372a621>:0 
  at Fika.Core.Main.ClientClasses.FikaClientGameWorld.PlayerTick (System.Single dt) [0x0001d] in <584e5e373a4147c194040eda2372a621>:0 
[Debug  :ModulePatch] Item 'Surv12野战手术包' weight adjusted: 1.2 -> 0.8222223 (empty: 0.35, usage: 0.5555556)
[Debug  :ModulePatch] Item 'Surv12野战手术包' weight adjusted: 1.2 -> 0.8222223 (empty: 0.35, usage: 0.5555556)
[Debug  :ModulePatch] Item 'Surv12野战手术包' weight adjusted: 1.2 -> 0.8222223 (empty: 0.35, usage: 0.5555556)
[Debug  :ModulePatch] Item 'Surv12野战手术包' weight adjusted: 1.2 -> 0.8222223 (empty: 0.35, usage: 0.5555556)
[Debug  :ModulePatch] Item '0.6升瓶装水' weight adjusted: 0.65 -> 0.5758458 (empty: 0.05, usage: 0.8764096)
[Debug  :ModulePatch] Item 'Grizzly急救包' weight adjusted: 1.6 -> 1.5025 (empty: 0.3, usage: 0.925)
[Debug  :ModulePatch] Item 'Surv12野战手术包' weight adjusted: 1.2 -> 0.7269621 (empty: 0.35, usage: 0.4434848)
[Debug  :ModulePatch] Item '金星软膏' weight adjusted: 0.016 -> 0.01438618 (empty: 0.008, usage: 0.7982727)
[Debug  :ModulePatch] Item '铝固定夹板' weight adjusted: 0.22 -> 0.176 (empty: 0, usage: 0.8)
[Debug  :ModulePatch] Item '0.6升瓶装水' weight adjusted: 0.65 -> 0.5758458 (empty: 0.05, usage: 0.8764096)
[Debug  :ModulePatch] Item 'Grizzly急救包' weight adjusted: 1.6 -> 1.5025 (empty: 0.3, usage: 0.925)
[Debug  :ModulePatch] Item 'Surv12野战手术包' weight adjusted: 1.2 -> 0.7269621 (empty: 0.35, usage: 0.4434848)
[Debug  :ModulePatch] Item '金星软膏' weight adjusted: 0.016 -> 0.01438618 (empty: 0.008, usage: 0.7982727)
[Debug  :ModulePatch] Item '铝固定夹板' weight adjusted: 0.22 -> 0.176 (empty: 0, usage: 0.8)
[Debug  :ModulePatch] Item '0.6升瓶装水' weight adjusted: 0.65 -> 0.08991364 (empty: 0.05, usage: 0.06652272)
[Debug  :ModulePatch] Item '安乃近止痛药' weight adjusted: 0.01 -> 0.006044587 (empty: 0.002, usage: 0.5055733)
[Debug  :ModulePatch] Item 'Surv12野战手术包' weight adjusted: 1.2 -> 0.8222223 (empty: 0.35, usage: 0.5555556)
[Debug  :ModulePatch] Item 'Surv12野战手术包' weight adjusted: 1.2 -> 0.8222223 (empty: 0.35, usage: 0.5555556)
[Debug  :ModulePatch] Item 'Surv12野战手术包' weight adjusted: 1.2 -> 0.8222223 (empty: 0.35, usage: 0.5555556)
[Debug  :ModulePatch] Item 'Surv12野战手术包' weight adjusted: 1.2 -> 0.8222223 (empty: 0.35, usage: 0.5555556)
[Debug  :ModulePatch] Item 'Surv12野战手术包' weight adjusted: 1.2 -> 0.8222223 (empty: 0.35, usage: 0.5555556)
[Debug  :ModulePatch] Item 'Surv12野战手术包' weight adjusted: 1.2 -> 0.8222223 (empty: 0.35, usage: 0.5555556)
[Debug  :ModulePatch] Item '0.6升瓶装水' weight adjusted: 0.65 -> 0.08991364 (empty: 0.05, usage: 0.06652272)
[Debug  :ModulePatch] Item '安乃近止痛药' weight adjusted: 0.01 -> 0.006044587 (empty: 0.002, usage: 0.5055733)
[Debug  :ModulePatch] Item '0.6升瓶装水' weight adjusted: 0.65 -> 0.2598031 (empty: 0.05, usage: 0.3496719)
[Debug  :ModulePatch] Item '0.6升瓶装水' weight adjusted: 0.65 -> 0.08991364 (empty: 0.05, usage: 0.06652272)
[Debug  :ModulePatch] Item '安乃近止痛药' weight adjusted: 0.01 -> 0.006044587 (empty: 0.002, usage: 0.5055733)
[Debug  :ModulePatch] Item '0.6升瓶装水' weight adjusted: 0.65 -> 0.2598031 (empty: 0.05, usage: 0.3496719)
[Debug  :ModulePatch] Item 'Surv12野战手术包' weight adjusted: 1.2 -> 0.8222223 (empty: 0.35, usage: 0.5555556)
NullReferenceException: Object reference not set to an instance of an object
  at TMPro.TMP_SubMeshUI.GetPaddingForMaterial () [0x00000] in <4cc7e2fd048e487db8489f88d5d9f9a0>:0 
  at TMPro.TMP_SubMeshUI.SetSharedMaterial (UnityEngine.Material mat) [0x00013] in <4cc7e2fd048e487db8489f88d5d9f9a0>:0 
  at TMPro.TMP_SubMeshUI.set_sharedMaterial (UnityEngine.Material value) [0x00000] in <4cc7e2fd048e487db8489f88d5d9f9a0>:0 
  at TMPro.TextMeshProUGUI.SetArraySizes (TMPro.TMP_Text+UnicodeChar[] unicodeChars) [0x00cf9] in <4cc7e2fd048e487db8489f88d5d9f9a0>:0 
  at TMPro.TMP_Text.ParseInputText () [0x0004c] in <4cc7e2fd048e487db8489f88d5d9f9a0>:0 
  at TMPro.TextMeshProUGUI.OnPreRenderCanvas () [0x00092] in <4cc7e2fd048e487db8489f88d5d9f9a0>:0 
  at TMPro.TextMeshProUGUI.Rebuild (UnityEngine.UI.CanvasUpdate update) [0x00035] in <4cc7e2fd048e487db8489f88d5d9f9a0>:0 
  at UnityEngine.UI.CanvasUpdateRegistry.PerformUpdate () [0x000eb] in <76ec1fc119664eb3af8df7d79290060a>:0 
UnityEngine.DebugLogHandler:Internal_LogException(Exception, Object)
UnityEngine.DebugLogHandler:LogException(Exception, Object)
Class412:LogException(Exception, Object)
UnityEngine.Logger:LogException(Exception, Object)
UnityEngine.Debug:LogException(Exception, Object)
UnityEngine.UI.CanvasUpdateRegistry:PerformUpdate()
UnityEngine.Canvas:SendWillRenderCanvases()
UnityEngine.Camera:RenderToCubemapImpl(Camera, Texture, Int32)
UnityEngine.Camera:RenderToCubemap(RenderTexture, Int32)
AmbientLight:method_2()
AmbientLight:LateUpdate()

[Info   :CoopHandler] F8 pressed, attempting to extract!
[Info   :Fika.Client] ..:: Fika Client Session Statistics ::..
[Info   :Fika.Client] Sent packets: 38267
[Info   :Fika.Client] Sent data: 2.25 MB
[Info   :Fika.Client] Received packets: 47735
[Info   :Fika.Client] Received data: 26.31 MB
[Info   :Fika.Client] Packet loss: 0%
[Info   :Fika.Client] Time in raid: 00h 32m 20s
[Info   :NetManagerUtils] Destroyed FikaClient
Unloading 308 Unused Serialized files (Serialized files now loaded: 1822)
Unloading 76104 unused Assets to reduce memory usage. Loaded Objects now: 1063602.
Total: 1287.512200 ms (FindLiveObjects: 252.620600 ms CreateObjectMapping: 43.807300 ms MarkObjects: 667.319300 ms  DeleteObjects: 323.764500 ms)

Unloading 9 Unused Serialized files (Serialized files now loaded: 1822)
[PhysX] Initialized MultithreadedTaskDispatcher with 16 workers.
UnloadTime: 56.742100 ms
Unloading 124 unused Assets to reduce memory usage. Loaded Objects now: 1095056.
Total: 820.975000 ms (FindLiveObjects: 107.471200 ms CreateObjectMapping: 41.871300 ms MarkObjects: 664.964700 ms  DeleteObjects: 6.667100 ms)

NullReferenceException: Object reference not set to an instance of an object
  at EFT.UI.ErrorScreen.smethod_0 (System.String source) [0x00000] in <ad47400a25db462cbf0a531df654c3c3>:0 
  at EFT.UI.ErrorScreen.Show (System.String title, System.String message, System.Single waitingTime, EFT.UI.ErrorScreen+EButtonType buttonType, System.Boolean removeHtml) [0x00023] in <ad47400a25db462cbf0a531df654c3c3>:0 
  at EFT.UI.PreloaderUI.method_1 () [0x0005d] in <ad47400a25db462cbf0a531df654c3c3>:0 
Rethrow as AggregateException: One or more errors occurred. (Object reference not set to an instance of an object)

UnityEngine.DebugLogHandler:Internal_LogException(Exception, Object)
UnityEngine.DebugLogHandler:LogException(Exception, Object)
Class412:LogException(Exception, Object)
UnityEngine.Logger:LogException(Exception, Object)
UnityEngine.Debug:LogException(Exception)
TasksExtensions:HandleFinishedTask(Task)
System.Threading.Tasks.ContinuationTaskFromTask:InnerInvoke()
System.Threading.Tasks.Task:Execute()
System.Threading.Tasks.Task:ExecutionContextCallback(Object)
System.Threading.ExecutionContext:RunInternal(ExecutionContext, ContextCallback, Object, Boolean)
System.Threading.ExecutionContext:Run(ExecutionContext, ContextCallback, Object, Boolean)
System.Threading.Tasks.Task:ExecuteWithThreadLocal(Task&)
System.Threading.Tasks.Task:ExecuteEntry(Boolean)
System.Threading.Tasks.Task:System.Threading.IThreadPoolWorkItem.ExecuteWorkItem()
System.Threading.ThreadPoolWorkQueue:Dispatch()
System.Threading._ThreadPoolWaitCallback:PerformWaitCallback()

[Debug  :ModulePatch] Item 'Surv12野战手术包' weight adjusted: 1.2 -> 0.8222223 (empty: 0.35, usage: 0.5555556)
[Debug  :ModulePatch] Item 'Surv12野战手术包' weight adjusted: 1.2 -> 0.8222223 (empty: 0.35, usage: 0.5555556)
[Debug  :ModulePatch] Item 'Surv12野战手术包' weight adjusted: 1.2 -> 0.8222223 (empty: 0.35, usage: 0.5555556)
[Info   :RequestHandler] [REQUEST]: /client/ragfair/offerfees
[Info   :RequestHandler] [REQUEST SUCCESSFUL] /client/ragfair/offerfees
[Debug  :ModulePatch] Item 'Surv12野战手术包' weight adjusted: 1.2 -> 0.8222223 (empty: 0.35, usage: 0.5555556)
[Debug  :ModulePatch] Item 'Surv12野战手术包' weight adjusted: 1.2 -> 0.8222223 (empty: 0.35, usage: 0.5555556)
[Debug  :ModulePatch] Item 'Surv12野战手术包' weight adjusted: 1.2 -> 0.8222223 (empty: 0.35, usage: 0.5555556)
[Debug  :ModulePatch] Item 'Surv12野战手术包' weight adjusted: 1.2 -> 0.8222223 (empty: 0.35, usage: 0.5555556)
[Info   :RequestHandler] [REQUEST]: /client/ragfair/offerfees
[Info   :RequestHandler] [REQUEST SUCCESSFUL] /client/ragfair/offerfees
[Debug  :ModulePatch] Item 'Surv12野战手术包' weight adjusted: 1.2 -> 0.8222223 (empty: 0.35, usage: 0.5555556)
[Debug  :ModulePatch] Item 'Surv12野战手术包' weight adjusted: 1.2 -> 0.8222223 (empty: 0.35, usage: 0.5555556)
[Info   :RequestHandler] [REQUEST]: /client/ragfair/offerfees
[Info   :RequestHandler] [REQUEST SUCCESSFUL] /client/ragfair/offerfees
[Debug  :ModulePatch] Item 'Surv12野战手术包' weight adjusted: 1.2 -> 0.8222223 (empty: 0.35, usage: 0.5555556)
[Info   :RequestHandler] [REQUEST]: /client/ragfair/offerfees
[Info   :RequestHandler] [REQUEST SUCCESSFUL] /client/ragfair/offerfees
[Debug  :ModulePatch] Item 'Surv12野战手术包' weight adjusted: 1.2 -> 0.8222223 (empty: 0.35, usage: 0.5555556)
[Debug  :ModulePatch] Item 'Surv12野战手术包' weight adjusted: 1.2 -> 0.8222223 (empty: 0.35, usage: 0.5555556)
[Info   :RequestHandler] [REQUEST]: /client/ragfair/offerfees
[Info   :RequestHandler] [REQUEST SUCCESSFUL] /client/ragfair/offerfees
[Debug  :ModulePatch] Item 'Surv12野战手术包' weight adjusted: 1.2 -> 0.8222223 (empty: 0.35, usage: 0.5555556)
[Debug  :ModulePatch] Item 'Surv12野战手术包' weight adjusted: 1.2 -> 0.8222223 (empty: 0.35, usage: 0.5555556)
[Info   :RequestHandler] [REQUEST]: /client/ragfair/offerfees
[Info   :RequestHandler] [REQUEST SUCCESSFUL] /client/ragfair/offerfees
[Info   :RequestHandler] [REQUEST]: /client/ragfair/offerfees
[Info   :RequestHandler] [REQUEST SUCCESSFUL] /client/ragfair/offerfees
[Info   :RequestHandler] [REQUEST]: /client/ragfair/offerfees
[Info   :RequestHandler] [REQUEST SUCCESSFUL] /client/ragfair/offerfees
[Debug  :ModulePatch] Item 'Surv12野战手术包' weight adjusted: 1.2 -> 0.8222223 (empty: 0.35, usage: 0.5555556)
[Debug  :ModulePatch] Item 'Surv12野战手术包' weight adjusted: 1.2 -> 0.8222223 (empty: 0.35, usage: 0.5555556)
[Debug  :ModulePatch] Item 'Surv12野战手术包' weight adjusted: 1.2 -> 0.8222223 (empty: 0.35, usage: 0.5555556)
[Debug  :ModulePatch] Item 'Surv12野战手术包' weight adjusted: 1.2 -> 0.8222223 (empty: 0.35, usage: 0.5555556)
[Info   :RequestHandler] [REQUEST]: /singleplayer/settings/raid/menu
[Info   :RequestHandler] [REQUEST SUCCESSFUL] /singleplayer/settings/raid/menu
[Info   :NetManagerUtils] FikaPingingClient has started!
[Info   :Fika.PingingClient] HostResponse Data: IPs: 10.26.0.111; 10.26.0.14; 10.120.85.241, Guid: 0fd9b4a3-433a-4c19-851b-4f690e0a7e1e, Port: 25565, NatPunch: False, UseFikaNatPunchServer: False, IsHeadless: False
[Info   : Fika.Core] [JoinMatch]: Attempting to connect to host session...
[Info   :Fika.PingingClient] Stopped pinging 10.26.0.14:25565
[Info   :Fika.PingingClient] Received candidate: 10.26.0.14:25565
[Info   :Fika.PingingClient] Picked candidate 10.26.0.14:25565, using LocalPort: 61153
[Info   :Fika.PingingClient] Stopped FikaPingingClient
[Debug  :ModulePatch] TarkovApplication_LocalGamePreparer_Patch:Prefix
[Info   :NetManagerUtils] FikaClient has created!
[Info   :NetManagerUtils] Creating CoopHandler...
ParseException: Undefined packet in NetDataReader: 16530
  at Fika.Core.Networking.LiteNetLib.Utils.NetPacketProcessor.GetCallbackFromData (Fika.Core.Networking.LiteNetLib.Utils.NetDataReader reader) [0x0002c] in <584e5e373a4147c194040eda2372a621>:0 
  at Fika.Core.Networking.LiteNetLib.Utils.NetPacketProcessor.ReadPacket (Fika.Core.Networking.LiteNetLib.Utils.NetDataReader reader, System.Object userData) [0x00000] in <584e5e373a4147c194040eda2372a621>:0 
  at Fika.Core.Networking.LiteNetLib.Utils.NetPacketProcessor.ReadAllPackets (Fika.Core.Networking.LiteNetLib.Utils.NetDataReader reader, System.Object userData) [0x00002] in <584e5e373a4147c194040eda2372a621>:0 
  at Fika.Core.Networking.FikaClient.OnNetworkReceive (Fika.Core.Networking.LiteNetLib.NetPeer peer, Fika.Core.Networking.LiteNetLib.NetPacketReader reader, System.Byte channelNumber, Fika.Core.Networking.LiteNetLib.DeliveryMethod deliveryMethod) [0x00020] in <584e5e373a4147c194040eda2372a621>:0 
  at Fika.Core.Networking.LiteNetLib.NetManager.ProcessEvent (Fika.Core.Networking.LiteNetLib.NetEvent evt) [0x000a9] in <584e5e373a4147c194040eda2372a621>:0 
  at LiteNetLib.LiteNetManager.PollEvents () [0x00086] in <584e5e373a4147c194040eda2372a621>:0 
  at Fika.Core.Networking.FikaClient.Update () [0x0000a] in <584e5e373a4147c194040eda2372a621>:0 
UnityEngine.DebugLogHandler:Internal_LogException(Exception, Object)
UnityEngine.DebugLogHandler:LogException(Exception, Object)
Class412:LogException(Exception, Object)
UnityEngine.Logger:LogException(Exception, Object)
UnityEngine.Debug:CallOverridenDebugHandler(Exception, Object)

[Info   :Fika.Client] Received settings from server. SendRate: 20, NetId: 3, AllowVOIP: False
[Info   :ModulePatch] Disabling server scenes
The referenced script (EFT.SinglePlayerApplication) on this Behaviour is missing!
The referenced script on this Behaviour (Game Object '--- Application ---') is missing!
A scripted object (probably EFT.SinglePlayerApplication?) has a different serialization layout when loading. (Read 32 bytes but expected 148 bytes)
Did you #ifdef UNITY_EDITOR a section of your serialized properties in any of your scripts?
Unloading 14 Unused Serialized files (Serialized files now loaded: 1958)
UnloadTime: 9.414200 ms
Unloading 579 unused Assets to reduce memory usage. Loaded Objects now: 1196877.
Total: 963.935100 ms (FindLiveObjects: 153.542100 ms CreateObjectMapping: 39.014400 ms MarkObjects: 753.882500 ms  DeleteObjects: 17.495400 ms)

The referenced script on this Behaviour (Game Object 'model_LOD0') is missing!
The referenced script on this Behaviour (Game Object 'camomile01_LOD0') is missing!
WheelCollider requires an attached Rigidbody to function.
WheelCollider requires an attached Rigidbody to function.
WheelCollider requires an attached Rigidbody to function.
WheelCollider requires an attached Rigidbody to function.
[PhysX] Initialized MultithreadedTaskDispatcher with 16 workers.
[PhysX] Initialized MultithreadedTaskDispatcher with 16 workers.
Graphics.CopyTexture called with region not fitting in destination element: trying to copy to region (x:0, y:0, width:512, height:512) of mip 0 (size: 128x128) 
[Info   :RequestHandler] [REQUEST]: /singleplayer/settings/getRaidTime
[Info   :RequestHandler] [REQUEST SUCCESSFUL] /singleplayer/settings/getRaidTime
[Info   :ModulePatch] Received CustomRaidSettings: UseCustomWeather: False, DisableOverload: False, DisableLegStamina: False, DisableArmStamina: False
[Info   :ClientGameController] Waiting for host to init
[Info   :  CoopGame] Creating CoopHandler
[Info   :  CoopGame] Initializing Exfils: Id TarkovStreets, Exits: 12, SecretExits: 1
[Info   :  CoopGame] Location: Streets of Tarkov
[Info   :ClientGameController] Loading BTR data...
[Info   : Fika.Core] [HandleResponse]: Received spawn position from host: (-227.27, 5.23, 282.53), rotation: (0.00, -0.22, 0.00, -0.98)
[Info   :ClientGameController] Retrieved infiltration point 'E5_6' from server
[Info   : Fika.Core] [HandleResponse]: Received 11 exfils from the server
[Info   : Fika.Core] [Create]: Using strict inventory sync
[Info   :NetManagerUtils] Setting up game variables...
[Info   :  CoopGame] Adding debug component...
[Info   :  CoopGame] Local player created
[Info   :ClientGameController] Starting task to wait for host to start the raid.
The referenced script (Unknown) on this Behaviour is missing!
Couldn't create a Convex Mesh from source mesh "item_equipment_head_UF_PRO_LOD0_base" within the maximum polygons limit (256). The partial hull will be used. Consider simplifying your mesh.
The referenced script (Unknown) on this Behaviour is missing!
The referenced script (Unknown) on this Behaviour is missing!
[Info   :ClientGameController] Generating and initializing weather...
[Info   :ClientGameController] Setting Season to: Spring
[Debug  :ModulePatch] Item '0.6升瓶装水' weight adjusted: 0.65 -> 0.5758458 (empty: 0.05, usage: 0.8764096)
[Debug  :ModulePatch] Item 'Grizzly急救包' weight adjusted: 1.6 -> 1.5025 (empty: 0.3, usage: 0.925)
[Debug  :ModulePatch] Item 'Surv12野战手术包' weight adjusted: 1.2 -> 0.7277778 (empty: 0.35, usage: 0.4444444)
[Debug  :ModulePatch] Item '金星软膏' weight adjusted: 0.016 -> 0.0144 (empty: 0.008, usage: 0.8)
[Debug  :ModulePatch] Item '铝固定夹板' weight adjusted: 0.22 -> 0.176 (empty: 0, usage: 0.8)
[Debug  :ModulePatch] Item '0.6升瓶装水' weight adjusted: 0.65 -> 0.26 (empty: 0.05, usage: 0.35)
[Debug  :ModulePatch] Item '安乃近止痛药' weight adjusted: 0.01 -> 0.006 (empty: 0.002, usage: 0.5)
[Info   :ClientGameController] All players are loaded, continuing...
[Info   :ClientGameController] MatchingType: Client, Raid Code: D9EBHK
The referenced script (Unknown) on this Behaviour is missing!
[Info   :ClientGameController] Received date from server, was [07/31/2026 08:07:00] - new [07/31/2026 07:35:32]
[Info   :ClientGameController] Waiting for host init
[Info   :ClientGameController] Host init complete
The referenced script (Unknown) on this Behaviour is missing!
[Info   :Fika.Client] Received sync event: 0
[Info   : Fika.Core] [OnInitEvent]: Received TransitInitEvent from server with 3 points
[Info   :Fika.Client] Received sync event: 1
[Info   :Fika.Client] Received sync event: 0
[Info   : Fika.Core] [OnInitEvent]: Received TransitInitEvent from server with 3 points
[Info   :Fika.Client] Received sync event: 1
[Info   :Fika.Client] Received sync event: 0
[Info   : Fika.Core] [OnInitEvent]: Received TransitInitEvent from server with 3 points
Coroutine couldn't be started because the the game object 'TimerPanel' is inactive!
[Info   :Fika.Client] Received sync event: 1
Coroutine couldn't be started because the the game object 'TimerPanel' is inactive!
[Debug  :ModulePatch] Item 'AFAK单兵战术急救包' weight adjusted: 0.8 -> 0.5192903 (empty: 0.2, usage: 0.5321506)
The referenced script on this Behaviour (Game Object '<null>') is missing!
Calling Animator.GotoState on Synchronize layer
Calling Animator.GotoState on Synchronize layer
Calling Animator.GotoState on Synchronize layer
[Info   :ClientGameController] [CLIENT] SpawnPosition: (-227.27, 5.23, 282.53), InfiltrationPoint: E5_6
[Debug  :ModulePatch] Item '0.6升瓶装水' weight adjusted: 0.65 -> 0.5758458 (empty: 0.05, usage: 0.8764096)
[Debug  :ModulePatch] Item 'Grizzly急救包' weight adjusted: 1.6 -> 1.5025 (empty: 0.3, usage: 0.925)
[Debug  :ModulePatch] Item 'Surv12野战手术包' weight adjusted: 1.2 -> 0.7277778 (empty: 0.35, usage: 0.4444444)
[Debug  :ModulePatch] Item '金星软膏' weight adjusted: 0.016 -> 0.0144 (empty: 0.008, usage: 0.8)
[Debug  :ModulePatch] Item '铝固定夹板' weight adjusted: 0.22 -> 0.176 (empty: 0, usage: 0.8)
[Debug  :ModulePatch] Item '0.6升瓶装水' weight adjusted: 0.65 -> 0.26 (empty: 0.05, usage: 0.35)
[Debug  :ModulePatch] Item '安乃近止痛药' weight adjusted: 0.01 -> 0.006 (empty: 0.002, usage: 0.5)
[Debug  :ModulePatch] Item '0.6升瓶装水' weight adjusted: 0.65 -> 0.26 (empty: 0.05, usage: 0.35)
[Debug  :ModulePatch] Item '安乃近止痛药' weight adjusted: 0.01 -> 0.006 (empty: 0.002, usage: 0.5)
[Debug  :ModulePatch] Item '0.6升瓶装水' weight adjusted: 0.65 -> 0.26 (empty: 0.05, usage: 0.35)
[Debug  :ModulePatch] Item '安乃近止痛药' weight adjusted: 0.01 -> 0.006 (empty: 0.002, usage: 0.5)
[Debug  :ModulePatch] Item 'Surv12野战手术包' weight adjusted: 1.2 -> 0.8222223 (empty: 0.35, usage: 0.5555556)
[Debug  :ModulePatch] Item 'Surv12野战手术包' weight adjusted: 1.2 -> 0.8222223 (empty: 0.35, usage: 0.5555556)
[Debug  :ModulePatch] Item 'Surv12野战手术包' weight adjusted: 1.2 -> 0.8222223 (empty: 0.35, usage: 0.5555556)
[Debug  :ModulePatch] Item 'Surv12野战手术包' weight adjusted: 1.2 -> 0.8222223 (empty: 0.35, usage: 0.5555556)
[Debug  :ModulePatch] Item 'AFAK单兵战术急救包' weight adjusted: 0.8 -> 0.5192903 (empty: 0.2, usage: 0.5321506)
[Debug  :ModulePatch] Item 'Surv12野战手术包' weight adjusted: 1.2 -> 0.8222223 (empty: 0.35, usage: 0.5555556)
[Debug  :ModulePatch] Item 'Surv12野战手术包' weight adjusted: 1.2 -> 0.8222223 (empty: 0.35, usage: 0.5555556)
[Debug  :ModulePatch] Item 'Surv12野战手术包' weight adjusted: 1.2 -> 0.8222223 (empty: 0.35, usage: 0.5555556)
[Debug  :ModulePatch] Item 'Surv12野战手术包' weight adjusted: 1.2 -> 0.8222223 (empty: 0.35, usage: 0.5555556)
[Debug  :ModulePatch] Item 'Surv12野战手术包' weight adjusted: 1.2 -> 0.8222223 (empty: 0.35, usage: 0.5555556)
[Debug  :ModulePatch] Item 'Surv12野战手术包' weight adjusted: 1.2 -> 0.8222223 (empty: 0.35, usage: 0.5555556)
[Debug  :ModulePatch] Item 'Surv12野战手术包' weight adjusted: 1.2 -> 0.8222223 (empty: 0.35, usage: 0.5555556)
[Debug  :ModulePatch] Item 'Surv12野战手术包' weight adjusted: 1.2 -> 0.8222223 (empty: 0.35, usage: 0.5555556)
[Debug  :ModulePatch] Item 'AFAK单兵战术急救包' weight adjusted: 0.8 -> 0.5192903 (empty: 0.2, usage: 0.5321506)
[Debug  :ModulePatch] Item '0.6升瓶装水' weight adjusted: 0.65 -> 0.26 (empty: 0.05, usage: 0.35)
[Debug  :ModulePatch] Item '安乃近止痛药' weight adjusted: 0.01 -> 0.004029725 (empty: 0.002, usage: 0.2537156)
[Debug  :ModulePatch] Item '0.6升瓶装水' weight adjusted: 0.65 -> 0.5758458 (empty: 0.05, usage: 0.8764096)
[Debug  :ModulePatch] Item 'Grizzly急救包' weight adjusted: 1.6 -> 1.5025 (empty: 0.3, usage: 0.925)
[Debug  :ModulePatch] Item 'Surv12野战手术包' weight adjusted: 1.2 -> 0.7277778 (empty: 0.35, usage: 0.4444444)
[Debug  :ModulePatch] Item '金星软膏' weight adjusted: 0.016 -> 0.0144 (empty: 0.008, usage: 0.8)
[Debug  :ModulePatch] Item '铝固定夹板' weight adjusted: 0.22 -> 0.176 (empty: 0, usage: 0.8)
[Debug  :ModulePatch] Item '0.6升瓶装水' weight adjusted: 0.65 -> 0.5758458 (empty: 0.05, usage: 0.8764096)
[Debug  :ModulePatch] Item 'Grizzly急救包' weight adjusted: 1.6 -> 1.5025 (empty: 0.3, usage: 0.925)
[Debug  :ModulePatch] Item 'Surv12野战手术包' weight adjusted: 1.2 -> 0.7277778 (empty: 0.35, usage: 0.4444444)
[Debug  :ModulePatch] Item '金星软膏' weight adjusted: 0.016 -> 0.0144 (empty: 0.008, usage: 0.8)
[Debug  :ModulePatch] Item '铝固定夹板' weight adjusted: 0.22 -> 0.176 (empty: 0, usage: 0.8)
[Debug  :ModulePatch] Item '0.6升瓶装水' weight adjusted: 0.65 -> 0.5758458 (empty: 0.05, usage: 0.8764096)
[Debug  :ModulePatch] Item 'Grizzly急救包' weight adjusted: 1.6 -> 1.5025 (empty: 0.3, usage: 0.925)
[Debug  :ModulePatch] Item 'Surv12野战手术包' weight adjusted: 1.2 -> 0.7277778 (empty: 0.35, usage: 0.4444444)
[Debug  :ModulePatch] Item '金星软膏' weight adjusted: 0.016 -> 0.0144 (empty: 0.008, usage: 0.8)
[Debug  :ModulePatch] Item '铝固定夹板' weight adjusted: 0.22 -> 0.176 (empty: 0, usage: 0.8)
[Debug  :ModulePatch] Item 'AFAK单兵战术急救包' weight adjusted: 0.8 -> 0.5192903 (empty: 0.2, usage: 0.5321506)
[Debug  :ModulePatch] Item '0.6升瓶装水' weight adjusted: 0.65 -> 0.07983932 (empty: 0.05, usage: 0.0497322)
[Debug  :ModulePatch] Item '安乃近止痛药' weight adjusted: 0.01 -> 0.004029725 (empty: 0.002, usage: 0.2537156)
[Debug  :ModulePatch] Item 'Surv12野战手术包' weight adjusted: 1.2 -> 0.8222223 (empty: 0.35, usage: 0.5555556)
[Debug  :ModulePatch] Item 'Surv12野战手术包' weight adjusted: 1.2 -> 0.8222223 (empty: 0.35, usage: 0.5555556)
[Debug  :ModulePatch] Item 'Surv12野战手术包' weight adjusted: 1.2 -> 0.8222223 (empty: 0.35, usage: 0.5555556)
[Debug  :ModulePatch] Item 'Surv12野战手术包' weight adjusted: 1.2 -> 0.8222223 (empty: 0.35, usage: 0.5555556)
[Debug  :ModulePatch] Item 'Surv12野战手术包' weight adjusted: 1.2 -> 0.8222223 (empty: 0.35, usage: 0.5555556)
[Debug  :ModulePatch] Item 'Surv12野战手术包' weight adjusted: 1.2 -> 0.8222223 (empty: 0.35, usage: 0.5555556)
[Debug  :ModulePatch] Item 'Surv12野战手术包' weight adjusted: 1.2 -> 0.8222223 (empty: 0.35, usage: 0.5555556)
[Debug  :ModulePatch] Item 'Surv12野战手术包' weight adjusted: 1.2 -> 0.8222223 (empty: 0.35, usage: 0.5555556)
[Debug  :ModulePatch] Item '0.6升瓶装水' weight adjusted: 0.65 -> 0.5758458 (empty: 0.05, usage: 0.8764096)
[Debug  :ModulePatch] Item 'Grizzly急救包' weight adjusted: 1.6 -> 1.5025 (empty: 0.3, usage: 0.925)
[Debug  :ModulePatch] Item 'Surv12野战手术包' weight adjusted: 1.2 -> 0.7277778 (empty: 0.35, usage: 0.4444444)
[Debug  :ModulePatch] Item '金星软膏' weight adjusted: 0.016 -> 0.0144 (empty: 0.008, usage: 0.8)
[Debug  :ModulePatch] Item '铝固定夹板' weight adjusted: 0.22 -> 0.176 (empty: 0, usage: 0.8)
[Debug  :ModulePatch] Item 'Surv12野战手术包' weight adjusted: 1.2 -> 0.8222223 (empty: 0.35, usage: 0.5555556)
[Debug  :ModulePatch] Item 'Surv12野战手术包' weight adjusted: 1.2 -> 0.8222223 (empty: 0.35, usage: 0.5555556)
[Debug  :ModulePatch] Item 'Surv12野战手术包' weight adjusted: 1.2 -> 0.8222223 (empty: 0.35, usage: 0.5555556)
[Debug  :ModulePatch] Item 'Surv12野战手术包' weight adjusted: 1.2 -> 0.8222223 (empty: 0.35, usage: 0.5555556)
[Debug  :ModulePatch] Item 'Surv12野战手术包' weight adjusted: 1.2 -> 0.8222223 (empty: 0.35, usage: 0.5555556)
[Debug  :ModulePatch] Item 'Surv12野战手术包' weight adjusted: 1.2 -> 0.8222223 (empty: 0.35, usage: 0.5555556)
[Error  :Fika.Client] HandleInventoryPacket::Unable to process descriptor from netId 8, error: Could not find item with id: 6a6b5ec0d1a37b36249565a3
[Error  :Fika.Client] HandleInventoryPacket::Unable to process descriptor from netId 8, error: Could not find item with id: 6a6b5ec0d1a37b36249565a3
[Error  :Fika.Client] HandleInventoryPacket::Unable to process descriptor from netId 8, error: Could not find item with id: 6a6b5ec0d1a37b36249565a3
[Error  :Fika.Client] HandleInventoryPacket::Unable to process descriptor from netId 8, error: Could not find item with id: 6a6b5ec0d1a37b36249565a3
[Debug  :ModulePatch] Item '0.6升瓶装水' weight adjusted: 0.65 -> 0.5758458 (empty: 0.05, usage: 0.8764096)
[Debug  :ModulePatch] Item 'Grizzly急救包' weight adjusted: 1.6 -> 1.5025 (empty: 0.3, usage: 0.925)
[Debug  :ModulePatch] Item 'Surv12野战手术包' weight adjusted: 1.2 -> 0.7277778 (empty: 0.35, usage: 0.4444444)
[Debug  :ModulePatch] Item '金星软膏' weight adjusted: 0.016 -> 0.0144 (empty: 0.008, usage: 0.8)
[Debug  :ModulePatch] Item '铝固定夹板' weight adjusted: 0.22 -> 0.176 (empty: 0, usage: 0.8)
[Debug  :ModulePatch] Item '0.6升瓶装水' weight adjusted: 0.65 -> 0.07983932 (empty: 0.05, usage: 0.0497322)
[Debug  :ModulePatch] Item '安乃近止痛药' weight adjusted: 0.01 -> 0.004029725 (empty: 0.002, usage: 0.2537156)
[Error  :Fika.Client] HandleInventoryPacket::Unable to process descriptor from netId 8, error: Could not find item with id: 6a6b5ec0d1a37b36249565a3
[Debug  :ModulePatch] Item '0.6升瓶装水' weight adjusted: 0.65 -> 0.07983932 (empty: 0.05, usage: 0.0497322)
[Debug  :ModulePatch] Item '安乃近止痛药' weight adjusted: 0.01 -> 0.004029725 (empty: 0.002, usage: 0.2537156)
[Debug  :ModulePatch] Item 'Surv12野战手术包' weight adjusted: 1.2 -> 0.8222223 (empty: 0.35, usage: 0.5555556)
[Debug  :ModulePatch] Item 'Surv12野战手术包' weight adjusted: 1.2 -> 0.8222223 (empty: 0.35, usage: 0.5555556)
[Debug  :ModulePatch] Item 'Surv12野战手术包' weight adjusted: 1.2 -> 0.8222223 (empty: 0.35, usage: 0.5555556)
[Debug  :ModulePatch] Item '0.6升瓶装水' weight adjusted: 0.65 -> 0.07983932 (empty: 0.05, usage: 0.0497322)
[Debug  :ModulePatch] Item '安乃近止痛药' weight adjusted: 0.01 -> 0.004029725 (empty: 0.002, usage: 0.2537156)
[Debug  :ModulePatch] Item 'Surv12野战手术包' weight adjusted: 1.2 -> 0.8222223 (empty: 0.35, usage: 0.5555556)
[Debug  :ModulePatch] Item '0.6升瓶装水' weight adjusted: 0.65 -> 0.07983932 (empty: 0.05, usage: 0.0497322)
[Debug  :ModulePatch] Item '安乃近止痛药' weight adjusted: 0.01 -> 0.004029725 (empty: 0.002, usage: 0.2537156)
[Debug  :ModulePatch] Item '0.6升瓶装水' weight adjusted: 0.65 -> 0.07983932 (empty: 0.05, usage: 0.0497322)
[Debug  :ModulePatch] Item '安乃近止痛药' weight adjusted: 0.01 -> 0.004029725 (empty: 0.002, usage: 0.2537156)
[Debug  :ModulePatch] Item '0.6升瓶装水' weight adjusted: 0.65 -> 0.07983932 (empty: 0.05, usage: 0.0497322)
[Debug  :ModulePatch] Item '安乃近止痛药' weight adjusted: 0.01 -> 0.004029725 (empty: 0.002, usage: 0.2537156)
[Error  :Fika.Client] HandleInventoryPacket::Unable to process descriptor from netId 7, error: Could not find item with id: 6a6b5f0268271c5243004d6a
[Debug  :ModulePatch] Item '0.6升瓶装水' weight adjusted: 0.65 -> 0.07983932 (empty: 0.05, usage: 0.0497322)
[Debug  :ModulePatch] Item '安乃近止痛药' weight adjusted: 0.01 -> 0.004029725 (empty: 0.002, usage: 0.2537156)
[Debug  :ModulePatch] Item '0.6升瓶装水' weight adjusted: 0.65 -> 0.07983932 (empty: 0.05, usage: 0.0497322)
[Debug  :ModulePatch] Item '安乃近止痛药' weight adjusted: 0.01 -> 0.004029725 (empty: 0.002, usage: 0.2537156)
[Debug  :ModulePatch] Item '0.6升瓶装水' weight adjusted: 0.65 -> 0.07983932 (empty: 0.05, usage: 0.0497322)
[Debug  :ModulePatch] Item '安乃近止痛药' weight adjusted: 0.01 -> 0.004029725 (empty: 0.002, usage: 0.2537156)
[Debug  :ModulePatch] Item '0.6升瓶装水' weight adjusted: 0.65 -> 0.07983932 (empty: 0.05, usage: 0.0497322)
[Debug  :ModulePatch] Item '安乃近止痛药' weight adjusted: 0.01 -> 0.004029725 (empty: 0.002, usage: 0.2537156)
[Debug  :ModulePatch] Item '0.6升瓶装水' weight adjusted: 0.65 -> 0.07983932 (empty: 0.05, usage: 0.0497322)
[Debug  :ModulePatch] Item '安乃近止痛药' weight adjusted: 0.01 -> 0.004029725 (empty: 0.002, usage: 0.2537156)
[Debug  :ModulePatch] Item '0.6升瓶装水' weight adjusted: 0.65 -> 0.07983932 (empty: 0.05, usage: 0.0497322)
[Debug  :ModulePatch] Item '0.6升瓶装水' weight adjusted: 0.65 -> 0.07983932 (empty: 0.05, usage: 0.0497322)
[Debug  :ModulePatch] Item '0.6升瓶装水' weight adjusted: 0.65 -> 0.5758458 (empty: 0.05, usage: 0.8764096)
[Debug  :ModulePatch] Item 'Grizzly急救包' weight adjusted: 1.6 -> 1.5025 (empty: 0.3, usage: 0.925)
[Debug  :ModulePatch] Item 'Surv12野战手术包' weight adjusted: 1.2 -> 0.7277778 (empty: 0.35, usage: 0.4444444)
[Debug  :ModulePatch] Item '金星软膏' weight adjusted: 0.016 -> 0.0144 (empty: 0.008, usage: 0.8)
[Debug  :ModulePatch] Item '铝固定夹板' weight adjusted: 0.22 -> 0.176 (empty: 0, usage: 0.8)
[Debug  :ModulePatch] Item '0.6升瓶装水' weight adjusted: 0.65 -> 0.5758458 (empty: 0.05, usage: 0.8764096)
[Debug  :ModulePatch] Item 'Grizzly急救包' weight adjusted: 1.6 -> 1.5025 (empty: 0.3, usage: 0.925)
[Debug  :ModulePatch] Item 'Surv12野战手术包' weight adjusted: 1.2 -> 0.7277778 (empty: 0.35, usage: 0.4444444)
[Debug  :ModulePatch] Item '金星软膏' weight adjusted: 0.016 -> 0.0144 (empty: 0.008, usage: 0.8)
[Debug  :ModulePatch] Item '铝固定夹板' weight adjusted: 0.22 -> 0.176 (empty: 0, usage: 0.8)
[Debug  :ModulePatch] Item 'Surv12野战手术包' weight adjusted: 1.2 -> 0.8222223 (empty: 0.35, usage: 0.5555556)
[Debug  :ModulePatch] Item 'Surv12野战手术包' weight adjusted: 1.2 -> 0.8222223 (empty: 0.35, usage: 0.5555556)
[Info   : Fika.Core] [Execute]: Received BTR spawn event from server
[Debug  :ModulePatch] Item '0.6升瓶装水' weight adjusted: 0.65 -> 0.07983932 (empty: 0.05, usage: 0.0497322)
[Debug  :ModulePatch] Item 'Surv12野战手术包' weight adjusted: 1.2 -> 0.8222223 (empty: 0.35, usage: 0.5555556)
[Debug  :ModulePatch] Item 'Surv12野战手术包' weight adjusted: 1.2 -> 0.8222223 (empty: 0.35, usage: 0.5555556)
[Debug  :ModulePatch] Item 'Surv12野战手术包' weight adjusted: 1.2 -> 0.8222223 (empty: 0.35, usage: 0.5555556)
[Debug  :ModulePatch] Item 'Surv12野战手术包' weight adjusted: 1.2 -> 0.8222223 (empty: 0.35, usage: 0.5555556)
[Debug  :ModulePatch] Item 'Surv12野战手术包' weight adjusted: 1.2 -> 0.8222223 (empty: 0.35, usage: 0.5555556)
[Debug  :ModulePatch] Item '0.6升瓶装水' weight adjusted: 0.65 -> 0.5758458 (empty: 0.05, usage: 0.8764096)
[Debug  :ModulePatch] Item 'Grizzly急救包' weight adjusted: 1.6 -> 1.5025 (empty: 0.3, usage: 0.925)
[Debug  :ModulePatch] Item 'Surv12野战手术包' weight adjusted: 1.2 -> 0.7277778 (empty: 0.35, usage: 0.4444444)
[Debug  :ModulePatch] Item '金星软膏' weight adjusted: 0.016 -> 0.0144 (empty: 0.008, usage: 0.8)
[Debug  :ModulePatch] Item '铝固定夹板' weight adjusted: 0.22 -> 0.176 (empty: 0, usage: 0.8)
[Debug  :ModulePatch] Item 'Surv12野战手术包' weight adjusted: 1.2 -> 0.8222223 (empty: 0.35, usage: 0.5555556)
[Debug  :ModulePatch] Item '0.6升瓶装水' weight adjusted: 0.65 -> 0.5758458 (empty: 0.05, usage: 0.8764096)
[Debug  :ModulePatch] Item 'Grizzly急救包' weight adjusted: 1.6 -> 1.5025 (empty: 0.3, usage: 0.925)
[Debug  :ModulePatch] Item 'Surv12野战手术包' weight adjusted: 1.2 -> 0.7277778 (empty: 0.35, usage: 0.4444444)
[Debug  :ModulePatch] Item '金星软膏' weight adjusted: 0.016 -> 0.0144 (empty: 0.008, usage: 0.8)
[Debug  :ModulePatch] Item '铝固定夹板' weight adjusted: 0.22 -> 0.176 (empty: 0, usage: 0.8)
[Debug  :ModulePatch] Item 'Surv12野战手术包' weight adjusted: 1.2 -> 0.8222223 (empty: 0.35, usage: 0.5555556)
[Debug  :ModulePatch] Item 'Surv12野战手术包' weight adjusted: 1.2 -> 0.8222223 (empty: 0.35, usage: 0.5555556)
[Debug  :ModulePatch] Item 'Surv12野战手术包' weight adjusted: 1.2 -> 0.8222223 (empty: 0.35, usage: 0.5555556)
[Debug  :ModulePatch] Item '0.6升瓶装水' weight adjusted: 0.65 -> 0.07983932 (empty: 0.05, usage: 0.0497322)
[Debug  :ModulePatch] Item '0.6升瓶装水' weight adjusted: 0.65 -> 0.5758458 (empty: 0.05, usage: 0.8764096)
[Debug  :ModulePatch] Item 'Grizzly急救包' weight adjusted: 1.6 -> 1.5025 (empty: 0.3, usage: 0.925)
[Debug  :ModulePatch] Item 'Surv12野战手术包' weight adjusted: 1.2 -> 0.7277778 (empty: 0.35, usage: 0.4444444)
[Debug  :ModulePatch] Item '金星软膏' weight adjusted: 0.016 -> 0.0144 (empty: 0.008, usage: 0.8)
[Debug  :ModulePatch] Item '铝固定夹板' weight adjusted: 0.22 -> 0.176 (empty: 0, usage: 0.8)
[Debug  :ModulePatch] Item 'Surv12野战手术包' weight adjusted: 1.2 -> 0.8222223 (empty: 0.35, usage: 0.5555556)
[Debug  :ModulePatch] Item 'Surv12野战手术包' weight adjusted: 1.2 -> 0.8222223 (empty: 0.35, usage: 0.5555556)
[Debug  :ModulePatch] Item '0.6升瓶装水' weight adjusted: 0.65 -> 0.5758458 (empty: 0.05, usage: 0.8764096)
[Debug  :ModulePatch] Item 'Grizzly急救包' weight adjusted: 1.6 -> 1.5025 (empty: 0.3, usage: 0.925)
[Debug  :ModulePatch] Item 'Surv12野战手术包' weight adjusted: 1.2 -> 0.7277778 (empty: 0.35, usage: 0.4444444)
[Debug  :ModulePatch] Item '金星软膏' weight adjusted: 0.016 -> 0.0144 (empty: 0.008, usage: 0.8)
[Debug  :ModulePatch] Item '铝固定夹板' weight adjusted: 0.22 -> 0.176 (empty: 0, usage: 0.8)
[Debug  :ModulePatch] Item 'Surv12野战手术包' weight adjusted: 1.2 -> 0.8222223 (empty: 0.35, usage: 0.5555556)
[Debug  :ModulePatch] Item 'Surv12野战手术包' weight adjusted: 1.2 -> 0.8222223 (empty: 0.35, usage: 0.5555556)
[Debug  :ModulePatch] Item 'AFAK单兵战术急救包' weight adjusted: 0.8 -> 0.5192903 (empty: 0.2, usage: 0.5321506)
[Debug  :ModulePatch] Item 'AFAK单兵战术急救包' weight adjusted: 0.8 -> 0.5192903 (empty: 0.2, usage: 0.5321506)
[Debug  :ModulePatch] Item 'AFAK单兵战术急救包' weight adjusted: 0.8 -> 0.676984 (empty: 0.2, usage: 0.7949734)
[Debug  :ModulePatch] Item 'AFAK单兵战术急救包' weight adjusted: 0.8 -> 0.676984 (empty: 0.2, usage: 0.7949734)
[Debug  :ModulePatch] Item '0.6升瓶装水' weight adjusted: 0.65 -> 0.07983932 (empty: 0.05, usage: 0.0497322)
[Debug  :ModulePatch] Item 'Surv12野战手术包' weight adjusted: 1.2 -> 0.8222223 (empty: 0.35, usage: 0.5555556)
[Debug  :ModulePatch] Item '0.6升瓶装水' weight adjusted: 0.65 -> 0.07983932 (empty: 0.05, usage: 0.0497322)
[Debug  :ModulePatch] Item '0.6升瓶装水' weight adjusted: 0.65 -> 0.07983932 (empty: 0.05, usage: 0.0497322)
[Debug  :ModulePatch] Item 'Surv12野战手术包' weight adjusted: 1.2 -> 0.8222223 (empty: 0.35, usage: 0.5555556)
[Error  : Fika.Core] [ReceiveStatusFromServer]: 69568f09db017222c89b1183 - Client operation rejected by server: 132 - OperationType: GClass3514, Owner: 69568f09db017222c89b1183, 
InternalOperation: OperationType: TransferOperationClass, Owner: 69568f09db017222c89b1183, 
Item: patron_762x51_M80 58dd3ad986f77403051cba8f, Address: StackSlot cartridges in item mag_fal_mmw_fal_sa58_762x51_20 (id: 6a6b5eb4d1a37b3624954d6d), ID: 6a6b5eb4d1a37b3624954d6e, Stack: 3, 
TargetItem: patron_762x51_M80 58dd3ad986f77403051cba8f, Address: grid 1 in item item_equipment_rig_custom_osprey_assault (id: 6a584be06d1ae99388c8da13) at (x: 0, y: 0, r: Horizontal), ID: 6a6b5f0168fc4814e3000001, Stack: 37, 
TransferCount: 1
Reason: Not enough space in target
[Debug  :ModulePatch] Item '0.6升瓶装水' weight adjusted: 0.65 -> 0.07983932 (empty: 0.05, usage: 0.0497322)
[Debug  :ModulePatch] Item '0.6升瓶装水' weight adjusted: 0.65 -> 0.07983932 (empty: 0.05, usage: 0.0497322)
[Debug  :ModulePatch] Item 'AFAK单兵战术急救包' weight adjusted: 0.8 -> 0.676984 (empty: 0.2, usage: 0.7949734)
[Debug  :ModulePatch] Item '0.6升瓶装水' weight adjusted: 0.65 -> 0.07983932 (empty: 0.05, usage: 0.0497322)
[Debug  :ModulePatch] Item 'Surv12野战手术包' weight adjusted: 1.2 -> 0.8222223 (empty: 0.35, usage: 0.5555556)
[Error  : Fika.Core] [ReceiveStatusFromServer]: 69568f09db017222c89b1183 - Client operation rejected by server: 149 - OperationType: GClass3514, Owner: 69568f09db017222c89b1183, 
InternalOperation: OperationType: TransferOperationClass, Owner: 69568f09db017222c89b1183, 
Item: patron_762x51_M80 58dd3ad986f77403051cba8f, Address: StackSlot cartridges in item mag_fal_mmw_fal_sa58_762x51_20 (id: 6a6b5eb4d1a37b3624954d6f), ID: 6a6b5eb4d1a37b3624954d70, Stack: 9, 
TargetItem: patron_762x51_M80 58dd3ad986f77403051cba8f, Address: grid 2 in item item_equipment_rig_custom_osprey_assault (id: 6a584be06d1ae99388c8da13) at (x: 0, y: 0, r: Horizontal), ID: 6a6b5f0168fc4814e3000002, Stack: 4, 
TransferCount: 1
Reason: Not enough space in target
[Error  :Fika.Client] Error in operation: Not enough space in target
[Debug  :ModulePatch] Item '0.6升瓶装水' weight adjusted: 0.65 -> 0.07983932 (empty: 0.05, usage: 0.0497322)
[Debug  :ModulePatch] Item '0.6升瓶装水' weight adjusted: 0.65 -> 0.07983932 (empty: 0.05, usage: 0.0497322)
[Debug  :ModulePatch] Item 'Surv12野战手术包' weight adjusted: 1.2 -> 0.8222223 (empty: 0.35, usage: 0.5555556)
[Debug  :ModulePatch] Item 'AFAK单兵战术急救包' weight adjusted: 0.8 -> 0.676984 (empty: 0.2, usage: 0.7949734)
[Debug  :ModulePatch] Item 'Surv12野战手术包' weight adjusted: 1.2 -> 0.8222223 (empty: 0.35, usage: 0.5555556)
[Debug  :ModulePatch] Item '0.6升瓶装水' weight adjusted: 0.65 -> 0.07983932 (empty: 0.05, usage: 0.0497322)
[Debug  :ModulePatch] Item 'AFAK单兵战术急救包' weight adjusted: 0.8 -> 0.676984 (empty: 0.2, usage: 0.7949734)
[Debug  :ModulePatch] Item 'AFAK单兵战术急救包' weight adjusted: 0.8 -> 0.5192903 (empty: 0.2, usage: 0.5321506)
[Debug  :ModulePatch] Item 'Surv12野战手术包' weight adjusted: 1.2 -> 0.8222223 (empty: 0.35, usage: 0.5555556)
[Debug  :ModulePatch] Item 'AFAK单兵战术急救包' weight adjusted: 0.8 -> 0.676984 (empty: 0.2, usage: 0.7949734)
[Debug  :ModulePatch] Item 'AFAK单兵战术急救包' weight adjusted: 0.8 -> 0.676984 (empty: 0.2, usage: 0.7949734)
[Debug  :ModulePatch] Item '0.6升瓶装水' weight adjusted: 0.65 -> 0.5758458 (empty: 0.05, usage: 0.8764096)
[Debug  :ModulePatch] Item 'Grizzly急救包' weight adjusted: 1.6 -> 1.5025 (empty: 0.3, usage: 0.925)
[Debug  :ModulePatch] Item 'Surv12野战手术包' weight adjusted: 1.2 -> 0.7277778 (empty: 0.35, usage: 0.4444444)
[Debug  :ModulePatch] Item '金星软膏' weight adjusted: 0.016 -> 0.0144 (empty: 0.008, usage: 0.8)
[Debug  :ModulePatch] Item '铝固定夹板' weight adjusted: 0.22 -> 0.176 (empty: 0, usage: 0.8)
[Debug  :ModulePatch] Item '0.6升瓶装水' weight adjusted: 0.65 -> 0.5758458 (empty: 0.05, usage: 0.8764096)
[Debug  :ModulePatch] Item 'Grizzly急救包' weight adjusted: 1.6 -> 1.5025 (empty: 0.3, usage: 0.925)
[Debug  :ModulePatch] Item 'Surv12野战手术包' weight adjusted: 1.2 -> 0.7277778 (empty: 0.35, usage: 0.4444444)
[Debug  :ModulePatch] Item '金星软膏' weight adjusted: 0.016 -> 0.0144 (empty: 0.008, usage: 0.8)
[Debug  :ModulePatch] Item '铝固定夹板' weight adjusted: 0.22 -> 0.176 (empty: 0, usage: 0.8)
[Debug  :ModulePatch] Item '0.6升瓶装水' weight adjusted: 0.65 -> 0.5758458 (empty: 0.05, usage: 0.8764096)
[Debug  :ModulePatch] Item 'Grizzly急救包' weight adjusted: 1.6 -> 1.5025 (empty: 0.3, usage: 0.925)
[Debug  :ModulePatch] Item 'Surv12野战手术包' weight adjusted: 1.2 -> 0.7277778 (empty: 0.35, usage: 0.4444444)
[Debug  :ModulePatch] Item '金星软膏' weight adjusted: 0.016 -> 0.0144 (empty: 0.008, usage: 0.8)
[Debug  :ModulePatch] Item '铝固定夹板' weight adjusted: 0.22 -> 0.176 (empty: 0, usage: 0.8)
[Debug  :ModulePatch] Item '0.6升瓶装水' weight adjusted: 0.65 -> 0.5758458 (empty: 0.05, usage: 0.8764096)
[Debug  :ModulePatch] Item 'Grizzly急救包' weight adjusted: 1.6 -> 1.5025 (empty: 0.3, usage: 0.925)
[Debug  :ModulePatch] Item 'Surv12野战手术包' weight adjusted: 1.2 -> 0.7277778 (empty: 0.35, usage: 0.4444444)
[Debug  :ModulePatch] Item '金星软膏' weight adjusted: 0.016 -> 0.0144 (empty: 0.008, usage: 0.8)
[Debug  :ModulePatch] Item '铝固定夹板' weight adjusted: 0.22 -> 0.176 (empty: 0, usage: 0.8)
[Debug  :ModulePatch] Item 'AFAK单兵战术急救包' weight adjusted: 0.8 -> 0.6604988 (empty: 0.2, usage: 0.767498)
[Debug  :ModulePatch] Item 'Surv12野战手术包' weight adjusted: 1.2 -> 0.8222223 (empty: 0.35, usage: 0.5555556)
[Debug  :ModulePatch] Item 'Surv12野战手术包' weight adjusted: 1.2 -> 0.8222223 (empty: 0.35, usage: 0.5555556)
[Debug  :ModulePatch] Item 'Surv12野战手术包' weight adjusted: 1.2 -> 0.8222223 (empty: 0.35, usage: 0.5555556)
[Debug  :ModulePatch] Item 'Surv12野战手术包' weight adjusted: 1.2 -> 0.8222223 (empty: 0.35, usage: 0.5555556)
[Debug  :ModulePatch] Item '0.6升瓶装水' weight adjusted: 0.65 -> 0.5758458 (empty: 0.05, usage: 0.8764096)
[Debug  :ModulePatch] Item 'Grizzly急救包' weight adjusted: 1.6 -> 1.5025 (empty: 0.3, usage: 0.925)
[Debug  :ModulePatch] Item 'Surv12野战手术包' weight adjusted: 1.2 -> 0.7277778 (empty: 0.35, usage: 0.4444444)
[Debug  :ModulePatch] Item '金星软膏' weight adjusted: 0.016 -> 0.0144 (empty: 0.008, usage: 0.8)
[Debug  :ModulePatch] Item '铝固定夹板' weight adjusted: 0.22 -> 0.176 (empty: 0, usage: 0.8)
[Debug  :ModulePatch] Item '0.6升瓶装水' weight adjusted: 0.65 -> 0.4599156 (empty: 0.05, usage: 0.6831927)
[Debug  :ModulePatch] Item '0.6升瓶装水' weight adjusted: 0.65 -> 0.07983932 (empty: 0.05, usage: 0.0497322)
[Debug  :ModulePatch] Item '0.6升瓶装水' weight adjusted: 0.65 -> 0.4599156 (empty: 0.05, usage: 0.6831927)
[Debug  :ModulePatch] Item '0.6升瓶装水' weight adjusted: 0.65 -> 0.07983932 (empty: 0.05, usage: 0.0497322)
[Error  :Fika.Client] Error in operation: Dialog line 689b5f04b5cdbc348fded88d not found in dialog 67f6916731de488b189fac00
[Error  :Fika.Client] Error in operation: Dialog line 67f691b211cb079db34efdf2 not found in dialog 67f6916731de488b189fac00
[Error  :Fika.Client] Error in operation: Dialog line 68091938b48fc51a2431cea4 not found in dialog 680919265dc7fb36e836ffa4
[Error  :Fika.Client] Error in operation: Dialog line 6809195303bf82bd7e14d400 not found in dialog 680919265dc7fb36e836ffa4
[Error  :Fika.Client] Error in operation: Dialog line 6809197e334fdb9ea432a0a1 not found in dialog 680919265dc7fb36e836ffa4
[Error  :Fika.Client] Error in operation: Dialog line 6809198fd41d44d12e08a65a not found in dialog 680919265dc7fb36e836ffa4
[Error  :Fika.Client] Error in operation: Dialog line 6809199e5dde41d340ace1f3 not found in dialog 680919265dc7fb36e836ffa4
[Error  :Fika.Client] Error in operation: Dialog line 681b46879bf8eb9120dd9c4e not found in dialog 680919265dc7fb36e836ffa4
[Error  :Fika.Client] Error in operation: Dialog line 681b5ecbd39d796fe549f34b not found in dialog 680919265dc7fb36e836ffa4
[Error  :Fika.Client] Error in operation: Dialog line 67f691b211cb079db34efdf2 not found in dialog 67f6916731de488b189fac00
[Error  :Fika.Client] Error in operation: Dialog line 68091938b48fc51a2431cea4 not found in dialog 680919265dc7fb36e836ffa4
[Error  :Fika.Client] Error in operation: Dialog line 68091952d912c22d54af7ca4 not found in dialog 680919265dc7fb36e836ffa4
[Error  :Fika.Client] Error in operation: Dialog line 680919730df5bb0f7ecacea3 not found in dialog 680919265dc7fb36e836ffa4
[Error  :Fika.Client] Error in operation: Dialog line 681b4647d6eaf03604ad8819 not found in dialog 680919265dc7fb36e836ffa4
[Error  :Fika.Client] Error in operation: Dialog line 681b5ecbd39d796fe549f34b not found in dialog 680919265dc7fb36e836ffa4
[Error  :Fika.Client] Error in operation: Dialog line 67f691b6f27449dfde2cae17 not found in dialog 67f6916731de488b189fac00
[Error  :Fika.Client] Error in operation: Dialog line 67f69c0b0efd569be2009740 not found in dialog 67f6916731de488b189fac00
[Debug  :ModulePatch] Item 'Surv12野战手术包' weight adjusted: 1.2 -> 0.8222223 (empty: 0.35, usage: 0.5555556)
[Debug  :ModulePatch] Item 'Surv12野战手术包' weight adjusted: 1.2 -> 0.8222223 (empty: 0.35, usage: 0.5555556)
[Debug  :ModulePatch] Item 'Surv12野战手术包' weight adjusted: 1.2 -> 0.8222223 (empty: 0.35, usage: 0.5555556)
[Debug  :ModulePatch] Item 'Surv12野战手术包' weight adjusted: 1.2 -> 0.8222223 (empty: 0.35, usage: 0.5555556)
[Debug  :ModulePatch] Item '0.6升瓶装水' weight adjusted: 0.65 -> 0.5758458 (empty: 0.05, usage: 0.8764096)
[Debug  :ModulePatch] Item 'Grizzly急救包' weight adjusted: 1.6 -> 1.5025 (empty: 0.3, usage: 0.925)
[Debug  :ModulePatch] Item 'Surv12野战手术包' weight adjusted: 1.2 -> 0.7277778 (empty: 0.35, usage: 0.4444444)
[Debug  :ModulePatch] Item '金星软膏' weight adjusted: 0.016 -> 0.0144 (empty: 0.008, usage: 0.8)
[Debug  :ModulePatch] Item '铝固定夹板' weight adjusted: 0.22 -> 0.176 (empty: 0, usage: 0.8)
[Debug  :ModulePatch] Item 'Surv12野战手术包' weight adjusted: 1.2 -> 0.8222223 (empty: 0.35, usage: 0.5555556)
[Debug  :ModulePatch] Item 'Surv12野战手术包' weight adjusted: 1.2 -> 0.8222223 (empty: 0.35, usage: 0.5555556)
[Debug  :ModulePatch] Item 'Surv12野战手术包' weight adjusted: 1.2 -> 0.8222223 (empty: 0.35, usage: 0.5555556)
[Debug  :ModulePatch] Item 'Surv12野战手术包' weight adjusted: 1.2 -> 0.8222223 (empty: 0.35, usage: 0.5555556)
[Debug  :ModulePatch] Item 'Surv12野战手术包' weight adjusted: 1.2 -> 0.8222223 (empty: 0.35, usage: 0.5555556)
[Error  :Fika.Client] Error in operation: Dialog line 689b5f98f22d143157b50c56 not found in dialog 67f6916731de488b189fac00
[Error  :Fika.Client] Error in operation: Dialog line 67f691b211cb079db34efdf2 not found in dialog 67f6916731de488b189fac00
[Error  :Fika.Client] Error in operation: Dialog line 68091938b48fc51a2431cea4 not found in dialog 680919265dc7fb36e836ffa4
[Error  :Fika.Client] Error in operation: Dialog line 6809195098a912886eac2376 not found in dialog 680919265dc7fb36e836ffa4
[Error  :Fika.Client] Error in operation: Dialog line 67f691b6f27449dfde2cae17 not found in dialog 67f6916731de488b189fac00
[Error  :Fika.Client] Error in operation: Dialog line 67f69c0b0efd569be2009740 not found in dialog 67f6916731de488b189fac00
[Debug  :ModulePatch] Item 'AFAK单兵战术急救包' weight adjusted: 0.8 -> 0.4714681 (empty: 0.2, usage: 0.4524468)
[Debug  :ModulePatch] Item 'Surv12野战手术包' weight adjusted: 1.2 -> 0.8222223 (empty: 0.35, usage: 0.5555556)
[Debug  :ModulePatch] Item 'Surv12野战手术包' weight adjusted: 1.2 -> 0.8222223 (empty: 0.35, usage: 0.5555556)
[Debug  :ModulePatch] Item 'Surv12野战手术包' weight adjusted: 1.2 -> 0.8222223 (empty: 0.35, usage: 0.5555556)
[Debug  :ModulePatch] Item 'Surv12野战手术包' weight adjusted: 1.2 -> 0.8222223 (empty: 0.35, usage: 0.5555556)
[Debug  :ModulePatch] Item 'Surv12野战手术包' weight adjusted: 1.2 -> 0.8222223 (empty: 0.35, usage: 0.5555556)
[Debug  :ModulePatch] Item 'Surv12野战手术包' weight adjusted: 1.2 -> 0.8222223 (empty: 0.35, usage: 0.5555556)
[Debug  :ModulePatch] Item '0.6升瓶装水' weight adjusted: 0.65 -> 0.5758458 (empty: 0.05, usage: 0.8764096)
[Debug  :ModulePatch] Item 'Grizzly急救包' weight adjusted: 1.6 -> 1.5025 (empty: 0.3, usage: 0.925)
[Debug  :ModulePatch] Item 'Surv12野战手术包' weight adjusted: 1.2 -> 0.7277778 (empty: 0.35, usage: 0.4444444)
[Debug  :ModulePatch] Item '金星软膏' weight adjusted: 0.016 -> 0.0144 (empty: 0.008, usage: 0.8)
[Debug  :ModulePatch] Item '铝固定夹板' weight adjusted: 0.22 -> 0.176 (empty: 0, usage: 0.8)
[Debug  :ModulePatch] Item 'Surv12野战手术包' weight adjusted: 1.2 -> 0.8222223 (empty: 0.35, usage: 0.5555556)
[Debug  :ModulePatch] Item 'Surv12野战手术包' weight adjusted: 1.2 -> 0.8222223 (empty: 0.35, usage: 0.5555556)
[Debug  :ModulePatch] Item 'Surv12野战手术包' weight adjusted: 1.2 -> 0.8222223 (empty: 0.35, usage: 0.5555556)
[Debug  :ModulePatch] Item 'Surv12野战手术包' weight adjusted: 1.2 -> 0.8222223 (empty: 0.35, usage: 0.5555556)
[Debug  :ModulePatch] Item 'AFAK单兵战术急救包' weight adjusted: 0.8 -> 0.4714681 (empty: 0.2, usage: 0.4524468)
[Debug  :ModulePatch] Item 'AFAK单兵战术急救包' weight adjusted: 0.8 -> 0.3020135 (empty: 0.2, usage: 0.1700226)
[Error  : Fika.Core] [Execute]: Could not find item with id: 6a6b5ec0d1a37b36249565c0
[Debug  :ModulePatch] Item '布洛芬止痛药' weight adjusted: 0.07 -> 0.04496854 (empty: 0.015, usage: 0.5448826)
[Error  : Fika.Core] [Execute]: Could not find item with id: 6a6b5ec0d1a37b36249565c2
[Error  :Fika.Client] HandleInventoryPacket::Unable to process descriptor from netId 8, error: Could not find item with id: 6a6b5ec0d1a37b36249565c1
[Debug  :ModulePatch] Item '0.6升瓶装水' weight adjusted: 0.65 -> 0.4599156 (empty: 0.05, usage: 0.6831927)
[Debug  :ModulePatch] Item '0.6升瓶装水' weight adjusted: 0.65 -> 0.07983932 (empty: 0.05, usage: 0.0497322)
[Error  : Fika.Core] [Execute]: Could not find item with id: 6a6b5ec0d1a37b36249565c0
[Error  :Fika.Client] HandleInventoryPacket::Unable to process descriptor from netId 8, error: Could not find item with id: 6a6b5ec0d1a37b36249565c3
[Debug  :ModulePatch] Item 'Surv12野战手术包' weight adjusted: 1.2 -> 0.8222223 (empty: 0.35, usage: 0.5555556)
[Debug  :ModulePatch] Item '0.6升瓶装水' weight adjusted: 0.65 -> 0.4599156 (empty: 0.05, usage: 0.6831927)
[Debug  :ModulePatch] Item '0.6升瓶装水' weight adjusted: 0.65 -> 0.07983932 (empty: 0.05, usage: 0.0497322)
[Debug  :ModulePatch] Item '0.6升瓶装水' weight adjusted: 0.65 -> 0.4599156 (empty: 0.05, usage: 0.6831927)
[Debug  :ModulePatch] Item '0.6升瓶装水' weight adjusted: 0.65 -> 0.07983932 (empty: 0.05, usage: 0.0497322)
[Debug  :ModulePatch] Item '0.6升瓶装水' weight adjusted: 0.65 -> 0.4599156 (empty: 0.05, usage: 0.6831927)
[Debug  :ModulePatch] Item '0.6升瓶装水' weight adjusted: 0.65 -> 0.07983932 (empty: 0.05, usage: 0.0497322)
[Debug  :ModulePatch] Item '0.6升瓶装水' weight adjusted: 0.65 -> 0.4599156 (empty: 0.05, usage: 0.6831927)
[Debug  :ModulePatch] Item '0.6升瓶装水' weight adjusted: 0.65 -> 0.07983932 (empty: 0.05, usage: 0.0497322)
[Debug  :ModulePatch] Item '0.6升瓶装水' weight adjusted: 0.65 -> 0.4599156 (empty: 0.05, usage: 0.6831927)
[Debug  :ModulePatch] Item '0.6升瓶装水' weight adjusted: 0.65 -> 0.07983932 (empty: 0.05, usage: 0.0497322)
[Debug  :ModulePatch] Item '0.6升瓶装水' weight adjusted: 0.65 -> 0.4599156 (empty: 0.05, usage: 0.6831927)
[Debug  :ModulePatch] Item '0.6升瓶装水' weight adjusted: 0.65 -> 0.07983932 (empty: 0.05, usage: 0.0497322)
[Debug  :ModulePatch] Item '0.6升瓶装水' weight adjusted: 0.65 -> 0.4599156 (empty: 0.05, usage: 0.6831927)
[Debug  :ModulePatch] Item '0.6升瓶装水' weight adjusted: 0.65 -> 0.07983932 (empty: 0.05, usage: 0.0497322)
[Debug  :ModulePatch] Item '0.6升瓶装水' weight adjusted: 0.65 -> 0.4599156 (empty: 0.05, usage: 0.6831927)
[Debug  :ModulePatch] Item '0.6升瓶装水' weight adjusted: 0.65 -> 0.07983932 (empty: 0.05, usage: 0.0497322)
[Debug  :ModulePatch] Item '0.6升瓶装水' weight adjusted: 0.65 -> 0.4599156 (empty: 0.05, usage: 0.6831927)
[Debug  :ModulePatch] Item '0.6升瓶装水' weight adjusted: 0.65 -> 0.07983932 (empty: 0.05, usage: 0.0497322)
[Error  :Fika.Client] HandleInventoryPacket::Unable to process descriptor from netId 11, error: Could not find item owner with id: 6a6b5ec0d1a37b36249565be
[Debug  :ModulePatch] Item '0.6升瓶装水' weight adjusted: 0.65 -> 0.4599156 (empty: 0.05, usage: 0.6831927)
[Debug  :ModulePatch] Item '0.6升瓶装水' weight adjusted: 0.65 -> 0.07983932 (empty: 0.05, usage: 0.0497322)
[Error  : Fika.Core] [Execute]: Could not find item with id: 6a6b5ec0d1a37b36249565c2
[Error  :Fika.Client] HandleInventoryPacket::Unable to process descriptor from netId 8, error: Could not find item with id: 6a6b5ec0d1a37b36249565c1
[Error  : Fika.Core] [Execute]: Could not find item with id: 6a6b5ec0d1a37b36249565c0
[Debug  :ModulePatch] Item 'Surv12野战手术包' weight adjusted: 1.2 -> 0.8222223 (empty: 0.35, usage: 0.5555556)
[Error  :Fika.Client] HandleInventoryPacket::Unable to process descriptor from netId 8, error: Could not find item with id: 6a6b5ec0d1a37b36249565c2
[Debug  :ModulePatch] Item '0.6升瓶装水' weight adjusted: 0.65 -> 0.4599156 (empty: 0.05, usage: 0.6831927)
[Debug  :ModulePatch] Item '0.6升瓶装水' weight adjusted: 0.65 -> 0.07983932 (empty: 0.05, usage: 0.0497322)
[Debug  :ModulePatch] Item 'Surv12野战手术包' weight adjusted: 1.2 -> 0.8222223 (empty: 0.35, usage: 0.5555556)
[Debug  :ModulePatch] Item 'Surv12野战手术包' weight adjusted: 1.2 -> 0.8222223 (empty: 0.35, usage: 0.5555556)
[Debug  :ModulePatch] Item 'Surv12野战手术包' weight adjusted: 1.2 -> 0.8222223 (empty: 0.35, usage: 0.5555556)
[Debug  :ModulePatch] Item 'Surv12野战手术包' weight adjusted: 1.2 -> 0.8222223 (empty: 0.35, usage: 0.5555556)
[Debug  :ModulePatch] Item '0.6升瓶装水' weight adjusted: 0.65 -> 0.09998795 (empty: 0.05, usage: 0.08331324)
[Debug  :ModulePatch] Item '0.6升瓶装水' weight adjusted: 0.65 -> 0.07983932 (empty: 0.05, usage: 0.0497322)
[Debug  :ModulePatch] Item '0.6升瓶装水' weight adjusted: 0.65 -> 0.09998795 (empty: 0.05, usage: 0.08331324)
[Debug  :ModulePatch] Item '0.6升瓶装水' weight adjusted: 0.65 -> 0.07983932 (empty: 0.05, usage: 0.0497322)
[Debug  :ModulePatch] Item 'Surv12野战手术包' weight adjusted: 1.2 -> 0.8222223 (empty: 0.35, usage: 0.5555556)
[Debug  :ModulePatch] Item '0.6升瓶装水' weight adjusted: 0.65 -> 0.09998795 (empty: 0.05, usage: 0.08331324)
[Debug  :ModulePatch] Item '0.6升瓶装水' weight adjusted: 0.65 -> 0.07983932 (empty: 0.05, usage: 0.0497322)
[Debug  :ModulePatch] Item 'Surv12野战手术包' weight adjusted: 1.2 -> 0.8222223 (empty: 0.35, usage: 0.5555556)
[Debug  :ModulePatch] Item 'Surv12野战手术包' weight adjusted: 1.2 -> 0.8222223 (empty: 0.35, usage: 0.5555556)
[Debug  :ModulePatch] Item '布洛芬止痛药' weight adjusted: 0.07 -> 0.04496854 (empty: 0.015, usage: 0.5448826)
[Debug  :ModulePatch] Item '布洛芬止痛药' weight adjusted: 0.07 -> 0.04496854 (empty: 0.015, usage: 0.5448826)
[Debug  :ModulePatch] Item 'Surv12野战手术包' weight adjusted: 1.2 -> 0.8222223 (empty: 0.35, usage: 0.5555556)
[Debug  :ModulePatch] Item 'Surv12野战手术包' weight adjusted: 1.2 -> 0.8222223 (empty: 0.35, usage: 0.5555556)
[Debug  :ModulePatch] Item 'Surv12野战手术包' weight adjusted: 1.2 -> 0.8222223 (empty: 0.35, usage: 0.5555556)
[Debug  :ModulePatch] Item 'Surv12野战手术包' weight adjusted: 1.2 -> 1.074398 (empty: 0.35, usage: 0.8522329)
[Debug  :ModulePatch] Item '0.6升瓶装水' weight adjusted: 0.65 -> 0.5758458 (empty: 0.05, usage: 0.8764096)
[Debug  :ModulePatch] Item 'Grizzly急救包' weight adjusted: 1.6 -> 1.5025 (empty: 0.3, usage: 0.925)
[Debug  :ModulePatch] Item 'Surv12野战手术包' weight adjusted: 1.2 -> 0.7277778 (empty: 0.35, usage: 0.4444444)
[Debug  :ModulePatch] Item '金星软膏' weight adjusted: 0.016 -> 0.0144 (empty: 0.008, usage: 0.8)
[Debug  :ModulePatch] Item '铝固定夹板' weight adjusted: 0.22 -> 0.176 (empty: 0, usage: 0.8)
[Debug  :ModulePatch] Item 'Surv12野战手术包' weight adjusted: 1.2 -> 0.8222223 (empty: 0.35, usage: 0.5555556)
[Debug  :ModulePatch] Item 'Surv12野战手术包' weight adjusted: 1.2 -> 0.8222223 (empty: 0.35, usage: 0.5555556)
[Debug  :ModulePatch] Item 'Surv12野战手术包' weight adjusted: 1.2 -> 0.8222223 (empty: 0.35, usage: 0.5555556)
[Debug  :ModulePatch] Item 'Surv12野战手术包' weight adjusted: 1.2 -> 0.8222223 (empty: 0.35, usage: 0.5555556)
[Debug  :ModulePatch] Item 'Surv12野战手术包' weight adjusted: 1.2 -> 1.074398 (empty: 0.35, usage: 0.8522329)
[Debug  :ModulePatch] Item 'Surv12野战手术包' weight adjusted: 1.2 -> 0.8222223 (empty: 0.35, usage: 0.5555556)
[Debug  :ModulePatch] Item 'Surv12野战手术包' weight adjusted: 1.2 -> 0.8222223 (empty: 0.35, usage: 0.5555556)
[Debug  :ModulePatch] Item '0.6升瓶装水' weight adjusted: 0.65 -> 0.5758458 (empty: 0.05, usage: 0.8764096)
[Debug  :ModulePatch] Item 'Grizzly急救包' weight adjusted: 1.6 -> 1.5025 (empty: 0.3, usage: 0.925)
[Debug  :ModulePatch] Item 'Surv12野战手术包' weight adjusted: 1.2 -> 0.7277778 (empty: 0.35, usage: 0.4444444)
[Debug  :ModulePatch] Item '金星软膏' weight adjusted: 0.016 -> 0.0144 (empty: 0.008, usage: 0.8)
[Debug  :ModulePatch] Item '铝固定夹板' weight adjusted: 0.22 -> 0.176 (empty: 0, usage: 0.8)
[Debug  :ModulePatch] Item 'Surv12野战手术包' weight adjusted: 1.2 -> 0.8222223 (empty: 0.35, usage: 0.5555556)
[Debug  :ModulePatch] Item 'Surv12野战手术包' weight adjusted: 1.2 -> 0.8222223 (empty: 0.35, usage: 0.5555556)
[Debug  :ModulePatch] Item 'Surv12野战手术包' weight adjusted: 1.2 -> 0.8222223 (empty: 0.35, usage: 0.5555556)
[Debug  :ModulePatch] Item 'Surv12野战手术包' weight adjusted: 1.2 -> 0.8222223 (empty: 0.35, usage: 0.5555556)
NullReferenceException: Object reference not set to an instance of an object
  at TMPro.TMP_SubMeshUI.GetPaddingForMaterial () [0x00000] in <4cc7e2fd048e487db8489f88d5d9f9a0>:0 
  at TMPro.TMP_SubMeshUI.SetSharedMaterial (UnityEngine.Material mat) [0x00013] in <4cc7e2fd048e487db8489f88d5d9f9a0>:0 
  at TMPro.TMP_SubMeshUI.set_sharedMaterial (UnityEngine.Material value) [0x00000] in <4cc7e2fd048e487db8489f88d5d9f9a0>:0 
  at TMPro.TextMeshProUGUI.SetArraySizes (TMPro.TMP_Text+UnicodeChar[] unicodeChars) [0x00cf9] in <4cc7e2fd048e487db8489f88d5d9f9a0>:0 
  at TMPro.TMP_Text.ParseInputText () [0x0004c] in <4cc7e2fd048e487db8489f88d5d9f9a0>:0 
  at TMPro.TextMeshProUGUI.OnPreRenderCanvas () [0x00092] in <4cc7e2fd048e487db8489f88d5d9f9a0>:0 
  at TMPro.TextMeshProUGUI.Rebuild (UnityEngine.UI.CanvasUpdate update) [0x00035] in <4cc7e2fd048e487db8489f88d5d9f9a0>:0 
  at UnityEngine.UI.CanvasUpdateRegistry.PerformUpdate () [0x000eb] in <76ec1fc119664eb3af8df7d79290060a>:0 
UnityEngine.DebugLogHandler:Internal_LogException(Exception, Object)
UnityEngine.DebugLogHandler:LogException(Exception, Object)
Class412:LogException(Exception, Object)
UnityEngine.Logger:LogException(Exception, Object)
UnityEngine.Debug:LogException(Exception, Object)
UnityEngine.UI.CanvasUpdateRegistry:PerformUpdate()
UnityEngine.Canvas:SendWillRenderCanvases()
UnityEngine.Camera:RenderToCubemapImpl(Camera, Texture, Int32)
UnityEngine.Camera:RenderToCubemap(RenderTexture, Int32)
AmbientLight:method_2()
AmbientLight:LateUpdate()

[Debug  :ModulePatch] Item '一盒燕麦片' weight adjusted: 0.4 -> 0.3945265 (empty: 0.02, usage: 0.9855959)
[Debug  :ModulePatch] Item '一盒燕麦片' weight adjusted: 0.4 -> 0.3945265 (empty: 0.02, usage: 0.9855959)
[Debug  :ModulePatch] Item '一盒燕麦片' weight adjusted: 0.4 -> 0.3945265 (empty: 0.02, usage: 0.9855959)
[Debug  :ModulePatch] Item 'Surv12野战手术包' weight adjusted: 1.2 -> 1.074398 (empty: 0.35, usage: 0.8522329)
[Debug  :ModulePatch] Item 'Surv12野战手术包' weight adjusted: 1.2 -> 1.074398 (empty: 0.35, usage: 0.8522329)
[Info   :CoopHandler] F8 pressed, attempting to extract!
Calling Animator.GotoState on Synchronize layer
[Info   :Fika.Client] ..:: Fika Client Session Statistics ::..
[Info   :Fika.Client] Sent packets: 32980
[Info   :Fika.Client] Sent data: 1.99 MB
[Info   :Fika.Client] Received packets: 44650
[Info   :Fika.Client] Received data: 24.79 MB
[Info   :Fika.Client] Packet loss: 0%
[Info   :Fika.Client] Time in raid: 00h 29m 50s
[Info   :NetManagerUtils] Destroyed FikaClient
[Debug  :ModulePatch] Item 'Surv12野战手术包' weight adjusted: 1.2 -> 0.8222223 (empty: 0.35, usage: 0.5555556)
Unloading 308 Unused Serialized files (Serialized files now loaded: 1970)
Unloading 76190 unused Assets to reduce memory usage. Loaded Objects now: 1092173.
Total: 2403.652500 ms (FindLiveObjects: 807.282500 ms CreateObjectMapping: 40.320600 ms MarkObjects: 1021.027400 ms  DeleteObjects: 535.021200 ms)

Unloading 9 Unused Serialized files (Serialized files now loaded: 1970)
[PhysX] Initialized MultithreadedTaskDispatcher with 16 workers.
UnloadTime: 66.967900 ms
Unloading 124 unused Assets to reduce memory usage. Loaded Objects now: 1123075.
Total: 725.698400 ms (FindLiveObjects: 142.825600 ms CreateObjectMapping: 35.668600 ms MarkObjects: 542.181200 ms  DeleteObjects: 5.022500 ms)

NullReferenceException: Object reference not set to an instance of an object
  at EFT.UI.ErrorScreen.smethod_0 (System.String source) [0x00000] in <ad47400a25db462cbf0a531df654c3c3>:0 
  at EFT.UI.ErrorScreen.Show (System.String title, System.String message, System.Single waitingTime, EFT.UI.ErrorScreen+EButtonType buttonType, System.Boolean removeHtml) [0x00023] in <ad47400a25db462cbf0a531df654c3c3>:0 
  at EFT.UI.PreloaderUI.method_1 () [0x0005d] in <ad47400a25db462cbf0a531df654c3c3>:0 
Rethrow as AggregateException: One or more errors occurred. (Object reference not set to an instance of an object)

UnityEngine.DebugLogHandler:Internal_LogException(Exception, Object)
UnityEngine.DebugLogHandler:LogException(Exception, Object)
Class412:LogException(Exception, Object)
UnityEngine.Logger:LogException(Exception, Object)
UnityEngine.Debug:LogException(Exception)
TasksExtensions:HandleFinishedTask(Task)
System.Threading.Tasks.ContinuationTaskFromTask:InnerInvoke()
System.Threading.Tasks.Task:Execute()
System.Threading.Tasks.Task:ExecutionContextCallback(Object)
System.Threading.ExecutionContext:RunInternal(ExecutionContext, ContextCallback, Object, Boolean)
System.Threading.ExecutionContext:Run(ExecutionContext, ContextCallback, Object, Boolean)
System.Threading.Tasks.Task:ExecuteWithThreadLocal(Task&)
System.Threading.Tasks.Task:ExecuteEntry(Boolean)
System.Threading.Tasks.Task:System.Threading.IThreadPoolWorkItem.ExecuteWorkItem()
System.Threading.ThreadPoolWorkQueue:Dispatch()
System.Threading._ThreadPoolWaitCallback:PerformWaitCallback()

[Debug  :ModulePatch] Item 'Surv12野战手术包' weight adjusted: 1.2 -> 0.8222223 (empty: 0.35, usage: 0.5555556)
[Debug  :ModulePatch] Item 'Surv12野战手术包' weight adjusted: 1.2 -> 0.8222223 (empty: 0.35, usage: 0.5555556)
[Info   :RequestHandler] [REQUEST]: /client/ragfair/offerfees
[Info   :RequestHandler] [REQUEST SUCCESSFUL] /client/ragfair/offerfees
[Debug  :ModulePatch] Item 'Surv12野战手术包' weight adjusted: 1.2 -> 0.8222223 (empty: 0.35, usage: 0.5555556)
07/30/2026 22:58:39|Fatal|<>c__DisplayClass176_0.<startReceiving>b__2|System.IO.IOException: Unable to read data from the transport connection: 远程主机强迫关闭了一个现有的连接。
                          
07/30/2026 22:58:46|Fatal|WebSocket.connect|由于套接字没有连接并且(当使用一个 sendto 调用发送数据报套接字时)没有提供地址，发送或接收数据的请求没有被接受。
                          
Memory Statistics:
[ALLOC_TEMP_TLS] TLS Allocator
  StackAllocators : 
    [ALLOC_TEMP_MAIN]
      Peak usage frame count: [0-1.0 KB]: 204 frames, [1.0 KB-2.0 KB]: 16 frames, [2.0 KB-4.0 KB]: 10 frames, [4.0 KB-8.0 KB]: 86571 frames, [8.0 KB-16.0 KB]: 5460 frames, [16.0 KB-32.0 KB]: 1637 frames, [32.0 KB-64.0 KB]: 3307 frames, [64.0 KB-128.0 KB]: 8011 frames, [128.0 KB-256.0 KB]: 44476 frames, [256.0 KB-0.5 MB]: 23233 frames, [0.5 MB-1.0 MB]: 6512 frames, [1.0 MB-2.0 MB]: 135687 frames, [2.0 MB-4.0 MB]: 114137 frames, [4.0 MB-8.0 MB]: 2135 frames
      Initial Block Size 4.0 MB
      Current Block Size 8.0 MB
      Peak Allocated Bytes 8.0 MB
      Overflow Count 559
    [ALLOC_TEMP_Loading.AsyncRead]
      Initial Block Size 64.0 KB
      Current Block Size 96.0 KB
      Peak Allocated Bytes 95.7 KB
      Overflow Count 0
    [ALLOC_TEMP_Loading.PreloadManager]
      Initial Block Size 256.0 KB
      Current Block Size 0.5 MB
      Peak Allocated Bytes 511.9 KB
      Overflow Count 236579
    [ALLOC_TEMP_Background Job.Worker 8]
      Initial Block Size 32.0 KB
      Current Block Size 32.0 KB
      Peak Allocated Bytes 4.4 KB
      Overflow Count 3
    [ALLOC_TEMP_Job.Worker 6]
      Initial Block Size 256.0 KB
      Current Block Size 484.0 KB
      Peak Allocated Bytes 483.0 KB
      Overflow Count 1
    [ALLOC_TEMP_Job.Worker 0]
      Initial Block Size 256.0 KB
      Current Block Size 440.0 KB
      Peak Allocated Bytes 392.9 KB
      Overflow Count 1
    [ALLOC_TEMP_Background Job.Worker 10]
      Initial Block Size 32.0 KB
      Current Block Size 32.0 KB
      Peak Allocated Bytes 4.4 KB
      Overflow Count 1
    [ALLOC_TEMP_Background Job.Worker 9]
      Initial Block Size 32.0 KB
      Current Block Size 32.0 KB
      Peak Allocated Bytes 4.4 KB
      Overflow Count 1
    [ALLOC_TEMP_Job.Worker 5]
      Initial Block Size 256.0 KB
      Current Block Size 508.0 KB
      Peak Allocated Bytes 504.2 KB
      Overflow Count 2
    [ALLOC_TEMP_Background Job.Worker 14]
      Initial Block Size 32.0 KB
      Current Block Size 32.0 KB
      Peak Allocated Bytes 4.4 KB
      Overflow Count 0
    [ALLOC_TEMP_Background Job.Worker 6]
      Initial Block Size 32.0 KB
      Current Block Size 32.0 KB
      Peak Allocated Bytes 4.4 KB
      Overflow Count 2
    [ALLOC_TEMP_Job.Worker 4]
      Initial Block Size 256.0 KB
      Current Block Size 484.0 KB
      Peak Allocated Bytes 479.5 KB
      Overflow Count 8
    [ALLOC_TEMP_ReadCacheIndex]
      Initial Block Size 64.0 KB
      Current Block Size 64.0 KB
      Peak Allocated Bytes 0.6 KB
      Overflow Count 0
    [ALLOC_TEMP_Job.Worker 14]
      Initial Block Size 256.0 KB
      Current Block Size 424.0 KB
      Peak Allocated Bytes 337.2 KB
      Overflow Count 0
    [ALLOC_TEMP_Job.Worker 3]
      Initial Block Size 256.0 KB
      Current Block Size 0.5 MB
      Peak Allocated Bytes 498.3 KB
      Overflow Count 20
    [ALLOC_TEMP_Job.Worker 13]
      Initial Block Size 256.0 KB
      Current Block Size 480.0 KB
      Peak Allocated Bytes 479.5 KB
      Overflow Count 2
    [ALLOC_TEMP_Background Job.Worker 12]
      Initial Block Size 32.0 KB
      Current Block Size 32.0 KB
      Peak Allocated Bytes 4.4 KB
      Overflow Count 0
    [ALLOC_TEMP_EnlightenWorker] x 8
      Initial Block Size 64.0 KB
      Current Block Size 64.0 KB
      Peak Allocated Bytes 54 B
      Overflow Count 0
    [ALLOC_TEMP_] x 3
      Initial Block Size 64.0 KB
      Current Block Size 64.0 KB
      Peak Allocated Bytes 0 B
      Overflow Count 0
    [ALLOC_TEMP_Background Job.Worker 1]
      Initial Block Size 32.0 KB
      Current Block Size 32.0 KB
      Peak Allocated Bytes 4.4 KB
      Overflow Count 9
    [ALLOC_TEMP_Background Job.Worker 2]
      Initial Block Size 32.0 KB
      Current Block Size 32.0 KB
      Peak Allocated Bytes 4.4 KB
      Overflow Count 5
    [ALLOC_TEMP_Background Job.Worker 7]
      Initial Block Size 32.0 KB
      Current Block Size 32.0 KB
      Peak Allocated Bytes 4.4 KB
      Overflow Count 0
    [ALLOC_TEMP_Background Job.Worker 15]
      Initial Block Size 32.0 KB
      Current Block Size 32.0 KB
      Peak Allocated Bytes 4.4 KB
      Overflow Count 0
    [ALLOC_TEMP_UnityGfxDeviceWorker]
      Initial Block Size 256.0 KB
      Current Block Size 468.0 KB
      Peak Allocated Bytes 466.2 KB
      Overflow Count 30
    [ALLOC_TEMP_AssetGarbageCollectorHelper] x 15
      Initial Block Size 64.0 KB
      Current Block Size 64.0 KB
      Peak Allocated Bytes 138 B
      Overflow Count 0
    [ALLOC_TEMP_Background Job.Worker 5]
      Initial Block Size 32.0 KB
      Current Block Size 32.0 KB
      Peak Allocated Bytes 4.4 KB
      Overflow Count 3
    [ALLOC_TEMP_Job.Worker 9]
      Initial Block Size 256.0 KB
      Current Block Size 464.0 KB
      Peak Allocated Bytes 378.6 KB
      Overflow Count 0
    [ALLOC_TEMP_Background Job.Worker 13]
      Initial Block Size 32.0 KB
      Current Block Size 32.0 KB
      Peak Allocated Bytes 4.4 KB
      Overflow Count 0
    [ALLOC_TEMP_Job.Worker 8]
      Initial Block Size 256.0 KB
      Current Block Size 488.0 KB
      Peak Allocated Bytes 449.8 KB
      Overflow Count 0
    [ALLOC_TEMP_Job.Worker 7]
      Initial Block Size 256.0 KB
      Current Block Size 484.0 KB
      Peak Allocated Bytes 296.9 KB
      Overflow Count 0
    [ALLOC_TEMP_Job.Worker 1]
      Initial Block Size 256.0 KB
      Current Block Size 484.0 KB
      Peak Allocated Bytes 436.4 KB
      Overflow Count 0
    [ALLOC_TEMP_Job.Worker 2]
      Initial Block Size 256.0 KB
      Current Block Size 0.5 MB
      Peak Allocated Bytes 504.2 KB
      Overflow Count 43
    [ALLOC_TEMP_Background Job.Worker 3]
      Initial Block Size 32.0 KB
      Current Block Size 32.0 KB
      Peak Allocated Bytes 4.4 KB
      Overflow Count 3
    [ALLOC_TEMP_Background Job.Worker 11]
      Initial Block Size 32.0 KB
      Current Block Size 44.0 KB
      Peak Allocated Bytes 40.3 KB
      Overflow Count 0
    [ALLOC_TEMP_Job.Worker 10]
      Initial Block Size 256.0 KB
      Current Block Size 456.0 KB
      Peak Allocated Bytes 239.9 KB
      Overflow Count 0
    [ALLOC_TEMP_Background Job.Worker 0]
      Initial Block Size 32.0 KB
      Current Block Size 32.0 KB
      Peak Allocated Bytes 4.4 KB
      Overflow Count 0
    [ALLOC_TEMP_Job.Worker 11]
      Initial Block Size 256.0 KB
      Current Block Size 472.0 KB
      Peak Allocated Bytes 328.3 KB
      Overflow Count 0
    [ALLOC_TEMP_Job.Worker 12]
      Initial Block Size 256.0 KB
      Current Block Size 452.0 KB
      Peak Allocated Bytes 381.6 KB
      Overflow Count 1
    [ALLOC_TEMP_Background Job.Worker 4]
      Initial Block Size 32.0 KB
      Current Block Size 32.0 KB
      Peak Allocated Bytes 4.4 KB
      Overflow Count 3
    [ALLOC_TEMP_BatchDeleteObjects]
      Initial Block Size 64.0 KB
      Current Block Size 64.0 KB
      Peak Allocated Bytes 54 B
      Overflow Count 0
[ALLOC_DEFAULT] Dual Thread Allocator
  Peak main deferred allocation count 120439
    [ALLOC_BUCKET]
      Large Block size 4.0 MB
      Used Block count 1
      Peak Allocated bytes 4.0 MB
      Failed Allocations. Bucket layout:
        16B: 94 Subsections = 96256 buckets. Failed count: 46379030
        32B: 23 Subsections = 11776 buckets. Failed count: 17626187
        48B: 22 Subsections = 7509 buckets. Failed count: 41916855
        64B: 33 Subsections = 8448 buckets. Failed count: 7805700
        80B: 36 Subsections = 7372 buckets. Failed count: 12724516
        96B: 9 Subsections = 1536 buckets. Failed count: 9714903
        112B: 4 Subsections = 585 buckets. Failed count: 1534016
        128B: 35 Subsections = 4480 buckets. Failed count: 7007213
    [ALLOC_DEFAULT_MAIN]
      Peak usage frame count: [32.0 MB-64.0 MB]: 422 frames, [64.0 MB-128.0 MB]: 84 frames, [128.0 MB-256.0 MB]: 1022 frames, [256.0 MB-0.50 GB]: 101738 frames, [0.50 GB-1.00 GB]: 91543 frames, [1.00 GB-2.00 GB]: 236587 frames
      Requested Block Size 16.0 MB
      Peak Block count 86
      Peak Allocated memory 1.95 GB
      Peak Large allocation bytes 0.95 GB
    [ALLOC_DEFAULT_THREAD]
      Peak usage frame count: [8.0 MB-16.0 MB]: 245 frames, [16.0 MB-32.0 MB]: 194 frames, [32.0 MB-64.0 MB]: 1076 frames, [64.0 MB-128.0 MB]: 101122 frames, [128.0 MB-256.0 MB]: 45469 frames, [256.0 MB-0.50 GB]: 47213 frames, [0.50 GB-1.00 GB]: 192292 frames, [1.00 GB-2.00 GB]: 43785 frames
      Requested Block Size 16.0 MB
      Peak Block count 70
      Peak Allocated memory 1.06 GB
      Peak Large allocation bytes 328.0 MB
[ALLOC_TEMP_JOB_1_FRAME]
  Initial Block Size 2.0 MB
  Used Block Count 0
  Overflow Count (too large) 0
  Overflow Count (full) 0
[ALLOC_TEMP_JOB_2_FRAMES]
  Initial Block Size 2.0 MB
  Used Block Count 0
  Overflow Count (too large) 0
  Overflow Count (full) 0
[ALLOC_TEMP_JOB_4_FRAMES (JobTemp)]
  Initial Block Size 2.0 MB
  Used Block Count 1
  Overflow Count (too large) 33
  Overflow Count (full) 0
[ALLOC_TEMP_JOB_ASYNC (Background)]
  Initial Block Size 1.0 MB
  Used Block Count 1
  Overflow Count (too large) 26
  Overflow Count (full) 0
[ALLOC_GFX] Dual Thread Allocator
  Peak main deferred allocation count 1370
    [ALLOC_BUCKET]
      Large Block size 4.0 MB
      Used Block count 1
      Peak Allocated bytes 4.0 MB
      Failed Allocations. Bucket layout:
        16B: 94 Subsections = 96256 buckets. Failed count: 46379030
        32B: 23 Subsections = 11776 buckets. Failed count: 17626187
        48B: 22 Subsections = 7509 buckets. Failed count: 41916855
        64B: 33 Subsections = 8448 buckets. Failed count: 7805700
        80B: 36 Subsections = 7372 buckets. Failed count: 12724516
        96B: 9 Subsections = 1536 buckets. Failed count: 9714903
        112B: 4 Subsections = 585 buckets. Failed count: 1534016
        128B: 35 Subsections = 4480 buckets. Failed count: 7007213
    [ALLOC_GFX_MAIN]
      Peak usage frame count: [128.0 KB-256.0 KB]: 425 frames, [256.0 KB-0.5 MB]: 145 frames, [1.0 MB-2.0 MB]: 1246 frames, [8.0 MB-16.0 MB]: 713 frames, [16.0 MB-32.0 MB]: 26357 frames, [32.0 MB-64.0 MB]: 81108 frames, [64.0 MB-128.0 MB]: 321402 frames
      Requested Block Size 16.0 MB
      Peak Block count 7
      Peak Allocated memory 96.6 MB
      Peak Large allocation bytes 0 B
    [ALLOC_GFX_THREAD]
      Peak usage frame count: [8.0 KB-16.0 KB]: 2 frames, [32.0 KB-64.0 KB]: 242 frames, [64.0 KB-128.0 KB]: 173 frames, [128.0 KB-256.0 KB]: 14 frames, [2.0 MB-4.0 MB]: 2 frames, [4.0 MB-8.0 MB]: 916 frames, [16.0 MB-32.0 MB]: 2 frames, [64.0 MB-128.0 MB]: 153 frames, [128.0 MB-256.0 MB]: 106943 frames, [256.0 MB-0.50 GB]: 322949 frames
      Requested Block Size 16.0 MB
      Peak Block count 31
      Peak Allocated memory 474.2 MB
      Peak Large allocation bytes 0 B
[ALLOC_CACHEOBJECTS] Dual Thread Allocator
  Peak main deferred allocation count 4955
    [ALLOC_BUCKET]
      Large Block size 4.0 MB
      Used Block count 1
      Peak Allocated bytes 4.0 MB
      Failed Allocations. Bucket layout:
        16B: 94 Subsections = 96256 buckets. Failed count: 46379030
        32B: 23 Subsections = 11776 buckets. Failed count: 17626187
        48B: 22 Subsections = 7509 buckets. Failed count: 41916855
        64B: 33 Subsections = 8448 buckets. Failed count: 7805700
        80B: 36 Subsections = 7372 buckets. Failed count: 12724516
        96B: 9 Subsections = 1536 buckets. Failed count: 9714903
        112B: 4 Subsections = 585 buckets. Failed count: 1534016
        128B: 35 Subsections = 4480 buckets. Failed count: 7007213
    [ALLOC_CACHEOBJECTS_MAIN]
      Peak usage frame count: [1.00 GB-2.00 GB]: 646 frames, [2.00 GB-4.00 GB]: 430750 frames
      Requested Block Size 4.0 MB
      Peak Block count 559
      Peak Allocated memory 3.83 GB
      Peak Large allocation bytes 2.13 GB
    [ALLOC_CACHEOBJECTS_THREAD]
      Peak usage frame count: [32.0 MB-64.0 MB]: 260 frames, [64.0 MB-128.0 MB]: 3 frames, [128.0 MB-256.0 MB]: 5 frames, [2.00 GB-4.00 GB]: 196826 frames, [4.00 GB-8.00 GB]: 234302 frames
      Requested Block Size 4.0 MB
      Peak Block count 1373
      Peak Allocated memory 5.31 GB
      Peak Large allocation bytes 2.15 GB
[ALLOC_TYPETREE] Dual Thread Allocator
  Peak main deferred allocation count 1
    [ALLOC_BUCKET]
      Large Block size 4.0 MB
      Used Block count 1
      Peak Allocated bytes 4.0 MB
      Failed Allocations. Bucket layout:
        16B: 94 Subsections = 96256 buckets. Failed count: 46379030
        32B: 23 Subsections = 11776 buckets. Failed count: 17626187
        48B: 22 Subsections = 7509 buckets. Failed count: 41916855
        64B: 33 Subsections = 8448 buckets. Failed count: 7805700
        80B: 36 Subsections = 7372 buckets. Failed count: 12724516
        96B: 9 Subsections = 1536 buckets. Failed count: 9714903
        112B: 4 Subsections = 585 buckets. Failed count: 1534016
        128B: 35 Subsections = 4480 buckets. Failed count: 7007213
    [ALLOC_TYPETREE_MAIN]
      Peak usage frame count: [4.0 KB-8.0 KB]: 1551 frames, [8.0 KB-16.0 KB]: 435 frames, [32.0 KB-64.0 KB]: 99640 frames, [64.0 KB-128.0 KB]: 7320 frames, [128.0 KB-256.0 KB]: 322450 frames
      Requested Block Size 2.0 MB
      Peak Block count 1
      Peak Allocated memory 157.6 KB
      Peak Large allocation bytes 0 B
    [ALLOC_TYPETREE_THREAD]
      Peak usage frame count: [128.0 KB-256.0 KB]: 248 frames, [256.0 KB-0.5 MB]: 10 frames, [0.5 MB-1.0 MB]: 1215 frames, [1.0 MB-2.0 MB]: 9 frames, [2.0 MB-4.0 MB]: 7 frames, [4.0 MB-8.0 MB]: 36 frames, [8.0 MB-16.0 MB]: 106886 frames, [16.0 MB-32.0 MB]: 58 frames, [32.0 MB-64.0 MB]: 63755 frames, [64.0 MB-128.0 MB]: 259172 frames
      Requested Block Size 2.0 MB
      Peak Block count 47
      Peak Allocated memory 86.0 MB
      Peak Large allocation bytes 0 B
