[2026-07-30 07:33:57.889][Info][SPTarkov.Server.Modding.ModValidator] 模组加载器：正在加载11个客户端模组……
[2026-07-30 07:33:57.909][Info][SPTarkov.Server.Modding.ModValidator] 模组：Acid's Bot Placement System 版本2.0.19 (GUID: com.acidphantasm.botplacementsystem | targets SPT: ~4.0.3) 作者：acidphantasm 已加载
[2026-07-30 07:33:57.910][Info][SPTarkov.Server.Modding.ModValidator] 模组：CompoundingPerf 版本1.3.0 (GUID: com.echostarz.compoundingperf | targets SPT: ~4.0.13) 作者：EchoStarz 已加载
[2026-07-30 07:33:57.911][Info][SPTarkov.Server.Modding.ModValidator] 模组：server 版本2.3.5 (GUID: Fika | targets SPT: >=4.0.13) 作者：Fika 已加载
[2026-07-30 07:33:57.912][Info][SPTarkov.Server.Modding.ModValidator] 模组：Dynamic Maps 版本1.1.3 (GUID: com.mpstark.dynamicmaps | targets SPT: ~4.0.0) 作者：mpstark 已加载
[2026-07-30 07:33:57.914][Info][SPTarkov.Server.Modding.ModValidator] 模组：QuestingBots 版本0.11.0 (GUID: com.danw.questingbots | targets SPT: ~4.0.2) 作者：DanW 已加载
[2026-07-30 07:33:57.915][Info][SPTarkov.Server.Modding.ModValidator] 模组：ScopeUpdateBackport 版本0.0.0 (GUID: com.scopeupdate.backport | targets SPT: ~4.0.0) 作者：MeowNall 已加载
[2026-07-30 07:33:57.916][Info][SPTarkov.Server.Modding.ModValidator] 模组：SeasonRotator 版本1.0.0 (GUID: com.turbodestroyer.season-rotator | targets SPT: ~4.0.0) 作者：turbodestroyer 已加载
[2026-07-30 07:33:57.917][Info][SPTarkov.Server.Modding.ModValidator] 模组：LootingBots-ServerMod 版本1.7.0 (GUID: me.skwizzy.lootingbots_servermod | targets SPT: ~4.0.0) 作者：Skwizzy 已加载
[2026-07-30 07:33:57.918][Info][SPTarkov.Server.Modding.ModValidator] 模组：SAIN 版本4.4.3 (GUID: me.sol.sain | targets SPT: ~4.0.0) 作者：Solarint 已加载
[2026-07-30 07:33:57.919][Info][SPTarkov.Server.Modding.ModValidator] 模组：Better Rear Sights 版本1.7.0 (GUID: com.pein.betterrearsights | targets SPT: ~4.0.0) 作者：pein 已加载
[2026-07-30 07:33:57.920][Info][SPTarkov.Server.Modding.ModValidator] 模组：Weapon Customizer 版本3.0.3 (GUID: com.tyfon.weaponcustomizer | targets SPT: ~4.0.0) 作者：Tyfon 已加载
[2026-07-30 07:33:57.997][Info][SPTarkov.Server.Core.Loaders.OnWebAppBuildModLoader] Loading OnWebAppBuildMods...
[2026-07-30 07:33:58.025][Info][FikaServer.Services.ConfigService] [Fika Server] Overriding SPT configuration
[2026-07-30 07:33:58.025][Info][SPTarkov.Server.Core.Loaders.OnWebAppBuildModLoader] Finished loading OnWebAppBuildMods...
[2026-07-30 07:33:58.075][Info][SPTarkov.Server.Core.Helpers.CertificateHelper] Loaded self-signed certificate (./user/certs/server.crt)
[2026-07-30 07:33:59.192][Info][SPTarkov.Server.Core.Utils.App] 服务端：正在执行启动回调
[2026-07-30 07:33:59.194][Info][SPTarkov.Server.Core.Utils.Watermark] ┌──────────────────────────────────┐
[2026-07-30 07:33:59.194][Info][SPTarkov.Server.Core.Utils.Watermark] │ SPT 4.0.13                       │
[2026-07-30 07:33:59.194][Info][SPTarkov.Server.Core.Utils.Watermark] │ https://discord.sp-tarkov.com    │
[2026-07-30 07:33:59.194][Info][SPTarkov.Server.Core.Utils.Watermark] │                                  │
[2026-07-30 07:33:59.194][Info][SPTarkov.Server.Core.Utils.Watermark] │ 该软件免费                            │
[2026-07-30 07:33:59.194][Info][SPTarkov.Server.Core.Utils.Watermark] │ 如果你花钱了，说明你被骗了                    │
[2026-07-30 07:33:59.194][Info][SPTarkov.Server.Core.Utils.Watermark] │ 禁止商用                             │
[2026-07-30 07:33:59.194][Info][SPTarkov.Server.Core.Utils.Watermark] └──────────────────────────────────┘
[2026-07-30 07:33:59.195][Info][SPTarkov.Server.Core.Loaders.PreSptModLoader] Loading PreSptMods...
[2026-07-30 07:33:59.195][Info][SPTarkov.Server.Core.Loaders.PreSptModLoader] Finished loading PreSptMods...
[2026-07-30 07:33:59.866][Info][SeasonRotator.ChangeSeason] [Season Rotator] SPRING will end on 2026-08-02
[2026-07-30 07:33:59.896][Info][SPTarkov.Server.Core.Utils.DatabaseImporter] 正在导入数据库……
[2026-07-30 07:33:59.915][Warn][SPTarkov.Server.Core.Utils.DatabaseImporter] 验证文件：./SPT_Data/database/bots/types/assault.json失败
[2026-07-30 07:33:59.917][Warn][SPTarkov.Server.Core.Utils.DatabaseImporter] 验证文件：./SPT_Data/database/bots/types/bear.json失败
[2026-07-30 07:34:00.163][Warn][SPTarkov.Server.Core.Utils.DatabaseImporter] 验证文件：./SPT_Data/database/bots/types/pmcbear.json失败
[2026-07-30 07:34:00.163][Warn][SPTarkov.Server.Core.Utils.DatabaseImporter] 验证文件：./SPT_Data/database/bots/types/pmcbot.json失败
[2026-07-30 07:34:00.165][Warn][SPTarkov.Server.Core.Utils.DatabaseImporter] 验证文件：./SPT_Data/database/bots/types/pmcusec.json失败
[2026-07-30 07:34:00.196][Warn][SPTarkov.Server.Core.Utils.DatabaseImporter] 验证文件：./SPT_Data/database/bots/types/usec.json失败
[2026-07-30 07:34:00.291][Warn][SPTarkov.Server.Core.Utils.DatabaseImporter] 验证文件：./SPT_Data/database/locations/bigmap/base.json失败
[2026-07-30 07:34:00.299][Warn][SPTarkov.Server.Core.Utils.DatabaseImporter] 验证文件：./SPT_Data/database/locations/factory4_day/base.json失败
[2026-07-30 07:34:00.318][Warn][SPTarkov.Server.Core.Utils.DatabaseImporter] 验证文件：./SPT_Data/database/locations/factory4_night/base.json失败
[2026-07-30 07:34:00.335][Warn][SPTarkov.Server.Core.Utils.DatabaseImporter] 验证文件：./SPT_Data/database/locations/interchange/base.json失败
[2026-07-30 07:34:00.429][Warn][SPTarkov.Server.Core.Utils.DatabaseImporter] 验证文件：./SPT_Data/database/locations/lighthouse/base.json失败
[2026-07-30 07:34:00.445][Warn][SPTarkov.Server.Core.Utils.DatabaseImporter] 验证文件：./SPT_Data/database/locations/rezervbase/base.json失败
[2026-07-30 07:34:00.469][Warn][SPTarkov.Server.Core.Utils.DatabaseImporter] 验证文件：./SPT_Data/database/locations/sandbox/base.json失败
[2026-07-30 07:34:00.495][Warn][SPTarkov.Server.Core.Utils.DatabaseImporter] 验证文件：./SPT_Data/database/locations/sandbox_high/base.json失败
[2026-07-30 07:34:00.560][Warn][SPTarkov.Server.Core.Utils.DatabaseImporter] 验证文件：./SPT_Data/database/locations/shoreline/base.json失败
[2026-07-30 07:34:00.671][Warn][SPTarkov.Server.Core.Utils.DatabaseImporter] 验证文件：./SPT_Data/database/locations/tarkovstreets/base.json失败
[2026-07-30 07:34:00.722][Warn][SPTarkov.Server.Core.Utils.DatabaseImporter] 验证文件：./SPT_Data/database/locations/woods/base.json失败
[2026-07-30 07:34:01.674][Info][SPTarkov.Server.Core.Utils.DatabaseImporter] 数据库导入完成
[2026-07-30 07:34:01.829][Info][SPTBetterRearSights.BetterRearSights] Successfully loaded Better Rear Sights! Good luck!
[2026-07-30 07:34:01.829][Info][QuestingBots.QuestingBots_Server] [QuestingBots] Loaded mod GUIDs: com.acidphantasm.botplacementsystem, com.echostarz.compoundingperf, Fika, com.mpstark.dynamicmaps, com.danw.questingbots, com.scopeupdate.backport, com.turbodestroyer.season-rotator, me.skwizzy.lootingbots_servermod, me.sol.sain, com.pein.betterrearsights, com.tyfon.weaponcustomizer
[2026-07-30 07:34:01.830][Warn][QuestingBots.QuestingBots_Server] [QuestingBots] Acid's Bot Placement System detected. Disabling the Questing Bots spawning system.
[2026-07-30 07:34:01.831][Info][QuestingBots.QuestingBots_Server] [QuestingBots] Removed 0 blacklisted PMC brain types
[2026-07-30 07:34:01.831][Info][QuestingBots.QuestingBots_Server] [QuestingBots] Removed 10 blacklisted Player Scav brain types
[2026-07-30 07:34:01.832][Info][LootingBotsServerMod.PostDBLoad] [LootingBots-ServerMod] Marking items with DiscardLimits as InsuranceDisabled
[2026-07-30 07:34:01.833][Info][LootingBotsServerMod.PostDBLoad] [LootingBots-ServerMod] Global config DiscardLimitsEnabled set to false
[2026-07-30 07:34:01.833][Info][QuestingBots.QuestingBots_Server] [QuestingBots] Player scav spawning will be managed by the Questing Bots spawning system
[2026-07-30 07:34:01.859][Info][CompoundingPerf.CompoundingPerfMod] [CompoundingPerf/S1] profile-save coalescer ACTIVE — DI override of SaveServer in place, trailing-edge semantics
[2026-07-30 07:34:01.860][Info][CompoundingPerf.CompoundingPerfMod] [CompoundingPerf/S2] response cache ACTIVE — 15 default paths + 0 additional
[2026-07-30 07:34:01.862][Info][CompoundingPerf.CompoundingPerfMod] [CompoundingPerf/S6] thread-safe RandomUtil ACTIVE — DI override + GetSecureRandomNumber patched
[2026-07-30 07:34:01.872][Info][CompoundingPerf.CompoundingPerfMod] [CompoundingPerf/S7] response sanitizer ACTIVE — single-pass ClearString replaces five regex passes
[2026-07-30 07:34:01.872][Info][CompoundingPerf.CompoundingPerfMod] [CompoundingPerf/S8] calm ragfair updates ACTIVE — offer expiry runs without vanilla's forced blocking GC
[2026-07-30 07:34:01.873][Info][CompoundingPerf.CompoundingPerfMod] [CompoundingPerf/S9] fast response compression ACTIVE — zlib level Fastest (vanilla: SmallestSize)
[2026-07-30 07:34:01.873][Info][CompoundingPerf.CompoundingPerfMod] [CompoundingPerf/S10] thread-safe caches ACTIVE — HandbookHelper, ItemBaseClassService, ItemFilterService gated
[2026-07-30 07:34:01.873][Info][CompoundingPerf.CompoundingPerfMod] [CompoundingPerf/S11] save dirty-tracking ACTIVE — clean sessions skip serialization (force-save every 300s)
[2026-07-30 07:34:01.873][Info][CompoundingPerf.CompoundingPerfMod] [CompoundingPerf/S12] isolated bot randomisation ACTIVE — nighttime modifiers no longer compound, persist, or race on shared config
[2026-07-30 07:34:01.873][Info][CompoundingPerf.CompoundingPerfMod] [CompoundingPerf/S13] calm notifier ACTIVE — websocket sends moved outside the global lock, long-polls release their threads
[2026-07-30 07:34:01.873][Info][CompoundingPerf.CompoundingPerfMod] [CompoundingPerf] server-side features loaded
[2026-07-30 07:34:03.468][Info][SPTarkov.Server.Core.Servers.RagfairServer] 正在生成跳蚤报价……
[2026-07-30 07:34:05.010][Info][WeaponCustomizer.Server.PostSptLoad] WeaponCustomizer loaded 23 customized weapons and 7 customized presets
[2026-07-30 07:34:05.012][Info][SPTarkov.Server.Core.Utils.App] webserver已于https://0.0.0.0:6969启动
[2026-07-30 07:34:05.013][Info][SPTarkov.Server.Core.Utils.App] websocket启动于wss://0.0.0.0:6969
[2026-07-30 07:34:05.014][Info][SPTarkov.Server.Core.Utils.App] 服务端已开启，游戏愉快
[2026-07-30 07:34:09.220][Info][SPTarkov.Server.Logger.SptLoggerMiddleware] [客户端请求] /launcher/server/connect
[2026-07-30 07:34:09.405][Info][SPTarkov.Server.Logger.SptLoggerMiddleware] [客户端请求] /launcher/ping
[2026-07-30 07:34:09.486][Info][SPTarkov.Server.Logger.SptLoggerMiddleware] [客户端请求] /launcher/server/version
[2026-07-30 07:34:09.572][Info][SPTarkov.Server.Logger.SptLoggerMiddleware] [客户端请求] /files/launcher/bg.png
[2026-07-30 07:34:13.526][Info][SPTarkov.Server.Logger.SptLoggerMiddleware] [客户端请求] /launcher/profile/login
[2026-07-30 07:34:13.686][Info][SPTarkov.Server.Logger.SptLoggerMiddleware] [客户端请求] /launcher/ping
[2026-07-30 07:34:13.687][Info][SPTarkov.Server.Logger.SptLoggerMiddleware] [客户端请求] /launcher/profile/get
[2026-07-30 07:34:13.847][Info][SPTarkov.Server.Logger.SptLoggerMiddleware] [客户端请求] /launcher/profile/info
[2026-07-30 07:34:14.016][Info][SPTarkov.Server.Logger.SptLoggerMiddleware] [客户端请求] /launcher/server/version
[2026-07-30 07:34:14.017][Info][SPTarkov.Server.Logger.SptLoggerMiddleware] [客户端请求] /launcher/server/loadedServerMods
[2026-07-30 07:34:14.093][Info][SPTarkov.Server.Logger.SptLoggerMiddleware] [客户端请求] /files/launcher/side_bear.png
[2026-07-30 07:34:14.104][Info][SPTarkov.Server.Logger.SptLoggerMiddleware] [客户端请求] /launcher/server/serverModsUsedByProfile
[2026-07-30 07:34:14.498][Info][SPTarkov.Server.Logger.SptLoggerMiddleware] [客户端请求] /launcher/profile/login
[2026-07-30 07:34:14.653][Info][SPTarkov.Server.Logger.SptLoggerMiddleware] [客户端请求] /launcher/profile/get
[2026-07-30 07:34:14.807][Info][SPTarkov.Server.Logger.SptLoggerMiddleware] [客户端请求] /launcher/profile/info
[2026-07-30 07:34:14.969][Info][SPTarkov.Server.Logger.SptLoggerMiddleware] [客户端请求] /launcher/server/version
[2026-07-30 07:34:16.413][Info][SPTarkov.Server.Logger.SptLoggerMiddleware] [客户端请求] /launcher/profile/login
[2026-07-30 07:34:16.567][Info][SPTarkov.Server.Logger.SptLoggerMiddleware] [客户端请求] /launcher/profile/get
[2026-07-30 07:34:16.722][Info][SPTarkov.Server.Logger.SptLoggerMiddleware] [客户端请求] /launcher/profile/info
[2026-07-30 07:34:16.877][Info][SPTarkov.Server.Logger.SptLoggerMiddleware] [客户端请求] /launcher/server/version
[2026-07-30 07:34:16.957][Info][SPTarkov.Server.Logger.SptLoggerMiddleware] [客户端请求] /launcher/server/version
[2026-07-30 07:34:34.568][Info][SPTarkov.Server.Logger.SptLoggerMiddleware] [客户端请求] /singleplayer/bosstypes
[2026-07-30 07:34:35.527][Info][SPTarkov.Server.Logger.SptLoggerMiddleware] [客户端请求] /fika/natpunchserver/config
[2026-07-30 07:34:36.210][Info][SPTarkov.Server.Logger.SptLoggerMiddleware] [客户端请求] /fika/client/config
[2026-07-30 07:34:36.313][Info][SPTarkov.Server.Logger.SptLoggerMiddleware] [客户端请求] /singleplayer/settings/bot/difficulties/
[2026-07-30 07:34:38.437][Info][SPTarkov.Server.Logger.SptLoggerMiddleware] [客户端请求] /singleplayer/settings/bot/difficulty/core/core
[2026-07-30 07:34:44.166][Info][SPTarkov.Server.Logger.SptLoggerMiddleware] [客户端请求] /singleplayer/settings/version
[2026-07-30 07:34:44.249][Info][SPTarkov.Server.Logger.SptLoggerMiddleware] [客户端请求] /singleplayer/release
[2026-07-30 07:34:44.347][Info][SPTarkov.Server.Logger.SptLoggerMiddleware] [客户端请求] /singleplayer/moddedTraders
[2026-07-30 07:34:44.429][Info][SPTarkov.Server.Logger.SptLoggerMiddleware] [客户端请求] /singleplayer/enableBSGlogging
[2026-07-30 07:34:45.268][Info][SPTarkov.Server.Logger.SptLoggerMiddleware] [客户端请求] /singleplayer/bundles
[2026-07-30 07:34:49.516][Info][SPTarkov.Server.Logger.SptLoggerMiddleware] [客户端请求] /fika/client/check/version
[2026-07-30 07:34:49.620][Info][SPTarkov.Server.Logger.SptLoggerMiddleware] [客户端请求] /fika/client/check/mods
[2026-07-30 07:35:03.515][Info][SPTarkov.Server.Logger.SptLoggerMiddleware] [客户端请求] /dynamicmaps/load
[2026-07-30 07:35:03.754][Info][SPTarkov.Server.Logger.SptLoggerMiddleware] [客户端请求] /singleplayer/settings/version
[2026-07-30 07:35:04.301][Info][SPTarkov.Server.Logger.SptLoggerMiddleware] [客户端请求] /client/menu/locale/ch
[2026-07-30 07:35:04.689][Info][SPTarkov.Server.Logger.SptLoggerMiddleware] [客户端请求] /client/game/mode
[2026-07-30 07:35:05.076][Info][SPTarkov.Server.Logger.SptLoggerMiddleware] [客户端请求] /client/game/start
[2026-07-30 07:35:05.219][Info][SPTarkov.Server.Logger.SptLoggerMiddleware] [客户端请求] /singleplayer/clientmods
[2026-07-30 07:35:05.589][Info][SPTarkov.Server.Logger.SptLoggerMiddleware] [客户端请求] /client/game/version/validate
[2026-07-30 07:35:05.961][Info][SPTarkov.Server.Logger.SptLoggerMiddleware] [客户端请求] /client/languages
[2026-07-30 07:35:06.318][Info][SPTarkov.Server.Logger.SptLoggerMiddleware] [客户端请求] /client/game/config
[2026-07-30 07:35:06.694][Info][SPTarkov.Server.Logger.SptLoggerMiddleware] [客户端请求] /client/items
[2026-07-30 07:35:07.151][Info][SPTarkov.Server.Logger.SptLoggerMiddleware] [客户端请求] /launcher/server/connect
[2026-07-30 07:35:07.167][Info][SPTarkov.Server.Logger.SptLoggerMiddleware] [客户端请求] /launcher/ping
[2026-07-30 07:35:07.170][Info][SPTarkov.Server.Logger.SptLoggerMiddleware] [客户端请求] /launcher/server/version
[2026-07-30 07:35:07.178][Info][SPTarkov.Server.Logger.SptLoggerMiddleware] [客户端请求] /files/launcher/bg.png
[2026-07-30 07:35:07.191][Info][SPTarkov.Server.Logger.SptLoggerMiddleware] [客户端请求] /launcher/profiles
[2026-07-30 07:35:07.200][Info][SPTarkov.Server.Logger.SptLoggerMiddleware] [客户端请求] /launcher/server/version
[2026-07-30 07:35:07.267][Info][SPTarkov.Server.Logger.SptLoggerMiddleware] [客户端请求] /files/launcher/side_bear.png
[2026-07-30 07:35:07.380][Info][SPTarkov.Server.Logger.SptLoggerMiddleware] [客户端请求] /launcher/server/version
[2026-07-30 07:35:07.488][Info][SPTarkov.Server.Logger.SptLoggerMiddleware] [客户端请求] /launcher/server/version
[2026-07-30 07:35:07.596][Info][SPTarkov.Server.Logger.SptLoggerMiddleware] [客户端请求] /launcher/server/version
[2026-07-30 07:35:07.705][Info][SPTarkov.Server.Logger.SptLoggerMiddleware] [客户端请求] /launcher/ping
[2026-07-30 07:35:11.425][Info][SPTarkov.Server.Logger.SptLoggerMiddleware] [客户端请求] /launcher/profile/login
[2026-07-30 07:35:11.429][Info][SPTarkov.Server.Logger.SptLoggerMiddleware] [客户端请求] /launcher/profile/get
[2026-07-30 07:35:11.433][Info][SPTarkov.Server.Logger.SptLoggerMiddleware] [客户端请求] /launcher/profile/info
[2026-07-30 07:35:11.435][Info][SPTarkov.Server.Logger.SptLoggerMiddleware] [客户端请求] /launcher/server/version
[2026-07-30 07:35:11.441][Info][SPTarkov.Server.Logger.SptLoggerMiddleware] [客户端请求] /launcher/server/loadedServerMods
[2026-07-30 07:35:11.448][Info][SPTarkov.Server.Logger.SptLoggerMiddleware] [客户端请求] /launcher/server/serverModsUsedByProfile
[2026-07-30 07:35:11.450][Info][SPTarkov.Server.Logger.SptLoggerMiddleware] [客户端请求] /launcher/profile/login
[2026-07-30 07:35:11.451][Info][SPTarkov.Server.Logger.SptLoggerMiddleware] [客户端请求] /launcher/profile/get
[2026-07-30 07:35:11.453][Info][SPTarkov.Server.Logger.SptLoggerMiddleware] [客户端请求] /launcher/profile/info
[2026-07-30 07:35:11.454][Info][SPTarkov.Server.Logger.SptLoggerMiddleware] [客户端请求] /launcher/server/version
[2026-07-30 07:35:12.313][Info][SPTarkov.Server.Logger.SptLoggerMiddleware] [客户端请求] /launcher/profile/login
[2026-07-30 07:35:12.315][Info][SPTarkov.Server.Logger.SptLoggerMiddleware] [客户端请求] /launcher/profile/get
[2026-07-30 07:35:12.316][Info][SPTarkov.Server.Logger.SptLoggerMiddleware] [客户端请求] /launcher/profile/info
[2026-07-30 07:35:12.318][Info][SPTarkov.Server.Logger.SptLoggerMiddleware] [客户端请求] /launcher/server/version
[2026-07-30 07:35:12.326][Info][SPTarkov.Server.Logger.SptLoggerMiddleware] [客户端请求] /launcher/server/version
[2026-07-30 07:35:18.529][Info][SPTarkov.Server.Logger.SptLoggerMiddleware] [客户端请求] /launcher/profile/info
[2026-07-30 07:35:18.686][Info][SPTarkov.Server.Logger.SptLoggerMiddleware] [客户端请求] /launcher/server/version
[2026-07-30 07:35:20.023][Info][SPTarkov.Server.Logger.SptLoggerMiddleware] [客户端请求] /client/customization
[2026-07-30 07:35:20.086][Info][SPTarkov.Server.Logger.SptLoggerMiddleware] [客户端请求] /client/trading/api/traderSettings
[2026-07-30 07:35:20.090][Info][SPTarkov.Server.Logger.SptLoggerMiddleware] [客户端请求] /client/prestige/list
[2026-07-30 07:35:20.094][Info][SPTarkov.Server.Logger.SptLoggerMiddleware] [客户端请求] /client/settings
[2026-07-30 07:35:20.095][Info][SPTarkov.Server.Logger.SptLoggerMiddleware] [客户端请求] /client/globals
[2026-07-30 07:35:20.801][Info][SPTarkov.Server.Logger.SptLoggerMiddleware] [客户端请求] /client/customization/storage
[2026-07-30 07:35:21.905][Info][SPTarkov.Server.Logger.SptLoggerMiddleware] [客户端请求] /QuestingBots/GetConfig
[2026-07-30 07:35:22.039][Info][SPTarkov.Server.Logger.SptLoggerMiddleware] [客户端请求] /client/game/profile/list
[2026-07-30 07:35:22.044][Info][SPTarkov.Server.Logger.SptLoggerMiddleware] [客户端请求] /client/dialogue
[2026-07-30 07:35:22.765][Info][SPTarkov.Server.Logger.SptLoggerMiddleware] [客户端请求] /singleplayer/bosstypes
[2026-07-30 07:35:23.559][Info][SPTarkov.Server.Logger.SptLoggerMiddleware] [客户端请求] /fika/natpunchserver/config
[2026-07-30 07:35:24.160][Info][SPTarkov.Server.Logger.SptLoggerMiddleware] [客户端请求] /fika/client/config
[2026-07-30 07:35:24.174][Info][SPTarkov.Server.Logger.SptLoggerMiddleware] [客户端请求] /singleplayer/settings/bot/difficulties/
[2026-07-30 07:35:24.322][Info][SPTarkov.Server.Logger.SptLoggerMiddleware] [客户端请求] /singleplayer/settings/bot/difficulty/core/core
[2026-07-30 07:35:24.675][Info][SPTarkov.Server.Logger.SptLoggerMiddleware] [客户端请求] /client/game/profile/select
[2026-07-30 07:35:25.053][Info][SPTarkov.Server.Logger.SptLoggerMiddleware] [客户端请求] /client/profile/status
[2026-07-30 07:35:25.498][Info][SPTarkov.Server.Logger.SptLoggerMiddleware] [客户端请求] /client/handbook/templates
[2026-07-30 07:35:27.785][Info][SPTarkov.Server.Logger.SptLoggerMiddleware] [客户端请求] /client/builds/list
[2026-07-30 07:35:28.168][Info][SPTarkov.Server.Logger.SptLoggerMiddleware] [客户端请求] /weaponcustomizer/load
[2026-07-30 07:35:28.562][Info][SPTarkov.Server.Logger.SptLoggerMiddleware] [WebSocket 请求] /fika/notification/
[2026-07-30 07:35:30.946][Info][SPTarkov.Server.Logger.SptLoggerMiddleware] [客户端请求] /client/notifier/channel/create
[2026-07-30 07:35:30.953][Info][SPTarkov.Server.Logger.SptLoggerMiddleware] [客户端请求] /client/profile/status
[2026-07-30 07:35:30.959][Info][SPTarkov.Server.Logger.SptLoggerMiddleware] [客户端请求] /client/weather
[2026-07-30 07:35:30.963][Info][SPTarkov.Server.Logger.SptLoggerMiddleware] [客户端请求] /client/locale/ch
[2026-07-30 07:35:30.965][Info][SPTarkov.Server.Logger.SptLoggerMiddleware] [客户端请求] /client/locations
[2026-07-30 07:35:31.171][Info][SPTarkov.Server.Logger.SptLoggerMiddleware] [客户端请求] /client/hideout/areas
[2026-07-30 07:35:31.177][Info][SPTarkov.Server.Logger.SptLoggerMiddleware] [客户端请求] /client/hideout/qte/list
[2026-07-30 07:35:31.181][Info][SPTarkov.Server.Logger.SptLoggerMiddleware] [客户端请求] /client/hideout/settings
[2026-07-30 07:35:31.183][Info][SPTarkov.Server.Logger.SptLoggerMiddleware] [客户端请求] /client/hideout/production/recipes
[2026-07-30 07:35:31.204][Info][SPTarkov.Server.Logger.SptLoggerMiddleware] [客户端请求] /client/hideout/customization/offer/list
[2026-07-30 07:35:31.440][Info][SPTarkov.Server.Logger.SptLoggerMiddleware] [WebSocket 请求] /notifierServer/getwebsocket/69802d793401cb1dcc190aae
[2026-07-30 07:35:31.442][Info][SPTarkov.Server.Core.Servers.Ws.SptWebSocketConnectionHandler] [WS] 玩家：Maxryuki (69802d793401cb1dcc190aae) 20260730073531440 已连接
[2026-07-30 07:35:35.368][Info][SPTarkov.Server.Logger.SptLoggerMiddleware] [客户端请求] /singleplayer/log
[2026-07-30 07:35:35.384][Warn][SPTarkov.Server.Core.Controllers.ClientLogController] [Warning: SPT.Core] Validation failed
[2026-07-30 07:35:37.502][Info][SPTarkov.Server.Logger.SptLoggerMiddleware] [客户端请求] /client/server/list
[2026-07-30 07:35:37.513][Info][SPTarkov.Server.Logger.SptLoggerMiddleware] [客户端请求] /client/match/group/current
[2026-07-30 07:35:37.517][Info][SPTarkov.Server.Logger.SptLoggerMiddleware] [客户端请求] /client/friend/list
[2026-07-30 07:35:37.522][Info][SPTarkov.Server.Logger.SptLoggerMiddleware] [客户端请求] /client/mail/dialog/list
[2026-07-30 07:35:37.526][Info][SPTarkov.Server.Logger.SptLoggerMiddleware] [客户端请求] /client/friend/request/list/inbox
[2026-07-30 07:35:37.530][Info][SPTarkov.Server.Logger.SptLoggerMiddleware] [客户端请求] /client/friend/request/list/outbox
[2026-07-30 07:35:37.532][Info][SPTarkov.Server.Logger.SptLoggerMiddleware] [客户端请求] /client/quest/list
[2026-07-30 07:35:40.458][Info][SPTarkov.Server.Logger.SptLoggerMiddleware] [客户端请求] /client/achievement/statistic
[2026-07-30 07:35:40.822][Info][SPTarkov.Server.Logger.SptLoggerMiddleware] [客户端请求] /client/achievement/list
[2026-07-30 07:35:41.652][Info][SPTarkov.Server.Logger.SptLoggerMiddleware] [客户端请求] /client/repeatalbeQuests/activityPeriods
[2026-07-30 07:35:42.199][Info][SPTarkov.Server.Logger.SptLoggerMiddleware] [客户端请求] /client/survey
[2026-07-30 07:35:42.954][Info][SPTarkov.Server.Logger.SptLoggerMiddleware] [客户端请求] /fika/presence/get
[2026-07-30 07:35:43.058][Info][SPTarkov.Server.Logger.SptLoggerMiddleware] [客户端请求] /sain/namepersonalities
[2026-07-30 07:35:50.629][Info][SPTarkov.Server.Logger.SptLoggerMiddleware] [客户端请求] /singleplayer/settings/version
[2026-07-30 07:35:50.632][Info][SPTarkov.Server.Logger.SptLoggerMiddleware] [客户端请求] /singleplayer/release
[2026-07-30 07:35:50.642][Info][SPTarkov.Server.Logger.SptLoggerMiddleware] [客户端请求] /singleplayer/moddedTraders
[2026-07-30 07:35:50.644][Info][SPTarkov.Server.Logger.SptLoggerMiddleware] [客户端请求] /singleplayer/enableBSGlogging
[2026-07-30 07:35:51.549][Info][SPTarkov.Server.Logger.SptLoggerMiddleware] [客户端请求] /singleplayer/bundles
[2026-07-30 07:35:55.650][Info][SPTarkov.Server.Logger.SptLoggerMiddleware] [客户端请求] /fika/client/check/version
[2026-07-30 07:35:55.681][Info][SPTarkov.Server.Logger.SptLoggerMiddleware] [客户端请求] /fika/client/check/mods
[2026-07-30 07:35:55.884][Info][SPTarkov.Server.Logger.SptLoggerMiddleware] [客户端请求] /client/checkVersion
[2026-07-30 07:35:57.708][Info][SPTarkov.Server.Logger.SptLoggerMiddleware] [客户端请求] /dynamicmaps/load
[2026-07-30 07:35:57.715][Info][SPTarkov.Server.Logger.SptLoggerMiddleware] [客户端请求] /singleplayer/settings/version
[2026-07-30 07:35:57.907][Info][SPTarkov.Server.Logger.SptLoggerMiddleware] [客户端请求] /client/menu/locale/ch
[2026-07-30 07:35:57.981][Info][SPTarkov.Server.Logger.SptLoggerMiddleware] [客户端请求] /client/game/mode
[2026-07-30 07:35:58.041][Info][SPTarkov.Server.Logger.SptLoggerMiddleware] [客户端请求] /client/game/start
[2026-07-30 07:35:58.099][Info][SPTarkov.Server.Logger.SptLoggerMiddleware] [客户端请求] /singleplayer/clientmods
[2026-07-30 07:35:58.156][Info][SPTarkov.Server.Logger.SptLoggerMiddleware] [客户端请求] /client/game/version/validate
[2026-07-30 07:35:58.205][Info][SPTarkov.Server.Logger.SptLoggerMiddleware] [客户端请求] /client/languages
[2026-07-30 07:35:58.274][Info][SPTarkov.Server.Logger.SptLoggerMiddleware] [客户端请求] /client/game/config
[2026-07-30 07:35:58.350][Info][SPTarkov.Server.Logger.SptLoggerMiddleware] [客户端请求] /client/items
[2026-07-30 07:36:01.922][Info][SPTarkov.Server.Logger.SptLoggerMiddleware] [客户端请求] /client/game/profile/items/moving
[2026-07-30 07:36:05.870][Info][SPTarkov.Server.Logger.SptLoggerMiddleware] [客户端请求] /client/customization
[2026-07-30 07:36:05.996][Info][SPTarkov.Server.Logger.SptLoggerMiddleware] [客户端请求] /client/globals
[2026-07-30 07:36:06.009][Info][SPTarkov.Server.Logger.SptLoggerMiddleware] [客户端请求] /client/trading/api/traderSettings
[2026-07-30 07:36:06.018][Info][SPTarkov.Server.Logger.SptLoggerMiddleware] [客户端请求] /client/prestige/list
[2026-07-30 07:36:06.018][Info][SPTarkov.Server.Logger.SptLoggerMiddleware] [客户端请求] /client/settings
[2026-07-30 07:36:06.660][Info][SPTarkov.Server.Logger.SptLoggerMiddleware] [客户端请求] /client/customization/storage
[2026-07-30 07:36:06.850][Info][SPTarkov.Server.Logger.SptLoggerMiddleware] [客户端请求] /client/dialogue
[2026-07-30 07:36:06.856][Info][SPTarkov.Server.Logger.SptLoggerMiddleware] [客户端请求] /client/game/profile/list
[2026-07-30 07:36:08.533][Info][SPTarkov.Server.Logger.SptLoggerMiddleware] [客户端请求] /client/game/profile/select
[2026-07-30 07:36:08.584][Info][SPTarkov.Server.Logger.SptLoggerMiddleware] [客户端请求] /client/profile/status
[2026-07-30 07:36:08.682][Info][SPTarkov.Server.Logger.SptLoggerMiddleware] [客户端请求] /client/handbook/templates
[2026-07-30 07:36:10.211][Info][SPTarkov.Server.Logger.SptLoggerMiddleware] [客户端请求] /client/builds/list
[2026-07-30 07:36:10.576][Info][SPTarkov.Server.Logger.SptLoggerMiddleware] [客户端请求] /botplacementsystem/load
[2026-07-30 07:36:10.577][Info][SPTarkov.Server.Logger.SptLoggerMiddleware] [客户端请求] /weaponcustomizer/load
[2026-07-30 07:36:12.353][Info][SPTarkov.Server.Logger.SptLoggerMiddleware] [WebSocket 请求] /fika/notification/
[2026-07-30 07:36:13.186][Info][SPTarkov.Server.Logger.SptLoggerMiddleware] [客户端请求] /launcher/profile/info
[2026-07-30 07:36:13.188][Info][SPTarkov.Server.Logger.SptLoggerMiddleware] [客户端请求] /launcher/server/version
[2026-07-30 07:36:14.416][Info][SPTarkov.Server.Logger.SptLoggerMiddleware] [客户端请求] /client/profile/status
[2026-07-30 07:36:14.429][Info][SPTarkov.Server.Logger.SptLoggerMiddleware] [客户端请求] /client/notifier/channel/create
[2026-07-30 07:36:14.429][Info][SPTarkov.Server.Logger.SptLoggerMiddleware] [客户端请求] /client/locations
[2026-07-30 07:36:14.429][Info][SPTarkov.Server.Logger.SptLoggerMiddleware] [客户端请求] /client/weather
[2026-07-30 07:36:14.435][Info][SPTarkov.Server.Logger.SptLoggerMiddleware] [客户端请求] /client/locale/ch
[2026-07-30 07:36:14.652][Info][SPTarkov.Server.Logger.SptLoggerMiddleware] [WebSocket 请求] /notifierServer/getwebsocket/68f79277575e002bfcf5a4a1
[2026-07-30 07:36:14.652][Info][SPTarkov.Server.Core.Servers.Ws.SptWebSocketConnectionHandler] [WS] 玩家：JúnioR (68f79277575e002bfcf5a4a1) 20260730073614652 已连接
[2026-07-30 07:36:15.577][Info][SPTarkov.Server.Logger.SptLoggerMiddleware] [客户端请求] /singleplayer/log
[2026-07-30 07:36:15.581][Info][SPTarkov.Server.Logger.SptLoggerMiddleware] [客户端请求] /singleplayer/log
[2026-07-30 07:36:15.581][Warn][SPTarkov.Server.Core.Controllers.ClientLogController] [Warning: SPT.Core] Validation failed
[2026-07-30 07:36:16.699][Info][SPTarkov.Server.Logger.SptLoggerMiddleware] [客户端请求] /client/server/list
[2026-07-30 07:36:16.699][Info][SPTarkov.Server.Logger.SptLoggerMiddleware] [客户端请求] /client/friend/list
[2026-07-30 07:36:16.700][Info][SPTarkov.Server.Logger.SptLoggerMiddleware] [客户端请求] /client/match/group/current
[2026-07-30 07:36:16.705][Info][SPTarkov.Server.Logger.SptLoggerMiddleware] [客户端请求] /client/mail/dialog/list
[2026-07-30 07:36:16.709][Info][SPTarkov.Server.Logger.SptLoggerMiddleware] [客户端请求] /client/friend/request/list/inbox
[2026-07-30 07:36:16.717][Info][SPTarkov.Server.Logger.SptLoggerMiddleware] [客户端请求] /client/quest/list
[2026-07-30 07:36:16.717][Info][SPTarkov.Server.Logger.SptLoggerMiddleware] [客户端请求] /client/friend/request/list/outbox
[2026-07-30 07:36:16.915][Info][SPTarkov.Server.Logger.SptLoggerMiddleware] [客户端请求] /singleplayer/log
[2026-07-30 07:36:16.915][Info][SPTarkov.Server.Core.Controllers.ClientLogController] [QuestingBots] Validated all quest files
[2026-07-30 07:36:16.987][Info][SPTarkov.Server.Logger.SptLoggerMiddleware] [客户端请求] /client/hideout/qte/list
[2026-07-30 07:36:17.007][Info][SPTarkov.Server.Logger.SptLoggerMiddleware] [客户端请求] /client/hideout/production/recipes
[2026-07-30 07:36:17.007][Info][SPTarkov.Server.Logger.SptLoggerMiddleware] [客户端请求] /client/hideout/settings
[2026-07-30 07:36:17.007][Info][SPTarkov.Server.Logger.SptLoggerMiddleware] [客户端请求] /client/hideout/areas
[2026-07-30 07:36:17.007][Info][SPTarkov.Server.Logger.SptLoggerMiddleware] [客户端请求] /client/hideout/customization/offer/list
[2026-07-30 07:36:17.361][Info][SPTarkov.Server.Logger.SptLoggerMiddleware] [客户端请求] /client/achievement/statistic
[2026-07-30 07:36:17.414][Info][SPTarkov.Server.Logger.SptLoggerMiddleware] [客户端请求] /client/achievement/list
[2026-07-30 07:36:17.694][Info][SPTarkov.Server.Logger.SptLoggerMiddleware] [客户端请求] /client/repeatalbeQuests/activityPeriods
[2026-07-30 07:36:17.777][Info][SPTarkov.Server.Logger.SptLoggerMiddleware] [客户端请求] /client/survey
[2026-07-30 07:36:18.527][Info][SPTarkov.Server.Logger.SptLoggerMiddleware] [客户端请求] /launcher/profile/info
[2026-07-30 07:36:18.684][Info][SPTarkov.Server.Logger.SptLoggerMiddleware] [客户端请求] /launcher/server/version
[2026-07-30 07:36:18.697][Info][SPTarkov.Server.Logger.SptLoggerMiddleware] [客户端请求] /fika/presence/get
[2026-07-30 07:36:18.835][Info][SPTarkov.Server.Logger.SptLoggerMiddleware] [客户端请求] /fika/presence/set
[2026-07-30 07:36:18.936][Info][SPTarkov.Server.Logger.SptLoggerMiddleware] [客户端请求] /fika/presence/get
[2026-07-30 07:36:19.286][Info][SPTarkov.Server.Logger.SptLoggerMiddleware] [客户端请求] /client/game/profile/items/moving
[2026-07-30 07:36:22.147][Info][SPTarkov.Server.Logger.SptLoggerMiddleware] [客户端请求] /client/game/profile/items/moving
[2026-07-30 07:36:25.875][Info][SPTarkov.Server.Logger.SptLoggerMiddleware] [客户端请求] /client/game/profile/items/moving
[2026-07-30 07:36:28.630][Info][SPTarkov.Server.Logger.SptLoggerMiddleware] [客户端请求] /fika/presence/get
[2026-07-30 07:36:38.632][Info][SPTarkov.Server.Logger.SptLoggerMiddleware] [客户端请求] /fika/presence/get
[2026-07-30 07:36:48.631][Info][SPTarkov.Server.Logger.SptLoggerMiddleware] [客户端请求] /fika/presence/get
[2026-07-30 07:36:58.631][Info][SPTarkov.Server.Logger.SptLoggerMiddleware] [客户端请求] /fika/presence/get
[2026-07-30 07:37:04.043][Info][SPTarkov.Server.Logger.SptLoggerMiddleware] [客户端请求] /client/game/profile/items/moving
[2026-07-30 07:37:04.513][Info][SPTarkov.Server.Logger.SptLoggerMiddleware] [客户端请求] /client/game/profile/items/moving
[2026-07-30 07:37:08.633][Info][SPTarkov.Server.Logger.SptLoggerMiddleware] [客户端请求] /fika/presence/get
[2026-07-30 07:37:13.186][Info][SPTarkov.Server.Logger.SptLoggerMiddleware] [客户端请求] /launcher/profile/info
[2026-07-30 07:37:13.189][Info][SPTarkov.Server.Logger.SptLoggerMiddleware] [客户端请求] /launcher/server/version
[2026-07-30 07:37:18.529][Info][SPTarkov.Server.Logger.SptLoggerMiddleware] [客户端请求] /launcher/profile/info
[2026-07-30 07:37:18.633][Info][SPTarkov.Server.Logger.SptLoggerMiddleware] [客户端请求] /fika/presence/get
[2026-07-30 07:37:18.688][Info][SPTarkov.Server.Logger.SptLoggerMiddleware] [客户端请求] /launcher/server/version
[2026-07-30 07:37:28.634][Info][SPTarkov.Server.Logger.SptLoggerMiddleware] [客户端请求] /fika/presence/get
[2026-07-30 07:37:37.204][Info][SPTarkov.Server.Logger.SptLoggerMiddleware] [客户端请求] /client/game/profile/items/moving
[2026-07-30 07:37:38.634][Info][SPTarkov.Server.Logger.SptLoggerMiddleware] [客户端请求] /fika/presence/get
[2026-07-30 07:37:40.774][Info][SPTarkov.Server.Logger.SptLoggerMiddleware] [客户端请求] /fika/presence/set
[2026-07-30 07:37:41.093][Info][SPTarkov.Server.Logger.SptLoggerMiddleware] [客户端请求] /client/items/prices/5935c25fb3acc3127c3d8cd9
[2026-07-30 07:37:41.110][Info][SPTarkov.Server.Logger.SptLoggerMiddleware] [客户端请求] /client/items/prices/58330581ace78e27b8b10cee
[2026-07-30 07:37:41.169][Info][SPTarkov.Server.Logger.SptLoggerMiddleware] [客户端请求] /client/ragfair/find
[2026-07-30 07:37:42.034][Info][SPTarkov.Server.Logger.SptLoggerMiddleware] [客户端请求] /client/trading/api/getTraderAssort/5935c25fb3acc3127c3d8cd9
[2026-07-30 07:37:42.046][Info][SPTarkov.Server.Logger.SptLoggerMiddleware] [客户端请求] /client/trading/api/getTraderAssort/58330581ace78e27b8b10cee
[2026-07-30 07:37:43.265][Info][SPTarkov.Server.Logger.SptLoggerMiddleware] [客户端请求] /client/game/profile/items/moving
[2026-07-30 07:37:45.174][Info][SPTarkov.Server.Logger.SptLoggerMiddleware] [客户端请求] /client/game/profile/items/moving
[2026-07-30 07:37:48.635][Info][SPTarkov.Server.Logger.SptLoggerMiddleware] [客户端请求] /fika/presence/get
[2026-07-30 07:37:55.078][Info][SPTarkov.Server.Logger.SptLoggerMiddleware] [客户端请求] /client/game/profile/items/moving
[2026-07-30 07:37:58.624][Info][SPTarkov.Server.Logger.SptLoggerMiddleware] [客户端请求] /client/game/profile/items/moving
[2026-07-30 07:37:58.636][Info][SPTarkov.Server.Logger.SptLoggerMiddleware] [客户端请求] /fika/presence/get
[2026-07-30 07:38:00.768][Info][SPTarkov.Server.Logger.SptLoggerMiddleware] [客户端请求] /fika/presence/set
[2026-07-30 07:38:00.868][Info][SPTarkov.Server.Logger.SptLoggerMiddleware] [客户端请求] /fika/presence/get
[2026-07-30 07:38:06.314][Info][SPTarkov.Server.Logger.SptLoggerMiddleware] [客户端请求] /client/items/prices
[2026-07-30 07:38:06.328][Info][SPTarkov.Server.Logger.SptLoggerMiddleware] [客户端请求] /client/ragfair/itemMarketPrice
[2026-07-30 07:38:07.667][Info][SPTarkov.Server.Logger.SptLoggerMiddleware] [客户端请求] /client/ragfair/offerfees
[2026-07-30 07:38:08.042][Info][SPTarkov.Server.Logger.SptLoggerMiddleware] [客户端请求] /client/game/profile/items/moving
[2026-07-30 07:38:08.637][Info][SPTarkov.Server.Logger.SptLoggerMiddleware] [客户端请求] /fika/presence/get
[2026-07-30 07:38:12.004][Info][SPTarkov.Server.Logger.SptLoggerMiddleware] [客户端请求] /client/ragfair/itemMarketPrice
[2026-07-30 07:38:12.012][Info][SPTarkov.Server.Logger.SptLoggerMiddleware] [客户端请求] /client/items/prices
[2026-07-30 07:38:13.186][Info][SPTarkov.Server.Logger.SptLoggerMiddleware] [客户端请求] /launcher/profile/info
[2026-07-30 07:38:13.188][Info][SPTarkov.Server.Logger.SptLoggerMiddleware] [客户端请求] /launcher/server/version
[2026-07-30 07:38:15.432][Info][SPTarkov.Server.Logger.SptLoggerMiddleware] [客户端请求] /client/ragfair/offerfees
[2026-07-30 07:38:15.798][Info][SPTarkov.Server.Logger.SptLoggerMiddleware] [客户端请求] /client/game/profile/items/moving
[2026-07-30 07:38:18.519][Info][SPTarkov.Server.Logger.SptLoggerMiddleware] [客户端请求] /launcher/profile/info
[2026-07-30 07:38:18.674][Info][SPTarkov.Server.Logger.SptLoggerMiddleware] [客户端请求] /launcher/server/version
[2026-07-30 07:38:18.850][Info][SPTarkov.Server.Logger.SptLoggerMiddleware] [客户端请求] /client/trading/api/getTraderAssort/5935c25fb3acc3127c3d8cd9
[2026-07-30 07:38:18.862][Info][SPTarkov.Server.Logger.SptLoggerMiddleware] [客户端请求] /client/items/prices/54cb50c76803fa8b248b4571
[2026-07-30 07:38:18.867][Info][SPTarkov.Server.Logger.SptLoggerMiddleware] [客户端请求] /client/trading/api/getTraderAssort/58330581ace78e27b8b10cee
[2026-07-30 07:38:19.727][Info][SPTarkov.Server.Logger.SptLoggerMiddleware] [客户端请求] /client/trading/api/getTraderAssort/54cb50c76803fa8b248b4571
[2026-07-30 07:38:20.633][Info][SPTarkov.Server.Logger.SptLoggerMiddleware] [客户端请求] /client/items/prices/54cb57776803fa99248b456e
[2026-07-30 07:38:21.480][Info][SPTarkov.Server.Logger.SptLoggerMiddleware] [客户端请求] /client/trading/api/getTraderAssort/54cb57776803fa99248b456e
[2026-07-30 07:38:22.934][Info][SPTarkov.Server.Logger.SptLoggerMiddleware] [客户端请求] /client/items/prices/579dc571d53a0658a154fbec
[2026-07-30 07:38:23.818][Info][SPTarkov.Server.Logger.SptLoggerMiddleware] [客户端请求] /client/trading/api/getTraderAssort/579dc571d53a0658a154fbec
[2026-07-30 07:38:28.374][Info][SPTarkov.Server.Logger.SptLoggerMiddleware] [客户端请求] /client/items/prices/5c0647fdd443bc2504c2d371
[2026-07-30 07:38:28.820][Info][SPTarkov.Server.Logger.SptLoggerMiddleware] [客户端请求] /client/checkVersion
[2026-07-30 07:38:29.211][Info][SPTarkov.Server.Logger.SptLoggerMiddleware] [客户端请求] /client/trading/api/getTraderAssort/5c0647fdd443bc2504c2d371
[2026-07-30 07:38:30.016][Info][SPTarkov.Server.Logger.SptLoggerMiddleware] [客户端请求] /client/game/profile/items/moving
[2026-07-30 07:38:31.901][Info][SPTarkov.Server.Logger.SptLoggerMiddleware] [客户端请求] /client/items/prices/5ac3b934156ae10c4430e83c
[2026-07-30 07:38:32.767][Info][SPTarkov.Server.Logger.SptLoggerMiddleware] [客户端请求] /client/trading/api/getTraderAssort/5ac3b934156ae10c4430e83c
[2026-07-30 07:38:32.934][Info][SPTarkov.Server.Logger.SptLoggerMiddleware] [客户端请求] /client/items/prices/6617beeaa9cfa777ca915b7c
[2026-07-30 07:38:33.885][Info][SPTarkov.Server.Logger.SptLoggerMiddleware] [客户端请求] /client/trading/api/getTraderAssort/6617beeaa9cfa777ca915b7c
[2026-07-30 07:38:33.930][Info][SPTarkov.Server.Logger.SptLoggerMiddleware] [客户端请求] /client/game/profile/items/moving
[2026-07-30 07:38:34.274][Info][SPTarkov.Server.Logger.SptLoggerMiddleware] [客户端请求] /client/items/prices/5a7c2eca46aef81a7ca2145d
[2026-07-30 07:38:35.107][Info][SPTarkov.Server.Logger.SptLoggerMiddleware] [客户端请求] /client/trading/api/getTraderAssort/5a7c2eca46aef81a7ca2145d
[2026-07-30 07:38:39.665][Info][SPTarkov.Server.Logger.SptLoggerMiddleware] [客户端请求] /client/mail/dialog/view
[2026-07-30 07:38:40.603][Info][SPTarkov.Server.Logger.SptLoggerMiddleware] [客户端请求] /client/mail/dialog/view
[2026-07-30 07:38:41.627][Info][SPTarkov.Server.Logger.SptLoggerMiddleware] [客户端请求] /client/mail/dialog/getAllAttachments
[2026-07-30 07:38:43.082][Info][SPTarkov.Server.Logger.SptLoggerMiddleware] [客户端请求] /client/trading/api/getTraderAssort/58330581ace78e27b8b10cee
[2026-07-30 07:38:43.093][Info][SPTarkov.Server.Logger.SptLoggerMiddleware] [客户端请求] /client/game/profile/items/moving
[2026-07-30 07:38:43.097][Info][SPTarkov.Server.Logger.SptLoggerMiddleware] [客户端请求] /client/trading/api/getTraderAssort/5935c25fb3acc3127c3d8cd9
[2026-07-30 07:38:43.494][Info][SPTarkov.Server.Logger.SptLoggerMiddleware] [客户端请求] /client/game/profile/items/moving
[2026-07-30 07:38:43.593][Info][SPTarkov.Server.Logger.SptLoggerMiddleware] [客户端请求] /fika/presence/set
[2026-07-30 07:39:04.476][Info][SPTarkov.Server.Logger.SptLoggerMiddleware] [客户端请求] /fika/presence/set
[2026-07-30 07:39:04.560][Info][SPTarkov.Server.Logger.SptLoggerMiddleware] [客户端请求] /client/game/profile/items/moving
[2026-07-30 07:39:07.789][Info][SPTarkov.Server.Logger.SptLoggerMiddleware] [客户端请求] /client/items/prices
[2026-07-30 07:39:07.799][Info][SPTarkov.Server.Logger.SptLoggerMiddleware] [客户端请求] /client/ragfair/itemMarketPrice
[2026-07-30 07:39:09.380][Info][SPTarkov.Server.Logger.SptLoggerMiddleware] [客户端请求] /client/ragfair/offerfees
[2026-07-30 07:39:09.756][Info][SPTarkov.Server.Logger.SptLoggerMiddleware] [客户端请求] /client/game/profile/items/moving
[2026-07-30 07:39:13.199][Info][SPTarkov.Server.Logger.SptLoggerMiddleware] [客户端请求] /launcher/profile/info
[2026-07-30 07:39:13.202][Info][SPTarkov.Server.Logger.SptLoggerMiddleware] [客户端请求] /launcher/server/version
[2026-07-30 07:39:15.878][Info][SPTarkov.Server.Logger.SptLoggerMiddleware] [客户端请求] /client/items/prices
[2026-07-30 07:39:15.885][Info][SPTarkov.Server.Logger.SptLoggerMiddleware] [客户端请求] /client/ragfair/itemMarketPrice
[2026-07-30 07:39:18.545][Info][SPTarkov.Server.Logger.SptLoggerMiddleware] [客户端请求] /client/ragfair/offerfees
[2026-07-30 07:39:18.545][Info][SPTarkov.Server.Logger.SptLoggerMiddleware] [客户端请求] /launcher/profile/info
[2026-07-30 07:39:18.701][Info][SPTarkov.Server.Logger.SptLoggerMiddleware] [客户端请求] /launcher/server/version
[2026-07-30 07:39:18.913][Info][SPTarkov.Server.Logger.SptLoggerMiddleware] [客户端请求] /client/game/profile/items/moving
[2026-07-30 07:39:20.680][Info][SPTarkov.Server.Logger.SptLoggerMiddleware] [客户端请求] /client/ragfair/itemMarketPrice
[2026-07-30 07:39:20.684][Info][SPTarkov.Server.Logger.SptLoggerMiddleware] [客户端请求] /client/items/prices
[2026-07-30 07:39:24.219][Info][SPTarkov.Server.Logger.SptLoggerMiddleware] [客户端请求] /client/ragfair/offerfees
[2026-07-30 07:39:24.599][Info][SPTarkov.Server.Logger.SptLoggerMiddleware] [客户端请求] /client/game/profile/items/moving
[2026-07-30 07:39:52.850][Info][SPTarkov.Server.Logger.SptLoggerMiddleware] [客户端请求] /client/ragfair/itemMarketPrice
[2026-07-30 07:39:52.855][Info][SPTarkov.Server.Logger.SptLoggerMiddleware] [客户端请求] /client/items/prices
[2026-07-30 07:39:57.847][Info][SPTarkov.Server.Logger.SptLoggerMiddleware] [客户端请求] /client/ragfair/itemMarketPrice
[2026-07-30 07:39:57.858][Info][SPTarkov.Server.Logger.SptLoggerMiddleware] [客户端请求] /client/items/prices
[2026-07-30 07:40:00.011][Info][SPTarkov.Server.Logger.SptLoggerMiddleware] [客户端请求] /client/ragfair/offerfees
[2026-07-30 07:40:00.389][Info][SPTarkov.Server.Logger.SptLoggerMiddleware] [客户端请求] /client/game/profile/items/moving
[2026-07-30 07:40:00.824][Info][SPTarkov.Server.Logger.SptLoggerMiddleware] [客户端请求] /fika/presence/set
[2026-07-30 07:40:01.167][Info][SPTarkov.Server.Logger.SptLoggerMiddleware] [客户端请求] /client/trading/api/getTraderAssort/58330581ace78e27b8b10cee
[2026-07-30 07:40:01.180][Info][SPTarkov.Server.Logger.SptLoggerMiddleware] [客户端请求] /client/ragfair/find
[2026-07-30 07:40:01.183][Info][SPTarkov.Server.Logger.SptLoggerMiddleware] [客户端请求] /client/trading/api/getTraderAssort/5935c25fb3acc3127c3d8cd9
[2026-07-30 07:40:05.149][Info][SPTarkov.Server.Logger.SptLoggerMiddleware] [客户端请求] /client/game/profile/items/moving
[2026-07-30 07:40:09.723][Info][SPTarkov.Server.Logger.SptLoggerMiddleware] [客户端请求] /fika/presence/set
[2026-07-30 07:40:11.974][Info][SPTarkov.Server.Logger.SptLoggerMiddleware] [客户端请求] /client/ragfair/itemMarketPrice
[2026-07-30 07:40:11.984][Info][SPTarkov.Server.Logger.SptLoggerMiddleware] [客户端请求] /client/items/prices
[2026-07-30 07:40:13.198][Info][SPTarkov.Server.Logger.SptLoggerMiddleware] [客户端请求] /launcher/profile/info
[2026-07-30 07:40:13.201][Info][SPTarkov.Server.Logger.SptLoggerMiddleware] [客户端请求] /launcher/server/version
[2026-07-30 07:40:16.290][Info][SPTarkov.Server.Logger.SptLoggerMiddleware] [客户端请求] /client/ragfair/offerfees
[2026-07-30 07:40:16.659][Info][SPTarkov.Server.Logger.SptLoggerMiddleware] [客户端请求] /client/game/profile/items/moving
[2026-07-30 07:40:18.509][Info][SPTarkov.Server.Logger.SptLoggerMiddleware] [客户端请求] /launcher/profile/info
[2026-07-30 07:40:18.666][Info][SPTarkov.Server.Logger.SptLoggerMiddleware] [客户端请求] /launcher/server/version
[2026-07-30 07:40:18.796][Info][SPTarkov.Server.Logger.SptLoggerMiddleware] [客户端请求] /client/items/prices
[2026-07-30 07:40:18.811][Info][SPTarkov.Server.Logger.SptLoggerMiddleware] [客户端请求] /client/ragfair/itemMarketPrice
[2026-07-30 07:40:20.221][Info][SPTarkov.Server.Logger.SptLoggerMiddleware] [客户端请求] /client/ragfair/offerfees
[2026-07-30 07:40:20.585][Info][SPTarkov.Server.Logger.SptLoggerMiddleware] [客户端请求] /client/game/profile/items/moving
[2026-07-30 07:40:24.536][Info][SPTarkov.Server.Logger.SptLoggerMiddleware] [客户端请求] /client/ragfair/itemMarketPrice
[2026-07-30 07:40:24.545][Info][SPTarkov.Server.Logger.SptLoggerMiddleware] [客户端请求] /client/items/prices
[2026-07-30 07:40:26.175][Info][SPTarkov.Server.Logger.SptLoggerMiddleware] [客户端请求] /client/ragfair/offerfees
[2026-07-30 07:40:26.542][Info][SPTarkov.Server.Logger.SptLoggerMiddleware] [客户端请求] /client/game/profile/items/moving
[2026-07-30 07:40:28.144][Info][SPTarkov.Server.Logger.SptLoggerMiddleware] [客户端请求] /client/ragfair/itemMarketPrice
[2026-07-30 07:40:28.151][Info][SPTarkov.Server.Logger.SptLoggerMiddleware] [客户端请求] /client/items/prices
[2026-07-30 07:40:33.876][Info][SPTarkov.Server.Logger.SptLoggerMiddleware] [客户端请求] /fika/presence/set
[2026-07-30 07:40:34.222][Info][SPTarkov.Server.Logger.SptLoggerMiddleware] [客户端请求] /client/trading/api/getTraderAssort/5935c25fb3acc3127c3d8cd9
[2026-07-30 07:40:34.224][Info][SPTarkov.Server.Logger.SptLoggerMiddleware] [客户端请求] /client/trading/api/getTraderAssort/58330581ace78e27b8b10cee
[2026-07-30 07:40:34.229][Info][SPTarkov.Server.Logger.SptLoggerMiddleware] [客户端请求] /client/ragfair/find
[2026-07-30 07:40:39.733][Info][SPTarkov.Server.Logger.SptLoggerMiddleware] [客户端请求] /client/items/prices/54cb50c76803fa8b248b4571
[2026-07-30 07:40:39.733][Info][SPTarkov.Server.Logger.SptLoggerMiddleware] [客户端请求] /client/game/profile/items/moving
[2026-07-30 07:40:39.733][Info][SPTarkov.Server.Logger.SptLoggerMiddleware] [客户端请求] /client/items/prices/5935c25fb3acc3127c3d8cd9
[2026-07-30 07:40:39.733][Info][SPTarkov.Server.Logger.SptLoggerMiddleware] [客户端请求] /client/items/prices/58330581ace78e27b8b10cee
[2026-07-30 07:40:39.857][Info][SPTarkov.Server.Logger.SptLoggerMiddleware] [客户端请求] /client/trading/api/getTraderAssort/5935c25fb3acc3127c3d8cd9
[2026-07-30 07:40:39.857][Info][SPTarkov.Server.Logger.SptLoggerMiddleware] [客户端请求] /client/trading/api/getTraderAssort/54cb50c76803fa8b248b4571
[2026-07-30 07:40:39.922][Info][SPTarkov.Server.Logger.SptLoggerMiddleware] [客户端请求] /client/trading/api/getTraderAssort/58330581ace78e27b8b10cee
[2026-07-30 07:40:40.418][Info][SPTarkov.Server.Logger.SptLoggerMiddleware] [客户端请求] /client/items/prices/6617beeaa9cfa777ca915b7c
[2026-07-30 07:40:40.514][Info][SPTarkov.Server.Logger.SptLoggerMiddleware] [客户端请求] /client/trading/api/getTraderAssort/6617beeaa9cfa777ca915b7c
[2026-07-30 07:40:46.273][Info][SPTarkov.Server.Logger.SptLoggerMiddleware] [客户端请求] /client/items/prices/5c0647fdd443bc2504c2d371
[2026-07-30 07:40:46.377][Info][SPTarkov.Server.Logger.SptLoggerMiddleware] [客户端请求] /client/trading/api/getTraderAssort/5c0647fdd443bc2504c2d371
[2026-07-30 07:40:49.204][Info][SPTarkov.Server.Logger.SptLoggerMiddleware] [客户端请求] /client/game/profile/items/moving
[2026-07-30 07:40:52.017][Info][SPTarkov.Server.Logger.SptLoggerMiddleware] [客户端请求] /client/items/prices/54cb57776803fa99248b456e
[2026-07-30 07:40:52.090][Info][SPTarkov.Server.Logger.SptLoggerMiddleware] [客户端请求] /client/trading/api/getTraderAssort/54cb57776803fa99248b456e
[2026-07-30 07:40:52.395][Info][SPTarkov.Server.Logger.SptLoggerMiddleware] [客户端请求] /client/items/prices/579dc571d53a0658a154fbec
[2026-07-30 07:40:52.474][Info][SPTarkov.Server.Logger.SptLoggerMiddleware] [客户端请求] /client/trading/api/getTraderAssort/579dc571d53a0658a154fbec
[2026-07-30 07:40:54.123][Info][SPTarkov.Server.Logger.SptLoggerMiddleware] [客户端请求] /fika/presence/set
[2026-07-30 07:40:55.786][Info][SPTarkov.Server.Logger.SptLoggerMiddleware] [客户端请求] /client/ragfair/itemMarketPrice
[2026-07-30 07:40:55.797][Info][SPTarkov.Server.Logger.SptLoggerMiddleware] [客户端请求] /client/items/prices
[2026-07-30 07:41:00.348][Info][SPTarkov.Server.Logger.SptLoggerMiddleware] [客户端请求] /client/ragfair/offerfees
[2026-07-30 07:41:00.713][Info][SPTarkov.Server.Logger.SptLoggerMiddleware] [客户端请求] /client/game/profile/items/moving
[2026-07-30 07:41:10.315][Info][SPTarkov.Server.Logger.SptLoggerMiddleware] [客户端请求] /client/ragfair/itemMarketPrice
[2026-07-30 07:41:10.323][Info][SPTarkov.Server.Logger.SptLoggerMiddleware] [客户端请求] /client/items/prices
[2026-07-30 07:41:11.415][Info][SPTarkov.Server.Logger.SptLoggerMiddleware] [客户端请求] /client/ragfair/offerfees
[2026-07-30 07:41:11.780][Info][SPTarkov.Server.Logger.SptLoggerMiddleware] [客户端请求] /client/game/profile/items/moving
[2026-07-30 07:41:12.875][Info][SPTarkov.Server.Logger.SptLoggerMiddleware] [客户端请求] /client/items/prices
[2026-07-30 07:41:12.884][Info][SPTarkov.Server.Logger.SptLoggerMiddleware] [客户端请求] /client/ragfair/itemMarketPrice
[2026-07-30 07:41:13.199][Info][SPTarkov.Server.Logger.SptLoggerMiddleware] [客户端请求] /launcher/profile/info
[2026-07-30 07:41:13.202][Info][SPTarkov.Server.Logger.SptLoggerMiddleware] [客户端请求] /launcher/server/version
[2026-07-30 07:41:14.731][Info][SPTarkov.Server.Logger.SptLoggerMiddleware] [客户端请求] /client/ragfair/offerfees
[2026-07-30 07:41:15.100][Info][SPTarkov.Server.Logger.SptLoggerMiddleware] [客户端请求] /client/game/profile/items/moving
[2026-07-30 07:41:16.582][Info][SPTarkov.Server.Logger.SptLoggerMiddleware] [客户端请求] /client/items/prices
[2026-07-30 07:41:16.594][Info][SPTarkov.Server.Logger.SptLoggerMiddleware] [客户端请求] /client/ragfair/itemMarketPrice
[2026-07-30 07:41:17.801][Info][SPTarkov.Server.Logger.SptLoggerMiddleware] [客户端请求] /client/ragfair/offerfees
[2026-07-30 07:41:18.163][Info][SPTarkov.Server.Logger.SptLoggerMiddleware] [客户端请求] /client/game/profile/items/moving
[2026-07-30 07:41:18.497][Info][SPTarkov.Server.Logger.SptLoggerMiddleware] [客户端请求] /launcher/profile/info
[2026-07-30 07:41:18.660][Info][SPTarkov.Server.Logger.SptLoggerMiddleware] [客户端请求] /launcher/server/version
[2026-07-30 07:41:21.936][Info][SPTarkov.Server.Logger.SptLoggerMiddleware] [客户端请求] /client/ragfair/itemMarketPrice
[2026-07-30 07:41:21.956][Info][SPTarkov.Server.Logger.SptLoggerMiddleware] [客户端请求] /client/items/prices
[2026-07-30 07:41:23.334][Info][SPTarkov.Server.Logger.SptLoggerMiddleware] [客户端请求] /client/ragfair/offerfees
[2026-07-30 07:41:23.700][Info][SPTarkov.Server.Logger.SptLoggerMiddleware] [客户端请求] /client/game/profile/items/moving
[2026-07-30 07:41:30.739][Info][SPTarkov.Server.Logger.SptLoggerMiddleware] [客户端请求] /client/ragfair/itemMarketPrice
[2026-07-30 07:41:30.752][Info][SPTarkov.Server.Logger.SptLoggerMiddleware] [客户端请求] /client/items/prices
[2026-07-30 07:41:32.215][Info][SPTarkov.Server.Logger.SptLoggerMiddleware] [客户端请求] /client/ragfair/offerfees
[2026-07-30 07:41:32.582][Info][SPTarkov.Server.Logger.SptLoggerMiddleware] [客户端请求] /client/game/profile/items/moving
[2026-07-30 07:41:37.394][Info][SPTarkov.Server.Logger.SptLoggerMiddleware] [客户端请求] /client/items/prices
[2026-07-30 07:41:37.403][Info][SPTarkov.Server.Logger.SptLoggerMiddleware] [客户端请求] /client/ragfair/itemMarketPrice
[2026-07-30 07:41:38.896][Info][SPTarkov.Server.Logger.SptLoggerMiddleware] [客户端请求] /client/ragfair/offerfees
[2026-07-30 07:41:39.269][Info][SPTarkov.Server.Logger.SptLoggerMiddleware] [客户端请求] /client/game/profile/items/moving
[2026-07-30 07:41:41.405][Info][SPTarkov.Server.Logger.SptLoggerMiddleware] [客户端请求] /client/ragfair/itemMarketPrice
[2026-07-30 07:41:41.419][Info][SPTarkov.Server.Logger.SptLoggerMiddleware] [客户端请求] /client/items/prices
[2026-07-30 07:41:43.030][Info][SPTarkov.Server.Logger.SptLoggerMiddleware] [客户端请求] /client/ragfair/offerfees
[2026-07-30 07:41:43.396][Info][SPTarkov.Server.Logger.SptLoggerMiddleware] [客户端请求] /client/game/profile/items/moving
[2026-07-30 07:41:49.233][Info][SPTarkov.Server.Logger.SptLoggerMiddleware] [客户端请求] /client/game/profile/items/moving
[2026-07-30 07:41:50.748][Info][SPTarkov.Server.Logger.SptLoggerMiddleware] [客户端请求] /client/items/prices
[2026-07-30 07:41:50.759][Info][SPTarkov.Server.Logger.SptLoggerMiddleware] [客户端请求] /client/ragfair/itemMarketPrice
[2026-07-30 07:41:52.059][Info][SPTarkov.Server.Logger.SptLoggerMiddleware] [客户端请求] /client/ragfair/offerfees
[2026-07-30 07:41:52.428][Info][SPTarkov.Server.Logger.SptLoggerMiddleware] [客户端请求] /client/game/profile/items/moving
[2026-07-30 07:41:53.636][Info][SPTarkov.Server.Logger.SptLoggerMiddleware] [客户端请求] /client/items/prices
[2026-07-30 07:41:53.648][Info][SPTarkov.Server.Logger.SptLoggerMiddleware] [客户端请求] /client/ragfair/itemMarketPrice
[2026-07-30 07:41:56.619][Info][SPTarkov.Server.Logger.SptLoggerMiddleware] [客户端请求] /client/items/prices
[2026-07-30 07:41:56.622][Info][SPTarkov.Server.Logger.SptLoggerMiddleware] [客户端请求] /client/ragfair/itemMarketPrice
[2026-07-30 07:41:58.097][Info][SPTarkov.Server.Logger.SptLoggerMiddleware] [客户端请求] /client/ragfair/offerfees
[2026-07-30 07:41:58.475][Info][SPTarkov.Server.Logger.SptLoggerMiddleware] [客户端请求] /client/game/profile/items/moving
[2026-07-30 07:42:07.014][Info][SPTarkov.Server.Logger.SptLoggerMiddleware] [客户端请求] /client/trading/api/getTraderAssort/54cb50c76803fa8b248b4571
[2026-07-30 07:42:07.026][Info][SPTarkov.Server.Logger.SptLoggerMiddleware] [客户端请求] /client/trading/api/getTraderAssort/58330581ace78e27b8b10cee
[2026-07-30 07:42:07.028][Info][SPTarkov.Server.Logger.SptLoggerMiddleware] [客户端请求] /client/trading/api/getTraderAssort/5935c25fb3acc3127c3d8cd9
[2026-07-30 07:42:07.543][Info][SPTarkov.Server.Logger.SptLoggerMiddleware] [客户端请求] /client/trading/api/getTraderAssort/5ac3b934156ae10c4430e83c
[2026-07-30 07:42:10.312][Info][SPTarkov.Server.Logger.SptLoggerMiddleware] [客户端请求] /client/game/profile/items/moving
[2026-07-30 07:42:12.587][Info][SPTarkov.Server.Logger.SptLoggerMiddleware] [客户端请求] /client/game/profile/items/moving
[2026-07-30 07:42:13.189][Info][SPTarkov.Server.Logger.SptLoggerMiddleware] [客户端请求] /launcher/profile/info
[2026-07-30 07:42:13.192][Info][SPTarkov.Server.Logger.SptLoggerMiddleware] [客户端请求] /launcher/server/version
[2026-07-30 07:42:14.721][Info][SPTarkov.Server.Logger.SptLoggerMiddleware] [客户端请求] /fika/presence/set
[2026-07-30 07:42:18.497][Info][SPTarkov.Server.Logger.SptLoggerMiddleware] [客户端请求] /launcher/profile/info
[2026-07-30 07:42:18.653][Info][SPTarkov.Server.Logger.SptLoggerMiddleware] [客户端请求] /launcher/server/version
[2026-07-30 07:42:35.810][Info][SPTarkov.Server.Logger.SptLoggerMiddleware] [客户端请求] /client/game/profile/items/moving
[2026-07-30 07:42:39.107][Info][SPTarkov.Server.Logger.SptLoggerMiddleware] [客户端请求] /client/game/profile/items/moving
[2026-07-30 07:42:42.555][Info][SPTarkov.Server.Logger.SptLoggerMiddleware] [客户端请求] /client/game/profile/items/moving
[2026-07-30 07:43:00.440][Info][SPTarkov.Server.Logger.SptLoggerMiddleware] [客户端请求] /client/ragfair/itemMarketPrice
[2026-07-30 07:43:00.444][Info][SPTarkov.Server.Logger.SptLoggerMiddleware] [客户端请求] /client/items/prices
[2026-07-30 07:43:02.036][Info][SPTarkov.Server.Logger.SptLoggerMiddleware] [客户端请求] /client/ragfair/offerfees
[2026-07-30 07:43:02.398][Info][SPTarkov.Server.Logger.SptLoggerMiddleware] [客户端请求] /client/game/profile/items/moving
[2026-07-30 07:43:13.194][Info][SPTarkov.Server.Logger.SptLoggerMiddleware] [客户端请求] /launcher/profile/info
[2026-07-30 07:43:13.196][Info][SPTarkov.Server.Logger.SptLoggerMiddleware] [客户端请求] /launcher/server/version
[2026-07-30 07:43:13.567][Info][SPTarkov.Server.Logger.SptLoggerMiddleware] [客户端请求] /client/ragfair/itemMarketPrice
[2026-07-30 07:43:13.571][Info][SPTarkov.Server.Logger.SptLoggerMiddleware] [客户端请求] /client/items/prices
[2026-07-30 07:43:16.333][Info][SPTarkov.Server.Logger.SptLoggerMiddleware] [客户端请求] /client/ragfair/offerfees
[2026-07-30 07:43:16.691][Info][SPTarkov.Server.Logger.SptLoggerMiddleware] [客户端请求] /client/game/profile/items/moving
[2026-07-30 07:43:18.497][Info][SPTarkov.Server.Logger.SptLoggerMiddleware] [客户端请求] /launcher/profile/info
[2026-07-30 07:43:18.652][Info][SPTarkov.Server.Logger.SptLoggerMiddleware] [客户端请求] /launcher/server/version
[2026-07-30 07:43:28.009][Info][SPTarkov.Server.Logger.SptLoggerMiddleware] [客户端请求] /client/game/profile/items/moving
[2026-07-30 07:43:39.545][Info][SPTarkov.Server.Logger.SptLoggerMiddleware] [客户端请求] /client/game/profile/items/moving
[2026-07-30 07:43:39.701][Info][SPTarkov.Server.Logger.SptLoggerMiddleware] [客户端请求] /client/game/profile/items/moving
[2026-07-30 07:43:42.600][Info][SPTarkov.Server.Logger.SptLoggerMiddleware] [客户端请求] /fika/presence/set
[2026-07-30 07:43:45.617][Info][SPTarkov.Server.Logger.SptLoggerMiddleware] [客户端请求] /client/items/prices
[2026-07-30 07:43:45.625][Info][SPTarkov.Server.Logger.SptLoggerMiddleware] [客户端请求] /client/ragfair/itemMarketPrice
[2026-07-30 07:43:47.255][Info][SPTarkov.Server.Logger.SptLoggerMiddleware] [客户端请求] /client/items/prices
[2026-07-30 07:43:47.285][Info][SPTarkov.Server.Logger.SptLoggerMiddleware] [客户端请求] /client/ragfair/itemMarketPrice
[2026-07-30 07:43:48.080][Info][SPTarkov.Server.Logger.SptLoggerMiddleware] [客户端请求] /client/ragfair/offerfees
[2026-07-30 07:43:48.441][Info][SPTarkov.Server.Logger.SptLoggerMiddleware] [客户端请求] /client/game/profile/items/moving
[2026-07-30 07:43:50.237][Info][SPTarkov.Server.Logger.SptLoggerMiddleware] [客户端请求] /client/ragfair/itemMarketPrice
[2026-07-30 07:43:50.250][Info][SPTarkov.Server.Logger.SptLoggerMiddleware] [客户端请求] /client/items/prices
[2026-07-30 07:43:52.287][Info][SPTarkov.Server.Logger.SptLoggerMiddleware] [客户端请求] /client/ragfair/offerfees
[2026-07-30 07:43:52.650][Info][SPTarkov.Server.Logger.SptLoggerMiddleware] [客户端请求] /client/game/profile/items/moving
[2026-07-30 07:43:54.151][Info][SPTarkov.Server.Logger.SptLoggerMiddleware] [客户端请求] /client/items/prices
[2026-07-30 07:43:54.161][Info][SPTarkov.Server.Logger.SptLoggerMiddleware] [客户端请求] /client/ragfair/itemMarketPrice
[2026-07-30 07:43:55.659][Info][SPTarkov.Server.Logger.SptLoggerMiddleware] [客户端请求] /client/ragfair/offerfees
[2026-07-30 07:43:56.274][Info][SPTarkov.Server.Logger.SptLoggerMiddleware] [客户端请求] /client/game/profile/items/moving
[2026-07-30 07:44:05.605][Info][SPTarkov.Server.Logger.SptLoggerMiddleware] [客户端请求] /client/game/profile/items/moving
[2026-07-30 07:44:08.660][Info][SPTarkov.Server.Logger.SptLoggerMiddleware] [客户端请求] /client/game/profile/items/moving
[2026-07-30 07:44:13.185][Info][SPTarkov.Server.Logger.SptLoggerMiddleware] [客户端请求] /launcher/profile/info
[2026-07-30 07:44:13.187][Info][SPTarkov.Server.Logger.SptLoggerMiddleware] [客户端请求] /launcher/server/version
[2026-07-30 07:44:15.094][Info][SPTarkov.Server.Logger.SptLoggerMiddleware] [客户端请求] /client/items/prices
[2026-07-30 07:44:15.104][Info][SPTarkov.Server.Logger.SptLoggerMiddleware] [客户端请求] /client/ragfair/itemMarketPrice
[2026-07-30 07:44:18.338][Info][SPTarkov.Server.Logger.SptLoggerMiddleware] [客户端请求] /client/ragfair/offerfees
[2026-07-30 07:44:18.482][Info][SPTarkov.Server.Logger.SptLoggerMiddleware] [客户端请求] /launcher/profile/info
[2026-07-30 07:44:18.639][Info][SPTarkov.Server.Logger.SptLoggerMiddleware] [客户端请求] /launcher/server/version
[2026-07-30 07:44:18.701][Info][SPTarkov.Server.Logger.SptLoggerMiddleware] [客户端请求] /client/game/profile/items/moving
[2026-07-30 07:44:19.889][Info][SPTarkov.Server.Logger.SptLoggerMiddleware] [客户端请求] /client/ragfair/itemMarketPrice
[2026-07-30 07:44:19.899][Info][SPTarkov.Server.Logger.SptLoggerMiddleware] [客户端请求] /client/items/prices
[2026-07-30 07:44:21.332][Info][SPTarkov.Server.Logger.SptLoggerMiddleware] [客户端请求] /client/ragfair/offerfees
[2026-07-30 07:44:21.697][Info][SPTarkov.Server.Logger.SptLoggerMiddleware] [客户端请求] /client/game/profile/items/moving
[2026-07-30 07:44:23.447][Info][SPTarkov.Server.Logger.SptLoggerMiddleware] [客户端请求] /client/items/prices
[2026-07-30 07:44:23.459][Info][SPTarkov.Server.Logger.SptLoggerMiddleware] [客户端请求] /client/ragfair/itemMarketPrice
[2026-07-30 07:44:24.838][Info][SPTarkov.Server.Logger.SptLoggerMiddleware] [客户端请求] /client/ragfair/offerfees
[2026-07-30 07:44:30.241][Info][SPTarkov.Server.Logger.SptLoggerMiddleware] [客户端请求] /client/items/prices
[2026-07-30 07:44:30.249][Info][SPTarkov.Server.Logger.SptLoggerMiddleware] [客户端请求] /client/ragfair/itemMarketPrice
[2026-07-30 07:44:32.088][Info][SPTarkov.Server.Logger.SptLoggerMiddleware] [客户端请求] /client/ragfair/offerfees
[2026-07-30 07:44:36.128][Info][SPTarkov.Server.Logger.SptLoggerMiddleware] [客户端请求] /client/ragfair/itemMarketPrice
[2026-07-30 07:44:36.138][Info][SPTarkov.Server.Logger.SptLoggerMiddleware] [客户端请求] /client/items/prices
[2026-07-30 07:44:37.818][Info][SPTarkov.Server.Logger.SptLoggerMiddleware] [客户端请求] /client/ragfair/offerfees
[2026-07-30 07:44:38.180][Info][SPTarkov.Server.Logger.SptLoggerMiddleware] [客户端请求] /client/game/profile/items/moving
[2026-07-30 07:44:39.957][Info][SPTarkov.Server.Logger.SptLoggerMiddleware] [客户端请求] /client/ragfair/itemMarketPrice
[2026-07-30 07:44:39.966][Info][SPTarkov.Server.Logger.SptLoggerMiddleware] [客户端请求] /client/items/prices
[2026-07-30 07:44:43.336][Info][SPTarkov.Server.Logger.SptLoggerMiddleware] [客户端请求] /client/ragfair/itemMarketPrice
[2026-07-30 07:44:43.340][Info][SPTarkov.Server.Logger.SptLoggerMiddleware] [客户端请求] /client/items/prices
[2026-07-30 07:44:44.672][Info][SPTarkov.Server.Logger.SptLoggerMiddleware] [客户端请求] /client/ragfair/offerfees
[2026-07-30 07:44:45.036][Info][SPTarkov.Server.Logger.SptLoggerMiddleware] [客户端请求] /client/game/profile/items/moving
[2026-07-30 07:44:46.723][Info][SPTarkov.Server.Logger.SptLoggerMiddleware] [客户端请求] /client/items/prices
[2026-07-30 07:44:46.734][Info][SPTarkov.Server.Logger.SptLoggerMiddleware] [客户端请求] /client/ragfair/itemMarketPrice
[2026-07-30 07:44:48.043][Info][SPTarkov.Server.Logger.SptLoggerMiddleware] [客户端请求] /client/ragfair/offerfees
[2026-07-30 07:44:51.188][Info][SPTarkov.Server.Logger.SptLoggerMiddleware] [客户端请求] /client/ragfair/itemMarketPrice
[2026-07-30 07:44:51.198][Info][SPTarkov.Server.Logger.SptLoggerMiddleware] [客户端请求] /client/items/prices
[2026-07-30 07:44:52.603][Info][SPTarkov.Server.Logger.SptLoggerMiddleware] [客户端请求] /client/ragfair/offerfees
[2026-07-30 07:44:52.976][Info][SPTarkov.Server.Logger.SptLoggerMiddleware] [客户端请求] /client/game/profile/items/moving
[2026-07-30 07:44:54.175][Info][SPTarkov.Server.Logger.SptLoggerMiddleware] [客户端请求] /fika/presence/set
[2026-07-30 07:44:54.514][Info][SPTarkov.Server.Logger.SptLoggerMiddleware] [客户端请求] /client/trading/api/getTraderAssort/5935c25fb3acc3127c3d8cd9
[2026-07-30 07:44:54.523][Info][SPTarkov.Server.Logger.SptLoggerMiddleware] [客户端请求] /client/ragfair/find
[2026-07-30 07:44:54.527][Info][SPTarkov.Server.Logger.SptLoggerMiddleware] [客户端请求] /client/trading/api/getTraderAssort/58330581ace78e27b8b10cee
[2026-07-30 07:44:57.909][Info][SPTarkov.Server.Logger.SptLoggerMiddleware] [客户端请求] /client/ragfair/itemMarketPrice
[2026-07-30 07:44:57.926][Info][SPTarkov.Server.Logger.SptLoggerMiddleware] [客户端请求] /client/items/prices
[2026-07-30 07:44:58.985][Info][SPTarkov.Server.Logger.SptLoggerMiddleware] [客户端请求] /client/ragfair/offerfees
[2026-07-30 07:44:59.347][Info][SPTarkov.Server.Logger.SptLoggerMiddleware] [客户端请求] /client/game/profile/items/moving
[2026-07-30 07:45:00.766][Info][SPTarkov.Server.Logger.SptLoggerMiddleware] [客户端请求] /client/game/profile/items/moving
[2026-07-30 07:45:00.885][Info][SPTarkov.Server.Logger.SptLoggerMiddleware] [客户端请求] /client/items/prices
[2026-07-30 07:45:00.893][Info][SPTarkov.Server.Logger.SptLoggerMiddleware] [客户端请求] /client/ragfair/itemMarketPrice
[2026-07-30 07:45:02.169][Info][SPTarkov.Server.Logger.SptLoggerMiddleware] [客户端请求] /client/ragfair/offerfees
[2026-07-30 07:45:02.551][Info][SPTarkov.Server.Logger.SptLoggerMiddleware] [客户端请求] /client/game/profile/items/moving
[2026-07-30 07:45:03.194][Info][SPTarkov.Server.Logger.SptLoggerMiddleware] [客户端请求] /client/game/profile/items/moving
[2026-07-30 07:45:06.967][Info][SPTarkov.Server.Logger.SptLoggerMiddleware] [客户端请求] /client/items/prices
[2026-07-30 07:45:06.976][Info][SPTarkov.Server.Logger.SptLoggerMiddleware] [客户端请求] /client/ragfair/itemMarketPrice
[2026-07-30 07:45:08.106][Info][SPTarkov.Server.Logger.SptLoggerMiddleware] [客户端请求] /client/ragfair/offerfees
[2026-07-30 07:45:08.468][Info][SPTarkov.Server.Logger.SptLoggerMiddleware] [客户端请求] /client/game/profile/items/moving
[2026-07-30 07:45:12.369][Info][SPTarkov.Server.Logger.SptLoggerMiddleware] [客户端请求] /client/items/prices
[2026-07-30 07:45:12.376][Info][SPTarkov.Server.Logger.SptLoggerMiddleware] [客户端请求] /client/ragfair/itemMarketPrice
[2026-07-30 07:45:13.188][Info][SPTarkov.Server.Logger.SptLoggerMiddleware] [客户端请求] /launcher/profile/info
[2026-07-30 07:45:13.190][Info][SPTarkov.Server.Logger.SptLoggerMiddleware] [客户端请求] /launcher/server/version
[2026-07-30 07:45:13.419][Info][SPTarkov.Server.Logger.SptLoggerMiddleware] [客户端请求] /client/ragfair/offerfees
[2026-07-30 07:45:13.795][Info][SPTarkov.Server.Logger.SptLoggerMiddleware] [客户端请求] /client/game/profile/items/moving
[2026-07-30 07:45:13.825][Info][SPTarkov.Server.Logger.SptLoggerMiddleware] [客户端请求] /client/game/profile/items/moving
[2026-07-30 07:45:16.393][Info][SPTarkov.Server.Logger.SptLoggerMiddleware] [客户端请求] /client/items/prices
[2026-07-30 07:45:16.399][Info][SPTarkov.Server.Logger.SptLoggerMiddleware] [客户端请求] /client/ragfair/itemMarketPrice
[2026-07-30 07:45:17.647][Info][SPTarkov.Server.Logger.SptLoggerMiddleware] [客户端请求] /client/ragfair/offerfees
[2026-07-30 07:45:18.012][Info][SPTarkov.Server.Logger.SptLoggerMiddleware] [客户端请求] /client/game/profile/items/moving
[2026-07-30 07:45:18.478][Info][SPTarkov.Server.Logger.SptLoggerMiddleware] [客户端请求] /launcher/profile/info
[2026-07-30 07:45:18.633][Info][SPTarkov.Server.Logger.SptLoggerMiddleware] [客户端请求] /launcher/server/version
[2026-07-30 07:45:21.067][Info][SPTarkov.Server.Logger.SptLoggerMiddleware] [客户端请求] /client/ragfair/itemMarketPrice
[2026-07-30 07:45:21.077][Info][SPTarkov.Server.Logger.SptLoggerMiddleware] [客户端请求] /client/items/prices
[2026-07-30 07:45:22.480][Info][SPTarkov.Server.Logger.SptLoggerMiddleware] [客户端请求] /client/ragfair/offerfees
[2026-07-30 07:45:22.844][Info][SPTarkov.Server.Logger.SptLoggerMiddleware] [客户端请求] /client/game/profile/items/moving
[2026-07-30 07:45:29.843][Info][SPTarkov.Server.Logger.SptLoggerMiddleware] [客户端请求] /client/ragfair/itemMarketPrice
[2026-07-30 07:45:29.849][Info][SPTarkov.Server.Logger.SptLoggerMiddleware] [客户端请求] /client/items/prices
[2026-07-30 07:45:34.319][Info][SPTarkov.Server.Logger.SptLoggerMiddleware] [客户端请求] /client/ragfair/itemMarketPrice
[2026-07-30 07:45:34.322][Info][SPTarkov.Server.Logger.SptLoggerMiddleware] [客户端请求] /client/items/prices
[2026-07-30 07:45:35.836][Info][SPTarkov.Server.Logger.SptLoggerMiddleware] [客户端请求] /client/ragfair/offerfees
[2026-07-30 07:45:36.198][Info][SPTarkov.Server.Logger.SptLoggerMiddleware] [客户端请求] /client/game/profile/items/moving
[2026-07-30 07:45:40.242][Info][SPTarkov.Server.Logger.SptLoggerMiddleware] [客户端请求] /fika/presence/set
[2026-07-30 07:45:40.599][Info][SPTarkov.Server.Logger.SptLoggerMiddleware] [客户端请求] /client/trading/api/getTraderAssort/5935c25fb3acc3127c3d8cd9
[2026-07-30 07:45:40.605][Info][SPTarkov.Server.Logger.SptLoggerMiddleware] [客户端请求] /client/ragfair/find
[2026-07-30 07:45:40.607][Info][SPTarkov.Server.Logger.SptLoggerMiddleware] [客户端请求] /client/trading/api/getTraderAssort/58330581ace78e27b8b10cee
[2026-07-30 07:45:48.627][Info][SPTarkov.Server.Logger.SptLoggerMiddleware] [客户端请求] /client/ragfair/itemMarketPrice
[2026-07-30 07:45:48.637][Info][SPTarkov.Server.Logger.SptLoggerMiddleware] [客户端请求] /client/items/prices
[2026-07-30 07:45:50.157][Info][SPTarkov.Server.Logger.SptLoggerMiddleware] [客户端请求] /client/ragfair/offerfees
[2026-07-30 07:45:50.534][Info][SPTarkov.Server.Logger.SptLoggerMiddleware] [客户端请求] /client/game/profile/items/moving
[2026-07-30 07:45:53.855][Info][SPTarkov.Server.Logger.SptLoggerMiddleware] [客户端请求] /client/ragfair/itemMarketPrice
[2026-07-30 07:45:53.867][Info][SPTarkov.Server.Logger.SptLoggerMiddleware] [客户端请求] /client/items/prices
[2026-07-30 07:45:56.612][Info][SPTarkov.Server.Logger.SptLoggerMiddleware] [客户端请求] /client/ragfair/offerfees
[2026-07-30 07:45:56.976][Info][SPTarkov.Server.Logger.SptLoggerMiddleware] [客户端请求] /client/game/profile/items/moving
[2026-07-30 07:46:02.022][Info][SPTarkov.Server.Logger.SptLoggerMiddleware] [客户端请求] /fika/presence/set
[2026-07-30 07:46:02.049][Info][SPTarkov.Server.Logger.SptLoggerMiddleware] [客户端请求] /fika/presence/get
[2026-07-30 07:46:02.069][Info][SPTarkov.Server.Logger.SptLoggerMiddleware] [客户端请求] /client/game/profile/items/moving
[2026-07-30 07:46:03.600][Info][SPTarkov.Server.Logger.SptLoggerMiddleware] [客户端请求] /client/ragfair/itemMarketPrice
[2026-07-30 07:46:03.611][Info][SPTarkov.Server.Logger.SptLoggerMiddleware] [客户端请求] /client/items/prices
[2026-07-30 07:46:04.129][Info][SPTarkov.Server.Logger.SptLoggerMiddleware] [客户端请求] /client/match/group/invite/cancel-all
[2026-07-30 07:46:04.164][Info][SPTarkov.Server.Logger.SptLoggerMiddleware] [客户端请求] /client/game/logout
[2026-07-30 07:46:04.851][Info][SPTarkov.Server.Core.Servers.Ws.SptWebSocketConnectionHandler] [ws] player: JúnioR (68f79277575e002bfcf5a4a1) 20260730073614652 has disconnected
[2026-07-30 07:46:04.951][Info][SPTarkov.Server.Logger.SptLoggerMiddleware] [客户端请求] /client/ragfair/offerfees
[2026-07-30 07:46:05.314][Info][SPTarkov.Server.Logger.SptLoggerMiddleware] [客户端请求] /client/game/profile/items/moving
[2026-07-30 07:46:07.002][Info][SPTarkov.Server.Logger.SptLoggerMiddleware] [客户端请求] /client/ragfair/itemMarketPrice
[2026-07-30 07:46:07.016][Info][SPTarkov.Server.Logger.SptLoggerMiddleware] [客户端请求] /client/items/prices
[2026-07-30 07:46:08.193][Info][SPTarkov.Server.Logger.SptLoggerMiddleware] [客户端请求] /client/ragfair/offerfees
[2026-07-30 07:46:08.572][Info][SPTarkov.Server.Logger.SptLoggerMiddleware] [客户端请求] /client/game/profile/items/moving
[2026-07-30 07:46:10.200][Info][SPTarkov.Server.Logger.SptLoggerMiddleware] [客户端请求] /launcher/profile/info
[2026-07-30 07:46:10.202][Info][SPTarkov.Server.Logger.SptLoggerMiddleware] [客户端请求] /launcher/server/version
[2026-07-30 07:46:10.365][Info][SPTarkov.Server.Logger.SptLoggerMiddleware] [客户端请求] /client/ragfair/itemMarketPrice
[2026-07-30 07:46:10.376][Info][SPTarkov.Server.Logger.SptLoggerMiddleware] [客户端请求] /client/items/prices
[2026-07-30 07:46:12.301][Info][SPTarkov.Server.Logger.SptLoggerMiddleware] [客户端请求] /client/ragfair/offerfees
[2026-07-30 07:46:12.668][Info][SPTarkov.Server.Logger.SptLoggerMiddleware] [客户端请求] /client/game/profile/items/moving
[2026-07-30 07:46:14.317][Info][SPTarkov.Server.Logger.SptLoggerMiddleware] [客户端请求] /client/items/prices
[2026-07-30 07:46:14.331][Info][SPTarkov.Server.Logger.SptLoggerMiddleware] [客户端请求] /client/ragfair/itemMarketPrice
[2026-07-30 07:46:14.338][Info][SPTarkov.Server.Logger.SptLoggerMiddleware] [客户端请求] /launcher/profile/login
[2026-07-30 07:46:14.339][Info][SPTarkov.Server.Logger.SptLoggerMiddleware] [客户端请求] /launcher/profile/get
[2026-07-30 07:46:14.341][Info][SPTarkov.Server.Logger.SptLoggerMiddleware] [客户端请求] /launcher/profile/info
[2026-07-30 07:46:14.342][Info][SPTarkov.Server.Logger.SptLoggerMiddleware] [客户端请求] /launcher/server/version
[2026-07-30 07:46:14.344][Info][SPTarkov.Server.Logger.SptLoggerMiddleware] [客户端请求] /launcher/server/version
[2026-07-30 07:46:16.110][Info][SPTarkov.Server.Logger.SptLoggerMiddleware] [客户端请求] /client/ragfair/offerfees
[2026-07-30 07:46:16.473][Info][SPTarkov.Server.Logger.SptLoggerMiddleware] [客户端请求] /client/game/profile/items/moving
[2026-07-30 07:46:17.721][Info][SPTarkov.Server.Logger.SptLoggerMiddleware] [客户端请求] /client/ragfair/itemMarketPrice
[2026-07-30 07:46:17.735][Info][SPTarkov.Server.Logger.SptLoggerMiddleware] [客户端请求] /client/items/prices
[2026-07-30 07:46:18.479][Info][SPTarkov.Server.Logger.SptLoggerMiddleware] [客户端请求] /launcher/profile/info
[2026-07-30 07:46:18.637][Info][SPTarkov.Server.Logger.SptLoggerMiddleware] [客户端请求] /launcher/server/version
[2026-07-30 07:46:18.707][Info][SPTarkov.Server.Logger.SptLoggerMiddleware] [客户端请求] /launcher/profile/info
[2026-07-30 07:46:18.709][Info][SPTarkov.Server.Logger.SptLoggerMiddleware] [客户端请求] /launcher/server/version
[2026-07-30 07:46:18.996][Info][SPTarkov.Server.Logger.SptLoggerMiddleware] [客户端请求] /client/ragfair/offerfees
[2026-07-30 07:46:19.370][Info][SPTarkov.Server.Logger.SptLoggerMiddleware] [客户端请求] /client/game/profile/items/moving
[2026-07-30 07:46:21.037][Info][SPTarkov.Server.Logger.SptLoggerMiddleware] [客户端请求] /client/items/prices
[2026-07-30 07:46:21.047][Info][SPTarkov.Server.Logger.SptLoggerMiddleware] [客户端请求] /client/ragfair/itemMarketPrice
[2026-07-30 07:46:22.536][Info][SPTarkov.Server.Logger.SptLoggerMiddleware] [客户端请求] /QuestingBots/GetConfig
[2026-07-30 07:46:22.640][Info][SPTarkov.Server.Logger.SptLoggerMiddleware] [客户端请求] /client/ragfair/offerfees
[2026-07-30 07:46:23.001][Info][SPTarkov.Server.Logger.SptLoggerMiddleware] [客户端请求] /client/game/profile/items/moving
[2026-07-30 07:46:23.122][Info][SPTarkov.Server.Logger.SptLoggerMiddleware] [客户端请求] /singleplayer/bosstypes
[2026-07-30 07:46:23.596][Info][SPTarkov.Server.Logger.SptLoggerMiddleware] [客户端请求] /fika/natpunchserver/config
[2026-07-30 07:46:24.165][Info][SPTarkov.Server.Logger.SptLoggerMiddleware] [客户端请求] /fika/client/config
[2026-07-30 07:46:24.186][Info][SPTarkov.Server.Logger.SptLoggerMiddleware] [客户端请求] /singleplayer/settings/bot/difficulties/
[2026-07-30 07:46:24.376][Info][SPTarkov.Server.Logger.SptLoggerMiddleware] [客户端请求] /singleplayer/settings/bot/difficulty/core/core
[2026-07-30 07:46:26.953][Info][SPTarkov.Server.Logger.SptLoggerMiddleware] [客户端请求] /client/ragfair/itemMarketPrice
[2026-07-30 07:46:26.964][Info][SPTarkov.Server.Logger.SptLoggerMiddleware] [客户端请求] /client/items/prices
[2026-07-30 07:46:28.430][Info][SPTarkov.Server.Logger.SptLoggerMiddleware] [客户端请求] /client/ragfair/offerfees
[2026-07-30 07:46:28.791][Info][SPTarkov.Server.Logger.SptLoggerMiddleware] [客户端请求] /client/game/profile/items/moving
[2026-07-30 07:46:30.903][Info][SPTarkov.Server.Logger.SptLoggerMiddleware] [客户端请求] /client/ragfair/itemMarketPrice
[2026-07-30 07:46:30.915][Info][SPTarkov.Server.Logger.SptLoggerMiddleware] [客户端请求] /client/items/prices
[2026-07-30 07:46:32.178][Info][SPTarkov.Server.Logger.SptLoggerMiddleware] [客户端请求] /client/ragfair/offerfees
[2026-07-30 07:46:32.551][Info][SPTarkov.Server.Logger.SptLoggerMiddleware] [客户端请求] /client/game/profile/items/moving
[2026-07-30 07:46:34.971][Info][SPTarkov.Server.Logger.SptLoggerMiddleware] [客户端请求] /client/items/prices
[2026-07-30 07:46:34.985][Info][SPTarkov.Server.Logger.SptLoggerMiddleware] [客户端请求] /client/ragfair/itemMarketPrice
[2026-07-30 07:46:40.486][Info][SPTarkov.Server.Logger.SptLoggerMiddleware] [客户端请求] /client/ragfair/itemMarketPrice
[2026-07-30 07:46:40.492][Info][SPTarkov.Server.Logger.SptLoggerMiddleware] [客户端请求] /client/items/prices
[2026-07-30 07:46:41.667][Info][SPTarkov.Server.Logger.SptLoggerMiddleware] [客户端请求] /client/ragfair/offerfees
[2026-07-30 07:46:42.029][Info][SPTarkov.Server.Logger.SptLoggerMiddleware] [客户端请求] /client/game/profile/items/moving
[2026-07-30 07:46:43.140][Info][SPTarkov.Server.Logger.SptLoggerMiddleware] [客户端请求] /sain/namepersonalities
[2026-07-30 07:46:43.283][Info][SPTarkov.Server.Logger.SptLoggerMiddleware] [客户端请求] /client/ragfair/itemMarketPrice
[2026-07-30 07:46:43.291][Info][SPTarkov.Server.Logger.SptLoggerMiddleware] [客户端请求] /client/items/prices
[2026-07-30 07:46:44.806][Info][SPTarkov.Server.Logger.SptLoggerMiddleware] [客户端请求] /client/ragfair/offerfees
[2026-07-30 07:46:45.180][Info][SPTarkov.Server.Logger.SptLoggerMiddleware] [客户端请求] /client/game/profile/items/moving
[2026-07-30 07:46:47.506][Info][SPTarkov.Server.Logger.SptLoggerMiddleware] [客户端请求] /client/items/prices
[2026-07-30 07:46:47.512][Info][SPTarkov.Server.Logger.SptLoggerMiddleware] [客户端请求] /client/ragfair/itemMarketPrice
[2026-07-30 07:46:48.867][Info][SPTarkov.Server.Logger.SptLoggerMiddleware] [客户端请求] /client/ragfair/offerfees
[2026-07-30 07:46:49.230][Info][SPTarkov.Server.Logger.SptLoggerMiddleware] [客户端请求] /client/game/profile/items/moving
[2026-07-30 07:46:50.125][Info][SPTarkov.Server.Logger.SptLoggerMiddleware] [客户端请求] /singleplayer/settings/version
[2026-07-30 07:46:50.128][Info][SPTarkov.Server.Logger.SptLoggerMiddleware] [客户端请求] /singleplayer/release
[2026-07-30 07:46:50.139][Info][SPTarkov.Server.Logger.SptLoggerMiddleware] [客户端请求] /singleplayer/moddedTraders
[2026-07-30 07:46:50.142][Info][SPTarkov.Server.Logger.SptLoggerMiddleware] [客户端请求] /singleplayer/enableBSGlogging
[2026-07-30 07:46:50.453][Info][SPTarkov.Server.Logger.SptLoggerMiddleware] [客户端请求] /client/ragfair/itemMarketPrice
[2026-07-30 07:46:50.462][Info][SPTarkov.Server.Logger.SptLoggerMiddleware] [客户端请求] /client/items/prices
[2026-07-30 07:46:50.985][Info][SPTarkov.Server.Logger.SptLoggerMiddleware] [客户端请求] /singleplayer/bundles
[2026-07-30 07:46:51.542][Info][SPTarkov.Server.Logger.SptLoggerMiddleware] [客户端请求] /client/ragfair/offerfees
[2026-07-30 07:46:51.904][Info][SPTarkov.Server.Logger.SptLoggerMiddleware] [客户端请求] /client/game/profile/items/moving
[2026-07-30 07:46:53.343][Info][SPTarkov.Server.Logger.SptLoggerMiddleware] [客户端请求] /client/ragfair/itemMarketPrice
[2026-07-30 07:46:53.352][Info][SPTarkov.Server.Logger.SptLoggerMiddleware] [客户端请求] /client/items/prices
[2026-07-30 07:46:54.865][Info][SPTarkov.Server.Logger.SptLoggerMiddleware] [客户端请求] /client/ragfair/offerfees
[2026-07-30 07:46:55.149][Info][SPTarkov.Server.Logger.SptLoggerMiddleware] [客户端请求] /fika/client/check/version
[2026-07-30 07:46:55.227][Info][SPTarkov.Server.Logger.SptLoggerMiddleware] [客户端请求] /client/game/profile/items/moving
[2026-07-30 07:46:55.232][Info][SPTarkov.Server.Logger.SptLoggerMiddleware] [客户端请求] /fika/client/check/mods
[2026-07-30 07:46:57.374][Info][SPTarkov.Server.Logger.SptLoggerMiddleware] [客户端请求] /dynamicmaps/load
[2026-07-30 07:46:57.382][Info][SPTarkov.Server.Logger.SptLoggerMiddleware] [客户端请求] /singleplayer/settings/version
[2026-07-30 07:46:57.590][Info][SPTarkov.Server.Logger.SptLoggerMiddleware] [客户端请求] /client/menu/locale/ch
[2026-07-30 07:46:57.656][Info][SPTarkov.Server.Logger.SptLoggerMiddleware] [客户端请求] /client/game/mode
[2026-07-30 07:46:57.709][Info][SPTarkov.Server.Logger.SptLoggerMiddleware] [客户端请求] /client/game/start
[2026-07-30 07:46:57.770][Info][SPTarkov.Server.Logger.SptLoggerMiddleware] [客户端请求] /singleplayer/clientmods
[2026-07-30 07:46:57.824][Info][SPTarkov.Server.Logger.SptLoggerMiddleware] [客户端请求] /client/game/version/validate
[2026-07-30 07:46:57.876][Info][SPTarkov.Server.Logger.SptLoggerMiddleware] [客户端请求] /client/languages
[2026-07-30 07:46:57.923][Info][SPTarkov.Server.Logger.SptLoggerMiddleware] [客户端请求] /client/game/config
[2026-07-30 07:46:58.031][Info][SPTarkov.Server.Logger.SptLoggerMiddleware] [客户端请求] /client/items
[2026-07-30 07:46:58.243][Info][SPTarkov.Server.Logger.SptLoggerMiddleware] [客户端请求] /client/ragfair/itemMarketPrice
[2026-07-30 07:46:58.248][Info][SPTarkov.Server.Logger.SptLoggerMiddleware] [客户端请求] /client/items/prices
[2026-07-30 07:46:59.838][Info][SPTarkov.Server.Logger.SptLoggerMiddleware] [客户端请求] /client/ragfair/offerfees
[2026-07-30 07:47:00.201][Info][SPTarkov.Server.Logger.SptLoggerMiddleware] [客户端请求] /client/game/profile/items/moving
[2026-07-30 07:47:04.940][Info][SPTarkov.Server.Logger.SptLoggerMiddleware] [客户端请求] /client/customization
[2026-07-30 07:47:05.041][Info][SPTarkov.Server.Logger.SptLoggerMiddleware] [客户端请求] /client/globals
[2026-07-30 07:47:05.059][Info][SPTarkov.Server.Logger.SptLoggerMiddleware] [客户端请求] /client/prestige/list
[2026-07-30 07:47:05.059][Info][SPTarkov.Server.Logger.SptLoggerMiddleware] [客户端请求] /client/trading/api/traderSettings
[2026-07-30 07:47:05.059][Info][SPTarkov.Server.Logger.SptLoggerMiddleware] [客户端请求] /client/settings
[2026-07-30 07:47:05.780][Info][SPTarkov.Server.Logger.SptLoggerMiddleware] [客户端请求] /client/customization/storage
[2026-07-30 07:47:06.309][Info][SPTarkov.Server.Logger.SptLoggerMiddleware] [客户端请求] /client/dialogue
[2026-07-30 07:47:06.315][Info][SPTarkov.Server.Logger.SptLoggerMiddleware] [客户端请求] /client/game/profile/list
[2026-07-30 07:47:07.763][Info][SPTarkov.Server.Logger.SptLoggerMiddleware] [客户端请求] /client/game/profile/select
[2026-07-30 07:47:07.813][Info][SPTarkov.Server.Logger.SptLoggerMiddleware] [客户端请求] /client/profile/status
[2026-07-30 07:47:07.929][Info][SPTarkov.Server.Logger.SptLoggerMiddleware] [客户端请求] /client/handbook/templates
[2026-07-30 07:47:09.552][Info][SPTarkov.Server.Logger.SptLoggerMiddleware] [客户端请求] /client/builds/list
[2026-07-30 07:47:09.833][Info][SPTarkov.Server.Logger.SptLoggerMiddleware] [客户端请求] /botplacementsystem/load
[2026-07-30 07:47:09.834][Info][SPTarkov.Server.Logger.SptLoggerMiddleware] [客户端请求] /weaponcustomizer/load
[2026-07-30 07:47:11.617][Info][SPTarkov.Server.Logger.SptLoggerMiddleware] [WebSocket 请求] /fika/notification/
[2026-07-30 07:47:13.841][Info][SPTarkov.Server.Logger.SptLoggerMiddleware] [客户端请求] /client/profile/status
[2026-07-30 07:47:13.858][Info][SPTarkov.Server.Logger.SptLoggerMiddleware] [客户端请求] /client/weather
[2026-07-30 07:47:13.858][Info][SPTarkov.Server.Logger.SptLoggerMiddleware] [客户端请求] /client/locale/ch
[2026-07-30 07:47:13.858][Info][SPTarkov.Server.Logger.SptLoggerMiddleware] [客户端请求] /client/notifier/channel/create
[2026-07-30 07:47:13.858][Info][SPTarkov.Server.Logger.SptLoggerMiddleware] [客户端请求] /client/locations
[2026-07-30 07:47:13.897][Info][SPTarkov.Server.Logger.SptLoggerMiddleware] [WebSocket 请求] /notifierServer/getwebsocket/68f79277575e002bfcf5a4a1
[2026-07-30 07:47:13.898][Info][SPTarkov.Server.Core.Servers.Ws.SptWebSocketConnectionHandler] [WS] 玩家：JúnioR (68f79277575e002bfcf5a4a1) 20260730074713897 已连接
[2026-07-30 07:47:15.105][Info][SPTarkov.Server.Logger.SptLoggerMiddleware] [客户端请求] /singleplayer/log
[2026-07-30 07:47:15.109][Info][SPTarkov.Server.Logger.SptLoggerMiddleware] [客户端请求] /singleplayer/log
[2026-07-30 07:47:15.110][Warn][SPTarkov.Server.Core.Controllers.ClientLogController] [Warning: SPT.Core] Validation failed
[2026-07-30 07:47:16.191][Info][SPTarkov.Server.Logger.SptLoggerMiddleware] [客户端请求] /client/hideout/areas
[2026-07-30 07:47:16.207][Info][SPTarkov.Server.Logger.SptLoggerMiddleware] [客户端请求] /client/hideout/qte/list
[2026-07-30 07:47:16.207][Info][SPTarkov.Server.Logger.SptLoggerMiddleware] [客户端请求] /client/hideout/settings
[2026-07-30 07:47:16.207][Info][SPTarkov.Server.Logger.SptLoggerMiddleware] [客户端请求] /client/hideout/production/recipes
[2026-07-30 07:47:16.209][Info][SPTarkov.Server.Logger.SptLoggerMiddleware] [客户端请求] /client/hideout/customization/offer/list
[2026-07-30 07:47:16.233][Info][SPTarkov.Server.Logger.SptLoggerMiddleware] [客户端请求] /client/server/list
[2026-07-30 07:47:16.233][Info][SPTarkov.Server.Logger.SptLoggerMiddleware] [客户端请求] /client/match/group/current
[2026-07-30 07:47:16.233][Info][SPTarkov.Server.Logger.SptLoggerMiddleware] [客户端请求] /client/friend/list
[2026-07-30 07:47:16.234][Info][SPTarkov.Server.Logger.SptLoggerMiddleware] [客户端请求] /client/mail/dialog/list
[2026-07-30 07:47:16.234][Info][SPTarkov.Server.Logger.SptLoggerMiddleware] [客户端请求] /client/friend/request/list/inbox
[2026-07-30 07:47:16.234][Info][SPTarkov.Server.Logger.SptLoggerMiddleware] [客户端请求] /client/friend/request/list/outbox
[2026-07-30 07:47:16.234][Info][SPTarkov.Server.Logger.SptLoggerMiddleware] [客户端请求] /client/quest/list
[2026-07-30 07:47:16.343][Info][SPTarkov.Server.Logger.SptLoggerMiddleware] [客户端请求] /singleplayer/log
[2026-07-30 07:47:16.343][Info][SPTarkov.Server.Core.Controllers.ClientLogController] [QuestingBots] Validated all quest files
[2026-07-30 07:47:16.752][Info][SPTarkov.Server.Logger.SptLoggerMiddleware] [客户端请求] /client/achievement/statistic
[2026-07-30 07:47:16.815][Info][SPTarkov.Server.Logger.SptLoggerMiddleware] [客户端请求] /client/achievement/list
[2026-07-30 07:47:17.032][Info][SPTarkov.Server.Logger.SptLoggerMiddleware] [客户端请求] /client/repeatalbeQuests/activityPeriods
[2026-07-30 07:47:17.131][Info][SPTarkov.Server.Logger.SptLoggerMiddleware] [客户端请求] /client/survey
[2026-07-30 07:47:17.885][Info][SPTarkov.Server.Logger.SptLoggerMiddleware] [客户端请求] /fika/presence/get
[2026-07-30 07:47:18.471][Info][SPTarkov.Server.Logger.SptLoggerMiddleware] [客户端请求] /launcher/profile/info
[2026-07-30 07:47:18.627][Info][SPTarkov.Server.Logger.SptLoggerMiddleware] [客户端请求] /launcher/server/version
[2026-07-30 07:47:18.712][Info][SPTarkov.Server.Logger.SptLoggerMiddleware] [客户端请求] /launcher/profile/info
[2026-07-30 07:47:18.714][Info][SPTarkov.Server.Logger.SptLoggerMiddleware] [客户端请求] /launcher/server/version
[2026-07-30 07:47:21.011][Info][SPTarkov.Server.Logger.SptLoggerMiddleware] [客户端请求] /fika/presence/set
[2026-07-30 07:47:21.375][Info][SPTarkov.Server.Logger.SptLoggerMiddleware] [客户端请求] /client/game/profile/items/moving
[2026-07-30 07:47:27.820][Info][SPTarkov.Server.Logger.SptLoggerMiddleware] [客户端请求] /fika/presence/get
[2026-07-30 07:47:33.600][Info][SPTarkov.Server.Logger.SptLoggerMiddleware] [客户端请求] /fika/presence/set
[2026-07-30 07:47:33.701][Info][SPTarkov.Server.Logger.SptLoggerMiddleware] [客户端请求] /fika/presence/get
[2026-07-30 07:47:37.821][Info][SPTarkov.Server.Logger.SptLoggerMiddleware] [客户端请求] /fika/presence/get
[2026-07-30 07:47:39.850][Info][SPTarkov.Server.Logger.SptLoggerMiddleware] [客户端请求] /client/checkVersion
[2026-07-30 07:47:43.201][Info][SPTarkov.Server.Logger.SptLoggerMiddleware] [客户端请求] /singleplayer/settings/raid/menu
[2026-07-30 07:47:44.505][Info][SPTarkov.Server.Logger.SptLoggerMiddleware] [客户端请求] /client/insurance/items/list/cost
[2026-07-30 07:47:45.534][Info][SPTarkov.Server.Logger.SptLoggerMiddleware] [客户端请求] /fika/presence/get
[2026-07-30 07:47:49.549][Info][SPTarkov.Server.Logger.SptLoggerMiddleware] [客户端请求] /fika/headless/available
[2026-07-30 07:47:49.562][Info][SPTarkov.Server.Logger.SptLoggerMiddleware] [客户端请求] /fika/location/raids
[2026-07-30 07:47:49.651][Info][SPTarkov.Server.Logger.SptLoggerMiddleware] [客户端请求] /client/raid/configuration
[2026-07-30 07:47:49.656][Info][SPTarkov.Server.Logger.SptLoggerMiddleware] [客户端请求] /client/match/group/invite/cancel-all
[2026-07-30 07:47:49.688][Info][SPTarkov.Server.Logger.SptLoggerMiddleware] [客户端请求] /client/match/group/invite/cancel-all
[2026-07-30 07:47:50.861][Info][SPTarkov.Server.Logger.SptLoggerMiddleware] [客户端请求] /fika/raid/create
[2026-07-30 07:47:51.080][Info][SPTarkov.Server.Core.Generators.LocationLootGenerator] A total of: 2059 static items spawned
[2026-07-30 07:47:51.080][Info][SPTarkov.Server.Core.Generators.LocationLootGenerator] 共计1099个静态容器已生成
[2026-07-30 07:47:52.913][Info][SPTarkov.Server.Core.Generators.LocationLootGenerator] 共计418个动态物品已生成
[2026-07-30 07:47:52.913][Info][SPTarkov.Server.Core.Generators.LocationLootGenerator] 已生成地点TarkovStreets
[2026-07-30 07:47:53.128][Info][SPTarkov.Server.Logger.SptLoggerMiddleware] [客户端请求] /fika/presence/set
[2026-07-30 07:47:54.961][Info][SPTarkov.Server.Logger.SptLoggerMiddleware] [客户端请求] /client/raid/configuration
[2026-07-30 07:47:54.995][Info][SPTarkov.Server.Logger.SptLoggerMiddleware] [客户端请求] /fika/update/ping
[2026-07-30 07:47:55.158][Info][SPTarkov.Server.Logger.SptLoggerMiddleware] [客户端请求] /fika/update/sethost
[2026-07-30 07:47:55.179][Info][SPTarkov.Server.Logger.SptLoggerMiddleware] [客户端请求] /fika/update/setstatus
[2026-07-30 07:47:55.409][Info][SPTarkov.Server.Logger.SptLoggerMiddleware] [客户端请求] /client/match/group/exit_from_menu
[2026-07-30 07:48:17.032][Info][SPTarkov.Server.Logger.SptLoggerMiddleware] [客户端请求] /client/ragfair/itemMarketPrice
[2026-07-30 07:48:17.036][Info][SPTarkov.Server.Logger.SptLoggerMiddleware] [客户端请求] /client/items/prices
[2026-07-30 07:48:18.462][Info][SPTarkov.Server.Logger.SptLoggerMiddleware] [客户端请求] /launcher/profile/info
[2026-07-30 07:48:18.617][Info][SPTarkov.Server.Logger.SptLoggerMiddleware] [客户端请求] /launcher/server/version
[2026-07-30 07:48:18.715][Info][SPTarkov.Server.Logger.SptLoggerMiddleware] [客户端请求] /launcher/profile/info
[2026-07-30 07:48:18.717][Info][SPTarkov.Server.Logger.SptLoggerMiddleware] [客户端请求] /launcher/server/version
[2026-07-30 07:48:20.923][Info][SPTarkov.Server.Logger.SptLoggerMiddleware] [客户端请求] /client/items/prices
[2026-07-30 07:48:20.932][Info][SPTarkov.Server.Logger.SptLoggerMiddleware] [客户端请求] /client/ragfair/itemMarketPrice
[2026-07-30 07:48:23.982][Info][SPTarkov.Server.Logger.SptLoggerMiddleware] [客户端请求] /client/ragfair/offerfees
[2026-07-30 07:48:24.348][Info][SPTarkov.Server.Logger.SptLoggerMiddleware] [客户端请求] /client/game/profile/items/moving
[2026-07-30 07:48:24.999][Info][SPTarkov.Server.Logger.SptLoggerMiddleware] [客户端请求] /fika/update/ping
[2026-07-30 07:48:25.464][Info][SPTarkov.Server.Logger.SptLoggerMiddleware] [客户端请求] /client/ragfair/itemMarketPrice
[2026-07-30 07:48:25.499][Info][SPTarkov.Server.Logger.SptLoggerMiddleware] [客户端请求] /client/items/prices
[2026-07-30 07:48:26.806][Info][SPTarkov.Server.Logger.SptLoggerMiddleware] [客户端请求] /client/ragfair/offerfees
[2026-07-30 07:48:27.175][Info][SPTarkov.Server.Logger.SptLoggerMiddleware] [客户端请求] /client/game/profile/items/moving
[2026-07-30 07:48:30.481][Info][SPTarkov.Server.Logger.SptLoggerMiddleware] [客户端请求] /client/items/prices
[2026-07-30 07:48:30.485][Info][SPTarkov.Server.Logger.SptLoggerMiddleware] [客户端请求] /client/ragfair/itemMarketPrice
[2026-07-30 07:48:32.306][Info][SPTarkov.Server.Logger.SptLoggerMiddleware] [客户端请求] /client/ragfair/offerfees
[2026-07-30 07:48:32.666][Info][SPTarkov.Server.Logger.SptLoggerMiddleware] [客户端请求] /client/game/profile/items/moving
[2026-07-30 07:48:55.003][Info][SPTarkov.Server.Logger.SptLoggerMiddleware] [客户端请求] /fika/update/ping
[2026-07-30 07:48:59.796][Info][SPTarkov.Server.Logger.SptLoggerMiddleware] [客户端请求] /client/items/prices
[2026-07-30 07:48:59.804][Info][SPTarkov.Server.Logger.SptLoggerMiddleware] [客户端请求] /client/ragfair/itemMarketPrice
[2026-07-30 07:49:03.149][Info][SPTarkov.Server.Logger.SptLoggerMiddleware] [客户端请求] /client/ragfair/offerfees
[2026-07-30 07:49:03.510][Info][SPTarkov.Server.Logger.SptLoggerMiddleware] [客户端请求] /client/game/profile/items/moving
[2026-07-30 07:49:07.449][Info][SPTarkov.Server.Logger.SptLoggerMiddleware] [客户端请求] /fika/presence/set
[2026-07-30 07:49:07.800][Info][SPTarkov.Server.Logger.SptLoggerMiddleware] [客户端请求] /client/ragfair/find
[2026-07-30 07:49:07.809][Info][SPTarkov.Server.Logger.SptLoggerMiddleware] [客户端请求] /client/trading/api/getTraderAssort/58330581ace78e27b8b10cee
[2026-07-30 07:49:07.814][Info][SPTarkov.Server.Logger.SptLoggerMiddleware] [客户端请求] /client/trading/api/getTraderAssort/5935c25fb3acc3127c3d8cd9
[2026-07-30 07:49:09.584][Info][SPTarkov.Server.Logger.SptLoggerMiddleware] [客户端请求] /fika/presence/set
[2026-07-30 07:49:12.124][Info][SPTarkov.Server.Logger.SptLoggerMiddleware] [客户端请求] /client/mail/dialog/getAllAttachments
[2026-07-30 07:49:14.868][Info][SPTarkov.Server.Logger.SptLoggerMiddleware] [客户端请求] /client/game/profile/items/moving
[2026-07-30 07:49:16.325][Info][SPTarkov.Server.Logger.SptLoggerMiddleware] [客户端请求] /client/game/profile/items/moving
[2026-07-30 07:49:18.461][Info][SPTarkov.Server.Logger.SptLoggerMiddleware] [客户端请求] /launcher/profile/info
[2026-07-30 07:49:18.615][Info][SPTarkov.Server.Logger.SptLoggerMiddleware] [客户端请求] /launcher/server/version
[2026-07-30 07:49:18.714][Info][SPTarkov.Server.Logger.SptLoggerMiddleware] [客户端请求] /launcher/profile/info
[2026-07-30 07:49:18.717][Info][SPTarkov.Server.Logger.SptLoggerMiddleware] [客户端请求] /launcher/server/version
[2026-07-30 07:49:19.251][Info][SPTarkov.Server.Logger.SptLoggerMiddleware] [客户端请求] /client/getMetricsConfig
[2026-07-30 07:49:19.396][Info][SPTarkov.Server.Logger.SptLoggerMiddleware] [客户端请求] /singleplayer/settings/getRaidTime
[2026-07-30 07:49:19.481][Info][SPTarkov.Server.Logger.SptLoggerMiddleware] [客户端请求] /client/raid/configuration
[2026-07-30 07:49:19.559][Info][SPTarkov.Server.Logger.SptLoggerMiddleware] [客户端请求] /client/match/local/start
[2026-07-30 07:49:20.236][Info][SPTarkov.Server.Core.Servers.Ws.SptWebSocketConnectionHandler] [ws] player: JúnioR (68f79277575e002bfcf5a4a1) 20260730074713897 has disconnected
[2026-07-30 07:49:20.637][Info][SPTarkov.Server.Logger.SptLoggerMiddleware] [客户端请求] /fika/presence/set
[2026-07-30 07:49:21.021][Info][SPTarkov.Server.Logger.SptLoggerMiddleware] [客户端请求] /client/game/profile/items/moving
[2026-07-30 07:49:25.007][Info][SPTarkov.Server.Logger.SptLoggerMiddleware] [客户端请求] /fika/update/ping
[2026-07-30 07:49:51.970][Info][SPTarkov.Server.Logger.SptLoggerMiddleware] [客户端请求] /fika/update/playerspawn
[2026-07-30 07:49:55.010][Info][SPTarkov.Server.Logger.SptLoggerMiddleware] [客户端请求] /fika/update/ping
[2026-07-30 07:50:01.986][Info][SPTarkov.Server.Logger.SptLoggerMiddleware] [客户端请求] /client/ragfair/itemMarketPrice
[2026-07-30 07:50:01.996][Info][SPTarkov.Server.Logger.SptLoggerMiddleware] [客户端请求] /client/items/prices
[2026-07-30 07:50:03.726][Info][SPTarkov.Server.Logger.SptLoggerMiddleware] [客户端请求] /client/ragfair/offerfees
[2026-07-30 07:50:04.094][Info][SPTarkov.Server.Logger.SptLoggerMiddleware] [客户端请求] /client/game/profile/items/moving
[2026-07-30 07:50:18.449][Info][SPTarkov.Server.Logger.SptLoggerMiddleware] [客户端请求] /launcher/profile/info
[2026-07-30 07:50:18.615][Info][SPTarkov.Server.Logger.SptLoggerMiddleware] [客户端请求] /launcher/server/version
[2026-07-30 07:50:18.710][Info][SPTarkov.Server.Logger.SptLoggerMiddleware] [客户端请求] /launcher/profile/info
[2026-07-30 07:50:18.712][Info][SPTarkov.Server.Logger.SptLoggerMiddleware] [客户端请求] /launcher/server/version
[2026-07-30 07:50:25.014][Info][SPTarkov.Server.Logger.SptLoggerMiddleware] [客户端请求] /fika/update/ping
[2026-07-30 07:50:40.653][Info][SPTarkov.Server.Logger.SptLoggerMiddleware] [客户端请求] /fika/presence/set
[2026-07-30 07:50:40.750][Info][SPTarkov.Server.Logger.SptLoggerMiddleware] [客户端请求] /fika/presence/get
[2026-07-30 07:50:41.070][Info][SPTarkov.Server.Logger.SptLoggerMiddleware] [客户端请求] /client/game/profile/items/moving
[2026-07-30 07:50:43.991][Info][SPTarkov.Server.Logger.SptLoggerMiddleware] [客户端请求] /singleplayer/settings/raid/menu
[2026-07-30 07:50:44.578][Info][SPTarkov.Server.Logger.SptLoggerMiddleware] [客户端请求] /client/insurance/items/list/cost
[2026-07-30 07:50:47.789][Info][SPTarkov.Server.Logger.SptLoggerMiddleware] [客户端请求] /client/game/profile/items/moving
[2026-07-30 07:50:48.651][Info][SPTarkov.Server.Logger.SptLoggerMiddleware] [客户端请求] /fika/headless/available
[2026-07-30 07:50:48.739][Info][SPTarkov.Server.Logger.SptLoggerMiddleware] [客户端请求] /fika/location/raids
[2026-07-30 07:50:49.103][Info][SPTarkov.Server.Logger.SptLoggerMiddleware] [客户端请求] /client/match/group/invite/cancel-all
[2026-07-30 07:50:49.116][Info][SPTarkov.Server.Logger.SptLoggerMiddleware] [客户端请求] /client/raid/configuration
[2026-07-30 07:50:49.489][Info][SPTarkov.Server.Logger.SptLoggerMiddleware] [客户端请求] /client/match/group/invite/cancel-all
[2026-07-30 07:50:50.088][Info][SPTarkov.Server.Logger.SptLoggerMiddleware] [客户端请求] /fika/raid/gethost
[2026-07-30 07:50:51.778][Info][SPTarkov.Server.Logger.SptLoggerMiddleware] [客户端请求] /fika/raid/join
[2026-07-30 07:50:51.866][Info][SPTarkov.Server.Logger.SptLoggerMiddleware] [客户端请求] /fika/update/addplayer
[2026-07-30 07:50:52.899][Info][SPTarkov.Server.Logger.SptLoggerMiddleware] [客户端请求] /client/raid/configuration
[2026-07-30 07:50:53.521][Info][SPTarkov.Server.Logger.SptLoggerMiddleware] [客户端请求] /client/match/group/exit_from_menu
[2026-07-30 07:50:55.016][Info][SPTarkov.Server.Logger.SptLoggerMiddleware] [客户端请求] /fika/update/ping
[2026-07-30 07:51:18.447][Info][SPTarkov.Server.Logger.SptLoggerMiddleware] [客户端请求] /launcher/profile/info
[2026-07-30 07:51:18.603][Info][SPTarkov.Server.Logger.SptLoggerMiddleware] [客户端请求] /launcher/server/version
[2026-07-30 07:51:18.709][Info][SPTarkov.Server.Logger.SptLoggerMiddleware] [客户端请求] /launcher/profile/info
[2026-07-30 07:51:18.711][Info][SPTarkov.Server.Logger.SptLoggerMiddleware] [客户端请求] /launcher/server/version
[2026-07-30 07:51:25.020][Info][SPTarkov.Server.Logger.SptLoggerMiddleware] [客户端请求] /fika/update/ping
[2026-07-30 07:51:39.878][Info][SPTarkov.Server.Logger.SptLoggerMiddleware] [客户端请求] /client/game/keepalive
[2026-07-30 07:51:55.023][Info][SPTarkov.Server.Logger.SptLoggerMiddleware] [客户端请求] /fika/update/ping
[2026-07-30 07:52:13.473][Info][SPTarkov.Server.Logger.SptLoggerMiddleware] [客户端请求] /client/getMetricsConfig
[2026-07-30 07:52:13.728][Info][SPTarkov.Server.Logger.SptLoggerMiddleware] [客户端请求] /singleplayer/settings/getRaidTime
[2026-07-30 07:52:14.011][Info][SPTarkov.Server.Core.Servers.Ws.SptWebSocketConnectionHandler] [ws] player: Maxryuki (69802d793401cb1dcc190aae) 20260730073531440 has disconnected
[2026-07-30 07:52:15.124][Info][SPTarkov.Server.Logger.SptLoggerMiddleware] [客户端请求] /client/raid/configuration
[2026-07-30 07:52:15.493][Info][SPTarkov.Server.Logger.SptLoggerMiddleware] [客户端请求] /client/match/local/start
[2026-07-30 07:52:17.316][Info][SPTarkov.Server.Logger.SptLoggerMiddleware] [客户端请求] /fika/raid/getsettings
[2026-07-30 07:52:18.479][Info][SPTarkov.Server.Logger.SptLoggerMiddleware] [客户端请求] /launcher/profile/info
[2026-07-30 07:52:18.653][Info][SPTarkov.Server.Logger.SptLoggerMiddleware] [客户端请求] /launcher/server/version
[2026-07-30 07:52:18.716][Info][SPTarkov.Server.Logger.SptLoggerMiddleware] [客户端请求] /launcher/profile/info
[2026-07-30 07:52:18.718][Info][SPTarkov.Server.Logger.SptLoggerMiddleware] [客户端请求] /launcher/server/version
[2026-07-30 07:52:22.004][Info][SPTarkov.Server.Logger.SptLoggerMiddleware] [客户端请求] /fika/update/playerspawn
[2026-07-30 07:52:25.026][Info][SPTarkov.Server.Logger.SptLoggerMiddleware] [客户端请求] /fika/update/ping
[2026-07-30 07:52:55.030][Info][SPTarkov.Server.Logger.SptLoggerMiddleware] [客户端请求] /fika/update/ping
[2026-07-30 07:53:18.450][Info][SPTarkov.Server.Logger.SptLoggerMiddleware] [客户端请求] /launcher/profile/info
[2026-07-30 07:53:18.607][Info][SPTarkov.Server.Logger.SptLoggerMiddleware] [客户端请求] /launcher/server/version
[2026-07-30 07:53:18.714][Info][SPTarkov.Server.Logger.SptLoggerMiddleware] [客户端请求] /launcher/profile/info
[2026-07-30 07:53:18.717][Info][SPTarkov.Server.Logger.SptLoggerMiddleware] [客户端请求] /launcher/server/version
[2026-07-30 07:53:25.033][Info][SPTarkov.Server.Logger.SptLoggerMiddleware] [客户端请求] /fika/update/ping
[2026-07-30 07:53:55.037][Info][SPTarkov.Server.Logger.SptLoggerMiddleware] [客户端请求] /fika/update/ping
[2026-07-30 07:53:59.937][Info][SPTarkov.Server.Logger.SptLoggerMiddleware] [客户端请求] /client/game/keepalive
[2026-07-30 07:54:18.457][Info][SPTarkov.Server.Logger.SptLoggerMiddleware] [客户端请求] /launcher/profile/info
[2026-07-30 07:54:18.619][Info][SPTarkov.Server.Logger.SptLoggerMiddleware] [客户端请求] /launcher/server/version
[2026-07-30 07:54:18.705][Info][SPTarkov.Server.Logger.SptLoggerMiddleware] [客户端请求] /launcher/profile/info
[2026-07-30 07:54:18.707][Info][SPTarkov.Server.Logger.SptLoggerMiddleware] [客户端请求] /launcher/server/version
[2026-07-30 07:54:25.040][Info][SPTarkov.Server.Logger.SptLoggerMiddleware] [客户端请求] /fika/update/ping
[2026-07-30 07:54:36.614][Info][SPTarkov.Server.Logger.SptLoggerMiddleware] [客户端请求] /client/game/keepalive
[2026-07-30 07:54:55.045][Info][SPTarkov.Server.Logger.SptLoggerMiddleware] [客户端请求] /fika/update/ping
[2026-07-30 07:55:18.430][Info][SPTarkov.Server.Logger.SptLoggerMiddleware] [客户端请求] /launcher/profile/info
[2026-07-30 07:55:18.588][Info][SPTarkov.Server.Logger.SptLoggerMiddleware] [客户端请求] /launcher/server/version
[2026-07-30 07:55:18.709][Info][SPTarkov.Server.Logger.SptLoggerMiddleware] [客户端请求] /launcher/profile/info
[2026-07-30 07:55:18.712][Info][SPTarkov.Server.Logger.SptLoggerMiddleware] [客户端请求] /launcher/server/version
[2026-07-30 07:55:25.048][Info][SPTarkov.Server.Logger.SptLoggerMiddleware] [客户端请求] /fika/update/ping
[2026-07-30 07:55:55.052][Info][SPTarkov.Server.Logger.SptLoggerMiddleware] [客户端请求] /fika/update/ping
[2026-07-30 07:56:18.429][Info][SPTarkov.Server.Logger.SptLoggerMiddleware] [客户端请求] /launcher/profile/info
[2026-07-30 07:56:18.586][Info][SPTarkov.Server.Logger.SptLoggerMiddleware] [客户端请求] /launcher/server/version
[2026-07-30 07:56:18.708][Info][SPTarkov.Server.Logger.SptLoggerMiddleware] [客户端请求] /launcher/profile/info
[2026-07-30 07:56:18.710][Info][SPTarkov.Server.Logger.SptLoggerMiddleware] [客户端请求] /launcher/server/version
[2026-07-30 07:56:19.994][Info][SPTarkov.Server.Logger.SptLoggerMiddleware] [客户端请求] /client/game/keepalive
[2026-07-30 07:56:25.055][Info][SPTarkov.Server.Logger.SptLoggerMiddleware] [客户端请求] /fika/update/ping
[2026-07-30 07:56:55.058][Info][SPTarkov.Server.Logger.SptLoggerMiddleware] [客户端请求] /fika/update/ping
[2026-07-30 07:56:56.963][Info][SPTarkov.Server.Logger.SptLoggerMiddleware] [客户端请求] /client/game/keepalive
[2026-07-30 07:57:00.158][Info][SPTarkov.Server.Logger.SptLoggerMiddleware] [客户端请求] /client/repeatalbeQuests/activityPeriods
[2026-07-30 07:57:18.418][Info][SPTarkov.Server.Logger.SptLoggerMiddleware] [客户端请求] /launcher/profile/info
[2026-07-30 07:57:18.580][Info][SPTarkov.Server.Logger.SptLoggerMiddleware] [客户端请求] /launcher/server/version
[2026-07-30 07:57:18.711][Info][SPTarkov.Server.Logger.SptLoggerMiddleware] [客户端请求] /launcher/profile/info
[2026-07-30 07:57:18.713][Info][SPTarkov.Server.Logger.SptLoggerMiddleware] [客户端请求] /launcher/server/version
[2026-07-30 07:57:25.060][Info][SPTarkov.Server.Logger.SptLoggerMiddleware] [客户端请求] /fika/update/ping
[2026-07-30 07:57:55.063][Info][SPTarkov.Server.Logger.SptLoggerMiddleware] [客户端请求] /fika/update/ping
[2026-07-30 07:58:18.418][Info][SPTarkov.Server.Logger.SptLoggerMiddleware] [客户端请求] /launcher/profile/info
[2026-07-30 07:58:18.576][Info][SPTarkov.Server.Logger.SptLoggerMiddleware] [客户端请求] /launcher/server/version
[2026-07-30 07:58:18.705][Info][SPTarkov.Server.Logger.SptLoggerMiddleware] [客户端请求] /launcher/profile/info
[2026-07-30 07:58:18.708][Info][SPTarkov.Server.Logger.SptLoggerMiddleware] [客户端请求] /launcher/server/version
[2026-07-30 07:58:25.065][Info][SPTarkov.Server.Logger.SptLoggerMiddleware] [客户端请求] /fika/update/ping
[2026-07-30 07:58:55.070][Info][SPTarkov.Server.Logger.SptLoggerMiddleware] [客户端请求] /fika/update/ping
[2026-07-30 07:59:17.298][Info][SPTarkov.Server.Logger.SptLoggerMiddleware] [客户端请求] /client/game/keepalive
[2026-07-30 07:59:18.426][Info][SPTarkov.Server.Logger.SptLoggerMiddleware] [客户端请求] /launcher/profile/info
[2026-07-30 07:59:18.589][Info][SPTarkov.Server.Logger.SptLoggerMiddleware] [客户端请求] /launcher/server/version
[2026-07-30 07:59:18.714][Info][SPTarkov.Server.Logger.SptLoggerMiddleware] [客户端请求] /launcher/profile/info
[2026-07-30 07:59:18.716][Info][SPTarkov.Server.Logger.SptLoggerMiddleware] [客户端请求] /launcher/server/version
[2026-07-30 07:59:20.403][Info][SPTarkov.Server.Logger.SptLoggerMiddleware] [客户端请求] /client/game/keepalive
[2026-07-30 07:59:25.077][Info][SPTarkov.Server.Logger.SptLoggerMiddleware] [客户端请求] /fika/update/ping
[2026-07-30 07:59:55.081][Info][SPTarkov.Server.Logger.SptLoggerMiddleware] [客户端请求] /fika/update/ping
[2026-07-30 08:00:18.392][Info][SPTarkov.Server.Logger.SptLoggerMiddleware] [客户端请求] /launcher/profile/info
[2026-07-30 08:00:18.549][Info][SPTarkov.Server.Logger.SptLoggerMiddleware] [客户端请求] /launcher/server/version
[2026-07-30 08:00:18.716][Info][SPTarkov.Server.Logger.SptLoggerMiddleware] [客户端请求] /launcher/profile/info
[2026-07-30 08:00:18.717][Info][SPTarkov.Server.Logger.SptLoggerMiddleware] [客户端请求] /launcher/server/version
[2026-07-30 08:00:25.084][Info][SPTarkov.Server.Logger.SptLoggerMiddleware] [客户端请求] /fika/update/ping
[2026-07-30 08:00:55.087][Info][SPTarkov.Server.Logger.SptLoggerMiddleware] [客户端请求] /fika/update/ping
[2026-07-30 08:01:18.386][Info][SPTarkov.Server.Logger.SptLoggerMiddleware] [客户端请求] /launcher/profile/info
[2026-07-30 08:01:18.551][Info][SPTarkov.Server.Logger.SptLoggerMiddleware] [客户端请求] /launcher/server/version
[2026-07-30 08:01:18.706][Info][SPTarkov.Server.Logger.SptLoggerMiddleware] [客户端请求] /launcher/profile/info
[2026-07-30 08:01:18.708][Info][SPTarkov.Server.Logger.SptLoggerMiddleware] [客户端请求] /launcher/server/version
[2026-07-30 08:01:25.093][Info][SPTarkov.Server.Logger.SptLoggerMiddleware] [客户端请求] /fika/update/ping
[2026-07-30 08:01:37.642][Info][SPTarkov.Server.Logger.SptLoggerMiddleware] [客户端请求] /client/game/keepalive
[2026-07-30 08:01:40.454][Info][SPTarkov.Server.Logger.SptLoggerMiddleware] [客户端请求] /client/game/keepalive
[2026-07-30 08:01:55.096][Info][SPTarkov.Server.Logger.SptLoggerMiddleware] [客户端请求] /fika/update/ping
[2026-07-30 08:02:18.387][Info][SPTarkov.Server.Logger.SptLoggerMiddleware] [客户端请求] /launcher/profile/info
[2026-07-30 08:02:18.543][Info][SPTarkov.Server.Logger.SptLoggerMiddleware] [客户端请求] /launcher/server/version
[2026-07-30 08:02:18.702][Info][SPTarkov.Server.Logger.SptLoggerMiddleware] [客户端请求] /launcher/profile/info
[2026-07-30 08:02:18.704][Info][SPTarkov.Server.Logger.SptLoggerMiddleware] [客户端请求] /launcher/server/version
[2026-07-30 08:02:25.100][Info][SPTarkov.Server.Logger.SptLoggerMiddleware] [客户端请求] /fika/update/ping
[2026-07-30 08:02:55.104][Info][SPTarkov.Server.Logger.SptLoggerMiddleware] [客户端请求] /fika/update/ping
[2026-07-30 08:03:18.387][Info][SPTarkov.Server.Logger.SptLoggerMiddleware] [客户端请求] /launcher/profile/info
[2026-07-30 08:03:18.544][Info][SPTarkov.Server.Logger.SptLoggerMiddleware] [客户端请求] /launcher/server/version
[2026-07-30 08:03:18.712][Info][SPTarkov.Server.Logger.SptLoggerMiddleware] [客户端请求] /launcher/profile/info
[2026-07-30 08:03:18.714][Info][SPTarkov.Server.Logger.SptLoggerMiddleware] [客户端请求] /launcher/server/version
[2026-07-30 08:03:25.106][Info][SPTarkov.Server.Logger.SptLoggerMiddleware] [客户端请求] /fika/update/ping
[2026-07-30 08:03:55.109][Info][SPTarkov.Server.Logger.SptLoggerMiddleware] [客户端请求] /fika/update/ping
[2026-07-30 08:03:57.975][Info][SPTarkov.Server.Logger.SptLoggerMiddleware] [客户端请求] /client/game/keepalive
[2026-07-30 08:04:00.492][Info][SPTarkov.Server.Logger.SptLoggerMiddleware] [客户端请求] /client/game/keepalive
[2026-07-30 08:04:18.381][Info][SPTarkov.Server.Logger.SptLoggerMiddleware] [客户端请求] /launcher/profile/info
[2026-07-30 08:04:18.540][Info][SPTarkov.Server.Logger.SptLoggerMiddleware] [客户端请求] /launcher/server/version
[2026-07-30 08:04:18.703][Info][SPTarkov.Server.Logger.SptLoggerMiddleware] [客户端请求] /launcher/profile/info
[2026-07-30 08:04:18.704][Info][SPTarkov.Server.Logger.SptLoggerMiddleware] [客户端请求] /launcher/server/version
[2026-07-30 08:04:25.112][Info][SPTarkov.Server.Logger.SptLoggerMiddleware] [客户端请求] /fika/update/ping
[2026-07-30 08:04:55.114][Info][SPTarkov.Server.Logger.SptLoggerMiddleware] [客户端请求] /fika/update/ping
[2026-07-30 08:05:18.373][Info][SPTarkov.Server.Logger.SptLoggerMiddleware] [客户端请求] /launcher/profile/info
[2026-07-30 08:05:18.528][Info][SPTarkov.Server.Logger.SptLoggerMiddleware] [客户端请求] /launcher/server/version
[2026-07-30 08:05:18.713][Info][SPTarkov.Server.Logger.SptLoggerMiddleware] [客户端请求] /launcher/profile/info
[2026-07-30 08:05:18.714][Info][SPTarkov.Server.Logger.SptLoggerMiddleware] [客户端请求] /launcher/server/version
[2026-07-30 08:05:25.116][Info][SPTarkov.Server.Logger.SptLoggerMiddleware] [客户端请求] /fika/update/ping
[2026-07-30 08:05:55.119][Info][SPTarkov.Server.Logger.SptLoggerMiddleware] [客户端请求] /fika/update/ping
[2026-07-30 08:06:18.327][Info][SPTarkov.Server.Logger.SptLoggerMiddleware] [客户端请求] /client/game/keepalive
[2026-07-30 08:06:18.360][Info][SPTarkov.Server.Logger.SptLoggerMiddleware] [客户端请求] /launcher/profile/info
[2026-07-30 08:06:18.516][Info][SPTarkov.Server.Logger.SptLoggerMiddleware] [客户端请求] /launcher/server/version
[2026-07-30 08:06:18.714][Info][SPTarkov.Server.Logger.SptLoggerMiddleware] [客户端请求] /launcher/profile/info
[2026-07-30 08:06:18.716][Info][SPTarkov.Server.Logger.SptLoggerMiddleware] [客户端请求] /launcher/server/version
[2026-07-30 08:06:20.529][Info][SPTarkov.Server.Logger.SptLoggerMiddleware] [客户端请求] /client/game/keepalive
[2026-07-30 08:06:25.121][Info][SPTarkov.Server.Logger.SptLoggerMiddleware] [客户端请求] /fika/update/ping
[2026-07-30 08:06:55.126][Info][SPTarkov.Server.Logger.SptLoggerMiddleware] [客户端请求] /fika/update/ping
[2026-07-30 08:07:18.368][Info][SPTarkov.Server.Logger.SptLoggerMiddleware] [客户端请求] /launcher/profile/info
[2026-07-30 08:07:18.529][Info][SPTarkov.Server.Logger.SptLoggerMiddleware] [客户端请求] /launcher/server/version
[2026-07-30 08:07:18.712][Info][SPTarkov.Server.Logger.SptLoggerMiddleware] [客户端请求] /launcher/profile/info
[2026-07-30 08:07:18.713][Info][SPTarkov.Server.Logger.SptLoggerMiddleware] [客户端请求] /launcher/server/version
[2026-07-30 08:07:25.130][Info][SPTarkov.Server.Logger.SptLoggerMiddleware] [客户端请求] /fika/update/ping
[2026-07-30 08:07:55.132][Info][SPTarkov.Server.Logger.SptLoggerMiddleware] [客户端请求] /fika/update/ping
[2026-07-30 08:08:18.360][Info][SPTarkov.Server.Logger.SptLoggerMiddleware] [客户端请求] /launcher/profile/info
[2026-07-30 08:08:18.522][Info][SPTarkov.Server.Logger.SptLoggerMiddleware] [客户端请求] /launcher/server/version
[2026-07-30 08:08:18.715][Info][SPTarkov.Server.Logger.SptLoggerMiddleware] [客户端请求] /launcher/profile/info
[2026-07-30 08:08:18.717][Info][SPTarkov.Server.Logger.SptLoggerMiddleware] [客户端请求] /launcher/server/version
[2026-07-30 08:08:25.137][Info][SPTarkov.Server.Logger.SptLoggerMiddleware] [客户端请求] /fika/update/ping
[2026-07-30 08:08:35.626][Info][SPTarkov.Server.Logger.SptLoggerMiddleware] [客户端请求] /fika/update/setstatus
[2026-07-30 08:08:37.237][Info][SPTarkov.Server.Logger.SptLoggerMiddleware] [客户端请求] /fika/raid/registerPlayer
[2026-07-30 08:08:38.777][Info][SPTarkov.Server.Logger.SptLoggerMiddleware] [客户端请求] /client/game/keepalive
[2026-07-30 08:08:40.619][Info][SPTarkov.Server.Logger.SptLoggerMiddleware] [客户端请求] /client/game/keepalive
[2026-07-30 08:08:45.146][Info][SPTarkov.Server.Logger.SptLoggerMiddleware] [客户端请求] /client/localGame/weather
[2026-07-30 08:08:45.869][Info][SPTarkov.Server.Logger.SptLoggerMiddleware] [客户端请求] /client/game/bot/generate
[2026-07-30 08:08:46.860][Info][SPTarkov.Server.Logger.SptLoggerMiddleware] [客户端请求] /weaponcustomizer/load
[2026-07-30 08:08:50.185][Info][SPTarkov.Server.Logger.SptLoggerMiddleware] [客户端请求] /singleplayer/settings/bot/maxCap/TarkovStreets
[2026-07-30 08:08:55.141][Info][SPTarkov.Server.Logger.SptLoggerMiddleware] [客户端请求] /fika/update/ping
[2026-07-30 08:08:55.802][Info][SPTarkov.Server.Logger.SptLoggerMiddleware] [客户端请求] /QuestingBots/GetZoneAndItemQuestPositions
[2026-07-30 08:08:55.848][Info][SPTarkov.Server.Logger.SptLoggerMiddleware] [客户端请求] /QuestingBots/GetAllQuestTemplates
[2026-07-30 08:08:57.186][Info][SPTarkov.Server.Logger.SptLoggerMiddleware] [客户端请求] /QuestingBots/GetEFTQuestSettings
[2026-07-30 08:08:59.286][Info][SPTarkov.Server.Logger.SptLoggerMiddleware] [客户端请求] /weaponcustomizer/load
[2026-07-30 08:09:14.647][Info][SPTarkov.Server.Logger.SptLoggerMiddleware] [客户端请求] /singleplayer/scav/traitorscavhostile
[2026-07-30 08:09:18.362][Info][SPTarkov.Server.Logger.SptLoggerMiddleware] [客户端请求] /launcher/profile/info
[2026-07-30 08:09:18.533][Info][SPTarkov.Server.Logger.SptLoggerMiddleware] [客户端请求] /launcher/server/version
[2026-07-30 08:09:18.713][Info][SPTarkov.Server.Logger.SptLoggerMiddleware] [客户端请求] /launcher/profile/info
[2026-07-30 08:09:18.715][Info][SPTarkov.Server.Logger.SptLoggerMiddleware] [客户端请求] /launcher/server/version
[2026-07-30 08:09:20.508][Info][SPTarkov.Server.Logger.SptLoggerMiddleware] [客户端请求] /client/game/bot/generate
[2026-07-30 08:09:23.218][Info][SPTarkov.Server.Logger.SptLoggerMiddleware] [客户端请求] /singleplayer/settings/bot/getBotBehaviours/
[2026-07-30 08:09:25.144][Info][SPTarkov.Server.Logger.SptLoggerMiddleware] [客户端请求] /fika/update/ping
[2026-07-30 08:09:55.148][Info][SPTarkov.Server.Logger.SptLoggerMiddleware] [客户端请求] /fika/update/ping
[2026-07-30 08:10:18.351][Info][SPTarkov.Server.Logger.SptLoggerMiddleware] [客户端请求] /launcher/profile/info
[2026-07-30 08:10:18.512][Info][SPTarkov.Server.Logger.SptLoggerMiddleware] [客户端请求] /launcher/server/version
[2026-07-30 08:10:18.704][Info][SPTarkov.Server.Logger.SptLoggerMiddleware] [客户端请求] /launcher/profile/info
[2026-07-30 08:10:18.706][Info][SPTarkov.Server.Logger.SptLoggerMiddleware] [客户端请求] /launcher/server/version
[2026-07-30 08:10:25.150][Info][SPTarkov.Server.Logger.SptLoggerMiddleware] [客户端请求] /fika/update/ping
[2026-07-30 08:10:55.154][Info][SPTarkov.Server.Logger.SptLoggerMiddleware] [客户端请求] /fika/update/ping
[2026-07-30 08:10:55.782][Info][SPTarkov.Server.Logger.SptLoggerMiddleware] [客户端请求] /client/game/bot/generate
[2026-07-30 08:10:59.154][Info][SPTarkov.Server.Logger.SptLoggerMiddleware] [客户端请求] /client/game/keepalive
[2026-07-30 08:11:18.338][Info][SPTarkov.Server.Logger.SptLoggerMiddleware] [客户端请求] /launcher/profile/info
[2026-07-30 08:11:18.499][Info][SPTarkov.Server.Logger.SptLoggerMiddleware] [客户端请求] /launcher/server/version
[2026-07-30 08:11:18.714][Info][SPTarkov.Server.Logger.SptLoggerMiddleware] [客户端请求] /launcher/profile/info
[2026-07-30 08:11:18.715][Info][SPTarkov.Server.Logger.SptLoggerMiddleware] [客户端请求] /launcher/server/version
[2026-07-30 08:11:25.157][Info][SPTarkov.Server.Logger.SptLoggerMiddleware] [客户端请求] /fika/update/ping
[2026-07-30 08:11:55.159][Info][SPTarkov.Server.Logger.SptLoggerMiddleware] [客户端请求] /fika/update/ping
[2026-07-30 08:12:18.345][Info][SPTarkov.Server.Logger.SptLoggerMiddleware] [客户端请求] /launcher/profile/info
[2026-07-30 08:12:18.506][Info][SPTarkov.Server.Logger.SptLoggerMiddleware] [客户端请求] /launcher/server/version
[2026-07-30 08:12:18.712][Info][SPTarkov.Server.Logger.SptLoggerMiddleware] [客户端请求] /launcher/profile/info
[2026-07-30 08:12:18.713][Info][SPTarkov.Server.Logger.SptLoggerMiddleware] [客户端请求] /launcher/server/version
[2026-07-30 08:12:25.162][Info][SPTarkov.Server.Logger.SptLoggerMiddleware] [客户端请求] /fika/update/ping
[2026-07-30 08:12:55.164][Info][SPTarkov.Server.Logger.SptLoggerMiddleware] [客户端请求] /fika/update/ping
[2026-07-30 08:13:15.840][Info][SPTarkov.Server.Logger.SptLoggerMiddleware] [客户端请求] /client/game/keepalive
[2026-07-30 08:13:18.332][Info][SPTarkov.Server.Logger.SptLoggerMiddleware] [客户端请求] /launcher/profile/info
[2026-07-30 08:13:18.492][Info][SPTarkov.Server.Logger.SptLoggerMiddleware] [客户端请求] /launcher/server/version
[2026-07-30 08:13:18.713][Info][SPTarkov.Server.Logger.SptLoggerMiddleware] [客户端请求] /launcher/profile/info
[2026-07-30 08:13:18.715][Info][SPTarkov.Server.Logger.SptLoggerMiddleware] [客户端请求] /launcher/server/version
[2026-07-30 08:13:19.515][Info][SPTarkov.Server.Logger.SptLoggerMiddleware] [客户端请求] /client/game/keepalive
[2026-07-30 08:13:25.167][Info][SPTarkov.Server.Logger.SptLoggerMiddleware] [客户端请求] /fika/update/ping
[2026-07-30 08:13:55.171][Info][SPTarkov.Server.Logger.SptLoggerMiddleware] [客户端请求] /fika/update/ping
[2026-07-30 08:14:18.328][Info][SPTarkov.Server.Logger.SptLoggerMiddleware] [客户端请求] /launcher/profile/info
[2026-07-30 08:14:18.492][Info][SPTarkov.Server.Logger.SptLoggerMiddleware] [客户端请求] /launcher/server/version
[2026-07-30 08:14:18.715][Info][SPTarkov.Server.Logger.SptLoggerMiddleware] [客户端请求] /launcher/profile/info
[2026-07-30 08:14:18.717][Info][SPTarkov.Server.Logger.SptLoggerMiddleware] [客户端请求] /launcher/server/version
[2026-07-30 08:14:25.174][Info][SPTarkov.Server.Logger.SptLoggerMiddleware] [客户端请求] /fika/update/ping
[2026-07-30 08:14:55.178][Info][SPTarkov.Server.Logger.SptLoggerMiddleware] [客户端请求] /fika/update/ping
[2026-07-30 08:15:18.321][Info][SPTarkov.Server.Logger.SptLoggerMiddleware] [客户端请求] /launcher/profile/info
[2026-07-30 08:15:18.481][Info][SPTarkov.Server.Logger.SptLoggerMiddleware] [客户端请求] /launcher/server/version
[2026-07-30 08:15:18.708][Info][SPTarkov.Server.Logger.SptLoggerMiddleware] [客户端请求] /launcher/profile/info
[2026-07-30 08:15:18.711][Info][SPTarkov.Server.Logger.SptLoggerMiddleware] [客户端请求] /launcher/server/version
[2026-07-30 08:15:25.181][Info][SPTarkov.Server.Logger.SptLoggerMiddleware] [客户端请求] /fika/update/ping
[2026-07-30 08:15:35.906][Info][SPTarkov.Server.Logger.SptLoggerMiddleware] [客户端请求] /client/game/keepalive
[2026-07-30 08:15:39.858][Info][SPTarkov.Server.Logger.SptLoggerMiddleware] [客户端请求] /client/game/keepalive
[2026-07-30 08:15:55.184][Info][SPTarkov.Server.Logger.SptLoggerMiddleware] [客户端请求] /fika/update/ping
[2026-07-30 08:16:18.336][Info][SPTarkov.Server.Logger.SptLoggerMiddleware] [客户端请求] /launcher/profile/info
[2026-07-30 08:16:18.493][Info][SPTarkov.Server.Logger.SptLoggerMiddleware] [客户端请求] /launcher/server/version
[2026-07-30 08:16:18.710][Info][SPTarkov.Server.Logger.SptLoggerMiddleware] [客户端请求] /launcher/profile/info
[2026-07-30 08:16:18.713][Info][SPTarkov.Server.Logger.SptLoggerMiddleware] [客户端请求] /launcher/server/version
[2026-07-30 08:16:25.187][Info][SPTarkov.Server.Logger.SptLoggerMiddleware] [客户端请求] /fika/update/ping
[2026-07-30 08:16:55.189][Info][SPTarkov.Server.Logger.SptLoggerMiddleware] [客户端请求] /fika/update/ping
[2026-07-30 08:17:18.301][Info][SPTarkov.Server.Logger.SptLoggerMiddleware] [客户端请求] /launcher/profile/info
[2026-07-30 08:17:18.461][Info][SPTarkov.Server.Logger.SptLoggerMiddleware] [客户端请求] /launcher/server/version
[2026-07-30 08:17:18.707][Info][SPTarkov.Server.Logger.SptLoggerMiddleware] [客户端请求] /launcher/profile/info
[2026-07-30 08:17:18.710][Info][SPTarkov.Server.Logger.SptLoggerMiddleware] [客户端请求] /launcher/server/version
[2026-07-30 08:17:25.193][Info][SPTarkov.Server.Logger.SptLoggerMiddleware] [客户端请求] /fika/update/ping
[2026-07-30 08:17:55.196][Info][SPTarkov.Server.Logger.SptLoggerMiddleware] [客户端请求] /fika/update/ping
[2026-07-30 08:17:56.050][Info][SPTarkov.Server.Logger.SptLoggerMiddleware] [客户端请求] /client/game/keepalive
[2026-07-30 08:18:00.193][Info][SPTarkov.Server.Logger.SptLoggerMiddleware] [客户端请求] /client/game/keepalive
[2026-07-30 08:18:18.303][Info][SPTarkov.Server.Logger.SptLoggerMiddleware] [客户端请求] /launcher/profile/info
[2026-07-30 08:18:18.460][Info][SPTarkov.Server.Logger.SptLoggerMiddleware] [客户端请求] /launcher/server/version
[2026-07-30 08:18:18.714][Info][SPTarkov.Server.Logger.SptLoggerMiddleware] [客户端请求] /launcher/profile/info
[2026-07-30 08:18:18.716][Info][SPTarkov.Server.Logger.SptLoggerMiddleware] [客户端请求] /launcher/server/version
[2026-07-30 08:18:25.199][Info][SPTarkov.Server.Logger.SptLoggerMiddleware] [客户端请求] /fika/update/ping
[2026-07-30 08:18:55.203][Info][SPTarkov.Server.Logger.SptLoggerMiddleware] [客户端请求] /fika/update/ping
[2026-07-30 08:19:18.303][Info][SPTarkov.Server.Logger.SptLoggerMiddleware] [客户端请求] /launcher/profile/info
[2026-07-30 08:19:18.461][Info][SPTarkov.Server.Logger.SptLoggerMiddleware] [客户端请求] /launcher/server/version
[2026-07-30 08:19:18.714][Info][SPTarkov.Server.Logger.SptLoggerMiddleware] [客户端请求] /launcher/profile/info
[2026-07-30 08:19:18.716][Info][SPTarkov.Server.Logger.SptLoggerMiddleware] [客户端请求] /launcher/server/version
[2026-07-30 08:19:25.206][Info][SPTarkov.Server.Logger.SptLoggerMiddleware] [客户端请求] /fika/update/ping
[2026-07-30 08:19:55.210][Info][SPTarkov.Server.Logger.SptLoggerMiddleware] [客户端请求] /fika/update/ping
[2026-07-30 08:20:16.135][Info][SPTarkov.Server.Logger.SptLoggerMiddleware] [客户端请求] /client/game/keepalive
[2026-07-30 08:20:18.292][Info][SPTarkov.Server.Logger.SptLoggerMiddleware] [客户端请求] /launcher/profile/info
[2026-07-30 08:20:18.455][Info][SPTarkov.Server.Logger.SptLoggerMiddleware] [客户端请求] /launcher/server/version
[2026-07-30 08:20:18.712][Info][SPTarkov.Server.Logger.SptLoggerMiddleware] [客户端请求] /launcher/profile/info
[2026-07-30 08:20:18.715][Info][SPTarkov.Server.Logger.SptLoggerMiddleware] [客户端请求] /launcher/server/version
[2026-07-30 08:20:20.531][Info][SPTarkov.Server.Logger.SptLoggerMiddleware] [客户端请求] /client/game/keepalive
[2026-07-30 08:20:25.213][Info][SPTarkov.Server.Logger.SptLoggerMiddleware] [客户端请求] /fika/update/ping
[2026-07-30 08:20:55.217][Info][SPTarkov.Server.Logger.SptLoggerMiddleware] [客户端请求] /fika/update/ping
[2026-07-30 08:21:18.296][Info][SPTarkov.Server.Logger.SptLoggerMiddleware] [客户端请求] /launcher/profile/info
[2026-07-30 08:21:18.456][Info][SPTarkov.Server.Logger.SptLoggerMiddleware] [客户端请求] /launcher/server/version
[2026-07-30 08:21:18.713][Info][SPTarkov.Server.Logger.SptLoggerMiddleware] [客户端请求] /launcher/profile/info
[2026-07-30 08:21:18.718][Info][SPTarkov.Server.Logger.SptLoggerMiddleware] [客户端请求] /launcher/server/version
[2026-07-30 08:21:25.220][Info][SPTarkov.Server.Logger.SptLoggerMiddleware] [客户端请求] /fika/update/ping
[2026-07-30 08:21:55.225][Info][SPTarkov.Server.Logger.SptLoggerMiddleware] [客户端请求] /fika/update/ping
[2026-07-30 08:22:18.295][Info][SPTarkov.Server.Logger.SptLoggerMiddleware] [客户端请求] /launcher/profile/info
[2026-07-30 08:22:18.451][Info][SPTarkov.Server.Logger.SptLoggerMiddleware] [客户端请求] /launcher/server/version
[2026-07-30 08:22:18.712][Info][SPTarkov.Server.Logger.SptLoggerMiddleware] [客户端请求] /launcher/profile/info
[2026-07-30 08:22:18.714][Info][SPTarkov.Server.Logger.SptLoggerMiddleware] [客户端请求] /launcher/server/version
[2026-07-30 08:22:25.227][Info][SPTarkov.Server.Logger.SptLoggerMiddleware] [客户端请求] /fika/update/ping
[2026-07-30 08:22:36.206][Info][SPTarkov.Server.Logger.SptLoggerMiddleware] [客户端请求] /client/game/keepalive
[2026-07-30 08:22:38.751][Info][SPTarkov.Server.Logger.SptLoggerMiddleware] [客户端请求] /client/match/local/end
[2026-07-30 08:22:39.440][Info][SPTarkov.Server.Logger.SptLoggerMiddleware] [客户端请求] /fika/raid/leave
[2026-07-30 08:22:46.982][Info][SPTarkov.Server.Logger.SptLoggerMiddleware] [WebSocket 请求] /notifierServer/getwebsocket/69802d793401cb1dcc190aae
[2026-07-30 08:22:46.988][Info][SPTarkov.Server.Core.Servers.Ws.SptWebSocketConnectionHandler] [WS] 玩家：Maxryuki (69802d793401cb1dcc190aae) 20260730082246986 已连接
[2026-07-30 08:22:55.230][Info][SPTarkov.Server.Logger.SptLoggerMiddleware] [客户端请求] /fika/update/ping
[2026-07-30 08:22:55.774][Info][SPTarkov.Server.Logger.SptLoggerMiddleware] [客户端请求] /client/game/profile/list
[2026-07-30 08:22:58.184][Info][SPTarkov.Server.Logger.SptLoggerMiddleware] [客户端请求] /client/game/profile/select
[2026-07-30 08:22:58.528][Info][SPTarkov.Server.Logger.SptLoggerMiddleware] [客户端请求] /client/profile/status
[2026-07-30 08:22:58.887][Info][SPTarkov.Server.Logger.SptLoggerMiddleware] [客户端请求] /client/quest/list
[2026-07-30 08:23:01.580][Info][SPTarkov.Server.Logger.SptLoggerMiddleware] [客户端请求] /client/achievement/statistic
[2026-07-30 08:23:01.925][Info][SPTarkov.Server.Logger.SptLoggerMiddleware] [客户端请求] /client/achievement/list
[2026-07-30 08:23:02.571][Info][SPTarkov.Server.Logger.SptLoggerMiddleware] [客户端请求] /client/repeatalbeQuests/activityPeriods
[2026-07-30 08:23:18.275][Info][SPTarkov.Server.Logger.SptLoggerMiddleware] [客户端请求] /launcher/profile/info
[2026-07-30 08:23:18.435][Info][SPTarkov.Server.Logger.SptLoggerMiddleware] [客户端请求] /launcher/server/version
[2026-07-30 08:23:18.704][Info][SPTarkov.Server.Logger.SptLoggerMiddleware] [客户端请求] /launcher/profile/info
[2026-07-30 08:23:18.706][Info][SPTarkov.Server.Logger.SptLoggerMiddleware] [客户端请求] /launcher/server/version
[2026-07-30 08:23:20.907][Info][SPTarkov.Server.Logger.SptLoggerMiddleware] [客户端请求] /botplacementsystem/save
[2026-07-30 08:23:22.400][Info][SPTarkov.Server.Logger.SptLoggerMiddleware] [客户端请求] /client/match/local/end
[2026-07-30 08:23:22.640][Info][SPTarkov.Server.Logger.SptLoggerMiddleware] [客户端请求] /fika/raid/leave
[2026-07-30 08:23:22.642][Info][FikaServer.Services.MatchService] Coop session 68f79277575e002bfcf5a4a1 has ended HostShutdown
[2026-07-30 08:23:22.644][Info][FikaServer.Services.MatchService] Deleted match [68f79277575e002bfcf5a4a1]
[2026-07-30 08:23:28.261][Info][SPTarkov.Server.Logger.SptLoggerMiddleware] [WebSocket 请求] /notifierServer/getwebsocket/68f79277575e002bfcf5a4a1
[2026-07-30 08:23:28.262][Info][SPTarkov.Server.Core.Servers.Ws.SptWebSocketConnectionHandler] [WS] 玩家：JúnioR (68f79277575e002bfcf5a4a1) 20260730082328261 已连接
[2026-07-30 08:23:36.267][Info][SPTarkov.Server.Logger.SptLoggerMiddleware] [客户端请求] /client/game/profile/list
[2026-07-30 08:23:37.317][Info][SPTarkov.Server.Logger.SptLoggerMiddleware] [客户端请求] /client/game/profile/select
[2026-07-30 08:23:37.352][Info][SPTarkov.Server.Logger.SptLoggerMiddleware] [客户端请求] /client/profile/status
[2026-07-30 08:23:37.398][Info][SPTarkov.Server.Logger.SptLoggerMiddleware] [客户端请求] /client/quest/list
[2026-07-30 08:23:37.756][Info][SPTarkov.Server.Logger.SptLoggerMiddleware] [客户端请求] /client/achievement/statistic
[2026-07-30 08:23:37.783][Info][SPTarkov.Server.Logger.SptLoggerMiddleware] [客户端请求] /client/achievement/list
[2026-07-30 08:23:37.934][Info][SPTarkov.Server.Logger.SptLoggerMiddleware] [客户端请求] /client/repeatalbeQuests/activityPeriods
[2026-07-30 08:23:43.002][Info][SPTarkov.Server.Logger.SptLoggerMiddleware] [客户端请求] /client/items
[2026-07-30 08:23:51.881][Info][SPTarkov.Server.Logger.SptLoggerMiddleware] [客户端请求] /client/items
[2026-07-30 08:23:57.006][Info][SPTarkov.Server.Logger.SptLoggerMiddleware] [客户端请求] /client/customization
[2026-07-30 08:23:57.022][Info][SPTarkov.Server.Logger.SptLoggerMiddleware] [客户端请求] /client/prestige/list
[2026-07-30 08:23:57.022][Info][SPTarkov.Server.Logger.SptLoggerMiddleware] [客户端请求] /client/globals
[2026-07-30 08:23:57.022][Info][SPTarkov.Server.Logger.SptLoggerMiddleware] [客户端请求] /client/trading/api/traderSettings
[2026-07-30 08:23:57.022][Info][SPTarkov.Server.Logger.SptLoggerMiddleware] [客户端请求] /client/settings
[2026-07-30 08:23:57.204][Info][SPTarkov.Server.Logger.SptLoggerMiddleware] [客户端请求] /client/customization/storage
[2026-07-30 08:23:57.493][Info][SPTarkov.Server.Logger.SptLoggerMiddleware] [客户端请求] /client/customization
[2026-07-30 08:23:57.510][Info][SPTarkov.Server.Logger.SptLoggerMiddleware] [客户端请求] /client/globals
[2026-07-30 08:23:57.512][Info][SPTarkov.Server.Logger.SptLoggerMiddleware] [客户端请求] /client/settings
[2026-07-30 08:23:57.513][Info][SPTarkov.Server.Logger.SptLoggerMiddleware] [客户端请求] /client/prestige/list
[2026-07-30 08:23:57.517][Info][SPTarkov.Server.Logger.SptLoggerMiddleware] [客户端请求] /client/trading/api/traderSettings
[2026-07-30 08:23:57.649][Info][SPTarkov.Server.Logger.SptLoggerMiddleware] [客户端请求] /client/dialogue
[2026-07-30 08:23:57.654][Info][SPTarkov.Server.Logger.SptLoggerMiddleware] [客户端请求] /client/game/profile/list
[2026-07-30 08:23:58.327][Info][SPTarkov.Server.Logger.SptLoggerMiddleware] [客户端请求] /client/customization/storage
[2026-07-30 08:23:58.824][Info][SPTarkov.Server.Logger.SptLoggerMiddleware] [客户端请求] /client/game/profile/select
[2026-07-30 08:23:58.899][Info][SPTarkov.Server.Logger.SptLoggerMiddleware] [客户端请求] /client/profile/status
[2026-07-30 08:23:58.973][Info][SPTarkov.Server.Logger.SptLoggerMiddleware] [客户端请求] /client/handbook/templates
[2026-07-30 08:23:59.086][Info][SPTarkov.Server.Logger.SptLoggerMiddleware] [客户端请求] /client/game/profile/list
[2026-07-30 08:23:59.086][Info][SPTarkov.Server.Logger.SptLoggerMiddleware] [客户端请求] /client/dialogue
[2026-07-30 08:24:00.820][Info][SPTarkov.Server.Logger.SptLoggerMiddleware] [客户端请求] /client/builds/list
[2026-07-30 08:24:01.026][Info][SPTarkov.Server.Logger.SptLoggerMiddleware] [客户端请求] /botplacementsystem/load
[2026-07-30 08:24:01.033][Info][SPTarkov.Server.Logger.SptLoggerMiddleware] [客户端请求] /weaponcustomizer/load
[2026-07-30 08:24:01.173][Info][SPTarkov.Server.Logger.SptLoggerMiddleware] [客户端请求] /client/game/profile/select
[2026-07-30 08:24:01.556][Info][SPTarkov.Server.Logger.SptLoggerMiddleware] [客户端请求] /client/profile/status
[2026-07-30 08:24:02.056][Info][SPTarkov.Server.Logger.SptLoggerMiddleware] [客户端请求] /client/handbook/templates
[2026-07-30 08:24:02.623][Info][SPTarkov.Server.Core.Servers.Ws.SptWebSocketConnectionHandler] [ws] player: JúnioR (68f79277575e002bfcf5a4a1) 20260730082328261 has disconnected
[2026-07-30 08:24:04.365][Info][SPTarkov.Server.Logger.SptLoggerMiddleware] [客户端请求] /client/weather
[2026-07-30 08:24:04.380][Info][SPTarkov.Server.Logger.SptLoggerMiddleware] [客户端请求] /client/notifier/channel/create
[2026-07-30 08:24:04.380][Info][SPTarkov.Server.Logger.SptLoggerMiddleware] [客户端请求] /client/profile/status
[2026-07-30 08:24:04.380][Info][SPTarkov.Server.Logger.SptLoggerMiddleware] [客户端请求] /client/locale/ch
[2026-07-30 08:24:04.380][Info][SPTarkov.Server.Logger.SptLoggerMiddleware] [客户端请求] /client/locations
[2026-07-30 08:24:04.407][Info][SPTarkov.Server.Logger.SptLoggerMiddleware] [WebSocket 请求] /notifierServer/getwebsocket/68f79277575e002bfcf5a4a1
[2026-07-30 08:24:04.408][Info][SPTarkov.Server.Core.Servers.Ws.SptWebSocketConnectionHandler] [WS] 玩家：JúnioR (68f79277575e002bfcf5a4a1) 20260730082404407 已连接
[2026-07-30 08:24:04.425][Info][SPTarkov.Server.Logger.SptLoggerMiddleware] [客户端请求] /client/hideout/qte/list
[2026-07-30 08:24:04.425][Info][SPTarkov.Server.Logger.SptLoggerMiddleware] [客户端请求] /client/hideout/customization/offer/list
[2026-07-30 08:24:04.425][Info][SPTarkov.Server.Logger.SptLoggerMiddleware] [客户端请求] /client/hideout/production/recipes
[2026-07-30 08:24:04.427][Info][SPTarkov.Server.Logger.SptLoggerMiddleware] [客户端请求] /client/hideout/settings
[2026-07-30 08:24:04.428][Info][SPTarkov.Server.Logger.SptLoggerMiddleware] [客户端请求] /client/hideout/areas
[2026-07-30 08:24:04.936][Info][SPTarkov.Server.Logger.SptLoggerMiddleware] [客户端请求] /client/builds/list
[2026-07-30 08:24:05.297][Info][SPTarkov.Server.Logger.SptLoggerMiddleware] [客户端请求] /weaponcustomizer/load
[2026-07-30 08:24:05.858][Info][SPTarkov.Server.Core.Servers.Ws.SptWebSocketConnectionHandler] [ws] player: Maxryuki (69802d793401cb1dcc190aae) 20260730082246986 has disconnected
[2026-07-30 08:24:07.242][Info][SPTarkov.Server.Logger.SptLoggerMiddleware] [客户端请求] /client/server/list
[2026-07-30 08:24:07.256][Info][SPTarkov.Server.Logger.SptLoggerMiddleware] [客户端请求] /client/mail/dialog/list
[2026-07-30 08:24:07.256][Info][SPTarkov.Server.Logger.SptLoggerMiddleware] [客户端请求] /client/friend/request/list/inbox
[2026-07-30 08:24:07.256][Info][SPTarkov.Server.Logger.SptLoggerMiddleware] [客户端请求] /client/friend/request/list/outbox
[2026-07-30 08:24:07.266][Info][SPTarkov.Server.Logger.SptLoggerMiddleware] [客户端请求] /client/quest/list
[2026-07-30 08:24:07.266][Info][SPTarkov.Server.Logger.SptLoggerMiddleware] [客户端请求] /client/friend/list
[2026-07-30 08:24:07.266][Info][SPTarkov.Server.Logger.SptLoggerMiddleware] [客户端请求] /client/match/group/current
[2026-07-30 08:24:07.514][Info][SPTarkov.Server.Logger.SptLoggerMiddleware] [客户端请求] /client/achievement/statistic
[2026-07-30 08:24:07.533][Info][SPTarkov.Server.Logger.SptLoggerMiddleware] [客户端请求] /client/profile/status
[2026-07-30 08:24:07.542][Info][SPTarkov.Server.Logger.SptLoggerMiddleware] [客户端请求] /client/notifier/channel/create
[2026-07-30 08:24:07.546][Info][SPTarkov.Server.Logger.SptLoggerMiddleware] [客户端请求] /client/locations
[2026-07-30 08:24:07.550][Info][SPTarkov.Server.Logger.SptLoggerMiddleware] [客户端请求] /client/weather
[2026-07-30 08:24:07.553][Info][SPTarkov.Server.Logger.SptLoggerMiddleware] [客户端请求] /client/locale/ch
[2026-07-30 08:24:07.573][Info][SPTarkov.Server.Logger.SptLoggerMiddleware] [客户端请求] /client/hideout/qte/list
[2026-07-30 08:24:07.577][Info][SPTarkov.Server.Logger.SptLoggerMiddleware] [客户端请求] /client/achievement/list
[2026-07-30 08:24:07.578][Info][SPTarkov.Server.Logger.SptLoggerMiddleware] [客户端请求] /client/hideout/settings
[2026-07-30 08:24:07.579][Info][SPTarkov.Server.Logger.SptLoggerMiddleware] [客户端请求] /client/hideout/customization/offer/list
[2026-07-30 08:24:07.583][Info][SPTarkov.Server.Logger.SptLoggerMiddleware] [客户端请求] /client/hideout/areas
[2026-07-30 08:24:07.587][Info][SPTarkov.Server.Logger.SptLoggerMiddleware] [客户端请求] /client/hideout/production/recipes
[2026-07-30 08:24:07.748][Info][SPTarkov.Server.Logger.SptLoggerMiddleware] [客户端请求] /client/repeatalbeQuests/activityPeriods
[2026-07-30 08:24:07.841][Info][SPTarkov.Server.Logger.SptLoggerMiddleware] [客户端请求] /client/survey
[2026-07-30 08:24:07.940][Info][SPTarkov.Server.Logger.SptLoggerMiddleware] [WebSocket 请求] /notifierServer/getwebsocket/69802d793401cb1dcc190aae
[2026-07-30 08:24:07.941][Info][SPTarkov.Server.Core.Servers.Ws.SptWebSocketConnectionHandler] [WS] 玩家：Maxryuki (69802d793401cb1dcc190aae) 20260730082407940 已连接
[2026-07-30 08:24:08.194][Info][SPTarkov.Server.Logger.SptLoggerMiddleware] [客户端请求] /fika/presence/set
[2026-07-30 08:24:08.341][Info][SPTarkov.Server.Logger.SptLoggerMiddleware] [客户端请求] /fika/presence/get
[2026-07-30 08:24:15.847][Info][SPTarkov.Server.Logger.SptLoggerMiddleware] [客户端请求] /fika/presence/set
[2026-07-30 08:24:15.900][Info][SPTarkov.Server.Logger.SptLoggerMiddleware] [客户端请求] /client/server/list
[2026-07-30 08:24:15.908][Info][SPTarkov.Server.Logger.SptLoggerMiddleware] [客户端请求] /client/match/group/current
[2026-07-30 08:24:15.910][Info][SPTarkov.Server.Logger.SptLoggerMiddleware] [客户端请求] /client/friend/list
[2026-07-30 08:24:15.916][Info][SPTarkov.Server.Logger.SptLoggerMiddleware] [客户端请求] /client/quest/list
[2026-07-30 08:24:15.921][Info][SPTarkov.Server.Logger.SptLoggerMiddleware] [客户端请求] /client/friend/request/list/inbox
[2026-07-30 08:24:15.922][Info][SPTarkov.Server.Logger.SptLoggerMiddleware] [客户端请求] /client/friend/request/list/outbox
[2026-07-30 08:24:15.927][Info][SPTarkov.Server.Logger.SptLoggerMiddleware] [客户端请求] /client/mail/dialog/list
[2026-07-30 08:24:18.273][Info][SPTarkov.Server.Logger.SptLoggerMiddleware] [客户端请求] /launcher/profile/info
[2026-07-30 08:24:18.446][Info][SPTarkov.Server.Logger.SptLoggerMiddleware] [客户端请求] /launcher/server/version
[2026-07-30 08:24:18.708][Info][SPTarkov.Server.Logger.SptLoggerMiddleware] [客户端请求] /launcher/profile/info
[2026-07-30 08:24:18.710][Info][SPTarkov.Server.Logger.SptLoggerMiddleware] [客户端请求] /launcher/server/version
[2026-07-30 08:24:18.731][Info][SPTarkov.Server.Logger.SptLoggerMiddleware] [客户端请求] /client/achievement/statistic
[2026-07-30 08:24:19.114][Info][SPTarkov.Server.Logger.SptLoggerMiddleware] [客户端请求] /client/achievement/list
[2026-07-30 08:24:19.826][Info][SPTarkov.Server.Logger.SptLoggerMiddleware] [客户端请求] /client/repeatalbeQuests/activityPeriods
[2026-07-30 08:24:20.201][Info][SPTarkov.Server.Logger.SptLoggerMiddleware] [客户端请求] /client/survey
[2026-07-30 08:24:20.668][Info][SPTarkov.Server.Logger.SptLoggerMiddleware] [客户端请求] /fika/presence/set
[2026-07-30 08:24:20.940][Info][SPTarkov.Server.Logger.SptLoggerMiddleware] [客户端请求] /fika/presence/get
[2026-07-30 08:24:30.962][Info][SPTarkov.Server.Logger.SptLoggerMiddleware] [客户端请求] /fika/presence/get
[2026-07-30 08:24:33.831][Info][SPTarkov.Server.Logger.SptLoggerMiddleware] [客户端请求] /fika/presence/set
[2026-07-30 08:24:39.740][Info][SPTarkov.Server.Logger.SptLoggerMiddleware] [客户端请求] /client/ragfair/itemMarketPrice
[2026-07-30 08:24:39.747][Info][SPTarkov.Server.Logger.SptLoggerMiddleware] [客户端请求] /client/items/prices
[2026-07-30 08:24:48.053][Info][SPTarkov.Server.Logger.SptLoggerMiddleware] [客户端请求] /fika/presence/set
[2026-07-30 08:24:48.405][Info][SPTarkov.Server.Logger.SptLoggerMiddleware] [客户端请求] /client/checkVersion
[2026-07-30 08:24:48.421][Info][SPTarkov.Server.Logger.SptLoggerMiddleware] [客户端请求] /client/ragfair/find
[2026-07-30 08:24:48.429][Info][SPTarkov.Server.Logger.SptLoggerMiddleware] [客户端请求] /client/items/prices/5935c25fb3acc3127c3d8cd9
[2026-07-30 08:24:48.429][Info][SPTarkov.Server.Logger.SptLoggerMiddleware] [客户端请求] /client/items/prices/58330581ace78e27b8b10cee
[2026-07-30 08:24:48.436][Info][SPTarkov.Server.Logger.SptLoggerMiddleware] [客户端请求] /client/game/profile/items/moving
[2026-07-30 08:24:49.270][Info][SPTarkov.Server.Logger.SptLoggerMiddleware] [客户端请求] /client/trading/api/getTraderAssort/58330581ace78e27b8b10cee
[2026-07-30 08:24:49.279][Info][SPTarkov.Server.Logger.SptLoggerMiddleware] [客户端请求] /client/trading/api/getTraderAssort/5935c25fb3acc3127c3d8cd9
[2026-07-30 08:24:56.845][Info][SPTarkov.Server.Logger.SptLoggerMiddleware] [客户端请求] /client/ragfair/itemMarketPrice
[2026-07-30 08:24:56.856][Info][SPTarkov.Server.Logger.SptLoggerMiddleware] [客户端请求] /client/items/prices
[2026-07-30 08:24:57.581][Info][SPTarkov.Server.Logger.SptLoggerMiddleware] [客户端请求] /client/game/profile/items/moving
[2026-07-30 08:24:58.919][Info][SPTarkov.Server.Logger.SptLoggerMiddleware] [客户端请求] /client/ragfair/offerfees
[2026-07-30 08:24:59.285][Info][SPTarkov.Server.Logger.SptLoggerMiddleware] [客户端请求] /client/game/profile/items/moving
[2026-07-30 08:25:13.428][Info][SPTarkov.Server.Logger.SptLoggerMiddleware] [客户端请求] /client/mail/dialog/view
[2026-07-30 08:25:14.032][Info][SPTarkov.Server.Logger.SptLoggerMiddleware] [客户端请求] /client/mail/dialog/view
[2026-07-30 08:25:14.574][Info][SPTarkov.Server.Logger.SptLoggerMiddleware] [客户端请求] /client/mail/dialog/view
[2026-07-30 08:25:15.622][Info][SPTarkov.Server.Logger.SptLoggerMiddleware] [客户端请求] /client/mail/dialog/getAllAttachments
[2026-07-30 08:25:16.029][Info][SPTarkov.Server.Logger.SptLoggerMiddleware] [客户端请求] /client/game/profile/items/moving
[2026-07-30 08:25:17.157][Info][SPTarkov.Server.Logger.SptLoggerMiddleware] [客户端请求] /fika/presence/set
[2026-07-30 08:25:17.493][Info][SPTarkov.Server.Logger.SptLoggerMiddleware] [客户端请求] /client/game/profile/items/moving
[2026-07-30 08:25:18.272][Info][SPTarkov.Server.Logger.SptLoggerMiddleware] [客户端请求] /launcher/profile/info
[2026-07-30 08:25:18.440][Info][SPTarkov.Server.Logger.SptLoggerMiddleware] [客户端请求] /launcher/server/version
[2026-07-30 08:25:18.710][Info][SPTarkov.Server.Logger.SptLoggerMiddleware] [客户端请求] /launcher/profile/info
[2026-07-30 08:25:18.712][Info][SPTarkov.Server.Logger.SptLoggerMiddleware] [客户端请求] /launcher/server/version
[2026-07-30 08:25:46.863][Info][SPTarkov.Server.Logger.SptLoggerMiddleware] [客户端请求] /fika/presence/set
[2026-07-30 08:25:46.881][Info][SPTarkov.Server.Logger.SptLoggerMiddleware] [客户端请求] /fika/presence/get
[2026-07-30 08:25:46.904][Info][SPTarkov.Server.Logger.SptLoggerMiddleware] [客户端请求] /client/game/profile/items/moving
[2026-07-30 08:25:46.904][Info][SPTarkov.Server.Logger.SptLoggerMiddleware] [客户端请求] /client/checkVersion
[2026-07-30 08:25:47.587][Info][SPTarkov.Server.Logger.SptLoggerMiddleware] [客户端请求] /fika/presence/set
[2026-07-30 08:25:47.678][Info][SPTarkov.Server.Logger.SptLoggerMiddleware] [客户端请求] /fika/presence/get
[2026-07-30 08:25:47.993][Info][SPTarkov.Server.Logger.SptLoggerMiddleware] [客户端请求] /client/game/profile/items/moving
[2026-07-30 08:25:52.360][Info][SPTarkov.Server.Logger.SptLoggerMiddleware] [客户端请求] /singleplayer/settings/raid/menu
[2026-07-30 08:25:52.836][Info][SPTarkov.Server.Logger.SptLoggerMiddleware] [客户端请求] /client/insurance/items/list/cost
[2026-07-30 08:25:53.218][Info][SPTarkov.Server.Logger.SptLoggerMiddleware] [客户端请求] /fika/headless/available
[2026-07-30 08:25:53.226][Info][SPTarkov.Server.Logger.SptLoggerMiddleware] [客户端请求] /fika/location/raids
[2026-07-30 08:25:53.261][Info][SPTarkov.Server.Logger.SptLoggerMiddleware] [客户端请求] /client/match/group/invite/cancel-all
[2026-07-30 08:25:53.262][Info][SPTarkov.Server.Logger.SptLoggerMiddleware] [客户端请求] /client/raid/configuration
[2026-07-30 08:25:53.338][Info][SPTarkov.Server.Logger.SptLoggerMiddleware] [客户端请求] /client/match/group/invite/cancel-all
[2026-07-30 08:25:54.593][Info][SPTarkov.Server.Logger.SptLoggerMiddleware] [客户端请求] /fika/raid/create
[2026-07-30 08:25:54.704][Info][SPTarkov.Server.Core.Generators.LocationLootGenerator] A total of: 1981 static items spawned
[2026-07-30 08:25:54.704][Info][SPTarkov.Server.Core.Generators.LocationLootGenerator] 共计1092个静态容器已生成
[2026-07-30 08:25:56.576][Info][SPTarkov.Server.Core.Generators.LocationLootGenerator] 共计277个动态物品已生成
[2026-07-30 08:25:56.576][Info][SPTarkov.Server.Core.Generators.LocationLootGenerator] 已生成地点TarkovStreets
[2026-07-30 08:25:57.681][Info][SPTarkov.Server.Logger.SptLoggerMiddleware] [客户端请求] /fika/presence/get
[2026-07-30 08:25:58.533][Info][SPTarkov.Server.Logger.SptLoggerMiddleware] [客户端请求] /client/raid/configuration
[2026-07-30 08:25:58.560][Info][SPTarkov.Server.Logger.SptLoggerMiddleware] [客户端请求] /fika/update/ping
[2026-07-30 08:25:58.629][Info][SPTarkov.Server.Logger.SptLoggerMiddleware] [客户端请求] /fika/update/sethost
[2026-07-30 08:25:58.633][Info][SPTarkov.Server.Logger.SptLoggerMiddleware] [客户端请求] /fika/update/setstatus
[2026-07-30 08:25:58.786][Info][SPTarkov.Server.Logger.SptLoggerMiddleware] [客户端请求] /client/match/group/exit_from_menu
[2026-07-30 08:26:07.681][Info][SPTarkov.Server.Logger.SptLoggerMiddleware] [客户端请求] /fika/presence/get
[2026-07-30 08:26:17.680][Info][SPTarkov.Server.Logger.SptLoggerMiddleware] [客户端请求] /fika/presence/get
[2026-07-30 08:26:18.260][Info][SPTarkov.Server.Logger.SptLoggerMiddleware] [客户端请求] /launcher/profile/info
[2026-07-30 08:26:18.416][Info][SPTarkov.Server.Logger.SptLoggerMiddleware] [客户端请求] /launcher/server/version
[2026-07-30 08:26:18.721][Info][SPTarkov.Server.Logger.SptLoggerMiddleware] [客户端请求] /launcher/profile/info
[2026-07-30 08:26:18.724][Info][SPTarkov.Server.Logger.SptLoggerMiddleware] [客户端请求] /launcher/server/version
[2026-07-30 08:26:27.681][Info][SPTarkov.Server.Logger.SptLoggerMiddleware] [客户端请求] /fika/presence/get
[2026-07-30 08:26:28.563][Info][SPTarkov.Server.Logger.SptLoggerMiddleware] [客户端请求] /fika/update/ping
[2026-07-30 08:26:37.683][Info][SPTarkov.Server.Logger.SptLoggerMiddleware] [客户端请求] /fika/presence/get
[2026-07-30 08:26:47.686][Info][SPTarkov.Server.Logger.SptLoggerMiddleware] [客户端请求] /fika/presence/get
[2026-07-30 08:26:57.692][Info][SPTarkov.Server.Logger.SptLoggerMiddleware] [客户端请求] /fika/presence/get
[2026-07-30 08:26:58.566][Info][SPTarkov.Server.Logger.SptLoggerMiddleware] [客户端请求] /fika/update/ping
[2026-07-30 08:27:07.692][Info][SPTarkov.Server.Logger.SptLoggerMiddleware] [客户端请求] /fika/presence/get
[2026-07-30 08:27:14.946][Info][SPTarkov.Server.Logger.SptLoggerMiddleware] [客户端请求] /fika/presence/set
[2026-07-30 08:27:18.251][Info][SPTarkov.Server.Logger.SptLoggerMiddleware] [客户端请求] /launcher/profile/info
[2026-07-30 08:27:18.412][Info][SPTarkov.Server.Logger.SptLoggerMiddleware] [客户端请求] /launcher/server/version
[2026-07-30 08:27:18.704][Info][SPTarkov.Server.Logger.SptLoggerMiddleware] [客户端请求] /launcher/profile/info
[2026-07-30 08:27:18.706][Info][SPTarkov.Server.Logger.SptLoggerMiddleware] [客户端请求] /launcher/server/version
[2026-07-30 08:27:20.360][Info][SPTarkov.Server.Logger.SptLoggerMiddleware] [客户端请求] /client/getMetricsConfig
[2026-07-30 08:27:20.487][Info][SPTarkov.Server.Logger.SptLoggerMiddleware] [客户端请求] /singleplayer/settings/getRaidTime
[2026-07-30 08:27:20.546][Info][SPTarkov.Server.Logger.SptLoggerMiddleware] [客户端请求] /client/raid/configuration
[2026-07-30 08:27:20.614][Info][SPTarkov.Server.Logger.SptLoggerMiddleware] [客户端请求] /client/match/local/start
[2026-07-30 08:27:21.450][Info][SPTarkov.Server.Core.Servers.Ws.SptWebSocketConnectionHandler] [ws] player: JúnioR (68f79277575e002bfcf5a4a1) 20260730082404407 has disconnected
[2026-07-30 08:27:24.806][Info][SPTarkov.Server.Logger.SptLoggerMiddleware] [客户端请求] /fika/presence/set
[2026-07-30 08:27:25.143][Info][SPTarkov.Server.Logger.SptLoggerMiddleware] [客户端请求] /client/ragfair/find
[2026-07-30 08:27:25.152][Info][SPTarkov.Server.Logger.SptLoggerMiddleware] [客户端请求] /client/game/profile/items/moving
[2026-07-30 08:27:25.158][Info][SPTarkov.Server.Logger.SptLoggerMiddleware] [客户端请求] /client/trading/api/getTraderAssort/58330581ace78e27b8b10cee
[2026-07-30 08:27:25.166][Info][SPTarkov.Server.Logger.SptLoggerMiddleware] [客户端请求] /client/trading/api/getTraderAssort/5935c25fb3acc3127c3d8cd9
[2026-07-30 08:27:27.453][Info][SPTarkov.Server.Logger.SptLoggerMiddleware] [客户端请求] /client/ragfair/find
[2026-07-30 08:27:28.443][Info][SPTarkov.Server.Logger.SptLoggerMiddleware] [客户端请求] /fika/presence/set
[2026-07-30 08:27:28.569][Info][SPTarkov.Server.Logger.SptLoggerMiddleware] [客户端请求] /fika/update/ping
[2026-07-30 08:27:56.907][Info][SPTarkov.Server.Logger.SptLoggerMiddleware] [客户端请求] /fika/update/playerspawn
[2026-07-30 08:27:58.572][Info][SPTarkov.Server.Logger.SptLoggerMiddleware] [客户端请求] /fika/update/ping
[2026-07-30 08:28:06.023][Info][SPTarkov.Server.Logger.SptLoggerMiddleware] [客户端请求] /fika/presence/set
[2026-07-30 08:28:06.115][Info][SPTarkov.Server.Logger.SptLoggerMiddleware] [客户端请求] /fika/presence/get
[2026-07-30 08:28:06.442][Info][SPTarkov.Server.Logger.SptLoggerMiddleware] [客户端请求] /client/game/profile/items/moving
[2026-07-30 08:28:07.239][Info][SPTarkov.Server.Logger.SptLoggerMiddleware] [客户端请求] /fika/raid/gethost
[2026-07-30 08:28:08.911][Info][SPTarkov.Server.Logger.SptLoggerMiddleware] [客户端请求] /fika/raid/join
[2026-07-30 08:28:08.991][Info][SPTarkov.Server.Logger.SptLoggerMiddleware] [客户端请求] /fika/update/addplayer
[2026-07-30 08:28:18.266][Info][SPTarkov.Server.Logger.SptLoggerMiddleware] [客户端请求] /launcher/profile/info
[2026-07-30 08:28:18.433][Info][SPTarkov.Server.Logger.SptLoggerMiddleware] [客户端请求] /launcher/server/version
[2026-07-30 08:28:18.717][Info][SPTarkov.Server.Logger.SptLoggerMiddleware] [客户端请求] /launcher/profile/info
[2026-07-30 08:28:18.719][Info][SPTarkov.Server.Logger.SptLoggerMiddleware] [客户端请求] /launcher/server/version
[2026-07-30 08:28:28.575][Info][SPTarkov.Server.Logger.SptLoggerMiddleware] [客户端请求] /fika/update/ping
[2026-07-30 08:28:29.593][Info][SPTarkov.Server.Logger.SptLoggerMiddleware] [客户端请求] /fika/update/setstatus
[2026-07-30 08:28:35.931][Info][SPTarkov.Server.Logger.SptLoggerMiddleware] [客户端请求] /client/localGame/weather
[2026-07-30 08:28:36.550][Info][SPTarkov.Server.Logger.SptLoggerMiddleware] [客户端请求] /client/game/bot/generate
[2026-07-30 08:28:39.962][Info][SPTarkov.Server.Logger.SptLoggerMiddleware] [客户端请求] /singleplayer/settings/bot/maxCap/TarkovStreets
[2026-07-30 08:28:58.578][Info][SPTarkov.Server.Logger.SptLoggerMiddleware] [客户端请求] /fika/update/ping
[2026-07-30 08:29:18.241][Info][SPTarkov.Server.Logger.SptLoggerMiddleware] [客户端请求] /launcher/profile/info
[2026-07-30 08:29:18.407][Info][SPTarkov.Server.Logger.SptLoggerMiddleware] [客户端请求] /launcher/server/version
[2026-07-30 08:29:18.713][Info][SPTarkov.Server.Logger.SptLoggerMiddleware] [客户端请求] /launcher/profile/info
[2026-07-30 08:29:18.715][Info][SPTarkov.Server.Logger.SptLoggerMiddleware] [客户端请求] /launcher/server/version
[2026-07-30 08:29:20.515][Info][SPTarkov.Server.Logger.SptLoggerMiddleware] [客户端请求] /client/getMetricsConfig
[2026-07-30 08:29:20.739][Info][SPTarkov.Server.Logger.SptLoggerMiddleware] [客户端请求] /singleplayer/settings/getRaidTime
[2026-07-30 08:29:21.433][Info][SPTarkov.Server.Core.Servers.Ws.SptWebSocketConnectionHandler] [ws] player: Maxryuki (69802d793401cb1dcc190aae) 20260730082407940 has disconnected
[2026-07-30 08:29:22.118][Info][SPTarkov.Server.Logger.SptLoggerMiddleware] [客户端请求] /client/raid/configuration
[2026-07-30 08:29:22.492][Info][SPTarkov.Server.Logger.SptLoggerMiddleware] [客户端请求] /client/match/local/start
[2026-07-30 08:29:24.426][Info][SPTarkov.Server.Logger.SptLoggerMiddleware] [客户端请求] /fika/raid/getsettings
[2026-07-30 08:29:28.581][Info][SPTarkov.Server.Logger.SptLoggerMiddleware] [客户端请求] /fika/update/ping
[2026-07-30 08:29:28.814][Info][SPTarkov.Server.Logger.SptLoggerMiddleware] [客户端请求] /fika/update/playerspawn
[2026-07-30 08:29:29.811][Info][SPTarkov.Server.Logger.SptLoggerMiddleware] [客户端请求] /weaponcustomizer/load
[2026-07-30 08:29:31.064][Info][SPTarkov.Server.Logger.SptLoggerMiddleware] [客户端请求] /fika/raid/registerPlayer
[2026-07-30 08:29:36.994][Info][SPTarkov.Server.Logger.SptLoggerMiddleware] [客户端请求] /weaponcustomizer/load
[2026-07-30 08:29:58.588][Info][SPTarkov.Server.Logger.SptLoggerMiddleware] [客户端请求] /fika/update/ping
[2026-07-30 08:30:00.059][Info][SPTarkov.Server.Logger.SptLoggerMiddleware] [客户端请求] /client/game/bot/generate
[2026-07-30 08:30:00.121][Info][SPTarkov.Server.Logger.SptLoggerMiddleware] [客户端请求] /singleplayer/settings/bot/getBotBehaviours/
[2026-07-30 08:30:18.266][Info][SPTarkov.Server.Logger.SptLoggerMiddleware] [客户端请求] /launcher/profile/info
[2026-07-30 08:30:18.509][Info][SPTarkov.Server.Logger.SptLoggerMiddleware] [客户端请求] /launcher/server/version
[2026-07-30 08:30:18.707][Info][SPTarkov.Server.Logger.SptLoggerMiddleware] [客户端请求] /launcher/profile/info
[2026-07-30 08:30:18.709][Info][SPTarkov.Server.Logger.SptLoggerMiddleware] [客户端请求] /launcher/server/version
[2026-07-30 08:30:28.594][Info][SPTarkov.Server.Logger.SptLoggerMiddleware] [客户端请求] /fika/update/ping
[2026-07-30 08:30:45.686][Info][SPTarkov.Server.Logger.SptLoggerMiddleware] [客户端请求] /client/game/bot/generate
[2026-07-30 08:30:58.599][Info][SPTarkov.Server.Logger.SptLoggerMiddleware] [客户端请求] /fika/update/ping
[2026-07-30 08:31:18.230][Info][SPTarkov.Server.Logger.SptLoggerMiddleware] [客户端请求] /launcher/profile/info
[2026-07-30 08:31:18.391][Info][SPTarkov.Server.Logger.SptLoggerMiddleware] [客户端请求] /launcher/server/version
[2026-07-30 08:31:18.713][Info][SPTarkov.Server.Logger.SptLoggerMiddleware] [客户端请求] /launcher/profile/info
[2026-07-30 08:31:18.715][Info][SPTarkov.Server.Logger.SptLoggerMiddleware] [客户端请求] /launcher/server/version
[2026-07-30 08:31:28.603][Info][SPTarkov.Server.Logger.SptLoggerMiddleware] [客户端请求] /fika/update/ping
[2026-07-30 08:31:43.594][Info][SPTarkov.Server.Logger.SptLoggerMiddleware] [客户端请求] /client/game/keepalive
[2026-07-30 08:31:58.608][Info][SPTarkov.Server.Logger.SptLoggerMiddleware] [客户端请求] /fika/update/ping
[2026-07-30 08:32:18.237][Info][SPTarkov.Server.Logger.SptLoggerMiddleware] [客户端请求] /launcher/profile/info
[2026-07-30 08:32:18.406][Info][SPTarkov.Server.Logger.SptLoggerMiddleware] [客户端请求] /launcher/server/version
[2026-07-30 08:32:18.704][Info][SPTarkov.Server.Logger.SptLoggerMiddleware] [客户端请求] /launcher/profile/info
[2026-07-30 08:32:18.706][Info][SPTarkov.Server.Logger.SptLoggerMiddleware] [客户端请求] /launcher/server/version
[2026-07-30 08:32:28.611][Info][SPTarkov.Server.Logger.SptLoggerMiddleware] [客户端请求] /fika/update/ping
[2026-07-30 08:32:56.483][Info][SPTarkov.Server.Logger.SptLoggerMiddleware] [客户端请求] /fika/update/playerdied
[2026-07-30 08:32:58.615][Info][SPTarkov.Server.Logger.SptLoggerMiddleware] [客户端请求] /fika/update/ping
[2026-07-30 08:33:05.777][Info][SPTarkov.Server.Logger.SptLoggerMiddleware] [客户端请求] /client/game/keepalive
[2026-07-30 08:33:18.228][Info][SPTarkov.Server.Logger.SptLoggerMiddleware] [客户端请求] /launcher/profile/info
[2026-07-30 08:33:18.387][Info][SPTarkov.Server.Logger.SptLoggerMiddleware] [客户端请求] /launcher/server/version
[2026-07-30 08:33:18.707][Info][SPTarkov.Server.Logger.SptLoggerMiddleware] [客户端请求] /launcher/profile/info
[2026-07-30 08:33:18.709][Info][SPTarkov.Server.Logger.SptLoggerMiddleware] [客户端请求] /launcher/server/version
[2026-07-30 08:33:28.619][Info][SPTarkov.Server.Logger.SptLoggerMiddleware] [客户端请求] /fika/update/ping
[2026-07-30 08:33:58.623][Info][SPTarkov.Server.Logger.SptLoggerMiddleware] [客户端请求] /fika/update/ping
[2026-07-30 08:34:03.962][Info][SPTarkov.Server.Logger.SptLoggerMiddleware] [客户端请求] /client/game/keepalive
[2026-07-30 08:34:18.221][Info][SPTarkov.Server.Logger.SptLoggerMiddleware] [客户端请求] /launcher/profile/info
[2026-07-30 08:34:18.386][Info][SPTarkov.Server.Logger.SptLoggerMiddleware] [客户端请求] /launcher/server/version
[2026-07-30 08:34:18.715][Info][SPTarkov.Server.Logger.SptLoggerMiddleware] [客户端请求] /launcher/profile/info
[2026-07-30 08:34:18.717][Info][SPTarkov.Server.Logger.SptLoggerMiddleware] [客户端请求] /launcher/server/version
[2026-07-30 08:34:28.625][Info][SPTarkov.Server.Logger.SptLoggerMiddleware] [客户端请求] /fika/update/ping
[2026-07-30 08:34:58.628][Info][SPTarkov.Server.Logger.SptLoggerMiddleware] [客户端请求] /fika/update/ping
[2026-07-30 08:35:18.224][Info][SPTarkov.Server.Logger.SptLoggerMiddleware] [客户端请求] /launcher/profile/info
[2026-07-30 08:35:18.393][Info][SPTarkov.Server.Logger.SptLoggerMiddleware] [客户端请求] /launcher/server/version
[2026-07-30 08:35:18.708][Info][SPTarkov.Server.Logger.SptLoggerMiddleware] [客户端请求] /launcher/profile/info
[2026-07-30 08:35:18.710][Info][SPTarkov.Server.Logger.SptLoggerMiddleware] [客户端请求] /launcher/server/version
[2026-07-30 08:35:25.826][Info][SPTarkov.Server.Logger.SptLoggerMiddleware] [客户端请求] /client/game/keepalive
[2026-07-30 08:35:28.632][Info][SPTarkov.Server.Logger.SptLoggerMiddleware] [客户端请求] /fika/update/ping
[2026-07-30 08:35:58.636][Info][SPTarkov.Server.Logger.SptLoggerMiddleware] [客户端请求] /fika/update/ping
[2026-07-30 08:36:18.210][Info][SPTarkov.Server.Logger.SptLoggerMiddleware] [客户端请求] /launcher/profile/info
[2026-07-30 08:36:18.374][Info][SPTarkov.Server.Logger.SptLoggerMiddleware] [客户端请求] /launcher/server/version
[2026-07-30 08:36:18.712][Info][SPTarkov.Server.Logger.SptLoggerMiddleware] [客户端请求] /launcher/profile/info
[2026-07-30 08:36:18.714][Info][SPTarkov.Server.Logger.SptLoggerMiddleware] [客户端请求] /launcher/server/version
[2026-07-30 08:36:24.333][Info][SPTarkov.Server.Logger.SptLoggerMiddleware] [客户端请求] /client/game/keepalive
[2026-07-30 08:36:28.643][Info][SPTarkov.Server.Logger.SptLoggerMiddleware] [客户端请求] /fika/update/ping
[2026-07-30 08:36:58.648][Info][SPTarkov.Server.Logger.SptLoggerMiddleware] [客户端请求] /fika/update/ping
[2026-07-30 08:37:18.204][Info][SPTarkov.Server.Logger.SptLoggerMiddleware] [客户端请求] /launcher/profile/info
[2026-07-30 08:37:18.368][Info][SPTarkov.Server.Logger.SptLoggerMiddleware] [客户端请求] /launcher/server/version
[2026-07-30 08:37:18.707][Info][SPTarkov.Server.Logger.SptLoggerMiddleware] [客户端请求] /launcher/profile/info
[2026-07-30 08:37:18.709][Info][SPTarkov.Server.Logger.SptLoggerMiddleware] [客户端请求] /launcher/server/version
[2026-07-30 08:37:28.652][Info][SPTarkov.Server.Logger.SptLoggerMiddleware] [客户端请求] /fika/update/ping
[2026-07-30 08:37:45.872][Info][SPTarkov.Server.Logger.SptLoggerMiddleware] [客户端请求] /client/game/keepalive
[2026-07-30 08:37:58.655][Info][SPTarkov.Server.Logger.SptLoggerMiddleware] [客户端请求] /fika/update/ping
[2026-07-30 08:38:18.192][Info][SPTarkov.Server.Logger.SptLoggerMiddleware] [客户端请求] /launcher/profile/info
[2026-07-30 08:38:18.369][Info][SPTarkov.Server.Logger.SptLoggerMiddleware] [客户端请求] /launcher/server/version
[2026-07-30 08:38:18.712][Info][SPTarkov.Server.Logger.SptLoggerMiddleware] [客户端请求] /launcher/profile/info
[2026-07-30 08:38:18.714][Info][SPTarkov.Server.Logger.SptLoggerMiddleware] [客户端请求] /launcher/server/version
[2026-07-30 08:38:28.658][Info][SPTarkov.Server.Logger.SptLoggerMiddleware] [客户端请求] /fika/update/ping
[2026-07-30 08:38:44.688][Info][SPTarkov.Server.Logger.SptLoggerMiddleware] [客户端请求] /client/game/keepalive
[2026-07-30 08:38:58.661][Info][SPTarkov.Server.Logger.SptLoggerMiddleware] [客户端请求] /fika/update/ping
[2026-07-30 08:39:18.182][Info][SPTarkov.Server.Logger.SptLoggerMiddleware] [客户端请求] /launcher/profile/info
[2026-07-30 08:39:18.338][Info][SPTarkov.Server.Logger.SptLoggerMiddleware] [客户端请求] /launcher/server/version
[2026-07-30 08:39:18.707][Info][SPTarkov.Server.Logger.SptLoggerMiddleware] [客户端请求] /launcher/profile/info
[2026-07-30 08:39:18.709][Info][SPTarkov.Server.Logger.SptLoggerMiddleware] [客户端请求] /launcher/server/version
[2026-07-30 08:39:28.664][Info][SPTarkov.Server.Logger.SptLoggerMiddleware] [客户端请求] /fika/update/ping
[2026-07-30 08:39:39.399][Info][SPTarkov.Server.Logger.SptLoggerMiddleware] [客户端请求] /client/airdrop/loot
[2026-07-30 08:39:58.668][Info][SPTarkov.Server.Logger.SptLoggerMiddleware] [客户端请求] /fika/update/ping
[2026-07-30 08:40:18.179][Info][SPTarkov.Server.Logger.SptLoggerMiddleware] [客户端请求] /launcher/profile/info
[2026-07-30 08:40:18.337][Info][SPTarkov.Server.Logger.SptLoggerMiddleware] [客户端请求] /launcher/server/version
[2026-07-30 08:40:18.703][Info][SPTarkov.Server.Logger.SptLoggerMiddleware] [客户端请求] /launcher/profile/info
[2026-07-30 08:40:18.705][Info][SPTarkov.Server.Logger.SptLoggerMiddleware] [客户端请求] /launcher/server/version
[2026-07-30 08:40:28.674][Info][SPTarkov.Server.Logger.SptLoggerMiddleware] [客户端请求] /fika/update/ping
[2026-07-30 08:40:58.678][Info][SPTarkov.Server.Logger.SptLoggerMiddleware] [客户端请求] /fika/update/ping
[2026-07-30 08:41:05.033][Info][SPTarkov.Server.Logger.SptLoggerMiddleware] [客户端请求] /client/game/keepalive
[2026-07-30 08:41:18.173][Info][SPTarkov.Server.Logger.SptLoggerMiddleware] [客户端请求] /launcher/profile/info
[2026-07-30 08:41:18.328][Info][SPTarkov.Server.Logger.SptLoggerMiddleware] [客户端请求] /launcher/server/version
[2026-07-30 08:41:18.713][Info][SPTarkov.Server.Logger.SptLoggerMiddleware] [客户端请求] /launcher/profile/info
[2026-07-30 08:41:18.715][Info][SPTarkov.Server.Logger.SptLoggerMiddleware] [客户端请求] /launcher/server/version
[2026-07-30 08:41:28.681][Info][SPTarkov.Server.Logger.SptLoggerMiddleware] [客户端请求] /fika/update/ping
[2026-07-30 08:41:58.683][Info][SPTarkov.Server.Logger.SptLoggerMiddleware] [客户端请求] /fika/update/ping
[2026-07-30 08:41:59.563][Info][SPTarkov.Server.Logger.SptLoggerMiddleware] [客户端请求] /client/game/keepalive
[2026-07-30 08:42:18.171][Info][SPTarkov.Server.Logger.SptLoggerMiddleware] [客户端请求] /launcher/profile/info
[2026-07-30 08:42:18.330][Info][SPTarkov.Server.Logger.SptLoggerMiddleware] [客户端请求] /launcher/server/version
[2026-07-30 08:42:18.704][Info][SPTarkov.Server.Logger.SptLoggerMiddleware] [客户端请求] /launcher/profile/info
[2026-07-30 08:42:18.706][Info][SPTarkov.Server.Logger.SptLoggerMiddleware] [客户端请求] /launcher/server/version
[2026-07-30 08:42:28.686][Info][SPTarkov.Server.Logger.SptLoggerMiddleware] [客户端请求] /fika/update/ping
[2026-07-30 08:42:58.688][Info][SPTarkov.Server.Logger.SptLoggerMiddleware] [客户端请求] /fika/update/ping
[2026-07-30 08:43:18.163][Info][SPTarkov.Server.Logger.SptLoggerMiddleware] [客户端请求] /launcher/profile/info
[2026-07-30 08:43:18.319][Info][SPTarkov.Server.Logger.SptLoggerMiddleware] [客户端请求] /launcher/server/version
[2026-07-30 08:43:18.715][Info][SPTarkov.Server.Logger.SptLoggerMiddleware] [客户端请求] /launcher/profile/info
[2026-07-30 08:43:18.717][Info][SPTarkov.Server.Logger.SptLoggerMiddleware] [客户端请求] /launcher/server/version
[2026-07-30 08:43:25.400][Info][SPTarkov.Server.Logger.SptLoggerMiddleware] [客户端请求] /client/game/keepalive
[2026-07-30 08:43:28.693][Info][SPTarkov.Server.Logger.SptLoggerMiddleware] [客户端请求] /fika/update/ping
[2026-07-30 08:43:58.695][Info][SPTarkov.Server.Logger.SptLoggerMiddleware] [客户端请求] /fika/update/ping
[2026-07-30 08:44:18.168][Info][SPTarkov.Server.Logger.SptLoggerMiddleware] [客户端请求] /launcher/profile/info
[2026-07-30 08:44:18.326][Info][SPTarkov.Server.Logger.SptLoggerMiddleware] [客户端请求] /launcher/server/version
[2026-07-30 08:44:18.714][Info][SPTarkov.Server.Logger.SptLoggerMiddleware] [客户端请求] /launcher/profile/info
[2026-07-30 08:44:18.716][Info][SPTarkov.Server.Logger.SptLoggerMiddleware] [客户端请求] /launcher/server/version
[2026-07-30 08:44:19.618][Info][SPTarkov.Server.Logger.SptLoggerMiddleware] [客户端请求] /client/game/keepalive
[2026-07-30 08:44:28.697][Info][SPTarkov.Server.Logger.SptLoggerMiddleware] [客户端请求] /fika/update/ping
[2026-07-30 08:44:58.702][Info][SPTarkov.Server.Logger.SptLoggerMiddleware] [客户端请求] /fika/update/ping
[2026-07-30 08:45:18.162][Info][SPTarkov.Server.Logger.SptLoggerMiddleware] [客户端请求] /launcher/profile/info
[2026-07-30 08:45:18.318][Info][SPTarkov.Server.Logger.SptLoggerMiddleware] [客户端请求] /launcher/server/version
[2026-07-30 08:45:18.712][Info][SPTarkov.Server.Logger.SptLoggerMiddleware] [客户端请求] /launcher/profile/info
[2026-07-30 08:45:18.713][Info][SPTarkov.Server.Logger.SptLoggerMiddleware] [客户端请求] /launcher/server/version
[2026-07-30 08:45:28.705][Info][SPTarkov.Server.Logger.SptLoggerMiddleware] [客户端请求] /fika/update/ping
[2026-07-30 08:45:45.750][Info][SPTarkov.Server.Logger.SptLoggerMiddleware] [客户端请求] /client/game/keepalive
[2026-07-30 08:45:58.709][Info][SPTarkov.Server.Logger.SptLoggerMiddleware] [客户端请求] /fika/update/ping
[2026-07-30 08:46:18.143][Info][SPTarkov.Server.Logger.SptLoggerMiddleware] [客户端请求] /launcher/profile/info
[2026-07-30 08:46:18.306][Info][SPTarkov.Server.Logger.SptLoggerMiddleware] [客户端请求] /launcher/server/version
[2026-07-30 08:46:18.708][Info][SPTarkov.Server.Logger.SptLoggerMiddleware] [客户端请求] /launcher/profile/info
[2026-07-30 08:46:18.710][Info][SPTarkov.Server.Logger.SptLoggerMiddleware] [客户端请求] /launcher/server/version
[2026-07-30 08:46:28.712][Info][SPTarkov.Server.Logger.SptLoggerMiddleware] [客户端请求] /fika/update/ping
[2026-07-30 08:46:39.660][Info][SPTarkov.Server.Logger.SptLoggerMiddleware] [客户端请求] /client/game/keepalive
[2026-07-30 08:46:58.715][Info][SPTarkov.Server.Logger.SptLoggerMiddleware] [客户端请求] /fika/update/ping
[2026-07-30 08:47:18.135][Info][SPTarkov.Server.Logger.SptLoggerMiddleware] [客户端请求] /launcher/profile/info
[2026-07-30 08:47:18.293][Info][SPTarkov.Server.Logger.SptLoggerMiddleware] [客户端请求] /launcher/server/version
[2026-07-30 08:47:18.703][Info][SPTarkov.Server.Logger.SptLoggerMiddleware] [客户端请求] /launcher/profile/info
[2026-07-30 08:47:18.706][Info][SPTarkov.Server.Logger.SptLoggerMiddleware] [客户端请求] /launcher/server/version
[2026-07-30 08:47:28.720][Info][SPTarkov.Server.Logger.SptLoggerMiddleware] [客户端请求] /fika/update/ping
[2026-07-30 08:47:58.725][Info][SPTarkov.Server.Logger.SptLoggerMiddleware] [客户端请求] /fika/update/ping
[2026-07-30 08:48:05.768][Info][SPTarkov.Server.Logger.SptLoggerMiddleware] [客户端请求] /client/match/local/end
[2026-07-30 08:48:06.075][Info][SPTarkov.Server.Logger.SptLoggerMiddleware] [客户端请求] /client/game/keepalive
[2026-07-30 08:48:06.214][Warn][SPTarkov.Server.Core.Services.MatchBotDetailsCacheService] Bot not found in match bot cache: 6a6b0b34208ecd3c20a7abfb
[2026-07-30 08:48:06.638][Info][SPTarkov.Server.Logger.SptLoggerMiddleware] [客户端请求] /fika/raid/leave
[2026-07-30 08:48:18.145][Info][SPTarkov.Server.Logger.SptLoggerMiddleware] [客户端请求] /launcher/profile/info
[2026-07-30 08:48:18.303][Info][SPTarkov.Server.Logger.SptLoggerMiddleware] [客户端请求] /launcher/server/version
[2026-07-30 08:48:18.709][Info][SPTarkov.Server.Logger.SptLoggerMiddleware] [客户端请求] /launcher/profile/info
[2026-07-30 08:48:18.711][Info][SPTarkov.Server.Logger.SptLoggerMiddleware] [客户端请求] /launcher/server/version
[2026-07-30 08:48:19.071][Info][SPTarkov.Server.Logger.SptLoggerMiddleware] [WebSocket 请求] /notifierServer/getwebsocket/69802d793401cb1dcc190aae
[2026-07-30 08:48:19.072][Info][SPTarkov.Server.Core.Servers.Ws.SptWebSocketConnectionHandler] [WS] 玩家：Maxryuki (69802d793401cb1dcc190aae) 20260730084819071 已连接
[2026-07-30 08:48:28.267][Info][SPTarkov.Server.Logger.SptLoggerMiddleware] [客户端请求] /client/game/profile/list
[2026-07-30 08:48:28.729][Info][SPTarkov.Server.Logger.SptLoggerMiddleware] [客户端请求] /fika/update/ping
[2026-07-30 08:48:30.555][Info][SPTarkov.Server.Logger.SptLoggerMiddleware] [客户端请求] /client/game/profile/select
[2026-07-30 08:48:30.889][Info][SPTarkov.Server.Logger.SptLoggerMiddleware] [客户端请求] /client/profile/status
[2026-07-30 08:48:31.230][Info][SPTarkov.Server.Logger.SptLoggerMiddleware] [客户端请求] /client/quest/list
[2026-07-30 08:48:34.855][Info][SPTarkov.Server.Logger.SptLoggerMiddleware] [客户端请求] /client/achievement/statistic
[2026-07-30 08:48:35.200][Info][SPTarkov.Server.Logger.SptLoggerMiddleware] [客户端请求] /client/achievement/list
[2026-07-30 08:48:35.866][Info][SPTarkov.Server.Logger.SptLoggerMiddleware] [客户端请求] /client/repeatalbeQuests/activityPeriods
[2026-07-30 08:48:52.042][Info][SPTarkov.Server.Logger.SptLoggerMiddleware] [客户端请求] /client/game/profile/items/moving
[2026-07-30 08:48:58.732][Info][SPTarkov.Server.Logger.SptLoggerMiddleware] [客户端请求] /fika/update/ping
[2026-07-30 08:48:59.761][Info][SPTarkov.Server.Logger.SptLoggerMiddleware] [客户端请求] /client/game/keepalive
[2026-07-30 08:49:03.504][Info][SPTarkov.Server.Logger.SptLoggerMiddleware] [客户端请求] /client/items
[2026-07-30 08:49:15.307][Info][SPTarkov.Server.Logger.SptLoggerMiddleware] [客户端请求] /client/customization
[2026-07-30 08:49:15.314][Info][SPTarkov.Server.Logger.SptLoggerMiddleware] [客户端请求] /client/prestige/list
[2026-07-30 08:49:15.316][Info][SPTarkov.Server.Logger.SptLoggerMiddleware] [客户端请求] /client/trading/api/traderSettings
[2026-07-30 08:49:15.320][Info][SPTarkov.Server.Logger.SptLoggerMiddleware] [客户端请求] /client/settings
[2026-07-30 08:49:15.323][Info][SPTarkov.Server.Logger.SptLoggerMiddleware] [客户端请求] /client/globals
[2026-07-30 08:49:16.114][Info][SPTarkov.Server.Logger.SptLoggerMiddleware] [客户端请求] /client/customization/storage
[2026-07-30 08:49:16.786][Info][SPTarkov.Server.Logger.SptLoggerMiddleware] [客户端请求] /client/game/profile/list
[2026-07-30 08:49:16.795][Info][SPTarkov.Server.Logger.SptLoggerMiddleware] [客户端请求] /client/dialogue
[2026-07-30 08:49:18.127][Info][SPTarkov.Server.Logger.SptLoggerMiddleware] [客户端请求] /launcher/profile/info
[2026-07-30 08:49:18.283][Info][SPTarkov.Server.Logger.SptLoggerMiddleware] [客户端请求] /launcher/server/version
[2026-07-30 08:49:18.716][Info][SPTarkov.Server.Logger.SptLoggerMiddleware] [客户端请求] /launcher/profile/info
[2026-07-30 08:49:18.718][Info][SPTarkov.Server.Logger.SptLoggerMiddleware] [客户端请求] /launcher/server/version
[2026-07-30 08:49:18.769][Info][SPTarkov.Server.Logger.SptLoggerMiddleware] [客户端请求] /client/game/profile/select
[2026-07-30 08:49:19.153][Info][SPTarkov.Server.Logger.SptLoggerMiddleware] [客户端请求] /client/profile/status
[2026-07-30 08:49:19.559][Info][SPTarkov.Server.Logger.SptLoggerMiddleware] [客户端请求] /client/handbook/templates
[2026-07-30 08:49:21.773][Info][SPTarkov.Server.Logger.SptLoggerMiddleware] [客户端请求] /client/builds/list
[2026-07-30 08:49:22.139][Info][SPTarkov.Server.Logger.SptLoggerMiddleware] [客户端请求] /weaponcustomizer/load
[2026-07-30 08:49:22.823][Info][SPTarkov.Server.Core.Servers.Ws.SptWebSocketConnectionHandler] [ws] player: Maxryuki (69802d793401cb1dcc190aae) 20260730084819071 has disconnected
[2026-07-30 08:49:24.497][Info][SPTarkov.Server.Logger.SptLoggerMiddleware] [客户端请求] /client/notifier/channel/create
[2026-07-30 08:49:24.507][Info][SPTarkov.Server.Logger.SptLoggerMiddleware] [客户端请求] /client/weather
[2026-07-30 08:49:24.512][Info][SPTarkov.Server.Logger.SptLoggerMiddleware] [客户端请求] /client/profile/status
[2026-07-30 08:49:24.514][Info][SPTarkov.Server.Logger.SptLoggerMiddleware] [客户端请求] /client/locations
[2026-07-30 08:49:24.518][Info][SPTarkov.Server.Logger.SptLoggerMiddleware] [客户端请求] /client/locale/ch
[2026-07-30 08:49:24.534][Info][SPTarkov.Server.Logger.SptLoggerMiddleware] [客户端请求] /client/hideout/settings
[2026-07-30 08:49:24.539][Info][SPTarkov.Server.Logger.SptLoggerMiddleware] [客户端请求] /client/hideout/areas
[2026-07-30 08:49:24.542][Info][SPTarkov.Server.Logger.SptLoggerMiddleware] [客户端请求] /client/hideout/qte/list
[2026-07-30 08:49:24.546][Info][SPTarkov.Server.Logger.SptLoggerMiddleware] [客户端请求] /client/hideout/production/recipes
[2026-07-30 08:49:24.550][Info][SPTarkov.Server.Logger.SptLoggerMiddleware] [客户端请求] /client/hideout/customization/offer/list
[2026-07-30 08:49:24.851][Info][SPTarkov.Server.Logger.SptLoggerMiddleware] [WebSocket 请求] /notifierServer/getwebsocket/69802d793401cb1dcc190aae
[2026-07-30 08:49:24.851][Info][SPTarkov.Server.Core.Servers.Ws.SptWebSocketConnectionHandler] [WS] 玩家：Maxryuki (69802d793401cb1dcc190aae) 20260730084924851 已连接
[2026-07-30 08:49:28.734][Info][SPTarkov.Server.Logger.SptLoggerMiddleware] [客户端请求] /fika/update/ping
[2026-07-30 08:49:32.993][Info][SPTarkov.Server.Logger.SptLoggerMiddleware] [客户端请求] /client/match/group/current
[2026-07-30 08:49:33.002][Info][SPTarkov.Server.Logger.SptLoggerMiddleware] [客户端请求] /client/server/list
[2026-07-30 08:49:33.007][Info][SPTarkov.Server.Logger.SptLoggerMiddleware] [客户端请求] /client/friend/request/list/inbox
[2026-07-30 08:49:33.009][Info][SPTarkov.Server.Logger.SptLoggerMiddleware] [客户端请求] /client/friend/list
[2026-07-30 08:49:33.014][Info][SPTarkov.Server.Logger.SptLoggerMiddleware] [客户端请求] /client/friend/request/list/outbox
[2026-07-30 08:49:33.015][Info][SPTarkov.Server.Logger.SptLoggerMiddleware] [客户端请求] /client/quest/list
[2026-07-30 08:49:33.019][Info][SPTarkov.Server.Logger.SptLoggerMiddleware] [客户端请求] /client/mail/dialog/list
[2026-07-30 08:49:35.675][Info][SPTarkov.Server.Logger.SptLoggerMiddleware] [客户端请求] /client/achievement/statistic
[2026-07-30 08:49:36.053][Info][SPTarkov.Server.Logger.SptLoggerMiddleware] [客户端请求] /client/achievement/list
[2026-07-30 08:49:36.763][Info][SPTarkov.Server.Logger.SptLoggerMiddleware] [客户端请求] /client/repeatalbeQuests/activityPeriods
[2026-07-30 08:49:37.134][Info][SPTarkov.Server.Logger.SptLoggerMiddleware] [客户端请求] /client/survey
[2026-07-30 08:49:37.605][Info][SPTarkov.Server.Logger.SptLoggerMiddleware] [客户端请求] /fika/presence/set
[2026-07-30 08:49:37.770][Info][SPTarkov.Server.Logger.SptLoggerMiddleware] [客户端请求] /fika/presence/get
[2026-07-30 08:49:45.397][Info][SPTarkov.Server.Logger.SptLoggerMiddleware] [客户端请求] /client/mail/dialog/view
[2026-07-30 08:49:46.256][Info][SPTarkov.Server.Logger.SptLoggerMiddleware] [客户端请求] /client/mail/dialog/view
[2026-07-30 08:49:47.056][Info][SPTarkov.Server.Logger.SptLoggerMiddleware] [客户端请求] /client/mail/dialog/getAllAttachments
[2026-07-30 08:49:47.927][Info][SPTarkov.Server.Logger.SptLoggerMiddleware] [客户端请求] /fika/presence/set
[2026-07-30 08:49:48.022][Info][SPTarkov.Server.Logger.SptLoggerMiddleware] [客户端请求] /fika/presence/get
[2026-07-30 08:49:48.343][Info][SPTarkov.Server.Logger.SptLoggerMiddleware] [客户端请求] /client/game/profile/items/moving
[2026-07-30 08:49:48.350][Info][SPTarkov.Server.Logger.SptLoggerMiddleware] [客户端请求] /client/checkVersion
[2026-07-30 08:49:49.562][Info][SPTarkov.Server.Logger.SptLoggerMiddleware] [客户端请求] /client/mail/dialog/view
[2026-07-30 08:49:50.820][Info][SPTarkov.Server.Logger.SptLoggerMiddleware] [客户端请求] /fika/presence/set
[2026-07-30 08:49:58.737][Info][SPTarkov.Server.Logger.SptLoggerMiddleware] [客户端请求] /fika/update/ping
[2026-07-30 08:50:06.794][Info][SPTarkov.Server.Logger.SptLoggerMiddleware] [客户端请求] /client/ragfair/itemMarketPrice
[2026-07-30 08:50:06.823][Info][SPTarkov.Server.Logger.SptLoggerMiddleware] [客户端请求] /client/items/prices
[2026-07-30 08:50:08.425][Info][SPTarkov.Server.Logger.SptLoggerMiddleware] [客户端请求] /client/ragfair/offerfees
[2026-07-30 08:50:08.790][Info][SPTarkov.Server.Logger.SptLoggerMiddleware] [客户端请求] /client/game/profile/items/moving
[2026-07-30 08:50:18.135][Info][SPTarkov.Server.Logger.SptLoggerMiddleware] [客户端请求] /launcher/profile/info
[2026-07-30 08:50:18.297][Info][SPTarkov.Server.Logger.SptLoggerMiddleware] [客户端请求] /launcher/server/version
[2026-07-30 08:50:18.706][Info][SPTarkov.Server.Logger.SptLoggerMiddleware] [客户端请求] /launcher/profile/info
[2026-07-30 08:50:18.708][Info][SPTarkov.Server.Logger.SptLoggerMiddleware] [客户端请求] /launcher/server/version
[2026-07-30 08:50:28.741][Info][SPTarkov.Server.Logger.SptLoggerMiddleware] [客户端请求] /fika/update/ping
[2026-07-30 08:50:29.813][Info][SPTarkov.Server.Logger.SptLoggerMiddleware] [客户端请求] /fika/presence/set
[2026-07-30 08:50:30.161][Info][SPTarkov.Server.Logger.SptLoggerMiddleware] [客户端请求] /client/items/prices/58330581ace78e27b8b10cee
[2026-07-30 08:50:30.168][Info][SPTarkov.Server.Logger.SptLoggerMiddleware] [客户端请求] /client/ragfair/find
[2026-07-30 08:50:30.173][Info][SPTarkov.Server.Logger.SptLoggerMiddleware] [客户端请求] /client/items/prices/5935c25fb3acc3127c3d8cd9
[2026-07-30 08:50:30.176][Info][SPTarkov.Server.Logger.SptLoggerMiddleware] [客户端请求] /client/game/profile/items/moving
[2026-07-30 08:50:31.020][Info][SPTarkov.Server.Logger.SptLoggerMiddleware] [客户端请求] /client/trading/api/getTraderAssort/58330581ace78e27b8b10cee
[2026-07-30 08:50:31.080][Info][SPTarkov.Server.Logger.SptLoggerMiddleware] [客户端请求] /client/trading/api/getTraderAssort/5935c25fb3acc3127c3d8cd9
[2026-07-30 08:50:32.286][Info][SPTarkov.Server.Logger.SptLoggerMiddleware] [客户端请求] /fika/presence/set
[2026-07-30 08:50:34.292][Info][SPTarkov.Server.Logger.SptLoggerMiddleware] [客户端请求] /client/ragfair/find
[2026-07-30 08:50:38.157][Info][SPTarkov.Server.Logger.SptLoggerMiddleware] [客户端请求] /client/ragfair/find
[2026-07-30 08:50:39.234][Info][SPTarkov.Server.Logger.SptLoggerMiddleware] [客户端请求] /client/ragfair/find
[2026-07-30 08:50:46.127][Info][SPTarkov.Server.Logger.SptLoggerMiddleware] [客户端请求] /client/game/profile/items/moving
[2026-07-30 08:50:46.744][Info][SPTarkov.Server.Logger.SptLoggerMiddleware] [客户端请求] /fika/presence/set
[2026-07-30 08:50:55.422][Info][SPTarkov.Server.Logger.SptLoggerMiddleware] [客户端请求] /botplacementsystem/save
[2026-07-30 08:50:56.826][Info][SPTarkov.Server.Logger.SptLoggerMiddleware] [客户端请求] /client/match/local/end
[2026-07-30 08:50:56.960][Info][SPTarkov.Server.Logger.SptLoggerMiddleware] [客户端请求] /fika/raid/leave
[2026-07-30 08:50:56.961][Info][FikaServer.Services.MatchService] Coop session 68f79277575e002bfcf5a4a1 has ended HostShutdown
[2026-07-30 08:50:56.965][Info][FikaServer.Services.MatchService] Deleted match [68f79277575e002bfcf5a4a1]
[2026-07-30 08:51:03.133][Info][SPTarkov.Server.Logger.SptLoggerMiddleware] [WebSocket 请求] /notifierServer/getwebsocket/68f79277575e002bfcf5a4a1
[2026-07-30 08:51:03.134][Info][SPTarkov.Server.Core.Servers.Ws.SptWebSocketConnectionHandler] [WS] 玩家：JúnioR (68f79277575e002bfcf5a4a1) 20260730085103133 已连接
[2026-07-30 08:51:12.808][Info][SPTarkov.Server.Logger.SptLoggerMiddleware] [客户端请求] /client/game/profile/list
[2026-07-30 08:51:13.929][Info][SPTarkov.Server.Logger.SptLoggerMiddleware] [客户端请求] /client/game/profile/select
[2026-07-30 08:51:13.957][Info][SPTarkov.Server.Logger.SptLoggerMiddleware] [客户端请求] /client/profile/status
[2026-07-30 08:51:13.999][Info][SPTarkov.Server.Logger.SptLoggerMiddleware] [客户端请求] /client/quest/list
[2026-07-30 08:51:14.294][Info][SPTarkov.Server.Logger.SptLoggerMiddleware] [客户端请求] /client/achievement/statistic
[2026-07-30 08:51:14.324][Info][SPTarkov.Server.Logger.SptLoggerMiddleware] [客户端请求] /client/achievement/list
[2026-07-30 08:51:14.493][Info][SPTarkov.Server.Logger.SptLoggerMiddleware] [客户端请求] /client/repeatalbeQuests/activityPeriods
[2026-07-30 08:51:18.124][Info][SPTarkov.Server.Logger.SptLoggerMiddleware] [客户端请求] /launcher/profile/info
[2026-07-30 08:51:18.281][Info][SPTarkov.Server.Logger.SptLoggerMiddleware] [客户端请求] /launcher/server/version
[2026-07-30 08:51:18.703][Info][SPTarkov.Server.Logger.SptLoggerMiddleware] [客户端请求] /launcher/profile/info
[2026-07-30 08:51:18.706][Info][SPTarkov.Server.Logger.SptLoggerMiddleware] [客户端请求] /launcher/server/version
[2026-07-30 08:51:35.599][Info][SPTarkov.Server.Logger.SptLoggerMiddleware] [客户端请求] /client/items
[2026-07-30 08:51:39.344][Info][SPTarkov.Server.Logger.SptLoggerMiddleware] [客户端请求] /client/items/prices
[2026-07-30 08:51:39.361][Info][SPTarkov.Server.Logger.SptLoggerMiddleware] [客户端请求] /client/ragfair/itemMarketPrice
[2026-07-30 08:51:40.918][Info][SPTarkov.Server.Logger.SptLoggerMiddleware] [客户端请求] /client/customization
[2026-07-30 08:51:41.013][Info][SPTarkov.Server.Logger.SptLoggerMiddleware] [客户端请求] /client/globals
[2026-07-30 08:51:41.013][Info][SPTarkov.Server.Logger.SptLoggerMiddleware] [客户端请求] /client/trading/api/traderSettings
[2026-07-30 08:51:41.014][Info][SPTarkov.Server.Logger.SptLoggerMiddleware] [客户端请求] /client/settings
[2026-07-30 08:51:41.014][Info][SPTarkov.Server.Logger.SptLoggerMiddleware] [客户端请求] /client/prestige/list
[2026-07-30 08:51:41.200][Info][SPTarkov.Server.Logger.SptLoggerMiddleware] [客户端请求] /client/customization/storage
[2026-07-30 08:51:41.436][Info][SPTarkov.Server.Logger.SptLoggerMiddleware] [客户端请求] /client/dialogue
[2026-07-30 08:51:41.440][Info][SPTarkov.Server.Logger.SptLoggerMiddleware] [客户端请求] /client/game/profile/list
[2026-07-30 08:51:41.472][Info][SPTarkov.Server.Logger.SptLoggerMiddleware] [客户端请求] /client/ragfair/offerfees
[2026-07-30 08:51:41.834][Info][SPTarkov.Server.Logger.SptLoggerMiddleware] [客户端请求] /client/game/profile/items/moving
[2026-07-30 08:51:42.547][Info][SPTarkov.Server.Logger.SptLoggerMiddleware] [客户端请求] /client/game/profile/select
[2026-07-30 08:51:42.628][Info][SPTarkov.Server.Logger.SptLoggerMiddleware] [客户端请求] /client/profile/status
[2026-07-30 08:51:42.707][Info][SPTarkov.Server.Logger.SptLoggerMiddleware] [客户端请求] /client/handbook/templates
[2026-07-30 08:51:44.130][Info][SPTarkov.Server.Logger.SptLoggerMiddleware] [客户端请求] /client/builds/list
[2026-07-30 08:51:44.302][Info][SPTarkov.Server.Logger.SptLoggerMiddleware] [客户端请求] /botplacementsystem/load
[2026-07-30 08:51:44.309][Info][SPTarkov.Server.Logger.SptLoggerMiddleware] [客户端请求] /weaponcustomizer/load
[2026-07-30 08:51:44.555][Info][SPTarkov.Server.Core.Servers.Ws.SptWebSocketConnectionHandler] [ws] player: JúnioR (68f79277575e002bfcf5a4a1) 20260730085103133 has disconnected
[2026-07-30 08:51:46.344][Info][SPTarkov.Server.Logger.SptLoggerMiddleware] [客户端请求] /client/notifier/channel/create
[2026-07-30 08:51:46.344][Info][SPTarkov.Server.Logger.SptLoggerMiddleware] [客户端请求] /client/locations
[2026-07-30 08:51:46.344][Info][SPTarkov.Server.Logger.SptLoggerMiddleware] [客户端请求] /client/profile/status
[2026-07-30 08:51:46.358][Info][SPTarkov.Server.Logger.SptLoggerMiddleware] [客户端请求] /client/weather
[2026-07-30 08:51:46.358][Info][SPTarkov.Server.Logger.SptLoggerMiddleware] [客户端请求] /client/locale/ch
[2026-07-30 08:51:46.438][Info][SPTarkov.Server.Logger.SptLoggerMiddleware] [WebSocket 请求] /notifierServer/getwebsocket/68f79277575e002bfcf5a4a1
[2026-07-30 08:51:46.439][Info][SPTarkov.Server.Core.Servers.Ws.SptWebSocketConnectionHandler] [WS] 玩家：JúnioR (68f79277575e002bfcf5a4a1) 20260730085146438 已连接
[2026-07-30 08:51:47.291][Info][SPTarkov.Server.Logger.SptLoggerMiddleware] [客户端请求] /client/hideout/customization/offer/list
[2026-07-30 08:51:47.309][Info][SPTarkov.Server.Logger.SptLoggerMiddleware] [客户端请求] /client/hideout/qte/list
[2026-07-30 08:51:47.309][Info][SPTarkov.Server.Logger.SptLoggerMiddleware] [客户端请求] /client/hideout/production/recipes
[2026-07-30 08:51:47.309][Info][SPTarkov.Server.Logger.SptLoggerMiddleware] [客户端请求] /client/hideout/settings
[2026-07-30 08:51:47.309][Info][SPTarkov.Server.Logger.SptLoggerMiddleware] [客户端请求] /client/hideout/areas
[2026-07-30 08:51:50.826][Info][SPTarkov.Server.Logger.SptLoggerMiddleware] [客户端请求] /client/server/list
[2026-07-30 08:51:50.846][Info][SPTarkov.Server.Logger.SptLoggerMiddleware] [客户端请求] /client/match/group/current
[2026-07-30 08:51:50.846][Info][SPTarkov.Server.Logger.SptLoggerMiddleware] [客户端请求] /client/mail/dialog/list
[2026-07-30 08:51:50.846][Info][SPTarkov.Server.Logger.SptLoggerMiddleware] [客户端请求] /client/friend/request/list/outbox
[2026-07-30 08:51:50.846][Info][SPTarkov.Server.Logger.SptLoggerMiddleware] [客户端请求] /client/friend/request/list/inbox
[2026-07-30 08:51:50.846][Info][SPTarkov.Server.Logger.SptLoggerMiddleware] [客户端请求] /client/quest/list
[2026-07-30 08:51:50.847][Info][SPTarkov.Server.Logger.SptLoggerMiddleware] [客户端请求] /client/friend/list
[2026-07-30 08:51:51.127][Info][SPTarkov.Server.Logger.SptLoggerMiddleware] [客户端请求] /client/achievement/statistic
[2026-07-30 08:51:51.189][Info][SPTarkov.Server.Logger.SptLoggerMiddleware] [客户端请求] /client/achievement/list
[2026-07-30 08:51:51.359][Info][SPTarkov.Server.Logger.SptLoggerMiddleware] [客户端请求] /client/repeatalbeQuests/activityPeriods
[2026-07-30 08:51:51.452][Info][SPTarkov.Server.Logger.SptLoggerMiddleware] [客户端请求] /client/survey
[2026-07-30 08:51:51.795][Info][SPTarkov.Server.Logger.SptLoggerMiddleware] [客户端请求] /fika/presence/set
[2026-07-30 08:51:51.941][Info][SPTarkov.Server.Logger.SptLoggerMiddleware] [客户端请求] /fika/presence/get
[2026-07-30 08:51:55.529][Info][SPTarkov.Server.Logger.SptLoggerMiddleware] [客户端请求] /fika/presence/set
[2026-07-30 08:52:00.609][Info][SPTarkov.Server.Logger.SptLoggerMiddleware] [客户端请求] /client/game/profile/items/moving
[2026-07-30 08:52:07.727][Info][SPTarkov.Server.Logger.SptLoggerMiddleware] [客户端请求] /fika/senditem/availablereceivers
[2026-07-30 08:52:08.795][Info][SPTarkov.Server.Logger.SptLoggerMiddleware] [客户端请求] /client/game/profile/items/moving
[2026-07-30 08:52:08.808][Info][FikaServer.Controllers.SendItemController] 1 items are going to sessionID: 69802d793401cb1dcc190aae
[2026-07-30 08:52:18.123][Info][SPTarkov.Server.Logger.SptLoggerMiddleware] [客户端请求] /launcher/profile/info
[2026-07-30 08:52:18.288][Info][SPTarkov.Server.Logger.SptLoggerMiddleware] [客户端请求] /launcher/server/version
[2026-07-30 08:52:18.708][Info][SPTarkov.Server.Logger.SptLoggerMiddleware] [客户端请求] /launcher/profile/info
[2026-07-30 08:52:18.710][Info][SPTarkov.Server.Logger.SptLoggerMiddleware] [客户端请求] /launcher/server/version
[2026-07-30 08:52:20.306][Info][SPTarkov.Server.Logger.SptLoggerMiddleware] [客户端请求] /client/mail/dialog/getAllAttachments
[2026-07-30 08:52:20.730][Info][SPTarkov.Server.Logger.SptLoggerMiddleware] [客户端请求] /client/game/profile/items/moving
[2026-07-30 08:52:21.397][Info][SPTarkov.Server.Logger.SptLoggerMiddleware] [客户端请求] /fika/presence/set
[2026-07-30 08:52:21.737][Info][SPTarkov.Server.Logger.SptLoggerMiddleware] [客户端请求] /client/game/profile/items/moving
[2026-07-30 08:52:26.989][Info][SPTarkov.Server.Logger.SptLoggerMiddleware] [客户端请求] /client/mail/dialog/view
[2026-07-30 08:52:27.390][Info][SPTarkov.Server.Logger.SptLoggerMiddleware] [客户端请求] /client/game/profile/items/moving
[2026-07-30 08:52:27.514][Info][SPTarkov.Server.Logger.SptLoggerMiddleware] [客户端请求] /client/mail/dialog/getAllAttachments
[2026-07-30 08:52:28.704][Info][SPTarkov.Server.Logger.SptLoggerMiddleware] [客户端请求] /fika/presence/set
[2026-07-30 08:52:29.049][Info][SPTarkov.Server.Logger.SptLoggerMiddleware] [客户端请求] /client/game/profile/items/moving
[2026-07-30 08:52:45.949][Info][SPTarkov.Server.Logger.SptLoggerMiddleware] [客户端请求] /fika/presence/set
[2026-07-30 08:52:53.499][Info][SPTarkov.Server.Logger.SptLoggerMiddleware] [客户端请求] /client/items/prices
[2026-07-30 08:52:53.512][Info][SPTarkov.Server.Logger.SptLoggerMiddleware] [客户端请求] /client/ragfair/itemMarketPrice
[2026-07-30 08:53:01.534][Info][SPTarkov.Server.Logger.SptLoggerMiddleware] [客户端请求] /client/ragfair/offerfees
[2026-07-30 08:53:01.899][Info][SPTarkov.Server.Logger.SptLoggerMiddleware] [客户端请求] /client/game/profile/items/moving
[2026-07-30 08:53:03.046][Info][SPTarkov.Server.Logger.SptLoggerMiddleware] [客户端请求] /client/ragfair/itemMarketPrice
[2026-07-30 08:53:03.057][Info][SPTarkov.Server.Logger.SptLoggerMiddleware] [客户端请求] /client/items/prices
[2026-07-30 08:53:05.952][Info][SPTarkov.Server.Logger.SptLoggerMiddleware] [客户端请求] /client/ragfair/offerfees
[2026-07-30 08:53:06.316][Info][SPTarkov.Server.Logger.SptLoggerMiddleware] [客户端请求] /client/game/profile/items/moving
[2026-07-30 08:53:08.253][Info][SPTarkov.Server.Logger.SptLoggerMiddleware] [客户端请求] /client/game/profile/items/moving
[2026-07-30 08:53:08.253][Info][SPTarkov.Server.Logger.SptLoggerMiddleware] [客户端请求] /client/checkVersion
[2026-07-30 08:53:08.264][Info][SPTarkov.Server.Logger.SptLoggerMiddleware] [客户端请求] /client/items/prices/5935c25fb3acc3127c3d8cd9
[2026-07-30 08:53:08.264][Info][SPTarkov.Server.Logger.SptLoggerMiddleware] [客户端请求] /client/items/prices/54cb50c76803fa8b248b4571
[2026-07-30 08:53:08.265][Info][SPTarkov.Server.Logger.SptLoggerMiddleware] [客户端请求] /client/items/prices/58330581ace78e27b8b10cee
[2026-07-30 08:53:08.387][Info][SPTarkov.Server.Logger.SptLoggerMiddleware] [客户端请求] /client/trading/api/getTraderAssort/58330581ace78e27b8b10cee
[2026-07-30 08:53:08.387][Info][SPTarkov.Server.Logger.SptLoggerMiddleware] [客户端请求] /client/trading/api/getTraderAssort/54cb50c76803fa8b248b4571
[2026-07-30 08:53:08.406][Info][SPTarkov.Server.Logger.SptLoggerMiddleware] [客户端请求] /client/trading/api/getTraderAssort/5935c25fb3acc3127c3d8cd9
[2026-07-30 08:53:08.970][Info][SPTarkov.Server.Logger.SptLoggerMiddleware] [客户端请求] /client/items/prices/6617beeaa9cfa777ca915b7c
[2026-07-30 08:53:09.060][Info][SPTarkov.Server.Logger.SptLoggerMiddleware] [客户端请求] /client/trading/api/getTraderAssort/6617beeaa9cfa777ca915b7c
[2026-07-30 08:53:10.136][Info][SPTarkov.Server.Logger.SptLoggerMiddleware] [客户端请求] /fika/presence/set
[2026-07-30 08:53:10.764][Info][SPTarkov.Server.Logger.SptLoggerMiddleware] [客户端请求] /fika/presence/set
[2026-07-30 08:53:10.859][Info][SPTarkov.Server.Logger.SptLoggerMiddleware] [客户端请求] /fika/presence/get
[2026-07-30 08:53:18.104][Info][SPTarkov.Server.Logger.SptLoggerMiddleware] [客户端请求] /launcher/profile/info
[2026-07-30 08:53:18.259][Info][SPTarkov.Server.Logger.SptLoggerMiddleware] [客户端请求] /launcher/server/version
[2026-07-30 08:53:18.707][Info][SPTarkov.Server.Logger.SptLoggerMiddleware] [客户端请求] /launcher/profile/info
[2026-07-30 08:53:18.709][Info][SPTarkov.Server.Logger.SptLoggerMiddleware] [客户端请求] /launcher/server/version
[2026-07-30 08:53:41.765][Info][SPTarkov.Server.Logger.SptLoggerMiddleware] [客户端请求] /client/trading/api/getTraderAssort/58330581ace78e27b8b10cee
[2026-07-30 08:53:41.765][Info][SPTarkov.Server.Logger.SptLoggerMiddleware] [客户端请求] /client/trading/api/getTraderAssort/54cb50c76803fa8b248b4571
[2026-07-30 08:53:41.765][Info][SPTarkov.Server.Logger.SptLoggerMiddleware] [客户端请求] /client/trading/api/getTraderAssort/5935c25fb3acc3127c3d8cd9
[2026-07-30 08:53:41.796][Info][SPTarkov.Server.Logger.SptLoggerMiddleware] [客户端请求] /client/game/profile/items/moving
[2026-07-30 08:53:49.479][Info][SPTarkov.Server.Logger.SptLoggerMiddleware] [客户端请求] /client/game/profile/items/moving
[2026-07-30 08:53:52.453][Info][SPTarkov.Server.Logger.SptLoggerMiddleware] [客户端请求] /client/items/prices/54cb57776803fa99248b456e
[2026-07-30 08:53:52.530][Info][SPTarkov.Server.Logger.SptLoggerMiddleware] [客户端请求] /client/trading/api/getTraderAssort/54cb57776803fa99248b456e
[2026-07-30 08:53:57.074][Info][SPTarkov.Server.Logger.SptLoggerMiddleware] [客户端请求] /client/game/profile/items/moving
[2026-07-30 08:54:14.177][Info][SPTarkov.Server.Logger.SptLoggerMiddleware] [客户端请求] /client/game/profile/items/moving
[2026-07-30 08:54:16.879][Info][SPTarkov.Server.Logger.SptLoggerMiddleware] [客户端请求] /client/game/profile/items/moving
[2026-07-30 08:54:18.099][Info][SPTarkov.Server.Logger.SptLoggerMiddleware] [客户端请求] /launcher/profile/info
[2026-07-30 08:54:18.259][Info][SPTarkov.Server.Logger.SptLoggerMiddleware] [客户端请求] /launcher/server/version
[2026-07-30 08:54:18.707][Info][SPTarkov.Server.Logger.SptLoggerMiddleware] [客户端请求] /launcher/profile/info
[2026-07-30 08:54:18.709][Info][SPTarkov.Server.Logger.SptLoggerMiddleware] [客户端请求] /launcher/server/version
[2026-07-30 08:54:32.741][Info][SPTarkov.Server.Logger.SptLoggerMiddleware] [客户端请求] /fika/presence/set
[2026-07-30 08:54:32.766][Info][SPTarkov.Server.Logger.SptLoggerMiddleware] [客户端请求] /fika/presence/get
[2026-07-30 08:54:43.393][Info][SPTarkov.Server.Logger.SptLoggerMiddleware] [客户端请求] /fika/presence/set
[2026-07-30 08:54:43.411][Info][SPTarkov.Server.Logger.SptLoggerMiddleware] [客户端请求] /fika/presence/get
[2026-07-30 08:54:44.974][Info][SPTarkov.Server.Logger.SptLoggerMiddleware] [客户端请求] /client/match/group/invite/cancel-all
[2026-07-30 08:54:45.035][Info][SPTarkov.Server.Logger.SptLoggerMiddleware] [客户端请求] /client/game/logout
[2026-07-30 08:54:45.211][Info][SPTarkov.Server.Core.Servers.Ws.SptWebSocketConnectionHandler] [ws] player: JúnioR (68f79277575e002bfcf5a4a1) 20260730085146438 has disconnected
[2026-07-30 08:54:58.708][Info][SPTarkov.Server.Logger.SptLoggerMiddleware] [客户端请求] /launcher/profile/info
[2026-07-30 08:54:58.709][Info][SPTarkov.Server.Logger.SptLoggerMiddleware] [客户端请求] /launcher/server/version
[2026-07-30 08:55:18.095][Info][SPTarkov.Server.Logger.SptLoggerMiddleware] [客户端请求] /launcher/profile/info
[2026-07-30 08:55:18.250][Info][SPTarkov.Server.Logger.SptLoggerMiddleware] [客户端请求] /launcher/server/version
[2026-07-30 08:55:26.702][Info][SPTarkov.Server.Logger.SptLoggerMiddleware] [客户端请求] /client/game/keepalive
[2026-07-30 08:55:43.002][Info][SPTarkov.Server.Logger.SptLoggerMiddleware] [客户端请求] /launcher/profile/login
[2026-07-30 08:55:43.004][Info][SPTarkov.Server.Logger.SptLoggerMiddleware] [客户端请求] /launcher/profile/get
[2026-07-30 08:55:43.005][Info][SPTarkov.Server.Logger.SptLoggerMiddleware] [客户端请求] /launcher/profile/info
[2026-07-30 08:55:43.008][Info][SPTarkov.Server.Logger.SptLoggerMiddleware] [客户端请求] /launcher/server/version
[2026-07-30 08:55:43.014][Info][SPTarkov.Server.Logger.SptLoggerMiddleware] [客户端请求] /launcher/server/version
[2026-07-30 08:55:49.501][Info][SPTarkov.Server.Logger.SptLoggerMiddleware] [客户端请求] /fika/presence/set
[2026-07-30 08:55:49.595][Info][SPTarkov.Server.Logger.SptLoggerMiddleware] [客户端请求] /fika/presence/get
[2026-07-30 08:55:52.105][Info][SPTarkov.Server.Logger.SptLoggerMiddleware] [客户端请求] /QuestingBots/GetConfig
[2026-07-30 08:55:52.848][Info][SPTarkov.Server.Logger.SptLoggerMiddleware] [客户端请求] /singleplayer/bosstypes
[2026-07-30 08:55:53.663][Info][SPTarkov.Server.Logger.SptLoggerMiddleware] [客户端请求] /fika/natpunchserver/config
[2026-07-30 08:55:54.265][Info][SPTarkov.Server.Logger.SptLoggerMiddleware] [客户端请求] /fika/client/config
[2026-07-30 08:55:54.285][Info][SPTarkov.Server.Logger.SptLoggerMiddleware] [客户端请求] /singleplayer/settings/bot/difficulties/
[2026-07-30 08:55:54.449][Info][SPTarkov.Server.Logger.SptLoggerMiddleware] [客户端请求] /singleplayer/settings/bot/difficulty/core/core
[2026-07-30 08:55:59.593][Info][SPTarkov.Server.Logger.SptLoggerMiddleware] [客户端请求] /fika/presence/get
[2026-07-30 08:56:04.628][Info][SPTarkov.Server.Logger.SptLoggerMiddleware] [客户端请求] /launcher/profile/info
[2026-07-30 08:56:04.630][Info][SPTarkov.Server.Logger.SptLoggerMiddleware] [客户端请求] /launcher/server/version
[2026-07-30 08:56:09.609][Info][SPTarkov.Server.Logger.SptLoggerMiddleware] [客户端请求] /fika/presence/get
[2026-07-30 08:56:13.582][Info][SPTarkov.Server.Logger.SptLoggerMiddleware] [客户端请求] /sain/namepersonalities
[2026-07-30 08:56:18.100][Info][SPTarkov.Server.Logger.SptLoggerMiddleware] [客户端请求] /launcher/profile/info
[2026-07-30 08:56:18.256][Info][SPTarkov.Server.Logger.SptLoggerMiddleware] [客户端请求] /launcher/server/version
[2026-07-30 08:56:19.607][Info][SPTarkov.Server.Logger.SptLoggerMiddleware] [客户端请求] /fika/presence/get
[2026-07-30 08:56:20.619][Info][SPTarkov.Server.Logger.SptLoggerMiddleware] [客户端请求] /singleplayer/settings/version
[2026-07-30 08:56:20.622][Info][SPTarkov.Server.Logger.SptLoggerMiddleware] [客户端请求] /singleplayer/release
[2026-07-30 08:56:20.630][Info][SPTarkov.Server.Logger.SptLoggerMiddleware] [客户端请求] /singleplayer/moddedTraders
[2026-07-30 08:56:20.632][Info][SPTarkov.Server.Logger.SptLoggerMiddleware] [客户端请求] /singleplayer/enableBSGlogging
[2026-07-30 08:56:21.504][Info][SPTarkov.Server.Logger.SptLoggerMiddleware] [客户端请求] /singleplayer/bundles
[2026-07-30 08:56:25.638][Info][SPTarkov.Server.Logger.SptLoggerMiddleware] [客户端请求] /fika/client/check/version
[2026-07-30 08:56:25.703][Info][SPTarkov.Server.Logger.SptLoggerMiddleware] [客户端请求] /fika/client/check/mods
[2026-07-30 08:56:27.660][Info][SPTarkov.Server.Logger.SptLoggerMiddleware] [客户端请求] /dynamicmaps/load
[2026-07-30 08:56:27.667][Info][SPTarkov.Server.Logger.SptLoggerMiddleware] [客户端请求] /singleplayer/settings/version
[2026-07-30 08:56:27.869][Info][SPTarkov.Server.Logger.SptLoggerMiddleware] [客户端请求] /client/menu/locale/ch
[2026-07-30 08:56:27.929][Info][SPTarkov.Server.Logger.SptLoggerMiddleware] [客户端请求] /client/game/mode
[2026-07-30 08:56:27.983][Info][SPTarkov.Server.Logger.SptLoggerMiddleware] [客户端请求] /client/game/start
[2026-07-30 08:56:27.984][Info][SPTarkov.Server.Core.Services.ProfileFixerService] Successfully removed orphaned quest: 6a69d12c1e81a33de8f59d89 that doesn't exist in quest data
[2026-07-30 08:56:27.984][Info][SPTarkov.Server.Core.Services.ProfileFixerService] Successfully removed orphaned quest: 6a69d11e1e81a33de8f59d70 that doesn't exist in quest data
[2026-07-30 08:56:27.984][Info][SPTarkov.Server.Core.Services.ProfileFixerService] Successfully removed orphaned quest: 6a69b24a1060de09b03215de that doesn't exist in quest data
[2026-07-30 08:56:27.984][Info][SPTarkov.Server.Core.Services.ProfileFixerService] Successfully removed orphaned quest: 6a69b24a1060de09b03215b7 that doesn't exist in quest data
[2026-07-30 08:56:28.042][Info][SPTarkov.Server.Logger.SptLoggerMiddleware] [客户端请求] /singleplayer/clientmods
[2026-07-30 08:56:28.100][Info][SPTarkov.Server.Logger.SptLoggerMiddleware] [客户端请求] /client/game/version/validate
[2026-07-30 08:56:28.149][Info][SPTarkov.Server.Logger.SptLoggerMiddleware] [客户端请求] /client/languages
[2026-07-30 08:56:28.207][Info][SPTarkov.Server.Logger.SptLoggerMiddleware] [客户端请求] /client/game/config
[2026-07-30 08:56:28.280][Info][SPTarkov.Server.Logger.SptLoggerMiddleware] [客户端请求] /client/items
[2026-07-30 08:56:29.621][Info][SPTarkov.Server.Logger.SptLoggerMiddleware] [客户端请求] /fika/presence/get
[2026-07-30 08:56:35.307][Info][SPTarkov.Server.Logger.SptLoggerMiddleware] [客户端请求] /client/customization
[2026-07-30 08:56:35.931][Info][SPTarkov.Server.Logger.SptLoggerMiddleware] [客户端请求] /client/trading/api/traderSettings
[2026-07-30 08:56:35.948][Info][SPTarkov.Server.Logger.SptLoggerMiddleware] [客户端请求] /client/globals
[2026-07-30 08:56:35.948][Info][SPTarkov.Server.Logger.SptLoggerMiddleware] [客户端请求] /client/prestige/list
[2026-07-30 08:56:35.948][Info][SPTarkov.Server.Logger.SptLoggerMiddleware] [客户端请求] /client/customization/storage
[2026-07-30 08:56:35.949][Info][SPTarkov.Server.Logger.SptLoggerMiddleware] [客户端请求] /client/settings
[2026-07-30 08:56:36.754][Info][SPTarkov.Server.Logger.SptLoggerMiddleware] [客户端请求] /client/dialogue
[2026-07-30 08:56:36.762][Info][SPTarkov.Server.Logger.SptLoggerMiddleware] [客户端请求] /client/game/profile/list
[2026-07-30 08:56:38.209][Info][SPTarkov.Server.Logger.SptLoggerMiddleware] [客户端请求] /client/game/profile/select
[2026-07-30 08:56:38.260][Info][SPTarkov.Server.Logger.SptLoggerMiddleware] [客户端请求] /client/profile/status
[2026-07-30 08:56:38.371][Info][SPTarkov.Server.Logger.SptLoggerMiddleware] [客户端请求] /client/handbook/templates
[2026-07-30 08:56:39.637][Info][SPTarkov.Server.Logger.SptLoggerMiddleware] [客户端请求] /fika/presence/get
[2026-07-30 08:56:40.040][Info][SPTarkov.Server.Logger.SptLoggerMiddleware] [客户端请求] /client/builds/list
[2026-07-30 08:56:40.411][Info][SPTarkov.Server.Logger.SptLoggerMiddleware] [客户端请求] /botplacementsystem/load
[2026-07-30 08:56:40.412][Info][SPTarkov.Server.Logger.SptLoggerMiddleware] [客户端请求] /weaponcustomizer/load
[2026-07-30 08:56:42.592][Info][SPTarkov.Server.Logger.SptLoggerMiddleware] [WebSocket 请求] /fika/notification/
[2026-07-30 08:56:44.644][Info][SPTarkov.Server.Logger.SptLoggerMiddleware] [客户端请求] /client/notifier/channel/create
[2026-07-30 08:56:44.644][Info][SPTarkov.Server.Logger.SptLoggerMiddleware] [客户端请求] /client/weather
[2026-07-30 08:56:44.644][Info][SPTarkov.Server.Logger.SptLoggerMiddleware] [客户端请求] /client/profile/status
[2026-07-30 08:56:44.652][Info][SPTarkov.Server.Logger.SptLoggerMiddleware] [客户端请求] /client/locations
[2026-07-30 08:56:44.653][Info][SPTarkov.Server.Logger.SptLoggerMiddleware] [客户端请求] /client/locale/ch
[2026-07-30 08:56:44.723][Info][SPTarkov.Server.Logger.SptLoggerMiddleware] [WebSocket 请求] /notifierServer/getwebsocket/68f79277575e002bfcf5a4a1
[2026-07-30 08:56:44.724][Info][SPTarkov.Server.Core.Servers.Ws.SptWebSocketConnectionHandler] [WS] 玩家：JúnioR (68f79277575e002bfcf5a4a1) 20260730085644724 已连接
[2026-07-30 08:56:45.813][Info][SPTarkov.Server.Logger.SptLoggerMiddleware] [客户端请求] /client/hideout/areas
[2026-07-30 08:56:45.813][Info][SPTarkov.Server.Logger.SptLoggerMiddleware] [客户端请求] /client/hideout/settings
[2026-07-30 08:56:45.813][Info][SPTarkov.Server.Logger.SptLoggerMiddleware] [客户端请求] /client/hideout/qte/list
[2026-07-30 08:56:45.847][Info][SPTarkov.Server.Logger.SptLoggerMiddleware] [客户端请求] /client/hideout/production/recipes
[2026-07-30 08:56:45.847][Info][SPTarkov.Server.Logger.SptLoggerMiddleware] [客户端请求] /client/hideout/customization/offer/list
[2026-07-30 08:56:45.854][Info][SPTarkov.Server.Logger.SptLoggerMiddleware] [客户端请求] /singleplayer/log
[2026-07-30 08:56:45.857][Info][SPTarkov.Server.Logger.SptLoggerMiddleware] [客户端请求] /singleplayer/log
[2026-07-30 08:56:45.858][Warn][SPTarkov.Server.Core.Controllers.ClientLogController] [Warning: SPT.Core] Validation failed
[2026-07-30 08:56:47.239][Info][SPTarkov.Server.Logger.SptLoggerMiddleware] [客户端请求] /client/server/list
[2026-07-30 08:56:47.241][Info][SPTarkov.Server.Logger.SptLoggerMiddleware] [客户端请求] /client/match/group/current
[2026-07-30 08:56:47.245][Info][SPTarkov.Server.Logger.SptLoggerMiddleware] [客户端请求] /client/friend/list
[2026-07-30 08:56:47.259][Info][SPTarkov.Server.Logger.SptLoggerMiddleware] [客户端请求] /client/friend/request/list/outbox
[2026-07-30 08:56:47.259][Info][SPTarkov.Server.Logger.SptLoggerMiddleware] [客户端请求] /client/friend/request/list/inbox
[2026-07-30 08:56:47.259][Info][SPTarkov.Server.Logger.SptLoggerMiddleware] [客户端请求] /client/quest/list
[2026-07-30 08:56:47.260][Info][SPTarkov.Server.Logger.SptLoggerMiddleware] [客户端请求] /client/mail/dialog/list
[2026-07-30 08:56:47.380][Info][SPTarkov.Server.Logger.SptLoggerMiddleware] [客户端请求] /singleplayer/log
[2026-07-30 08:56:47.380][Info][SPTarkov.Server.Core.Controllers.ClientLogController] [QuestingBots] Validated all quest files
[2026-07-30 08:56:47.789][Info][SPTarkov.Server.Logger.SptLoggerMiddleware] [客户端请求] /client/achievement/statistic
[2026-07-30 08:56:47.850][Info][SPTarkov.Server.Logger.SptLoggerMiddleware] [客户端请求] /client/achievement/list
[2026-07-30 08:56:48.055][Info][SPTarkov.Server.Logger.SptLoggerMiddleware] [客户端请求] /client/repeatalbeQuests/activityPeriods
[2026-07-30 08:56:48.164][Info][SPTarkov.Server.Logger.SptLoggerMiddleware] [客户端请求] /client/survey
[2026-07-30 08:56:48.980][Info][SPTarkov.Server.Logger.SptLoggerMiddleware] [客户端请求] /fika/presence/get
[2026-07-30 08:56:49.635][Info][SPTarkov.Server.Logger.SptLoggerMiddleware] [客户端请求] /fika/presence/get
[2026-07-30 08:56:58.913][Info][SPTarkov.Server.Logger.SptLoggerMiddleware] [客户端请求] /fika/presence/get
[2026-07-30 08:56:59.649][Info][SPTarkov.Server.Logger.SptLoggerMiddleware] [客户端请求] /fika/presence/get
[2026-07-30 08:56:59.692][Info][SPTarkov.Server.Logger.SptLoggerMiddleware] [客户端请求] /client/checkVersion
[2026-07-30 08:57:04.638][Info][SPTarkov.Server.Logger.SptLoggerMiddleware] [客户端请求] /launcher/profile/info
[2026-07-30 08:57:04.640][Info][SPTarkov.Server.Logger.SptLoggerMiddleware] [客户端请求] /launcher/server/version
[2026-07-30 08:57:07.859][Info][SPTarkov.Server.Logger.SptLoggerMiddleware] [客户端请求] /singleplayer/settings/raid/menu
[2026-07-30 08:57:09.058][Info][SPTarkov.Server.Logger.SptLoggerMiddleware] [客户端请求] /client/insurance/items/list/cost
[2026-07-30 08:57:09.648][Info][SPTarkov.Server.Logger.SptLoggerMiddleware] [客户端请求] /fika/presence/get
[2026-07-30 08:57:10.054][Info][SPTarkov.Server.Logger.SptLoggerMiddleware] [客户端请求] /fika/headless/available
[2026-07-30 08:57:10.066][Info][SPTarkov.Server.Logger.SptLoggerMiddleware] [客户端请求] /fika/location/raids
[2026-07-30 08:57:10.103][Info][SPTarkov.Server.Logger.SptLoggerMiddleware] [客户端请求] /client/match/group/invite/cancel-all
[2026-07-30 08:57:10.103][Info][SPTarkov.Server.Logger.SptLoggerMiddleware] [客户端请求] /client/raid/configuration
[2026-07-30 08:57:10.131][Info][SPTarkov.Server.Logger.SptLoggerMiddleware] [客户端请求] /client/match/group/invite/cancel-all
[2026-07-30 08:57:11.037][Info][SPTarkov.Server.Logger.SptLoggerMiddleware] [客户端请求] /client/match/group/exit_from_menu
[2026-07-30 08:57:11.037][Info][SPTarkov.Server.Logger.SptLoggerMiddleware] [客户端请求] /client/match/group/invite/cancel-all
[2026-07-30 08:57:15.347][Info][SPTarkov.Server.Logger.SptLoggerMiddleware] [客户端请求] /fika/presence/set
[2026-07-30 08:57:18.083][Info][SPTarkov.Server.Logger.SptLoggerMiddleware] [客户端请求] /launcher/profile/info
[2026-07-30 08:57:18.239][Info][SPTarkov.Server.Logger.SptLoggerMiddleware] [客户端请求] /launcher/server/version
[2026-07-30 08:57:19.057][Info][SPTarkov.Server.Logger.SptLoggerMiddleware] [客户端请求] /client/game/profile/items/moving
[2026-07-30 08:57:19.664][Info][SPTarkov.Server.Logger.SptLoggerMiddleware] [客户端请求] /fika/presence/get
[2026-07-30 08:57:22.966][Info][SPTarkov.Server.Logger.SptLoggerMiddleware] [客户端请求] /fika/presence/set
[2026-07-30 08:57:22.984][Info][SPTarkov.Server.Logger.SptLoggerMiddleware] [客户端请求] /fika/presence/get
[2026-07-30 08:57:25.804][Info][SPTarkov.Server.Logger.SptLoggerMiddleware] [客户端请求] /singleplayer/settings/raid/menu
[2026-07-30 08:57:27.241][Info][SPTarkov.Server.Logger.SptLoggerMiddleware] [客户端请求] /fika/headless/available
[2026-07-30 08:57:27.247][Info][SPTarkov.Server.Logger.SptLoggerMiddleware] [客户端请求] /fika/location/raids
[2026-07-30 08:57:27.285][Info][SPTarkov.Server.Logger.SptLoggerMiddleware] [客户端请求] /client/match/group/invite/cancel-all
[2026-07-30 08:57:27.286][Info][SPTarkov.Server.Logger.SptLoggerMiddleware] [客户端请求] /client/raid/configuration
[2026-07-30 08:57:27.355][Info][SPTarkov.Server.Logger.SptLoggerMiddleware] [客户端请求] /client/match/group/invite/cancel-all
[2026-07-30 08:57:28.903][Info][SPTarkov.Server.Logger.SptLoggerMiddleware] [客户端请求] /fika/raid/create
[2026-07-30 08:57:29.005][Info][SPTarkov.Server.Core.Generators.LocationLootGenerator] A total of: 1952 static items spawned
[2026-07-30 08:57:29.006][Info][SPTarkov.Server.Core.Generators.LocationLootGenerator] 共计1078个静态容器已生成
[2026-07-30 08:57:29.678][Info][SPTarkov.Server.Logger.SptLoggerMiddleware] [客户端请求] /fika/presence/get
[2026-07-30 08:57:30.974][Info][SPTarkov.Server.Core.Generators.LocationLootGenerator] 共计493个动态物品已生成
[2026-07-30 08:57:30.975][Info][SPTarkov.Server.Core.Generators.LocationLootGenerator] 已生成地点TarkovStreets
[2026-07-30 08:57:32.785][Info][SPTarkov.Server.Logger.SptLoggerMiddleware] [客户端请求] /client/raid/configuration
[2026-07-30 08:57:32.823][Info][SPTarkov.Server.Logger.SptLoggerMiddleware] [客户端请求] /fika/update/ping
[2026-07-30 08:57:32.974][Info][SPTarkov.Server.Logger.SptLoggerMiddleware] [客户端请求] /fika/update/sethost
[2026-07-30 08:57:32.991][Info][SPTarkov.Server.Logger.SptLoggerMiddleware] [客户端请求] /fika/update/setstatus
[2026-07-30 08:57:33.195][Info][SPTarkov.Server.Logger.SptLoggerMiddleware] [客户端请求] /client/match/group/exit_from_menu
[2026-07-30 08:57:39.694][Info][SPTarkov.Server.Logger.SptLoggerMiddleware] [客户端请求] /fika/presence/get
[2026-07-30 08:57:47.307][Info][SPTarkov.Server.Logger.SptLoggerMiddleware] [客户端请求] /client/game/keepalive
[2026-07-30 08:57:49.693][Info][SPTarkov.Server.Logger.SptLoggerMiddleware] [客户端请求] /fika/presence/get
[2026-07-30 08:57:59.693][Info][SPTarkov.Server.Logger.SptLoggerMiddleware] [客户端请求] /fika/presence/get
[2026-07-30 08:58:02.826][Info][SPTarkov.Server.Logger.SptLoggerMiddleware] [客户端请求] /fika/update/ping
[2026-07-30 08:58:04.635][Info][SPTarkov.Server.Logger.SptLoggerMiddleware] [客户端请求] /launcher/profile/info
[2026-07-30 08:58:04.637][Info][SPTarkov.Server.Logger.SptLoggerMiddleware] [客户端请求] /launcher/server/version
[2026-07-30 08:58:09.694][Info][SPTarkov.Server.Logger.SptLoggerMiddleware] [客户端请求] /fika/presence/get
[2026-07-30 08:58:18.088][Info][SPTarkov.Server.Logger.SptLoggerMiddleware] [客户端请求] /launcher/profile/info
[2026-07-30 08:58:18.245][Info][SPTarkov.Server.Logger.SptLoggerMiddleware] [客户端请求] /launcher/server/version
[2026-07-30 08:58:19.696][Info][SPTarkov.Server.Logger.SptLoggerMiddleware] [客户端请求] /fika/presence/get
[2026-07-30 08:58:29.697][Info][SPTarkov.Server.Logger.SptLoggerMiddleware] [客户端请求] /fika/presence/get
[2026-07-30 08:58:32.616][Info][SPTarkov.Server.Logger.SptLoggerMiddleware] [客户端请求] /client/mail/dialog/getAllAttachments
[2026-07-30 08:58:32.829][Info][SPTarkov.Server.Logger.SptLoggerMiddleware] [客户端请求] /fika/update/ping
[2026-07-30 08:58:33.900][Info][SPTarkov.Server.Logger.SptLoggerMiddleware] [客户端请求] /fika/presence/set
[2026-07-30 08:58:33.992][Info][SPTarkov.Server.Logger.SptLoggerMiddleware] [客户端请求] /fika/presence/get
[2026-07-30 08:58:34.311][Info][SPTarkov.Server.Logger.SptLoggerMiddleware] [客户端请求] /client/game/profile/items/moving
[2026-07-30 08:58:43.994][Info][SPTarkov.Server.Logger.SptLoggerMiddleware] [客户端请求] /fika/presence/get
[2026-07-30 08:58:53.754][Info][SPTarkov.Server.Logger.SptLoggerMiddleware] [客户端请求] /client/getMetricsConfig
[2026-07-30 08:58:53.854][Info][SPTarkov.Server.Logger.SptLoggerMiddleware] [客户端请求] /singleplayer/settings/getRaidTime
[2026-07-30 08:58:53.926][Info][SPTarkov.Server.Logger.SptLoggerMiddleware] [客户端请求] /client/raid/configuration
[2026-07-30 08:58:53.993][Info][SPTarkov.Server.Logger.SptLoggerMiddleware] [客户端请求] /client/match/local/start
[2026-07-30 08:58:54.164][Info][SPTarkov.Server.Core.Servers.Ws.SptWebSocketConnectionHandler] [ws] player: JúnioR (68f79277575e002bfcf5a4a1) 20260730085644724 has disconnected
[2026-07-30 08:58:54.164][Info][SPTarkov.Server.Logger.SptLoggerMiddleware] [客户端请求] /fika/presence/get
[2026-07-30 08:59:02.832][Info][SPTarkov.Server.Logger.SptLoggerMiddleware] [客户端请求] /fika/update/ping
[2026-07-30 08:59:04.169][Info][SPTarkov.Server.Logger.SptLoggerMiddleware] [客户端请求] /fika/presence/get
[2026-07-30 08:59:04.640][Info][SPTarkov.Server.Logger.SptLoggerMiddleware] [客户端请求] /launcher/profile/info
[2026-07-30 08:59:04.642][Info][SPTarkov.Server.Logger.SptLoggerMiddleware] [客户端请求] /launcher/server/version
[2026-07-30 08:59:14.169][Info][SPTarkov.Server.Logger.SptLoggerMiddleware] [客户端请求] /fika/presence/get
[2026-07-30 08:59:18.082][Info][SPTarkov.Server.Logger.SptLoggerMiddleware] [客户端请求] /launcher/profile/info
[2026-07-30 08:59:18.238][Info][SPTarkov.Server.Logger.SptLoggerMiddleware] [客户端请求] /launcher/server/version
[2026-07-30 08:59:24.167][Info][SPTarkov.Server.Logger.SptLoggerMiddleware] [客户端请求] /fika/presence/get
[2026-07-30 08:59:26.984][Info][SPTarkov.Server.Logger.SptLoggerMiddleware] [客户端请求] /fika/update/playerspawn
[2026-07-30 08:59:32.835][Info][SPTarkov.Server.Logger.SptLoggerMiddleware] [客户端请求] /fika/update/ping
[2026-07-30 08:59:34.172][Info][SPTarkov.Server.Logger.SptLoggerMiddleware] [客户端请求] /fika/presence/get
[2026-07-30 08:59:44.170][Info][SPTarkov.Server.Logger.SptLoggerMiddleware] [客户端请求] /fika/presence/get
[2026-07-30 08:59:54.171][Info][SPTarkov.Server.Logger.SptLoggerMiddleware] [客户端请求] /fika/presence/get
[2026-07-30 09:00:02.838][Info][SPTarkov.Server.Logger.SptLoggerMiddleware] [客户端请求] /fika/update/ping
[2026-07-30 09:00:03.619][Info][SPTarkov.Server.Logger.SptLoggerMiddleware] [客户端请求] /singleplayer/settings/raid/menu
[2026-07-30 09:00:04.633][Info][SPTarkov.Server.Logger.SptLoggerMiddleware] [客户端请求] /launcher/profile/info
[2026-07-30 09:00:04.634][Info][SPTarkov.Server.Logger.SptLoggerMiddleware] [客户端请求] /launcher/server/version
[2026-07-30 09:00:04.636][Info][SPTarkov.Server.Logger.SptLoggerMiddleware] [客户端请求] /client/insurance/items/list/cost
[2026-07-30 09:00:06.676][Info][SPTarkov.Server.Logger.SptLoggerMiddleware] [客户端请求] /client/game/profile/items/moving
[2026-07-30 09:00:07.598][Info][SPTarkov.Server.Logger.SptLoggerMiddleware] [客户端请求] /fika/headless/available
[2026-07-30 09:00:07.695][Info][SPTarkov.Server.Logger.SptLoggerMiddleware] [客户端请求] /fika/location/raids
[2026-07-30 09:00:08.038][Info][SPTarkov.Server.Logger.SptLoggerMiddleware] [客户端请求] /client/raid/configuration
[2026-07-30 09:00:08.050][Info][SPTarkov.Server.Logger.SptLoggerMiddleware] [客户端请求] /client/match/group/invite/cancel-all
[2026-07-30 09:00:08.398][Info][SPTarkov.Server.Logger.SptLoggerMiddleware] [客户端请求] /client/match/group/invite/cancel-all
[2026-07-30 09:00:09.376][Info][SPTarkov.Server.Logger.SptLoggerMiddleware] [客户端请求] /fika/raid/gethost
[2026-07-30 09:00:11.065][Info][SPTarkov.Server.Logger.SptLoggerMiddleware] [客户端请求] /fika/raid/join
[2026-07-30 09:00:11.144][Info][SPTarkov.Server.Logger.SptLoggerMiddleware] [客户端请求] /fika/update/addplayer
[2026-07-30 09:00:12.106][Info][SPTarkov.Server.Logger.SptLoggerMiddleware] [客户端请求] /client/raid/configuration
[2026-07-30 09:00:12.575][Info][SPTarkov.Server.Logger.SptLoggerMiddleware] [客户端请求] /client/match/group/exit_from_menu
[2026-07-30 09:00:18.080][Info][SPTarkov.Server.Logger.SptLoggerMiddleware] [客户端请求] /launcher/profile/info
[2026-07-30 09:00:18.241][Info][SPTarkov.Server.Logger.SptLoggerMiddleware] [客户端请求] /launcher/server/version
[2026-07-30 09:00:32.842][Info][SPTarkov.Server.Logger.SptLoggerMiddleware] [客户端请求] /fika/update/ping
[2026-07-30 09:00:51.755][Info][SPTarkov.Server.Logger.SptLoggerMiddleware] [客户端请求] /fika/update/setstatus
[2026-07-30 09:00:58.546][Info][SPTarkov.Server.Logger.SptLoggerMiddleware] [客户端请求] /client/localGame/weather
[2026-07-30 09:00:59.181][Info][SPTarkov.Server.Logger.SptLoggerMiddleware] [客户端请求] /client/game/bot/generate
[2026-07-30 09:01:02.516][Info][SPTarkov.Server.Logger.SptLoggerMiddleware] [客户端请求] /singleplayer/settings/bot/maxCap/TarkovStreets
[2026-07-30 09:01:02.846][Info][SPTarkov.Server.Logger.SptLoggerMiddleware] [客户端请求] /fika/update/ping
[2026-07-30 09:01:04.639][Info][SPTarkov.Server.Logger.SptLoggerMiddleware] [客户端请求] /launcher/profile/info
[2026-07-30 09:01:04.641][Info][SPTarkov.Server.Logger.SptLoggerMiddleware] [客户端请求] /launcher/server/version
[2026-07-30 09:01:08.120][Info][SPTarkov.Server.Logger.SptLoggerMiddleware] [客户端请求] /QuestingBots/GetZoneAndItemQuestPositions
[2026-07-30 09:01:08.138][Info][SPTarkov.Server.Logger.SptLoggerMiddleware] [客户端请求] /QuestingBots/GetAllQuestTemplates
[2026-07-30 09:01:09.461][Info][SPTarkov.Server.Logger.SptLoggerMiddleware] [客户端请求] /QuestingBots/GetEFTQuestSettings
[2026-07-30 09:01:18.092][Info][SPTarkov.Server.Logger.SptLoggerMiddleware] [客户端请求] /launcher/profile/info
[2026-07-30 09:01:18.283][Info][SPTarkov.Server.Logger.SptLoggerMiddleware] [客户端请求] /launcher/server/version
[2026-07-30 09:01:25.494][Info][SPTarkov.Server.Logger.SptLoggerMiddleware] [客户端请求] /client/getMetricsConfig
[2026-07-30 09:01:25.722][Info][SPTarkov.Server.Logger.SptLoggerMiddleware] [客户端请求] /singleplayer/settings/getRaidTime
[2026-07-30 09:01:26.712][Info][SPTarkov.Server.Core.Servers.Ws.SptWebSocketConnectionHandler] [ws] player: Maxryuki (69802d793401cb1dcc190aae) 20260730084924851 has disconnected
[2026-07-30 09:01:27.103][Info][SPTarkov.Server.Logger.SptLoggerMiddleware] [客户端请求] /client/raid/configuration
[2026-07-30 09:01:27.460][Info][SPTarkov.Server.Logger.SptLoggerMiddleware] [客户端请求] /client/match/local/start
[2026-07-30 09:01:29.976][Info][SPTarkov.Server.Logger.SptLoggerMiddleware] [客户端请求] /fika/raid/getsettings
[2026-07-30 09:01:32.850][Info][SPTarkov.Server.Logger.SptLoggerMiddleware] [客户端请求] /fika/update/ping
[2026-07-30 09:01:34.424][Info][SPTarkov.Server.Logger.SptLoggerMiddleware] [客户端请求] /fika/update/playerspawn
[2026-07-30 09:01:35.496][Info][SPTarkov.Server.Logger.SptLoggerMiddleware] [客户端请求] /weaponcustomizer/load
[2026-07-30 09:01:36.747][Info][SPTarkov.Server.Logger.SptLoggerMiddleware] [客户端请求] /fika/raid/registerPlayer
[2026-07-30 09:01:43.697][Info][SPTarkov.Server.Logger.SptLoggerMiddleware] [客户端请求] /weaponcustomizer/load
[2026-07-30 09:01:53.587][Info][SPTarkov.Server.Logger.SptLoggerMiddleware] [客户端请求] /singleplayer/scav/traitorscavhostile
[2026-07-30 09:02:02.855][Info][SPTarkov.Server.Logger.SptLoggerMiddleware] [客户端请求] /fika/update/ping
[2026-07-30 09:02:04.501][Info][SPTarkov.Server.Logger.SptLoggerMiddleware] [客户端请求] /client/game/bot/generate
[2026-07-30 09:02:04.583][Info][SPTarkov.Server.Logger.SptLoggerMiddleware] [客户端请求] /singleplayer/settings/bot/getBotBehaviours/
[2026-07-30 09:02:04.628][Info][SPTarkov.Server.Logger.SptLoggerMiddleware] [客户端请求] /launcher/profile/info
[2026-07-30 09:02:04.631][Info][SPTarkov.Server.Logger.SptLoggerMiddleware] [客户端请求] /launcher/server/version
[2026-07-30 09:02:18.099][Info][SPTarkov.Server.Logger.SptLoggerMiddleware] [客户端请求] /launcher/profile/info
[2026-07-30 09:02:18.323][Info][SPTarkov.Server.Logger.SptLoggerMiddleware] [客户端请求] /launcher/server/version
[2026-07-30 09:02:32.859][Info][SPTarkov.Server.Logger.SptLoggerMiddleware] [客户端请求] /fika/update/ping
[2026-07-30 09:03:02.863][Info][SPTarkov.Server.Logger.SptLoggerMiddleware] [客户端请求] /fika/update/ping
[2026-07-30 09:03:04.628][Info][SPTarkov.Server.Logger.SptLoggerMiddleware] [客户端请求] /launcher/profile/info
[2026-07-30 09:03:04.631][Info][SPTarkov.Server.Logger.SptLoggerMiddleware] [客户端请求] /launcher/server/version
[2026-07-30 09:03:06.021][Info][SPTarkov.Server.Logger.SptLoggerMiddleware] [客户端请求] /client/game/bot/generate
[2026-07-30 09:03:18.062][Info][SPTarkov.Server.Logger.SptLoggerMiddleware] [客户端请求] /launcher/profile/info
[2026-07-30 09:03:18.227][Info][SPTarkov.Server.Logger.SptLoggerMiddleware] [客户端请求] /launcher/server/version
[2026-07-30 09:03:32.866][Info][SPTarkov.Server.Logger.SptLoggerMiddleware] [客户端请求] /fika/update/ping
[2026-07-30 09:03:37.078][Info][SPTarkov.Server.Logger.SptLoggerMiddleware] [客户端请求] /fika/presence/get
[2026-07-30 09:03:48.646][Info][SPTarkov.Server.Logger.SptLoggerMiddleware] [客户端请求] /client/game/keepalive
[2026-07-30 09:03:51.032][Info][SPTarkov.Server.Logger.SptLoggerMiddleware] [客户端请求] /client/locale/ch
[2026-07-30 09:03:51.491][Info][SPTarkov.Server.Logger.SptLoggerMiddleware] [客户端请求] /fika/presence/get
[2026-07-30 09:03:58.961][Info][SPTarkov.Server.Logger.SptLoggerMiddleware] [客户端请求] /fika/presence/get
[2026-07-30 09:04:02.871][Info][SPTarkov.Server.Logger.SptLoggerMiddleware] [客户端请求] /fika/update/ping
[2026-07-30 09:04:04.631][Info][SPTarkov.Server.Logger.SptLoggerMiddleware] [客户端请求] /launcher/profile/info
[2026-07-30 09:04:04.633][Info][SPTarkov.Server.Logger.SptLoggerMiddleware] [客户端请求] /launcher/server/version
[2026-07-30 09:04:15.668][Info][SPTarkov.Server.Logger.SptLoggerMiddleware] [客户端请求] /fika/presence/get
[2026-07-30 09:04:18.049][Info][SPTarkov.Server.Logger.SptLoggerMiddleware] [客户端请求] /launcher/profile/info
[2026-07-30 09:04:18.209][Info][SPTarkov.Server.Logger.SptLoggerMiddleware] [客户端请求] /launcher/server/version
[2026-07-30 09:04:22.262][Info][SPTarkov.Server.Logger.SptLoggerMiddleware] [客户端请求] /client/locale/ch
[2026-07-30 09:04:22.680][Info][SPTarkov.Server.Logger.SptLoggerMiddleware] [客户端请求] /fika/presence/get
[2026-07-30 09:04:32.874][Info][SPTarkov.Server.Logger.SptLoggerMiddleware] [客户端请求] /fika/update/ping
[2026-07-30 09:05:02.877][Info][SPTarkov.Server.Logger.SptLoggerMiddleware] [客户端请求] /fika/update/ping
[2026-07-30 09:05:04.632][Info][SPTarkov.Server.Logger.SptLoggerMiddleware] [客户端请求] /launcher/profile/info
[2026-07-30 09:05:04.633][Info][SPTarkov.Server.Logger.SptLoggerMiddleware] [客户端请求] /launcher/server/version
[2026-07-30 09:05:18.054][Info][SPTarkov.Server.Logger.SptLoggerMiddleware] [客户端请求] /launcher/profile/info
[2026-07-30 09:05:18.215][Info][SPTarkov.Server.Logger.SptLoggerMiddleware] [客户端请求] /launcher/server/version
[2026-07-30 09:05:32.880][Info][SPTarkov.Server.Logger.SptLoggerMiddleware] [客户端请求] /fika/update/ping
[2026-07-30 09:06:02.884][Info][SPTarkov.Server.Logger.SptLoggerMiddleware] [客户端请求] /fika/update/ping
[2026-07-30 09:06:04.633][Info][SPTarkov.Server.Logger.SptLoggerMiddleware] [客户端请求] /launcher/profile/info
[2026-07-30 09:06:04.635][Info][SPTarkov.Server.Logger.SptLoggerMiddleware] [客户端请求] /launcher/server/version
[2026-07-30 09:06:09.006][Info][SPTarkov.Server.Logger.SptLoggerMiddleware] [客户端请求] /client/game/keepalive
[2026-07-30 09:06:18.049][Info][SPTarkov.Server.Logger.SptLoggerMiddleware] [客户端请求] /launcher/profile/info
[2026-07-30 09:06:18.209][Info][SPTarkov.Server.Logger.SptLoggerMiddleware] [客户端请求] /launcher/server/version
[2026-07-30 09:06:32.887][Info][SPTarkov.Server.Logger.SptLoggerMiddleware] [客户端请求] /fika/update/ping
[2026-07-30 09:06:42.432][Info][SPTarkov.Server.Logger.SptLoggerMiddleware] [客户端请求] /client/game/keepalive
[2026-07-30 09:07:02.889][Info][SPTarkov.Server.Logger.SptLoggerMiddleware] [客户端请求] /fika/update/ping
[2026-07-30 09:07:04.642][Info][SPTarkov.Server.Logger.SptLoggerMiddleware] [客户端请求] /launcher/profile/info
[2026-07-30 09:07:04.644][Info][SPTarkov.Server.Logger.SptLoggerMiddleware] [客户端请求] /launcher/server/version
[2026-07-30 09:07:18.039][Info][SPTarkov.Server.Logger.SptLoggerMiddleware] [客户端请求] /launcher/profile/info
[2026-07-30 09:07:18.196][Info][SPTarkov.Server.Logger.SptLoggerMiddleware] [客户端请求] /launcher/server/version
[2026-07-30 09:07:32.892][Info][SPTarkov.Server.Logger.SptLoggerMiddleware] [客户端请求] /fika/update/ping
[2026-07-30 09:08:02.895][Info][SPTarkov.Server.Logger.SptLoggerMiddleware] [客户端请求] /fika/update/ping
[2026-07-30 09:08:04.643][Info][SPTarkov.Server.Logger.SptLoggerMiddleware] [客户端请求] /launcher/profile/info
[2026-07-30 09:08:04.644][Info][SPTarkov.Server.Logger.SptLoggerMiddleware] [客户端请求] /launcher/server/version
[2026-07-30 09:08:18.030][Info][SPTarkov.Server.Logger.SptLoggerMiddleware] [客户端请求] /launcher/profile/info
[2026-07-30 09:08:18.186][Info][SPTarkov.Server.Logger.SptLoggerMiddleware] [客户端请求] /launcher/server/version
[2026-07-30 09:08:29.432][Info][SPTarkov.Server.Logger.SptLoggerMiddleware] [客户端请求] /client/game/keepalive
[2026-07-30 09:08:32.899][Info][SPTarkov.Server.Logger.SptLoggerMiddleware] [客户端请求] /fika/update/ping
[2026-07-30 09:09:02.512][Info][SPTarkov.Server.Logger.SptLoggerMiddleware] [客户端请求] /client/game/keepalive
[2026-07-30 09:09:02.901][Info][SPTarkov.Server.Logger.SptLoggerMiddleware] [客户端请求] /fika/update/ping
[2026-07-30 09:09:04.643][Info][SPTarkov.Server.Logger.SptLoggerMiddleware] [客户端请求] /launcher/profile/info
[2026-07-30 09:09:04.645][Info][SPTarkov.Server.Logger.SptLoggerMiddleware] [客户端请求] /launcher/server/version
[2026-07-30 09:09:18.032][Info][SPTarkov.Server.Logger.SptLoggerMiddleware] [客户端请求] /launcher/profile/info
[2026-07-30 09:09:18.187][Info][SPTarkov.Server.Logger.SptLoggerMiddleware] [客户端请求] /launcher/server/version
[2026-07-30 09:09:32.905][Info][SPTarkov.Server.Logger.SptLoggerMiddleware] [客户端请求] /fika/update/ping
[2026-07-30 09:10:02.908][Info][SPTarkov.Server.Logger.SptLoggerMiddleware] [客户端请求] /fika/update/ping
[2026-07-30 09:10:04.638][Info][SPTarkov.Server.Logger.SptLoggerMiddleware] [客户端请求] /launcher/profile/info
[2026-07-30 09:10:04.639][Info][SPTarkov.Server.Logger.SptLoggerMiddleware] [客户端请求] /launcher/server/version
[2026-07-30 09:10:18.024][Info][SPTarkov.Server.Logger.SptLoggerMiddleware] [客户端请求] /launcher/profile/info
[2026-07-30 09:10:18.188][Info][SPTarkov.Server.Logger.SptLoggerMiddleware] [客户端请求] /launcher/server/version
[2026-07-30 09:10:32.911][Info][SPTarkov.Server.Logger.SptLoggerMiddleware] [客户端请求] /fika/update/ping
[2026-07-30 09:10:49.779][Info][SPTarkov.Server.Logger.SptLoggerMiddleware] [客户端请求] /client/game/keepalive
[2026-07-30 09:11:02.915][Info][SPTarkov.Server.Logger.SptLoggerMiddleware] [客户端请求] /fika/update/ping
[2026-07-30 09:11:04.643][Info][SPTarkov.Server.Logger.SptLoggerMiddleware] [客户端请求] /launcher/profile/info
[2026-07-30 09:11:04.645][Info][SPTarkov.Server.Logger.SptLoggerMiddleware] [客户端请求] /launcher/server/version
[2026-07-30 09:11:18.018][Info][SPTarkov.Server.Logger.SptLoggerMiddleware] [客户端请求] /launcher/profile/info
[2026-07-30 09:11:18.180][Info][SPTarkov.Server.Logger.SptLoggerMiddleware] [客户端请求] /launcher/server/version
[2026-07-30 09:11:22.624][Info][SPTarkov.Server.Logger.SptLoggerMiddleware] [客户端请求] /client/game/keepalive
[2026-07-30 09:11:32.917][Info][SPTarkov.Server.Logger.SptLoggerMiddleware] [客户端请求] /fika/update/ping
[2026-07-30 09:12:02.921][Info][SPTarkov.Server.Logger.SptLoggerMiddleware] [客户端请求] /fika/update/ping
[2026-07-30 09:12:04.636][Info][SPTarkov.Server.Logger.SptLoggerMiddleware] [客户端请求] /launcher/profile/info
[2026-07-30 09:12:04.638][Info][SPTarkov.Server.Logger.SptLoggerMiddleware] [客户端请求] /launcher/server/version
[2026-07-30 09:12:18.013][Info][SPTarkov.Server.Logger.SptLoggerMiddleware] [客户端请求] /launcher/profile/info
[2026-07-30 09:12:18.171][Info][SPTarkov.Server.Logger.SptLoggerMiddleware] [客户端请求] /launcher/server/version
[2026-07-30 09:12:32.924][Info][SPTarkov.Server.Logger.SptLoggerMiddleware] [客户端请求] /fika/update/ping
[2026-07-30 09:13:02.931][Info][SPTarkov.Server.Logger.SptLoggerMiddleware] [客户端请求] /fika/update/ping
[2026-07-30 09:13:04.642][Info][SPTarkov.Server.Logger.SptLoggerMiddleware] [客户端请求] /launcher/profile/info
[2026-07-30 09:13:04.644][Info][SPTarkov.Server.Logger.SptLoggerMiddleware] [客户端请求] /launcher/server/version
[2026-07-30 09:13:10.116][Info][SPTarkov.Server.Logger.SptLoggerMiddleware] [客户端请求] /client/game/keepalive
[2026-07-30 09:13:18.011][Info][SPTarkov.Server.Logger.SptLoggerMiddleware] [客户端请求] /launcher/profile/info
[2026-07-30 09:13:18.167][Info][SPTarkov.Server.Logger.SptLoggerMiddleware] [客户端请求] /launcher/server/version
[2026-07-30 09:13:32.938][Info][SPTarkov.Server.Logger.SptLoggerMiddleware] [客户端请求] /fika/update/ping
[2026-07-30 09:13:42.696][Info][SPTarkov.Server.Logger.SptLoggerMiddleware] [客户端请求] /client/game/keepalive
[2026-07-30 09:14:02.941][Info][SPTarkov.Server.Logger.SptLoggerMiddleware] [客户端请求] /fika/update/ping
[2026-07-30 09:14:04.632][Info][SPTarkov.Server.Logger.SptLoggerMiddleware] [客户端请求] /launcher/profile/info
[2026-07-30 09:14:04.634][Info][SPTarkov.Server.Logger.SptLoggerMiddleware] [客户端请求] /launcher/server/version
[2026-07-30 09:14:17.997][Info][SPTarkov.Server.Logger.SptLoggerMiddleware] [客户端请求] /launcher/profile/info
[2026-07-30 09:14:18.170][Info][SPTarkov.Server.Logger.SptLoggerMiddleware] [客户端请求] /launcher/server/version
[2026-07-30 09:14:32.944][Info][SPTarkov.Server.Logger.SptLoggerMiddleware] [客户端请求] /fika/update/ping
[2026-07-30 09:15:02.947][Info][SPTarkov.Server.Logger.SptLoggerMiddleware] [客户端请求] /fika/update/ping
[2026-07-30 09:15:04.643][Info][SPTarkov.Server.Logger.SptLoggerMiddleware] [客户端请求] /launcher/profile/info
[2026-07-30 09:15:04.645][Info][SPTarkov.Server.Logger.SptLoggerMiddleware] [客户端请求] /launcher/server/version
[2026-07-30 09:15:17.989][Info][SPTarkov.Server.Logger.SptLoggerMiddleware] [客户端请求] /launcher/profile/info
[2026-07-30 09:15:18.145][Info][SPTarkov.Server.Logger.SptLoggerMiddleware] [客户端请求] /launcher/server/version
[2026-07-30 09:15:30.471][Info][SPTarkov.Server.Logger.SptLoggerMiddleware] [客户端请求] /client/game/keepalive
[2026-07-30 09:15:32.950][Info][SPTarkov.Server.Logger.SptLoggerMiddleware] [客户端请求] /fika/update/ping
[2026-07-30 09:16:02.762][Info][SPTarkov.Server.Logger.SptLoggerMiddleware] [客户端请求] /client/game/keepalive
[2026-07-30 09:16:02.952][Info][SPTarkov.Server.Logger.SptLoggerMiddleware] [客户端请求] /fika/update/ping
[2026-07-30 09:16:04.643][Info][SPTarkov.Server.Logger.SptLoggerMiddleware] [客户端请求] /launcher/profile/info
[2026-07-30 09:16:04.645][Info][SPTarkov.Server.Logger.SptLoggerMiddleware] [客户端请求] /launcher/server/version
[2026-07-30 09:16:17.986][Info][SPTarkov.Server.Logger.SptLoggerMiddleware] [客户端请求] /launcher/profile/info
[2026-07-30 09:16:18.147][Info][SPTarkov.Server.Logger.SptLoggerMiddleware] [客户端请求] /launcher/server/version
[2026-07-30 09:16:32.955][Info][SPTarkov.Server.Logger.SptLoggerMiddleware] [客户端请求] /fika/update/ping
[2026-07-30 09:17:02.958][Info][SPTarkov.Server.Logger.SptLoggerMiddleware] [客户端请求] /fika/update/ping
[2026-07-30 09:17:04.634][Info][SPTarkov.Server.Logger.SptLoggerMiddleware] [客户端请求] /launcher/profile/info
[2026-07-30 09:17:04.636][Info][SPTarkov.Server.Logger.SptLoggerMiddleware] [客户端请求] /launcher/server/version
[2026-07-30 09:17:13.341][Info][SPTarkov.Server.Logger.SptLoggerMiddleware] [客户端请求] /client/match/local/end
[2026-07-30 09:17:14.128][Info][SPTarkov.Server.Logger.SptLoggerMiddleware] [客户端请求] /fika/raid/leave
[2026-07-30 09:17:17.979][Info][SPTarkov.Server.Logger.SptLoggerMiddleware] [客户端请求] /launcher/profile/info
[2026-07-30 09:17:18.135][Info][SPTarkov.Server.Logger.SptLoggerMiddleware] [客户端请求] /launcher/server/version
[2026-07-30 09:17:24.519][Info][SPTarkov.Server.Logger.SptLoggerMiddleware] [WebSocket 请求] /notifierServer/getwebsocket/69802d793401cb1dcc190aae
[2026-07-30 09:17:24.525][Info][SPTarkov.Server.Core.Servers.Ws.SptWebSocketConnectionHandler] [WS] 玩家：Maxryuki (69802d793401cb1dcc190aae) 20260730091724524 已连接
[2026-07-30 09:17:32.960][Info][SPTarkov.Server.Logger.SptLoggerMiddleware] [客户端请求] /fika/update/ping
[2026-07-30 09:17:33.348][Info][SPTarkov.Server.Logger.SptLoggerMiddleware] [客户端请求] /client/game/profile/list
[2026-07-30 09:17:35.782][Info][SPTarkov.Server.Logger.SptLoggerMiddleware] [客户端请求] /client/game/profile/select
[2026-07-30 09:17:36.123][Info][SPTarkov.Server.Logger.SptLoggerMiddleware] [客户端请求] /client/profile/status
[2026-07-30 09:17:36.467][Info][SPTarkov.Server.Logger.SptLoggerMiddleware] [客户端请求] /client/quest/list
[2026-07-30 09:17:39.840][Info][SPTarkov.Server.Logger.SptLoggerMiddleware] [客户端请求] /client/achievement/statistic
[2026-07-30 09:17:40.256][Info][SPTarkov.Server.Logger.SptLoggerMiddleware] [客户端请求] /client/achievement/list
[2026-07-30 09:17:40.943][Info][SPTarkov.Server.Logger.SptLoggerMiddleware] [客户端请求] /client/repeatalbeQuests/activityPeriods
[2026-07-30 09:18:02.963][Info][SPTarkov.Server.Logger.SptLoggerMiddleware] [客户端请求] /fika/update/ping
[2026-07-30 09:18:04.637][Info][SPTarkov.Server.Logger.SptLoggerMiddleware] [客户端请求] /launcher/profile/info
[2026-07-30 09:18:04.640][Info][SPTarkov.Server.Logger.SptLoggerMiddleware] [客户端请求] /launcher/server/version
[2026-07-30 09:18:06.959][Info][SPTarkov.Server.Logger.SptLoggerMiddleware] [客户端请求] /client/items
[2026-07-30 09:18:17.972][Info][SPTarkov.Server.Logger.SptLoggerMiddleware] [客户端请求] /launcher/profile/info
[2026-07-30 09:18:18.126][Info][SPTarkov.Server.Logger.SptLoggerMiddleware] [客户端请求] /launcher/server/version
[2026-07-30 09:18:19.388][Info][SPTarkov.Server.Logger.SptLoggerMiddleware] [客户端请求] /client/customization
[2026-07-30 09:18:19.388][Info][SPTarkov.Server.Logger.SptLoggerMiddleware] [客户端请求] /client/trading/api/traderSettings
[2026-07-30 09:18:19.394][Info][SPTarkov.Server.Logger.SptLoggerMiddleware] [客户端请求] /client/prestige/list
[2026-07-30 09:18:19.397][Info][SPTarkov.Server.Logger.SptLoggerMiddleware] [客户端请求] /client/globals
[2026-07-30 09:18:19.400][Info][SPTarkov.Server.Logger.SptLoggerMiddleware] [客户端请求] /client/settings
[2026-07-30 09:18:20.191][Info][SPTarkov.Server.Logger.SptLoggerMiddleware] [客户端请求] /client/customization/storage
[2026-07-30 09:18:20.923][Info][SPTarkov.Server.Logger.SptLoggerMiddleware] [客户端请求] /client/game/profile/list
[2026-07-30 09:18:20.935][Info][SPTarkov.Server.Logger.SptLoggerMiddleware] [客户端请求] /client/dialogue
[2026-07-30 09:18:22.833][Info][SPTarkov.Server.Logger.SptLoggerMiddleware] [客户端请求] /client/game/keepalive
[2026-07-30 09:18:22.919][Info][SPTarkov.Server.Logger.SptLoggerMiddleware] [客户端请求] /client/game/profile/select
[2026-07-30 09:18:23.286][Info][SPTarkov.Server.Logger.SptLoggerMiddleware] [客户端请求] /client/profile/status
[2026-07-30 09:18:23.662][Info][SPTarkov.Server.Logger.SptLoggerMiddleware] [客户端请求] /client/handbook/templates
[2026-07-30 09:18:25.861][Info][SPTarkov.Server.Logger.SptLoggerMiddleware] [客户端请求] /client/builds/list
[2026-07-30 09:18:26.282][Info][SPTarkov.Server.Logger.SptLoggerMiddleware] [客户端请求] /weaponcustomizer/load
[2026-07-30 09:18:27.265][Info][SPTarkov.Server.Core.Servers.Ws.SptWebSocketConnectionHandler] [ws] player: Maxryuki (69802d793401cb1dcc190aae) 20260730091724524 has disconnected
[2026-07-30 09:18:28.242][Info][SPTarkov.Server.Logger.SptLoggerMiddleware] [客户端请求] /client/notifier/channel/create
[2026-07-30 09:18:28.251][Info][SPTarkov.Server.Logger.SptLoggerMiddleware] [客户端请求] /client/weather
[2026-07-30 09:18:28.251][Info][SPTarkov.Server.Logger.SptLoggerMiddleware] [客户端请求] /client/profile/status
[2026-07-30 09:18:28.257][Info][SPTarkov.Server.Logger.SptLoggerMiddleware] [客户端请求] /client/locations
[2026-07-30 09:18:28.261][Info][SPTarkov.Server.Logger.SptLoggerMiddleware] [客户端请求] /client/locale/ch
[2026-07-30 09:18:28.280][Info][SPTarkov.Server.Logger.SptLoggerMiddleware] [客户端请求] /client/hideout/settings
[2026-07-30 09:18:28.283][Info][SPTarkov.Server.Logger.SptLoggerMiddleware] [客户端请求] /client/hideout/customization/offer/list
[2026-07-30 09:18:28.284][Info][SPTarkov.Server.Logger.SptLoggerMiddleware] [客户端请求] /client/hideout/areas
[2026-07-30 09:18:28.292][Info][SPTarkov.Server.Logger.SptLoggerMiddleware] [客户端请求] /client/hideout/qte/list
[2026-07-30 09:18:28.295][Info][SPTarkov.Server.Logger.SptLoggerMiddleware] [客户端请求] /client/hideout/production/recipes
[2026-07-30 09:18:28.598][Info][SPTarkov.Server.Logger.SptLoggerMiddleware] [WebSocket 请求] /notifierServer/getwebsocket/69802d793401cb1dcc190aae
[2026-07-30 09:18:28.599][Info][SPTarkov.Server.Core.Servers.Ws.SptWebSocketConnectionHandler] [WS] 玩家：Maxryuki (69802d793401cb1dcc190aae) 20260730091828598 已连接
[2026-07-30 09:18:32.966][Info][SPTarkov.Server.Logger.SptLoggerMiddleware] [客户端请求] /fika/update/ping
[2026-07-30 09:18:36.977][Info][SPTarkov.Server.Logger.SptLoggerMiddleware] [客户端请求] /client/server/list
[2026-07-30 09:18:36.987][Info][SPTarkov.Server.Logger.SptLoggerMiddleware] [客户端请求] /client/friend/request/list/inbox
[2026-07-30 09:18:36.988][Info][SPTarkov.Server.Logger.SptLoggerMiddleware] [客户端请求] /client/match/group/current
[2026-07-30 09:18:36.996][Info][SPTarkov.Server.Logger.SptLoggerMiddleware] [客户端请求] /client/friend/list
[2026-07-30 09:18:36.996][Info][SPTarkov.Server.Logger.SptLoggerMiddleware] [客户端请求] /client/friend/request/list/outbox
[2026-07-30 09:18:37.000][Info][SPTarkov.Server.Logger.SptLoggerMiddleware] [客户端请求] /client/mail/dialog/list
[2026-07-30 09:18:37.003][Info][SPTarkov.Server.Logger.SptLoggerMiddleware] [客户端请求] /client/quest/list
[2026-07-30 09:18:39.656][Info][SPTarkov.Server.Logger.SptLoggerMiddleware] [客户端请求] /client/achievement/statistic
[2026-07-30 09:18:40.047][Info][SPTarkov.Server.Logger.SptLoggerMiddleware] [客户端请求] /client/achievement/list
[2026-07-30 09:18:40.697][Info][SPTarkov.Server.Logger.SptLoggerMiddleware] [客户端请求] /client/repeatalbeQuests/activityPeriods
[2026-07-30 09:18:41.082][Info][SPTarkov.Server.Logger.SptLoggerMiddleware] [客户端请求] /client/survey
[2026-07-30 09:18:41.586][Info][SPTarkov.Server.Logger.SptLoggerMiddleware] [客户端请求] /fika/presence/set
[2026-07-30 09:18:41.801][Info][SPTarkov.Server.Logger.SptLoggerMiddleware] [客户端请求] /fika/presence/get
[2026-07-30 09:18:51.805][Info][SPTarkov.Server.Logger.SptLoggerMiddleware] [客户端请求] /fika/presence/get
[2026-07-30 09:19:01.806][Info][SPTarkov.Server.Logger.SptLoggerMiddleware] [客户端请求] /fika/presence/get
[2026-07-30 09:19:02.969][Info][SPTarkov.Server.Logger.SptLoggerMiddleware] [客户端请求] /fika/update/ping
[2026-07-30 09:19:04.642][Info][SPTarkov.Server.Logger.SptLoggerMiddleware] [客户端请求] /launcher/profile/info
[2026-07-30 09:19:04.644][Info][SPTarkov.Server.Logger.SptLoggerMiddleware] [客户端请求] /launcher/server/version
[2026-07-30 09:19:11.805][Info][SPTarkov.Server.Logger.SptLoggerMiddleware] [客户端请求] /fika/presence/get
[2026-07-30 09:19:17.983][Info][SPTarkov.Server.Logger.SptLoggerMiddleware] [客户端请求] /launcher/profile/info
[2026-07-30 09:19:18.145][Info][SPTarkov.Server.Logger.SptLoggerMiddleware] [客户端请求] /launcher/server/version
[2026-07-30 09:19:19.123][Info][SPTarkov.Server.Logger.SptLoggerMiddleware] [客户端请求] /fika/presence/set
[2026-07-30 09:19:26.111][Info][SPTarkov.Server.Logger.SptLoggerMiddleware] [客户端请求] /client/items/prices
[2026-07-30 09:19:26.120][Info][SPTarkov.Server.Logger.SptLoggerMiddleware] [客户端请求] /client/ragfair/itemMarketPrice
[2026-07-30 09:19:29.104][Info][SPTarkov.Server.Logger.SptLoggerMiddleware] [客户端请求] /client/ragfair/offerfees
[2026-07-30 09:19:29.480][Info][SPTarkov.Server.Logger.SptLoggerMiddleware] [客户端请求] /client/game/profile/items/moving
[2026-07-30 09:19:32.973][Info][SPTarkov.Server.Logger.SptLoggerMiddleware] [客户端请求] /fika/update/ping
[2026-07-30 09:20:00.809][Info][SPTarkov.Server.Logger.SptLoggerMiddleware] [客户端请求] /botplacementsystem/save
[2026-07-30 09:20:03.330][Info][SPTarkov.Server.Logger.SptLoggerMiddleware] [客户端请求] /client/match/local/end
[2026-07-30 09:20:03.568][Info][SPTarkov.Server.Logger.SptLoggerMiddleware] [客户端请求] /fika/raid/leave
[2026-07-30 09:20:03.568][Info][FikaServer.Services.MatchService] Coop session 68f79277575e002bfcf5a4a1 has ended HostShutdown
[2026-07-30 09:20:03.569][Info][FikaServer.Services.MatchService] Deleted match [68f79277575e002bfcf5a4a1]
[2026-07-30 09:20:04.642][Info][SPTarkov.Server.Logger.SptLoggerMiddleware] [客户端请求] /launcher/profile/info
[2026-07-30 09:20:04.644][Info][SPTarkov.Server.Logger.SptLoggerMiddleware] [客户端请求] /launcher/server/version
[2026-07-30 09:20:11.835][Info][SPTarkov.Server.Logger.SptLoggerMiddleware] [WebSocket 请求] /notifierServer/getwebsocket/68f79277575e002bfcf5a4a1
[2026-07-30 09:20:11.836][Info][SPTarkov.Server.Core.Servers.Ws.SptWebSocketConnectionHandler] [WS] 玩家：JúnioR (68f79277575e002bfcf5a4a1) 20260730092011836 已连接
[2026-07-30 09:20:16.101][Info][SPTarkov.Server.Logger.SptLoggerMiddleware] [客户端请求] /client/game/profile/items/moving
[2026-07-30 09:20:17.973][Info][SPTarkov.Server.Logger.SptLoggerMiddleware] [客户端请求] /launcher/profile/info
[2026-07-30 09:20:18.135][Info][SPTarkov.Server.Logger.SptLoggerMiddleware] [客户端请求] /launcher/server/version
[2026-07-30 09:20:27.198][Info][SPTarkov.Server.Logger.SptLoggerMiddleware] [客户端请求] /client/game/profile/list
[2026-07-30 09:20:28.416][Info][SPTarkov.Server.Logger.SptLoggerMiddleware] [客户端请求] /client/game/profile/select
[2026-07-30 09:20:28.450][Info][SPTarkov.Server.Logger.SptLoggerMiddleware] [客户端请求] /client/profile/status
[2026-07-30 09:20:28.509][Info][SPTarkov.Server.Logger.SptLoggerMiddleware] [客户端请求] /client/quest/list
[2026-07-30 09:20:28.951][Info][SPTarkov.Server.Logger.SptLoggerMiddleware] [客户端请求] /client/achievement/statistic
[2026-07-30 09:20:28.973][Info][SPTarkov.Server.Logger.SptLoggerMiddleware] [客户端请求] /client/achievement/list
[2026-07-30 09:20:29.124][Info][SPTarkov.Server.Logger.SptLoggerMiddleware] [客户端请求] /client/repeatalbeQuests/activityPeriods
[2026-07-30 09:20:43.800][Info][SPTarkov.Server.Logger.SptLoggerMiddleware] [客户端请求] /client/items
[2026-07-30 09:20:48.585][Info][SPTarkov.Server.Logger.SptLoggerMiddleware] [客户端请求] /client/customization
[2026-07-30 09:20:48.602][Info][SPTarkov.Server.Logger.SptLoggerMiddleware] [客户端请求] /client/prestige/list
[2026-07-30 09:20:48.602][Info][SPTarkov.Server.Logger.SptLoggerMiddleware] [客户端请求] /client/trading/api/traderSettings
[2026-07-30 09:20:48.602][Info][SPTarkov.Server.Logger.SptLoggerMiddleware] [客户端请求] /client/globals
[2026-07-30 09:20:48.602][Info][SPTarkov.Server.Logger.SptLoggerMiddleware] [客户端请求] /client/settings
[2026-07-30 09:20:48.976][Info][SPTarkov.Server.Logger.SptLoggerMiddleware] [客户端请求] /client/customization/storage
[2026-07-30 09:20:49.002][Info][SPTarkov.Server.Logger.SptLoggerMiddleware] [客户端请求] /client/game/profile/list
[2026-07-30 09:20:49.003][Info][SPTarkov.Server.Logger.SptLoggerMiddleware] [客户端请求] /client/dialogue
[2026-07-30 09:20:50.315][Info][SPTarkov.Server.Logger.SptLoggerMiddleware] [客户端请求] /client/game/profile/select
[2026-07-30 09:20:50.392][Info][SPTarkov.Server.Logger.SptLoggerMiddleware] [客户端请求] /client/profile/status
[2026-07-30 09:20:50.463][Info][SPTarkov.Server.Logger.SptLoggerMiddleware] [客户端请求] /client/handbook/templates
[2026-07-30 09:20:52.139][Info][SPTarkov.Server.Logger.SptLoggerMiddleware] [客户端请求] /client/builds/list
[2026-07-30 09:20:52.414][Info][SPTarkov.Server.Logger.SptLoggerMiddleware] [客户端请求] /botplacementsystem/load
[2026-07-30 09:20:52.421][Info][SPTarkov.Server.Logger.SptLoggerMiddleware] [客户端请求] /weaponcustomizer/load
[2026-07-30 09:20:54.309][Info][SPTarkov.Server.Core.Servers.Ws.SptWebSocketConnectionHandler] [ws] player: JúnioR (68f79277575e002bfcf5a4a1) 20260730092011836 has disconnected
[2026-07-30 09:20:55.279][Info][SPTarkov.Server.Logger.SptLoggerMiddleware] [客户端请求] /client/notifier/channel/create
[2026-07-30 09:20:55.294][Info][SPTarkov.Server.Logger.SptLoggerMiddleware] [客户端请求] /client/profile/status
[2026-07-30 09:20:55.294][Info][SPTarkov.Server.Logger.SptLoggerMiddleware] [客户端请求] /client/weather
[2026-07-30 09:20:55.294][Info][SPTarkov.Server.Logger.SptLoggerMiddleware] [客户端请求] /client/locations
[2026-07-30 09:20:55.294][Info][SPTarkov.Server.Logger.SptLoggerMiddleware] [客户端请求] /client/locale/ch
[2026-07-30 09:20:55.339][Info][SPTarkov.Server.Logger.SptLoggerMiddleware] [WebSocket 请求] /notifierServer/getwebsocket/68f79277575e002bfcf5a4a1
[2026-07-30 09:20:55.340][Info][SPTarkov.Server.Core.Servers.Ws.SptWebSocketConnectionHandler] [WS] 玩家：JúnioR (68f79277575e002bfcf5a4a1) 20260730092055339 已连接
[2026-07-30 09:20:55.362][Info][SPTarkov.Server.Logger.SptLoggerMiddleware] [客户端请求] /client/hideout/production/recipes
[2026-07-30 09:20:55.362][Info][SPTarkov.Server.Logger.SptLoggerMiddleware] [客户端请求] /client/hideout/areas
[2026-07-30 09:20:55.362][Info][SPTarkov.Server.Logger.SptLoggerMiddleware] [客户端请求] /client/hideout/customization/offer/list
[2026-07-30 09:20:55.370][Info][SPTarkov.Server.Logger.SptLoggerMiddleware] [客户端请求] /client/hideout/settings
[2026-07-30 09:20:55.370][Info][SPTarkov.Server.Logger.SptLoggerMiddleware] [客户端请求] /client/hideout/qte/list
[2026-07-30 09:20:59.343][Info][SPTarkov.Server.Logger.SptLoggerMiddleware] [客户端请求] /client/match/group/current
[2026-07-30 09:20:59.362][Info][SPTarkov.Server.Logger.SptLoggerMiddleware] [客户端请求] /client/server/list
[2026-07-30 09:20:59.362][Info][SPTarkov.Server.Logger.SptLoggerMiddleware] [客户端请求] /client/quest/list
[2026-07-30 09:20:59.362][Info][SPTarkov.Server.Logger.SptLoggerMiddleware] [客户端请求] /client/mail/dialog/list
[2026-07-30 09:20:59.362][Info][SPTarkov.Server.Logger.SptLoggerMiddleware] [客户端请求] /client/friend/request/list/inbox
[2026-07-30 09:20:59.363][Info][SPTarkov.Server.Logger.SptLoggerMiddleware] [客户端请求] /client/friend/request/list/outbox
[2026-07-30 09:20:59.363][Info][SPTarkov.Server.Logger.SptLoggerMiddleware] [客户端请求] /client/friend/list
[2026-07-30 09:20:59.604][Info][SPTarkov.Server.Logger.SptLoggerMiddleware] [客户端请求] /client/achievement/statistic
[2026-07-30 09:20:59.685][Info][SPTarkov.Server.Logger.SptLoggerMiddleware] [客户端请求] /client/achievement/list
[2026-07-30 09:20:59.851][Info][SPTarkov.Server.Logger.SptLoggerMiddleware] [客户端请求] /client/repeatalbeQuests/activityPeriods
[2026-07-30 09:20:59.946][Info][SPTarkov.Server.Logger.SptLoggerMiddleware] [客户端请求] /client/survey
[2026-07-30 09:21:00.289][Info][SPTarkov.Server.Logger.SptLoggerMiddleware] [客户端请求] /fika/presence/set
[2026-07-30 09:21:00.431][Info][SPTarkov.Server.Logger.SptLoggerMiddleware] [客户端请求] /fika/presence/get
[2026-07-30 09:21:04.629][Info][SPTarkov.Server.Logger.SptLoggerMiddleware] [客户端请求] /launcher/profile/info
[2026-07-30 09:21:04.631][Info][SPTarkov.Server.Logger.SptLoggerMiddleware] [客户端请求] /launcher/server/version
[2026-07-30 09:21:07.875][Info][SPTarkov.Server.Logger.SptLoggerMiddleware] [客户端请求] /client/match/group/invite/cancel-all
[2026-07-30 09:21:07.934][Info][SPTarkov.Server.Logger.SptLoggerMiddleware] [客户端请求] /client/game/logout
[2026-07-30 09:21:08.454][Info][SPTarkov.Server.Core.Servers.Ws.SptWebSocketConnectionHandler] [ws] player: JúnioR (68f79277575e002bfcf5a4a1) 20260730092055339 has disconnected
[2026-07-30 09:21:13.309][Info][SPTarkov.Server.Logger.SptLoggerMiddleware] [客户端请求] /fika/presence/set
[2026-07-30 09:21:13.403][Info][SPTarkov.Server.Logger.SptLoggerMiddleware] [客户端请求] /fika/presence/get
[2026-07-30 09:21:13.726][Info][SPTarkov.Server.Logger.SptLoggerMiddleware] [客户端请求] /client/checkVersion
[2026-07-30 09:21:15.370][Info][SPTarkov.Server.Logger.SptLoggerMiddleware] [客户端请求] /client/match/group/invite/cancel-all
[2026-07-30 09:21:15.799][Info][SPTarkov.Server.Logger.SptLoggerMiddleware] [客户端请求] /client/game/logout
[2026-07-30 09:21:16.502][Info][SPTarkov.Server.Core.Servers.Ws.SptWebSocketConnectionHandler] [ws] player: Maxryuki (69802d793401cb1dcc190aae) 20260730091828598 has disconnected
[2026-07-30 09:21:17.966][Info][SPTarkov.Server.Logger.SptLoggerMiddleware] [客户端请求] /launcher/profile/info
[2026-07-30 09:21:18.120][Info][SPTarkov.Server.Logger.SptLoggerMiddleware] [客户端请求] /launcher/server/version
[2026-07-30 09:21:18.635][Info][SPTarkov.Server.Logger.SptLoggerMiddleware] [客户端请求] /launcher/profile/info
[2026-07-30 09:21:18.636][Info][SPTarkov.Server.Logger.SptLoggerMiddleware] [客户端请求] /launcher/server/version
[2026-07-30 09:37:19.658][Info][SPTarkov.Server.Modding.ModValidator] 模组加载器：正在加载11个客户端模组……
[2026-07-30 09:37:19.673][Info][SPTarkov.Server.Modding.ModValidator] 模组：Acid's Bot Placement System 版本2.0.19 (GUID: com.acidphantasm.botplacementsystem | targets SPT: ~4.0.3) 作者：acidphantasm 已加载
[2026-07-30 09:37:19.674][Info][SPTarkov.Server.Modding.ModValidator] 模组：CompoundingPerf 版本1.3.0 (GUID: com.echostarz.compoundingperf | targets SPT: ~4.0.13) 作者：EchoStarz 已加载
[2026-07-30 09:37:19.675][Info][SPTarkov.Server.Modding.ModValidator] 模组：server 版本2.3.5 (GUID: Fika | targets SPT: >=4.0.13) 作者：Fika 已加载
[2026-07-30 09:37:19.676][Info][SPTarkov.Server.Modding.ModValidator] 模组：Dynamic Maps 版本1.1.3 (GUID: com.mpstark.dynamicmaps | targets SPT: ~4.0.0) 作者：mpstark 已加载
[2026-07-30 09:37:19.677][Info][SPTarkov.Server.Modding.ModValidator] 模组：QuestingBots 版本0.11.0 (GUID: com.danw.questingbots | targets SPT: ~4.0.2) 作者：DanW 已加载
[2026-07-30 09:37:19.678][Info][SPTarkov.Server.Modding.ModValidator] 模组：ScopeUpdateBackport 版本0.0.0 (GUID: com.scopeupdate.backport | targets SPT: ~4.0.0) 作者：MeowNall 已加载
[2026-07-30 09:37:19.679][Info][SPTarkov.Server.Modding.ModValidator] 模组：SeasonRotator 版本1.0.0 (GUID: com.turbodestroyer.season-rotator | targets SPT: ~4.0.0) 作者：turbodestroyer 已加载
[2026-07-30 09:37:19.680][Info][SPTarkov.Server.Modding.ModValidator] 模组：LootingBots-ServerMod 版本1.7.0 (GUID: me.skwizzy.lootingbots_servermod | targets SPT: ~4.0.0) 作者：Skwizzy 已加载
[2026-07-30 09:37:19.681][Info][SPTarkov.Server.Modding.ModValidator] 模组：SAIN 版本4.4.3 (GUID: me.sol.sain | targets SPT: ~4.0.0) 作者：Solarint 已加载
[2026-07-30 09:37:19.682][Info][SPTarkov.Server.Modding.ModValidator] 模组：Better Rear Sights 版本1.7.0 (GUID: com.pein.betterrearsights | targets SPT: ~4.0.0) 作者：pein 已加载
[2026-07-30 09:37:19.683][Info][SPTarkov.Server.Modding.ModValidator] 模组：Weapon Customizer 版本3.0.3 (GUID: com.tyfon.weaponcustomizer | targets SPT: ~4.0.0) 作者：Tyfon 已加载
[2026-07-30 09:37:19.763][Info][SPTarkov.Server.Core.Loaders.OnWebAppBuildModLoader] Loading OnWebAppBuildMods...
[2026-07-30 09:37:19.787][Info][FikaServer.Services.ConfigService] [Fika Server] Overriding SPT configuration
[2026-07-30 09:37:19.787][Info][SPTarkov.Server.Core.Loaders.OnWebAppBuildModLoader] Finished loading OnWebAppBuildMods...
[2026-07-30 09:37:19.834][Info][SPTarkov.Server.Core.Helpers.CertificateHelper] Loaded self-signed certificate (./user/certs/server.crt)
[2026-07-30 09:37:20.916][Info][SPTarkov.Server.Core.Utils.App] 服务端：正在执行启动回调
[2026-07-30 09:37:20.918][Info][SPTarkov.Server.Core.Utils.Watermark] ┌──────────────────────────────────┐
[2026-07-30 09:37:20.918][Info][SPTarkov.Server.Core.Utils.Watermark] │ SPT 4.0.13                       │
[2026-07-30 09:37:20.918][Info][SPTarkov.Server.Core.Utils.Watermark] │ https://discord.sp-tarkov.com    │
[2026-07-30 09:37:20.918][Info][SPTarkov.Server.Core.Utils.Watermark] │                                  │
[2026-07-30 09:37:20.918][Info][SPTarkov.Server.Core.Utils.Watermark] │ 该软件免费                            │
[2026-07-30 09:37:20.918][Info][SPTarkov.Server.Core.Utils.Watermark] │ 如果你花钱了，说明你被骗了                    │
[2026-07-30 09:37:20.918][Info][SPTarkov.Server.Core.Utils.Watermark] │ 禁止商用                             │
[2026-07-30 09:37:20.918][Info][SPTarkov.Server.Core.Utils.Watermark] └──────────────────────────────────┘
[2026-07-30 09:37:20.919][Info][SPTarkov.Server.Core.Loaders.PreSptModLoader] Loading PreSptMods...
[2026-07-30 09:37:20.919][Info][SPTarkov.Server.Core.Loaders.PreSptModLoader] Finished loading PreSptMods...
[2026-07-30 09:37:21.542][Info][SeasonRotator.ChangeSeason] [Season Rotator] SPRING will end on 2026-08-02
[2026-07-30 09:37:21.578][Info][SPTarkov.Server.Core.Utils.DatabaseImporter] 正在导入数据库……
[2026-07-30 09:37:21.598][Warn][SPTarkov.Server.Core.Utils.DatabaseImporter] 验证文件：./SPT_Data/database/bots/types/assault.json失败
[2026-07-30 09:37:21.598][Warn][SPTarkov.Server.Core.Utils.DatabaseImporter] 验证文件：./SPT_Data/database/bots/types/bear.json失败
[2026-07-30 09:37:21.937][Warn][SPTarkov.Server.Core.Utils.DatabaseImporter] 验证文件：./SPT_Data/database/locations/woods/base.json失败
[2026-07-30 09:37:21.947][Warn][SPTarkov.Server.Core.Utils.DatabaseImporter] 验证文件：./SPT_Data/database/locations/tarkovstreets/staticContainers.json失败
[2026-07-30 09:37:21.956][Warn][SPTarkov.Server.Core.Utils.DatabaseImporter] 验证文件：./SPT_Data/database/locations/tarkovstreets/base.json失败
[2026-07-30 09:37:22.041][Warn][SPTarkov.Server.Core.Utils.DatabaseImporter] 验证文件：./SPT_Data/database/locations/sandbox_high/base.json失败
[2026-07-30 09:37:22.074][Warn][SPTarkov.Server.Core.Utils.DatabaseImporter] 验证文件：./SPT_Data/database/locations/rezervbase/base.json失败
[2026-07-30 09:37:22.249][Warn][SPTarkov.Server.Core.Utils.DatabaseImporter] 验证文件：./SPT_Data/database/locations/interchange/base.json失败
[2026-07-30 09:37:22.265][Warn][SPTarkov.Server.Core.Utils.DatabaseImporter] 验证文件：./SPT_Data/database/locations/factory4_night/base.json失败
[2026-07-30 09:37:22.280][Warn][SPTarkov.Server.Core.Utils.DatabaseImporter] 验证文件：./SPT_Data/database/locations/factory4_day/base.json失败
[2026-07-30 09:37:22.297][Warn][SPTarkov.Server.Core.Utils.DatabaseImporter] 验证文件：./SPT_Data/database/locations/bigmap/base.json失败
[2026-07-30 09:37:22.490][Warn][SPTarkov.Server.Core.Utils.DatabaseImporter] 验证文件：./SPT_Data/database/bots/types/usec.json失败
[2026-07-30 09:37:22.516][Warn][SPTarkov.Server.Core.Utils.DatabaseImporter] 验证文件：./SPT_Data/database/bots/types/pmcusec.json失败
[2026-07-30 09:37:22.518][Warn][SPTarkov.Server.Core.Utils.DatabaseImporter] 验证文件：./SPT_Data/database/bots/types/pmcbot.json失败
[2026-07-30 09:37:22.519][Warn][SPTarkov.Server.Core.Utils.DatabaseImporter] 验证文件：./SPT_Data/database/bots/types/pmcbear.json失败
[2026-07-30 09:37:22.553][Warn][SPTarkov.Server.Core.Utils.DatabaseImporter] 验证文件：./SPT_Data/database/locations/shoreline/base.json失败
[2026-07-30 09:37:22.555][Warn][SPTarkov.Server.Core.Utils.DatabaseImporter] 验证文件：./SPT_Data/database/locations/sandbox/base.json失败
[2026-07-30 09:37:22.555][Warn][SPTarkov.Server.Core.Utils.DatabaseImporter] 验证文件：./SPT_Data/database/locations/lighthouse/base.json失败
[2026-07-30 09:37:23.651][Info][SPTarkov.Server.Core.Utils.DatabaseImporter] 数据库导入完成
[2026-07-30 09:37:23.751][Info][SPTBetterRearSights.BetterRearSights] Successfully loaded Better Rear Sights! Good luck!
[2026-07-30 09:37:23.752][Info][QuestingBots.QuestingBots_Server] [QuestingBots] Loaded mod GUIDs: com.acidphantasm.botplacementsystem, com.echostarz.compoundingperf, Fika, com.mpstark.dynamicmaps, com.danw.questingbots, com.scopeupdate.backport, com.turbodestroyer.season-rotator, me.skwizzy.lootingbots_servermod, me.sol.sain, com.pein.betterrearsights, com.tyfon.weaponcustomizer
[2026-07-30 09:37:23.752][Warn][QuestingBots.QuestingBots_Server] [QuestingBots] Acid's Bot Placement System detected. Disabling the Questing Bots spawning system.
[2026-07-30 09:37:23.753][Info][QuestingBots.QuestingBots_Server] [QuestingBots] Removed 0 blacklisted PMC brain types
[2026-07-30 09:37:23.753][Info][QuestingBots.QuestingBots_Server] [QuestingBots] Removed 10 blacklisted Player Scav brain types
[2026-07-30 09:37:23.754][Info][LootingBotsServerMod.PostDBLoad] [LootingBots-ServerMod] Marking items with DiscardLimits as InsuranceDisabled
[2026-07-30 09:37:23.754][Info][LootingBotsServerMod.PostDBLoad] [LootingBots-ServerMod] Global config DiscardLimitsEnabled set to false
[2026-07-30 09:37:23.755][Info][QuestingBots.QuestingBots_Server] [QuestingBots] Player scav spawning will be managed by the Questing Bots spawning system
[2026-07-30 09:37:23.776][Info][CompoundingPerf.CompoundingPerfMod] [CompoundingPerf/S1] profile-save coalescer ACTIVE — DI override of SaveServer in place, trailing-edge semantics
[2026-07-30 09:37:23.776][Info][CompoundingPerf.CompoundingPerfMod] [CompoundingPerf/S2] response cache ACTIVE — 15 default paths + 0 additional
[2026-07-30 09:37:23.777][Info][CompoundingPerf.CompoundingPerfMod] [CompoundingPerf/S6] thread-safe RandomUtil ACTIVE — DI override + GetSecureRandomNumber patched
[2026-07-30 09:37:23.789][Info][CompoundingPerf.CompoundingPerfMod] [CompoundingPerf/S7] response sanitizer ACTIVE — single-pass ClearString replaces five regex passes
[2026-07-30 09:37:23.789][Info][CompoundingPerf.CompoundingPerfMod] [CompoundingPerf/S8] calm ragfair updates ACTIVE — offer expiry runs without vanilla's forced blocking GC
[2026-07-30 09:37:23.789][Info][CompoundingPerf.CompoundingPerfMod] [CompoundingPerf/S9] fast response compression ACTIVE — zlib level Fastest (vanilla: SmallestSize)
[2026-07-30 09:37:23.789][Info][CompoundingPerf.CompoundingPerfMod] [CompoundingPerf/S10] thread-safe caches ACTIVE — HandbookHelper, ItemBaseClassService, ItemFilterService gated
[2026-07-30 09:37:23.790][Info][CompoundingPerf.CompoundingPerfMod] [CompoundingPerf/S11] save dirty-tracking ACTIVE — clean sessions skip serialization (force-save every 300s)
[2026-07-30 09:37:23.790][Info][CompoundingPerf.CompoundingPerfMod] [CompoundingPerf/S12] isolated bot randomisation ACTIVE — nighttime modifiers no longer compound, persist, or race on shared config
[2026-07-30 09:37:23.790][Info][CompoundingPerf.CompoundingPerfMod] [CompoundingPerf/S13] calm notifier ACTIVE — websocket sends moved outside the global lock, long-polls release their threads
[2026-07-30 09:37:23.790][Info][CompoundingPerf.CompoundingPerfMod] [CompoundingPerf] server-side features loaded
[2026-07-30 09:37:24.868][Info][SPTarkov.Server.Core.Servers.RagfairServer] 正在生成跳蚤报价……
[2026-07-30 09:37:26.102][Info][WeaponCustomizer.Server.PostSptLoad] WeaponCustomizer loaded 23 customized weapons and 7 customized presets
[2026-07-30 09:37:26.103][Info][SPTarkov.Server.Core.Utils.App] webserver已于https://0.0.0.0:6969启动
[2026-07-30 09:37:26.104][Info][SPTarkov.Server.Core.Utils.App] websocket启动于wss://0.0.0.0:6969
[2026-07-30 09:37:26.105][Info][SPTarkov.Server.Core.Utils.App] 服务端已开启，游戏愉快
[2026-07-30 09:37:30.025][Info][SPTarkov.Server.Logger.SptLoggerMiddleware] [客户端请求] /launcher/server/connect
[2026-07-30 09:37:30.153][Info][SPTarkov.Server.Logger.SptLoggerMiddleware] [客户端请求] /launcher/ping
[2026-07-30 09:37:30.235][Info][SPTarkov.Server.Logger.SptLoggerMiddleware] [客户端请求] /launcher/server/version
[2026-07-30 09:37:30.321][Info][SPTarkov.Server.Logger.SptLoggerMiddleware] [客户端请求] /files/launcher/bg.png
[2026-07-30 09:37:32.149][Info][SPTarkov.Server.Logger.SptLoggerMiddleware] [客户端请求] /launcher/profile/login
[2026-07-30 09:37:32.312][Info][SPTarkov.Server.Logger.SptLoggerMiddleware] [客户端请求] /launcher/ping
[2026-07-30 09:37:32.312][Info][SPTarkov.Server.Logger.SptLoggerMiddleware] [客户端请求] /launcher/profile/get
[2026-07-30 09:37:32.507][Info][SPTarkov.Server.Logger.SptLoggerMiddleware] [客户端请求] /launcher/profile/info
[2026-07-30 09:37:32.675][Info][SPTarkov.Server.Logger.SptLoggerMiddleware] [客户端请求] /launcher/server/version
[2026-07-30 09:37:32.759][Info][SPTarkov.Server.Logger.SptLoggerMiddleware] [客户端请求] /launcher/server/loadedServerMods
[2026-07-30 09:37:32.781][Info][SPTarkov.Server.Logger.SptLoggerMiddleware] [客户端请求] /files/launcher/side_bear.png
[2026-07-30 09:37:32.848][Info][SPTarkov.Server.Logger.SptLoggerMiddleware] [客户端请求] /launcher/server/serverModsUsedByProfile
[2026-07-30 09:37:32.867][Info][SPTarkov.Server.Logger.SptLoggerMiddleware] [客户端请求] /launcher/profile/login
[2026-07-30 09:37:33.024][Info][SPTarkov.Server.Logger.SptLoggerMiddleware] [客户端请求] /launcher/profile/get
[2026-07-30 09:37:33.177][Info][SPTarkov.Server.Logger.SptLoggerMiddleware] [客户端请求] /launcher/profile/info
[2026-07-30 09:37:33.332][Info][SPTarkov.Server.Logger.SptLoggerMiddleware] [客户端请求] /launcher/server/version
[2026-07-30 09:37:35.532][Info][SPTarkov.Server.Logger.SptLoggerMiddleware] [客户端请求] /launcher/server/connect
[2026-07-30 09:37:35.547][Info][SPTarkov.Server.Logger.SptLoggerMiddleware] [客户端请求] /launcher/ping
[2026-07-30 09:37:35.549][Info][SPTarkov.Server.Logger.SptLoggerMiddleware] [客户端请求] /launcher/server/version
[2026-07-30 09:37:35.557][Info][SPTarkov.Server.Logger.SptLoggerMiddleware] [客户端请求] /files/launcher/bg.png
[2026-07-30 09:37:35.573][Info][SPTarkov.Server.Logger.SptLoggerMiddleware] [客户端请求] /launcher/profiles
[2026-07-30 09:37:35.583][Info][SPTarkov.Server.Logger.SptLoggerMiddleware] [客户端请求] /launcher/server/version
[2026-07-30 09:37:35.655][Info][SPTarkov.Server.Logger.SptLoggerMiddleware] [客户端请求] /files/launcher/side_bear.png
[2026-07-30 09:37:35.771][Info][SPTarkov.Server.Logger.SptLoggerMiddleware] [客户端请求] /launcher/server/version
[2026-07-30 09:37:35.879][Info][SPTarkov.Server.Logger.SptLoggerMiddleware] [客户端请求] /launcher/server/version
[2026-07-30 09:37:35.913][Info][SPTarkov.Server.Logger.SptLoggerMiddleware] [客户端请求] /launcher/profile/login
[2026-07-30 09:37:35.987][Info][SPTarkov.Server.Logger.SptLoggerMiddleware] [客户端请求] /launcher/server/version
[2026-07-30 09:37:36.067][Info][SPTarkov.Server.Logger.SptLoggerMiddleware] [客户端请求] /launcher/profile/get
[2026-07-30 09:37:36.097][Info][SPTarkov.Server.Logger.SptLoggerMiddleware] [客户端请求] /launcher/ping
[2026-07-30 09:37:36.222][Info][SPTarkov.Server.Logger.SptLoggerMiddleware] [客户端请求] /launcher/profile/info
[2026-07-30 09:37:36.375][Info][SPTarkov.Server.Logger.SptLoggerMiddleware] [客户端请求] /launcher/server/version
[2026-07-30 09:37:36.417][Info][SPTarkov.Server.Logger.SptLoggerMiddleware] [客户端请求] /launcher/server/version
[2026-07-30 09:37:37.743][Info][SPTarkov.Server.Logger.SptLoggerMiddleware] [客户端请求] /launcher/profile/login
[2026-07-30 09:37:37.747][Info][SPTarkov.Server.Logger.SptLoggerMiddleware] [客户端请求] /launcher/profile/get
[2026-07-30 09:37:37.750][Info][SPTarkov.Server.Logger.SptLoggerMiddleware] [客户端请求] /launcher/profile/info
[2026-07-30 09:37:37.753][Info][SPTarkov.Server.Logger.SptLoggerMiddleware] [客户端请求] /launcher/server/version
[2026-07-30 09:37:37.758][Info][SPTarkov.Server.Logger.SptLoggerMiddleware] [客户端请求] /launcher/server/loadedServerMods
[2026-07-30 09:37:37.766][Info][SPTarkov.Server.Logger.SptLoggerMiddleware] [客户端请求] /launcher/server/serverModsUsedByProfile
[2026-07-30 09:37:37.767][Info][SPTarkov.Server.Logger.SptLoggerMiddleware] [客户端请求] /launcher/profile/login
[2026-07-30 09:37:37.769][Info][SPTarkov.Server.Logger.SptLoggerMiddleware] [客户端请求] /launcher/profile/get
[2026-07-30 09:37:37.771][Info][SPTarkov.Server.Logger.SptLoggerMiddleware] [客户端请求] /launcher/profile/info
[2026-07-30 09:37:37.773][Info][SPTarkov.Server.Logger.SptLoggerMiddleware] [客户端请求] /launcher/server/version
[2026-07-30 09:37:39.392][Info][SPTarkov.Server.Logger.SptLoggerMiddleware] [客户端请求] /launcher/profile/login
[2026-07-30 09:37:39.394][Info][SPTarkov.Server.Logger.SptLoggerMiddleware] [客户端请求] /launcher/profile/get
[2026-07-30 09:37:39.395][Info][SPTarkov.Server.Logger.SptLoggerMiddleware] [客户端请求] /launcher/profile/info
[2026-07-30 09:37:39.396][Info][SPTarkov.Server.Logger.SptLoggerMiddleware] [客户端请求] /launcher/server/version
[2026-07-30 09:37:39.404][Info][SPTarkov.Server.Logger.SptLoggerMiddleware] [客户端请求] /launcher/server/version
[2026-07-30 09:37:46.217][Info][SPTarkov.Server.Logger.SptLoggerMiddleware] [客户端请求] /singleplayer/bosstypes
[2026-07-30 09:37:47.139][Info][SPTarkov.Server.Logger.SptLoggerMiddleware] [客户端请求] /fika/natpunchserver/config
[2026-07-30 09:37:47.894][Info][SPTarkov.Server.Logger.SptLoggerMiddleware] [客户端请求] /fika/client/config
[2026-07-30 09:37:47.997][Info][SPTarkov.Server.Logger.SptLoggerMiddleware] [客户端请求] /singleplayer/settings/bot/difficulties/
[2026-07-30 09:37:48.957][Info][SPTarkov.Server.Logger.SptLoggerMiddleware] [客户端请求] /singleplayer/settings/bot/difficulty/core/core
[2026-07-30 09:37:49.578][Info][SPTarkov.Server.Logger.SptLoggerMiddleware] [客户端请求] /launcher/profile/login
[2026-07-30 09:37:49.579][Info][SPTarkov.Server.Logger.SptLoggerMiddleware] [客户端请求] /launcher/profile/get
[2026-07-30 09:37:49.582][Info][SPTarkov.Server.Logger.SptLoggerMiddleware] [客户端请求] /launcher/profile/info
[2026-07-30 09:37:49.583][Info][SPTarkov.Server.Logger.SptLoggerMiddleware] [客户端请求] /launcher/server/version
[2026-07-30 09:37:50.217][Info][SPTarkov.Server.Logger.SptLoggerMiddleware] [客户端请求] /launcher/profile/login
[2026-07-30 09:37:50.218][Info][SPTarkov.Server.Logger.SptLoggerMiddleware] [客户端请求] /launcher/profile/get
[2026-07-30 09:37:50.219][Info][SPTarkov.Server.Logger.SptLoggerMiddleware] [客户端请求] /launcher/profile/info
[2026-07-30 09:37:50.221][Info][SPTarkov.Server.Logger.SptLoggerMiddleware] [客户端请求] /launcher/server/version
[2026-07-30 09:37:50.223][Info][SPTarkov.Server.Logger.SptLoggerMiddleware] [客户端请求] /launcher/server/version
[2026-07-30 09:37:54.847][Info][SPTarkov.Server.Logger.SptLoggerMiddleware] [客户端请求] /singleplayer/settings/version
[2026-07-30 09:37:54.929][Info][SPTarkov.Server.Logger.SptLoggerMiddleware] [客户端请求] /singleplayer/release
[2026-07-30 09:37:55.018][Info][SPTarkov.Server.Logger.SptLoggerMiddleware] [客户端请求] /singleplayer/moddedTraders
[2026-07-30 09:37:55.099][Info][SPTarkov.Server.Logger.SptLoggerMiddleware] [客户端请求] /singleplayer/enableBSGlogging
[2026-07-30 09:37:56.005][Info][SPTarkov.Server.Logger.SptLoggerMiddleware] [客户端请求] /singleplayer/bundles
[2026-07-30 09:37:59.791][Info][SPTarkov.Server.Logger.SptLoggerMiddleware] [客户端请求] /QuestingBots/GetConfig
[2026-07-30 09:38:00.182][Info][SPTarkov.Server.Logger.SptLoggerMiddleware] [客户端请求] /fika/client/check/version
[2026-07-30 09:38:00.290][Info][SPTarkov.Server.Logger.SptLoggerMiddleware] [客户端请求] /fika/client/check/mods
[2026-07-30 09:38:00.635][Info][SPTarkov.Server.Logger.SptLoggerMiddleware] [客户端请求] /singleplayer/bosstypes
[2026-07-30 09:38:01.471][Info][SPTarkov.Server.Logger.SptLoggerMiddleware] [客户端请求] /fika/natpunchserver/config
[2026-07-30 09:38:02.144][Info][SPTarkov.Server.Logger.SptLoggerMiddleware] [客户端请求] /fika/client/config
[2026-07-30 09:38:02.161][Info][SPTarkov.Server.Logger.SptLoggerMiddleware] [客户端请求] /singleplayer/settings/bot/difficulties/
[2026-07-30 09:38:02.344][Info][SPTarkov.Server.Logger.SptLoggerMiddleware] [客户端请求] /singleplayer/settings/bot/difficulty/core/core
[2026-07-30 09:38:12.787][Info][SPTarkov.Server.Logger.SptLoggerMiddleware] [客户端请求] /dynamicmaps/load
[2026-07-30 09:38:13.026][Info][SPTarkov.Server.Logger.SptLoggerMiddleware] [客户端请求] /singleplayer/settings/version
[2026-07-30 09:38:13.558][Info][SPTarkov.Server.Logger.SptLoggerMiddleware] [客户端请求] /client/menu/locale/ch
[2026-07-30 09:38:13.938][Info][SPTarkov.Server.Logger.SptLoggerMiddleware] [客户端请求] /client/game/mode
[2026-07-30 09:38:14.320][Info][SPTarkov.Server.Logger.SptLoggerMiddleware] [客户端请求] /client/game/start
[2026-07-30 09:38:14.468][Info][SPTarkov.Server.Logger.SptLoggerMiddleware] [客户端请求] /singleplayer/clientmods
[2026-07-30 09:38:14.834][Info][SPTarkov.Server.Logger.SptLoggerMiddleware] [客户端请求] /client/game/version/validate
[2026-07-30 09:38:15.202][Info][SPTarkov.Server.Logger.SptLoggerMiddleware] [客户端请求] /client/languages
[2026-07-30 09:38:15.596][Info][SPTarkov.Server.Logger.SptLoggerMiddleware] [客户端请求] /client/game/config
[2026-07-30 09:38:15.994][Info][SPTarkov.Server.Logger.SptLoggerMiddleware] [客户端请求] /client/items
[2026-07-30 09:38:17.833][Info][SPTarkov.Server.Logger.SptLoggerMiddleware] [客户端请求] /sain/namepersonalities
[2026-07-30 09:38:24.329][Info][SPTarkov.Server.Logger.SptLoggerMiddleware] [客户端请求] /singleplayer/settings/version
[2026-07-30 09:38:24.332][Info][SPTarkov.Server.Logger.SptLoggerMiddleware] [客户端请求] /singleplayer/release
[2026-07-30 09:38:24.341][Info][SPTarkov.Server.Logger.SptLoggerMiddleware] [客户端请求] /singleplayer/moddedTraders
[2026-07-30 09:38:24.343][Info][SPTarkov.Server.Logger.SptLoggerMiddleware] [客户端请求] /singleplayer/enableBSGlogging
[2026-07-30 09:38:25.170][Info][SPTarkov.Server.Logger.SptLoggerMiddleware] [客户端请求] /singleplayer/bundles
[2026-07-30 09:38:29.348][Info][SPTarkov.Server.Logger.SptLoggerMiddleware] [客户端请求] /fika/client/check/version
[2026-07-30 09:38:29.375][Info][SPTarkov.Server.Logger.SptLoggerMiddleware] [客户端请求] /fika/client/check/mods
[2026-07-30 09:38:30.500][Info][SPTarkov.Server.Logger.SptLoggerMiddleware] [客户端请求] /client/customization
[2026-07-30 09:38:30.565][Info][SPTarkov.Server.Logger.SptLoggerMiddleware] [客户端请求] /client/globals
[2026-07-30 09:38:30.571][Info][SPTarkov.Server.Logger.SptLoggerMiddleware] [客户端请求] /client/trading/api/traderSettings
[2026-07-30 09:38:30.571][Info][SPTarkov.Server.Logger.SptLoggerMiddleware] [客户端请求] /client/prestige/list
[2026-07-30 09:38:30.577][Info][SPTarkov.Server.Logger.SptLoggerMiddleware] [客户端请求] /client/settings
[2026-07-30 09:38:31.377][Info][SPTarkov.Server.Logger.SptLoggerMiddleware] [客户端请求] /dynamicmaps/load
[2026-07-30 09:38:31.385][Info][SPTarkov.Server.Logger.SptLoggerMiddleware] [客户端请求] /singleplayer/settings/version
[2026-07-30 09:38:31.510][Info][SPTarkov.Server.Logger.SptLoggerMiddleware] [客户端请求] /client/customization/storage
[2026-07-30 09:38:31.597][Info][SPTarkov.Server.Logger.SptLoggerMiddleware] [客户端请求] /client/menu/locale/ch
[2026-07-30 09:38:31.664][Info][SPTarkov.Server.Logger.SptLoggerMiddleware] [客户端请求] /client/game/mode
[2026-07-30 09:38:31.716][Info][SPTarkov.Server.Logger.SptLoggerMiddleware] [客户端请求] /client/game/start
[2026-07-30 09:38:31.783][Info][SPTarkov.Server.Logger.SptLoggerMiddleware] [客户端请求] /singleplayer/clientmods
[2026-07-30 09:38:31.832][Info][SPTarkov.Server.Logger.SptLoggerMiddleware] [客户端请求] /client/game/version/validate
[2026-07-30 09:38:31.903][Info][SPTarkov.Server.Logger.SptLoggerMiddleware] [客户端请求] /client/languages
[2026-07-30 09:38:31.944][Info][SPTarkov.Server.Logger.SptLoggerMiddleware] [客户端请求] /client/game/config
[2026-07-30 09:38:32.050][Info][SPTarkov.Server.Logger.SptLoggerMiddleware] [客户端请求] /client/items
[2026-07-30 09:38:32.460][Info][SPTarkov.Server.Logger.SptLoggerMiddleware] [客户端请求] /client/dialogue
[2026-07-30 09:38:32.470][Info][SPTarkov.Server.Logger.SptLoggerMiddleware] [客户端请求] /client/game/profile/list
[2026-07-30 09:38:35.010][Info][SPTarkov.Server.Logger.SptLoggerMiddleware] [客户端请求] /client/game/profile/select
[2026-07-30 09:38:35.484][Info][SPTarkov.Server.Logger.SptLoggerMiddleware] [客户端请求] /client/profile/status
[2026-07-30 09:38:36.079][Info][SPTarkov.Server.Logger.SptLoggerMiddleware] [客户端请求] /client/handbook/templates
[2026-07-30 09:38:37.319][Info][SPTarkov.Server.Logger.SptLoggerMiddleware] [客户端请求] /launcher/profile/info
[2026-07-30 09:38:37.475][Info][SPTarkov.Server.Logger.SptLoggerMiddleware] [客户端请求] /launcher/server/version
[2026-07-30 09:38:38.675][Info][SPTarkov.Server.Logger.SptLoggerMiddleware] [客户端请求] /client/builds/list
[2026-07-30 09:38:39.207][Info][SPTarkov.Server.Logger.SptLoggerMiddleware] [客户端请求] /weaponcustomizer/load
[2026-07-30 09:38:39.370][Info][SPTarkov.Server.Logger.SptLoggerMiddleware] [客户端请求] /client/globals
[2026-07-30 09:38:39.377][Info][SPTarkov.Server.Logger.SptLoggerMiddleware] [客户端请求] /client/customization
[2026-07-30 09:38:39.388][Info][SPTarkov.Server.Logger.SptLoggerMiddleware] [客户端请求] /client/trading/api/traderSettings
[2026-07-30 09:38:39.388][Info][SPTarkov.Server.Logger.SptLoggerMiddleware] [客户端请求] /client/settings
[2026-07-30 09:38:39.388][Info][SPTarkov.Server.Logger.SptLoggerMiddleware] [客户端请求] /client/prestige/list
[2026-07-30 09:38:39.604][Info][SPTarkov.Server.Logger.SptLoggerMiddleware] [WebSocket 请求] /fika/notification/
[2026-07-30 09:38:40.147][Info][SPTarkov.Server.Logger.SptLoggerMiddleware] [客户端请求] /client/customization/storage
[2026-07-30 09:38:40.475][Info][SPTarkov.Server.Logger.SptLoggerMiddleware] [客户端请求] /files/prestige/675864eb86778bc82004127c.png
[2026-07-30 09:38:40.616][Info][SPTarkov.Server.Logger.SptLoggerMiddleware] [客户端请求] /files/prestige/reward/big/6767326b276497e8c60a7e68.png
[2026-07-30 09:38:40.616][Info][SPTarkov.Server.Logger.SptLoggerMiddleware] [客户端请求] /files/prestige/reward/big/676732574ae0a2016608ebd7.png
[2026-07-30 09:38:40.616][Info][SPTarkov.Server.Logger.SptLoggerMiddleware] [客户端请求] /files/prestige/reward/big/6767325b9680f649230b1c89.png
[2026-07-30 09:38:40.617][Info][SPTarkov.Server.Logger.SptLoggerMiddleware] [客户端请求] /files/prestige/reward/small/6767341d5b13f778d10f1950.png
[2026-07-30 09:38:40.617][Info][SPTarkov.Server.Logger.SptLoggerMiddleware] [客户端请求] /files/prestige/reward/small/676733ff4fe29db8170e5a0f.png
[2026-07-30 09:38:40.617][Info][SPTarkov.Server.Logger.SptLoggerMiddleware] [客户端请求] /files/prestige/reward/big/676732609b1325e747028435.png
[2026-07-30 09:38:40.617][Info][SPTarkov.Server.Logger.SptLoggerMiddleware] [客户端请求] /files/prestige/reward/small/6767340bed053537070a13da.png
[2026-07-30 09:38:40.617][Info][SPTarkov.Server.Logger.SptLoggerMiddleware] [客户端请求] /files/prestige/reward/small/676c801645d80f6cea04f0bc.png
[2026-07-30 09:38:40.617][Info][SPTarkov.Server.Logger.SptLoggerMiddleware] [客户端请求] /files/prestige/reward/small/6767343d9680f649230b1c8f.png
[2026-07-30 09:38:40.617][Info][SPTarkov.Server.Logger.SptLoggerMiddleware] [客户端请求] /files/prestige/reward/big/6767329bed053537070a13d5.png
[2026-07-30 09:38:40.618][Info][SPTarkov.Server.Logger.SptLoggerMiddleware] [客户端请求] /files/prestige/reward/big/6767323ff6f30887d5038c38.png
[2026-07-30 09:38:40.618][Info][SPTarkov.Server.Logger.SptLoggerMiddleware] [客户端请求] /files/prestige/reward/small/67673431a49c2307370ea311.png
[2026-07-30 09:38:40.619][Info][SPTarkov.Server.Logger.SptLoggerMiddleware] [客户端请求] /files/prestige/reward/big/67673232a49c2307370ea305.png
[2026-07-30 09:38:40.619][Info][SPTarkov.Server.Logger.SptLoggerMiddleware] [客户端请求] /files/prestige/682b39c18a28d3c859088f5f.png
[2026-07-30 09:38:40.619][Info][SPTarkov.Server.Logger.SptLoggerMiddleware] [客户端请求] /files/prestige/reward/small/6842ca183a9cb5e0a609b26c.png
[2026-07-30 09:38:40.619][Info][SPTarkov.Server.Logger.SptLoggerMiddleware] [客户端请求] /files/prestige/reward/small/676733dca49c2307370ea30f.png
[2026-07-30 09:38:40.619][Info][SPTarkov.Server.Logger.SptLoggerMiddleware] [客户端请求] /files/prestige/reward/big/6767328e276497e8c60a7e69.png
[2026-07-30 09:38:40.620][Info][SPTarkov.Server.Logger.SptLoggerMiddleware] [客户端请求] /files/prestige/reward/small/676ab01ff444b79e7306741b.png
[2026-07-30 09:38:40.620][Info][SPTarkov.Server.Logger.SptLoggerMiddleware] [客户端请求] /files/prestige/682b39cb4e93305029030ca8.png
[2026-07-30 09:38:40.620][Info][SPTarkov.Server.Logger.SptLoggerMiddleware] [客户端请求] /files/prestige/reward/big/676c7ffa005e2661180b0d5c.png
[2026-07-30 09:38:40.620][Info][SPTarkov.Server.Logger.SptLoggerMiddleware] [客户端请求] /files/prestige/reward/small/6767342c4fe29db8170e5a10.png
[2026-07-30 09:38:40.620][Info][SPTarkov.Server.Logger.SptLoggerMiddleware] [客户端请求] /files/prestige/reward/small/676c801b77d346999f0ac3b1.png
[2026-07-30 09:38:40.620][Info][SPTarkov.Server.Logger.SptLoggerMiddleware] [客户端请求] /files/prestige/reward/big/676c8005fa48d79dfa063bce.png
[2026-07-30 09:38:40.621][Info][SPTarkov.Server.Logger.SptLoggerMiddleware] [客户端请求] /files/prestige/reward/small/676c801f9767102f9807a17b.png
[2026-07-30 09:38:40.621][Info][SPTarkov.Server.Logger.SptLoggerMiddleware] [客户端请求] /files/prestige/reward/small/676733e15b13f778d10f194e.png
[2026-07-30 09:38:40.621][Info][SPTarkov.Server.Logger.SptLoggerMiddleware] [客户端请求] /files/prestige/reward/small/676733e5276497e8c60a7e6d.png
[2026-07-30 09:38:40.621][Info][SPTarkov.Server.Logger.SptLoggerMiddleware] [客户端请求] /files/prestige/reward/small/676733fb8073dabc2e06df2c.png
[2026-07-30 09:38:40.621][Info][SPTarkov.Server.Logger.SptLoggerMiddleware] [客户端请求] /files/prestige/reward/big/67673283aa94e661930dadfc.png
[2026-07-30 09:38:40.621][Info][SPTarkov.Server.Logger.SptLoggerMiddleware] [客户端请求] /files/prestige/reward/small/676734278073dabc2e06df2d.png
[2026-07-30 09:38:40.621][Info][SPTarkov.Server.Logger.SptLoggerMiddleware] [客户端请求] /files/prestige/reward/big/676732538073dabc2e06df28.png
[2026-07-30 09:38:40.621][Info][SPTarkov.Server.Logger.SptLoggerMiddleware] [客户端请求] /files/prestige/reward/small/67673438276497e8c60a7e6f.png
[2026-07-30 09:38:40.622][Info][SPTarkov.Server.Logger.SptLoggerMiddleware] [客户端请求] /files/prestige/reward/big/683db75f3102b7f7030b0e0a.png
[2026-07-30 09:38:40.622][Info][SPTarkov.Server.Logger.SptLoggerMiddleware] [客户端请求] /files/prestige/reward/small/676734355b13f778d10f1951.png
[2026-07-30 09:38:40.622][Info][SPTarkov.Server.Logger.SptLoggerMiddleware] [客户端请求] /files/prestige/reward/big/676732974fe29db8170e5a09.png
[2026-07-30 09:38:40.622][Info][SPTarkov.Server.Logger.SptLoggerMiddleware] [客户端请求] /files/prestige/reward/big/67673244378a51df670bc6c8.png
[2026-07-30 09:38:40.622][Info][SPTarkov.Server.Logger.SptLoggerMiddleware] [客户端请求] /files/prestige/reward/big/676c7ff49767102f9807a17a.png
[2026-07-30 09:38:40.623][Info][SPTarkov.Server.Logger.SptLoggerMiddleware] [客户端请求] /files/prestige/reward/big/676732928073dabc2e06df2a.png
[2026-07-30 09:38:40.623][Info][SPTarkov.Server.Logger.SptLoggerMiddleware] [客户端请求] /files/prestige/reward/small/676733ea1814da542d050f2c.png
[2026-07-30 09:38:40.623][Info][SPTarkov.Server.Logger.SptLoggerMiddleware] [客户端请求] /files/prestige/reward/big/67673239b3ee94a38c056c27.png
[2026-07-30 09:38:40.623][Info][SPTarkov.Server.Logger.SptLoggerMiddleware] [客户端请求] /files/prestige/reward/small/67673412a49c2307370ea310.png
[2026-07-30 09:38:40.623][Info][SPTarkov.Server.Logger.SptLoggerMiddleware] [客户端请求] /files/prestige/reward/big/676732768073dabc2e06df29.png
[2026-07-30 09:38:40.856][Info][SPTarkov.Server.Logger.SptLoggerMiddleware] [客户端请求] /files/prestige/reward/big/683db767774e9c6edc0e878a.png
[2026-07-30 09:38:40.856][Info][SPTarkov.Server.Logger.SptLoggerMiddleware] [客户端请求] /files/prestige/682b39f6254221461f05e10c.png
[2026-07-30 09:38:40.856][Info][SPTarkov.Server.Logger.SptLoggerMiddleware] [客户端请求] /files/prestige/reward/big/684abd982968803c700d002b.png
[2026-07-30 09:38:40.856][Info][SPTarkov.Server.Logger.SptLoggerMiddleware] [客户端请求] /files/prestige/reward/big/676aaff96fd0e0b7f20715db.png
[2026-07-30 09:38:40.856][Info][SPTarkov.Server.Logger.SptLoggerMiddleware] [客户端请求] /files/prestige/reward/small/6842ca1eb2ac2ad20403f949.png
[2026-07-30 09:38:40.856][Info][SPTarkov.Server.Logger.SptLoggerMiddleware] [客户端请求] /files/prestige/682b39eeeaa00df0990783ce.png
[2026-07-30 09:38:40.856][Info][SPTarkov.Server.Logger.SptLoggerMiddleware] [客户端请求] /files/prestige/reward/small/683db800bc09186e3502392d.png
[2026-07-30 09:38:40.857][Info][SPTarkov.Server.Logger.SptLoggerMiddleware] [客户端请求] /files/prestige/reward/big/683db45c7db340a9a202f952.png
[2026-07-30 09:38:40.857][Info][SPTarkov.Server.Logger.SptLoggerMiddleware] [客户端请求] /files/prestige/reward/big/67673265a49c2307370ea307.png
[2026-07-30 09:38:40.857][Info][SPTarkov.Server.Logger.SptLoggerMiddleware] [客户端请求] /files/prestige/reward/small/683db7f2a8ab4447590fef6c.png
[2026-07-30 09:38:40.857][Info][SPTarkov.Server.Logger.SptLoggerMiddleware] [客户端请求] /files/prestige/reward/big/683db43a8abee978cc0b310c.png
[2026-07-30 09:38:40.857][Info][SPTarkov.Server.Logger.SptLoggerMiddleware] [客户端请求] /files/prestige/reward/small/683dba06dc5dfe2acd0debce.png
[2026-07-30 09:38:40.857][Info][SPTarkov.Server.Logger.SptLoggerMiddleware] [客户端请求] /files/prestige/reward/small/684abda5ad66a32a180a7395.png
[2026-07-30 09:38:40.857][Info][SPTarkov.Server.Logger.SptLoggerMiddleware] [客户端请求] /files/prestige/reward/small/684abdc9ad66a32a180a7398.png
[2026-07-30 09:38:40.858][Info][SPTarkov.Server.Logger.SptLoggerMiddleware] [客户端请求] /files/prestige/reward/small/6842ca2412825ba65b0c9f88.png
[2026-07-30 09:38:40.858][Info][SPTarkov.Server.Logger.SptLoggerMiddleware] [客户端请求] /files/prestige/reward/big/684abd91b59b2cdfc10ce74a.png
[2026-07-30 09:38:40.858][Info][SPTarkov.Server.Logger.SptLoggerMiddleware] [客户端请求] /files/prestige/reward/small/683db9ce433949ccc70ccdf9.png
[2026-07-30 09:38:40.858][Info][SPTarkov.Server.Logger.SptLoggerMiddleware] [客户端请求] /files/prestige/reward/small/683db9f14efbd1959b0039ae.png
[2026-07-30 09:38:40.858][Info][SPTarkov.Server.Logger.SptLoggerMiddleware] [客户端请求] /files/prestige/reward/big/683db774f014f6c51008371a.png
[2026-07-30 09:38:40.858][Info][SPTarkov.Server.Logger.SptLoggerMiddleware] [客户端请求] /files/prestige/reward/small/683db7dc4efbd1959b0039ac.png
[2026-07-30 09:38:40.859][Info][SPTarkov.Server.Logger.SptLoggerMiddleware] [客户端请求] /files/prestige/682b39fe8a28d3c859088f60.png
[2026-07-30 09:38:40.859][Info][SPTarkov.Server.Logger.SptLoggerMiddleware] [客户端请求] /files/prestige/reward/small/684abdd6e361378c540d21e9.png
[2026-07-30 09:38:40.859][Info][SPTarkov.Server.Logger.SptLoggerMiddleware] [客户端请求] /files/prestige/reward/big/683db42b4c69f3a07408fc3f.png
[2026-07-30 09:38:40.859][Info][SPTarkov.Server.Logger.SptLoggerMiddleware] [客户端请求] /files/prestige/reward/small/683db9d2f014f6c51008371d.png
[2026-07-30 09:38:40.859][Info][SPTarkov.Server.Logger.SptLoggerMiddleware] [客户端请求] /files/prestige/reward/big/683db4773b269cb0d201af74.png
[2026-07-30 09:38:40.859][Info][SPTarkov.Server.Logger.SptLoggerMiddleware] [客户端请求] /files/prestige/reward/big/683db5f5675dbd613909cac1.png
[2026-07-30 09:38:40.859][Info][SPTarkov.Server.Logger.SptLoggerMiddleware] [客户端请求] /files/prestige/reward/big/684abd87ed4bb101840211ea.png
[2026-07-30 09:38:40.860][Info][SPTarkov.Server.Logger.SptLoggerMiddleware] [客户端请求] /files/prestige/reward/big/683db62557f38ea79c0073e5.png
[2026-07-30 09:38:40.860][Info][SPTarkov.Server.Logger.SptLoggerMiddleware] [客户端请求] /files/prestige/reward/big/683db462d079529a0907a7ff.png
[2026-07-30 09:38:40.860][Info][SPTarkov.Server.Logger.SptLoggerMiddleware] [客户端请求] /files/prestige/reward/small/683db7f9dc5dfe2acd0debcc.png
[2026-07-30 09:38:40.860][Info][SPTarkov.Server.Logger.SptLoggerMiddleware] [客户端请求] /files/prestige/reward/big/683db6d5bc09186e3502392a.png
[2026-07-30 09:38:40.860][Info][SPTarkov.Server.Logger.SptLoggerMiddleware] [客户端请求] /files/prestige/reward/small/683db7d03102b7f7030b0e0b.png
[2026-07-30 09:38:40.861][Info][SPTarkov.Server.Logger.SptLoggerMiddleware] [客户端请求] /files/prestige/reward/big/683db44168d0c86684039740.png
[2026-07-30 09:38:40.861][Info][SPTarkov.Server.Logger.SptLoggerMiddleware] [客户端请求] /files/prestige/reward/big/683db5d355241b17d40de945.png
[2026-07-30 09:38:40.861][Info][SPTarkov.Server.Logger.SptLoggerMiddleware] [客户端请求] /files/prestige/reward/small/6842ca292a5c207ec7024bfa.png
[2026-07-30 09:38:40.862][Info][SPTarkov.Server.Logger.SptLoggerMiddleware] [客户端请求] /client/dialogue
[2026-07-30 09:38:40.862][Info][SPTarkov.Server.Logger.SptLoggerMiddleware] [客户端请求] /files/prestige/reward/small/683db80a164933a0450b3bad.png
[2026-07-30 09:38:40.862][Info][SPTarkov.Server.Logger.SptLoggerMiddleware] [客户端请求] /files/prestige/reward/big/684abd7e93163fb11c02e2fa.png
[2026-07-30 09:38:40.862][Info][SPTarkov.Server.Logger.SptLoggerMiddleware] [客户端请求] /files/prestige/reward/small/683db7bff014f6c51008371b.png
[2026-07-30 09:38:40.862][Info][SPTarkov.Server.Logger.SptLoggerMiddleware] [客户端请求] /files/prestige/reward/big/683db77bdc5dfe2acd0debca.png
[2026-07-30 09:38:40.862][Info][SPTarkov.Server.Logger.SptLoggerMiddleware] [客户端请求] /files/prestige/675864f826d0e0d6b602ce17.png
[2026-07-30 09:38:40.863][Info][SPTarkov.Server.Logger.SptLoggerMiddleware] [客户端请求] /files/prestige/reward/big/683db46b2c255eb9220a3495.png
[2026-07-30 09:38:40.864][Info][SPTarkov.Server.Logger.SptLoggerMiddleware] [客户端请求] /client/game/profile/list
[2026-07-30 09:38:40.864][Info][SPTarkov.Server.Logger.SptLoggerMiddleware] [客户端请求] /files/prestige/682b39faa79f41a98906fc95.png
[2026-07-30 09:38:40.864][Info][SPTarkov.Server.Logger.SptLoggerMiddleware] [客户端请求] /files/prestige/reward/big/683db41d9248b507f60a19c6.png
[2026-07-30 09:38:40.865][Info][SPTarkov.Server.Logger.SptLoggerMiddleware] [客户端请求] /files/prestige/reward/small/683db9e43102b7f7030b0e0d.png
[2026-07-30 09:38:40.867][Info][SPTarkov.Server.Logger.SptLoggerMiddleware] [客户端请求] /files/prestige/reward/small/684abdd07b2090d3020a1d19.png
[2026-07-30 09:38:40.869][Info][SPTarkov.Server.Logger.SptLoggerMiddleware] [客户端请求] /files/prestige/reward/small/6767340793816ce19c0c8660.png
[2026-07-30 09:38:41.943][Info][SPTarkov.Server.Logger.SptLoggerMiddleware] [客户端请求] /client/notifier/channel/create
[2026-07-30 09:38:41.951][Info][SPTarkov.Server.Logger.SptLoggerMiddleware] [客户端请求] /client/profile/status
[2026-07-30 09:38:41.959][Info][SPTarkov.Server.Logger.SptLoggerMiddleware] [客户端请求] /client/locale/ch
[2026-07-30 09:38:41.959][Info][SPTarkov.Server.Logger.SptLoggerMiddleware] [客户端请求] /client/weather
[2026-07-30 09:38:41.964][Info][SPTarkov.Server.Logger.SptLoggerMiddleware] [客户端请求] /client/locations
[2026-07-30 09:38:41.993][Info][SPTarkov.Server.Logger.SptLoggerMiddleware] [客户端请求] /client/hideout/areas
[2026-07-30 09:38:42.006][Info][SPTarkov.Server.Logger.SptLoggerMiddleware] [客户端请求] /client/hideout/qte/list
[2026-07-30 09:38:42.010][Info][SPTarkov.Server.Logger.SptLoggerMiddleware] [客户端请求] /client/hideout/settings
[2026-07-30 09:38:42.018][Info][SPTarkov.Server.Logger.SptLoggerMiddleware] [客户端请求] /client/hideout/production/recipes
[2026-07-30 09:38:42.018][Info][SPTarkov.Server.Logger.SptLoggerMiddleware] [客户端请求] /client/hideout/customization/offer/list
[2026-07-30 09:38:42.318][Info][SPTarkov.Server.Logger.SptLoggerMiddleware] [WebSocket 请求] /notifierServer/getwebsocket/69802d793401cb1dcc190aae
[2026-07-30 09:38:42.320][Info][SPTarkov.Server.Core.Servers.Ws.SptWebSocketConnectionHandler] [WS] 玩家：Maxryuki (69802d793401cb1dcc190aae) 20260730093842318 已连接
[2026-07-30 09:38:43.355][Info][SPTarkov.Server.Logger.SptLoggerMiddleware] [客户端请求] /client/game/profile/select
[2026-07-30 09:38:43.418][Info][SPTarkov.Server.Logger.SptLoggerMiddleware] [客户端请求] /client/profile/status
[2026-07-30 09:38:43.533][Info][SPTarkov.Server.Logger.SptLoggerMiddleware] [客户端请求] /client/handbook/templates
[2026-07-30 09:38:45.179][Info][SPTarkov.Server.Logger.SptLoggerMiddleware] [客户端请求] /client/builds/list
[2026-07-30 09:38:45.439][Info][SPTarkov.Server.Logger.SptLoggerMiddleware] [客户端请求] /botplacementsystem/load
[2026-07-30 09:38:45.441][Info][SPTarkov.Server.Logger.SptLoggerMiddleware] [客户端请求] /weaponcustomizer/load
[2026-07-30 09:38:46.416][Info][SPTarkov.Server.Logger.SptLoggerMiddleware] [客户端请求] /singleplayer/log
[2026-07-30 09:38:46.430][Warn][SPTarkov.Server.Core.Controllers.ClientLogController] [Warning: SPT.Core] Validation failed
[2026-07-30 09:38:47.771][Info][SPTarkov.Server.Logger.SptLoggerMiddleware] [WebSocket 请求] /fika/notification/
[2026-07-30 09:38:48.252][Info][SPTarkov.Server.Logger.SptLoggerMiddleware] [客户端请求] /client/server/list
[2026-07-30 09:38:48.261][Info][SPTarkov.Server.Logger.SptLoggerMiddleware] [客户端请求] /client/match/group/current
[2026-07-30 09:38:48.268][Info][SPTarkov.Server.Logger.SptLoggerMiddleware] [客户端请求] /client/friend/list
[2026-07-30 09:38:48.268][Info][SPTarkov.Server.Logger.SptLoggerMiddleware] [客户端请求] /client/mail/dialog/list
[2026-07-30 09:38:48.279][Info][SPTarkov.Server.Logger.SptLoggerMiddleware] [客户端请求] /client/friend/request/list/inbox
[2026-07-30 09:38:48.281][Info][SPTarkov.Server.Logger.SptLoggerMiddleware] [客户端请求] /client/friend/request/list/outbox
[2026-07-30 09:38:48.284][Info][SPTarkov.Server.Logger.SptLoggerMiddleware] [客户端请求] /client/quest/list
[2026-07-30 09:38:49.779][Info][SPTarkov.Server.Logger.SptLoggerMiddleware] [客户端请求] /client/profile/status
[2026-07-30 09:38:49.795][Info][SPTarkov.Server.Logger.SptLoggerMiddleware] [客户端请求] /client/notifier/channel/create
[2026-07-30 09:38:49.795][Info][SPTarkov.Server.Logger.SptLoggerMiddleware] [客户端请求] /client/locale/ch
[2026-07-30 09:38:49.795][Info][SPTarkov.Server.Logger.SptLoggerMiddleware] [客户端请求] /client/weather
[2026-07-30 09:38:49.796][Info][SPTarkov.Server.Logger.SptLoggerMiddleware] [客户端请求] /client/locations
[2026-07-30 09:38:49.879][Info][SPTarkov.Server.Logger.SptLoggerMiddleware] [WebSocket 请求] /notifierServer/getwebsocket/68f79277575e002bfcf5a4a1
[2026-07-30 09:38:49.879][Info][SPTarkov.Server.Core.Servers.Ws.SptWebSocketConnectionHandler] [WS] 玩家：JúnioR (68f79277575e002bfcf5a4a1) 20260730093849879 已连接
[2026-07-30 09:38:50.549][Info][SPTarkov.Server.Logger.SptLoggerMiddleware] [客户端请求] /launcher/profile/info
[2026-07-30 09:38:50.551][Info][SPTarkov.Server.Logger.SptLoggerMiddleware] [客户端请求] /launcher/server/version
[2026-07-30 09:38:51.017][Info][SPTarkov.Server.Logger.SptLoggerMiddleware] [客户端请求] /client/hideout/areas
[2026-07-30 09:38:51.025][Info][SPTarkov.Server.Logger.SptLoggerMiddleware] [客户端请求] /client/hideout/qte/list
[2026-07-30 09:38:51.046][Info][SPTarkov.Server.Logger.SptLoggerMiddleware] [客户端请求] /client/hideout/settings
[2026-07-30 09:38:51.046][Info][SPTarkov.Server.Logger.SptLoggerMiddleware] [客户端请求] /client/hideout/customization/offer/list
[2026-07-30 09:38:51.046][Info][SPTarkov.Server.Logger.SptLoggerMiddleware] [客户端请求] /client/hideout/production/recipes
[2026-07-30 09:38:51.046][Info][SPTarkov.Server.Logger.SptLoggerMiddleware] [客户端请求] /files/banners/67e404de22d6081b78031de2.jpg
[2026-07-30 09:38:51.047][Info][SPTarkov.Server.Logger.SptLoggerMiddleware] [客户端请求] /files/banners/67e404c222d6081b78031ddf.jpg
[2026-07-30 09:38:51.061][Info][SPTarkov.Server.Logger.SptLoggerMiddleware] [客户端请求] /singleplayer/log
[2026-07-30 09:38:51.066][Info][SPTarkov.Server.Logger.SptLoggerMiddleware] [客户端请求] /singleplayer/log
[2026-07-30 09:38:51.066][Warn][SPTarkov.Server.Core.Controllers.ClientLogController] [Warning: SPT.Core] Validation failed
[2026-07-30 09:38:51.201][Info][SPTarkov.Server.Logger.SptLoggerMiddleware] [客户端请求] /client/achievement/statistic
[2026-07-30 09:38:51.568][Info][SPTarkov.Server.Logger.SptLoggerMiddleware] [客户端请求] /client/achievement/list
[2026-07-30 09:38:52.028][Info][SPTarkov.Server.Logger.SptLoggerMiddleware] [客户端请求] /files/banners/67e404d9bec96f5d8e097331.jpg
[2026-07-30 09:38:52.028][Info][SPTarkov.Server.Logger.SptLoggerMiddleware] [客户端请求] /files/banners/67e4046922d6081b78031dda.png
[2026-07-30 09:38:52.028][Info][SPTarkov.Server.Logger.SptLoggerMiddleware] [客户端请求] /files/banners/67e4045225a1aca9270117e7.jpg
[2026-07-30 09:38:52.029][Info][SPTarkov.Server.Logger.SptLoggerMiddleware] [客户端请求] /files/banners/67e404c5bec96f5d8e09732f.jpg
[2026-07-30 09:38:52.029][Info][SPTarkov.Server.Logger.SptLoggerMiddleware] [客户端请求] /files/banners/67e4049dbec96f5d8e09732d.jpg
[2026-07-30 09:38:52.029][Info][SPTarkov.Server.Logger.SptLoggerMiddleware] [客户端请求] /files/banners/67e404ffbec96f5d8e097333.jpg
[2026-07-30 09:38:52.029][Info][SPTarkov.Server.Logger.SptLoggerMiddleware] [客户端请求] /files/banners/67e40482bec96f5d8e09732b.png
[2026-07-30 09:38:52.030][Info][SPTarkov.Server.Logger.SptLoggerMiddleware] [客户端请求] /files/banners/67eac0afef0822d52d09f6a5.jpg
[2026-07-30 09:38:52.030][Info][SPTarkov.Server.Logger.SptLoggerMiddleware] [客户端请求] /files/banners/67e4047d22d6081b78031ddb.jpg
[2026-07-30 09:38:52.309][Info][SPTarkov.Server.Logger.SptLoggerMiddleware] [客户端请求] /client/repeatalbeQuests/activityPeriods
[2026-07-30 09:38:52.343][Info][SPTarkov.Server.Logger.SptLoggerMiddleware] [客户端请求] /files/banners/67e4046dbec96f5d8e09732a.jpg
[2026-07-30 09:38:52.343][Info][SPTarkov.Server.Logger.SptLoggerMiddleware] [客户端请求] /files/banners/67e40496bec96f5d8e09732c.jpg
[2026-07-30 09:38:52.343][Info][SPTarkov.Server.Logger.SptLoggerMiddleware] [客户端请求] /files/banners/67e404e4bec96f5d8e097332.jpg
[2026-07-30 09:38:52.343][Info][SPTarkov.Server.Logger.SptLoggerMiddleware] [客户端请求] /files/banners/67e404ccbec96f5d8e097330.jpg
[2026-07-30 09:38:52.343][Info][SPTarkov.Server.Logger.SptLoggerMiddleware] [客户端请求] /files/banners/67e404c722d6081b78031de0.jpg
[2026-07-30 09:38:52.343][Info][SPTarkov.Server.Logger.SptLoggerMiddleware] [客户端请求] /files/banners/67e404a9bec96f5d8e09732e.jpg
[2026-07-30 09:38:52.343][Info][SPTarkov.Server.Logger.SptLoggerMiddleware] [客户端请求] /files/banners/67e404a022d6081b78031dde.jpg
[2026-07-30 09:38:52.343][Info][SPTarkov.Server.Logger.SptLoggerMiddleware] [客户端请求] /files/banners/67eac08e7364605a61079cc8.png
[2026-07-30 09:38:52.344][Info][SPTarkov.Server.Logger.SptLoggerMiddleware] [客户端请求] /files/banners/67e4049a22d6081b78031ddd.jpg
[2026-07-30 09:38:52.403][Info][SPTarkov.Server.Logger.SptLoggerMiddleware] [客户端请求] /client/match/group/current
[2026-07-30 09:38:52.403][Info][SPTarkov.Server.Logger.SptLoggerMiddleware] [客户端请求] /client/friend/request/list/inbox
[2026-07-30 09:38:52.403][Info][SPTarkov.Server.Logger.SptLoggerMiddleware] [客户端请求] /client/server/list
[2026-07-30 09:38:52.403][Info][SPTarkov.Server.Logger.SptLoggerMiddleware] [客户端请求] /client/friend/list
[2026-07-30 09:38:52.403][Info][SPTarkov.Server.Logger.SptLoggerMiddleware] [客户端请求] /client/friend/request/list/outbox
[2026-07-30 09:38:52.403][Info][SPTarkov.Server.Logger.SptLoggerMiddleware] [客户端请求] /client/quest/list
[2026-07-30 09:38:52.403][Info][SPTarkov.Server.Logger.SptLoggerMiddleware] [客户端请求] /client/mail/dialog/list
[2026-07-30 09:38:52.463][Info][SPTarkov.Server.Logger.SptLoggerMiddleware] [客户端请求] /singleplayer/log
[2026-07-30 09:38:52.463][Info][SPTarkov.Server.Core.Controllers.ClientLogController] [QuestingBots] Validated all quest files
[2026-07-30 09:38:52.703][Info][SPTarkov.Server.Logger.SptLoggerMiddleware] [客户端请求] /client/survey
[2026-07-30 09:38:53.154][Info][SPTarkov.Server.Logger.SptLoggerMiddleware] [客户端请求] /client/achievement/statistic
[2026-07-30 09:38:53.249][Info][SPTarkov.Server.Logger.SptLoggerMiddleware] [客户端请求] /client/achievement/list
[2026-07-30 09:38:53.469][Info][SPTarkov.Server.Logger.SptLoggerMiddleware] [客户端请求] /client/repeatalbeQuests/activityPeriods
[2026-07-30 09:38:53.570][Info][SPTarkov.Server.Logger.SptLoggerMiddleware] [客户端请求] /client/survey
[2026-07-30 09:38:53.630][Info][SPTarkov.Server.Logger.SptLoggerMiddleware] [客户端请求] /fika/presence/get
[2026-07-30 09:38:54.348][Info][SPTarkov.Server.Logger.SptLoggerMiddleware] [客户端请求] /fika/presence/get
[2026-07-30 09:39:03.642][Info][SPTarkov.Server.Logger.SptLoggerMiddleware] [客户端请求] /fika/presence/get
[2026-07-30 09:39:04.283][Info][SPTarkov.Server.Logger.SptLoggerMiddleware] [客户端请求] /fika/presence/get
[2026-07-30 09:39:13.656][Info][SPTarkov.Server.Logger.SptLoggerMiddleware] [客户端请求] /fika/presence/get
[2026-07-30 09:39:14.284][Info][SPTarkov.Server.Logger.SptLoggerMiddleware] [客户端请求] /fika/presence/get
[2026-07-30 09:39:19.038][Info][SPTarkov.Server.Logger.SptLoggerMiddleware] [客户端请求] /client/checkVersion
[2026-07-30 09:39:23.606][Info][SPTarkov.Server.Logger.SptLoggerMiddleware] [客户端请求] /files/trader/avatar/59b91ca086f77469a81232e4.jpg
[2026-07-30 09:39:23.623][Info][SPTarkov.Server.Logger.SptLoggerMiddleware] [客户端请求] /files/trader/avatar/59b91cab86f77469aa5343ca.jpg
[2026-07-30 09:39:23.623][Info][SPTarkov.Server.Logger.SptLoggerMiddleware] [客户端请求] /files/trader/avatar/579dc571d53a0658a154fbec.jpg
[2026-07-30 09:39:23.623][Info][SPTarkov.Server.Logger.SptLoggerMiddleware] [客户端请求] /files/trader/avatar/59b91cbd86f77469aa5343cb.jpg
[2026-07-30 09:39:23.623][Info][SPTarkov.Server.Logger.SptLoggerMiddleware] [客户端请求] /files/trader/avatar/59b91cb486f77469a81232e5.jpg
[2026-07-30 09:39:23.630][Info][SPTarkov.Server.Logger.SptLoggerMiddleware] [客户端请求] /files/trader/avatar/5a7c2ebb86f7746e324a06ab.jpg
[2026-07-30 09:39:23.642][Info][SPTarkov.Server.Logger.SptLoggerMiddleware] [客户端请求] /files/trader/avatar/5ac3b86a86f77461491d1ad8.jpg
[2026-07-30 09:39:23.642][Info][SPTarkov.Server.Logger.SptLoggerMiddleware] [客户端请求] /files/trader/avatar/6617beeaa9cfa777ca915b7c.png
[2026-07-30 09:39:23.642][Info][SPTarkov.Server.Logger.SptLoggerMiddleware] [客户端请求] /files/trader/avatar/5c06531a86f7746319710e1b.jpg
[2026-07-30 09:39:23.672][Info][SPTarkov.Server.Logger.SptLoggerMiddleware] [客户端请求] /fika/presence/get
[2026-07-30 09:39:23.702][Info][SPTarkov.Server.Logger.SptLoggerMiddleware] [客户端请求] /client/items/prices/5935c25fb3acc3127c3d8cd9
[2026-07-30 09:39:23.713][Info][SPTarkov.Server.Logger.SptLoggerMiddleware] [客户端请求] /client/items/prices/54cb50c76803fa8b248b4571
[2026-07-30 09:39:23.713][Info][SPTarkov.Server.Logger.SptLoggerMiddleware] [客户端请求] /client/items/prices/58330581ace78e27b8b10cee
[2026-07-30 09:39:23.839][Info][SPTarkov.Server.Logger.SptLoggerMiddleware] [客户端请求] /client/trading/api/getTraderAssort/54cb50c76803fa8b248b4571
[2026-07-30 09:39:23.840][Info][SPTarkov.Server.Logger.SptLoggerMiddleware] [客户端请求] /client/trading/api/getTraderAssort/58330581ace78e27b8b10cee
[2026-07-30 09:39:23.885][Info][SPTarkov.Server.Logger.SptLoggerMiddleware] [客户端请求] /client/trading/api/getTraderAssort/5935c25fb3acc3127c3d8cd9
[2026-07-30 09:39:24.658][Info][SPTarkov.Server.Logger.SptLoggerMiddleware] [客户端请求] /files/quest/icon/5967505886f774590730dadc.jpg
[2026-07-30 09:39:25.661][Info][SPTarkov.Server.Logger.SptLoggerMiddleware] [客户端请求] /files/quest/icon/5979d37886f7746d0b3e3fdb.jpg
[2026-07-30 09:39:25.686][Info][SPTarkov.Server.Logger.SptLoggerMiddleware] [客户端请求] /client/items/prices/54cb57776803fa99248b456e
[2026-07-30 09:39:25.756][Info][SPTarkov.Server.Logger.SptLoggerMiddleware] [客户端请求] /client/trading/api/getTraderAssort/54cb57776803fa99248b456e
[2026-07-30 09:39:26.822][Info][SPTarkov.Server.Logger.SptLoggerMiddleware] [客户端请求] /files/quest/icon/616d993bc8c5ad2ab30ff6ba.jpg
[2026-07-30 09:39:29.733][Info][SPTarkov.Server.Logger.SptLoggerMiddleware] [客户端请求] /files/quest/icon/61374f53857735719f2f0ca2.jpg
[2026-07-30 09:39:29.743][Info][SPTarkov.Server.Logger.SptLoggerMiddleware] [客户端请求] /client/items/prices/579dc571d53a0658a154fbec
[2026-07-30 09:39:29.879][Info][SPTarkov.Server.Logger.SptLoggerMiddleware] [客户端请求] /client/trading/api/getTraderAssort/579dc571d53a0658a154fbec
[2026-07-30 09:39:31.432][Info][SPTarkov.Server.Logger.SptLoggerMiddleware] [客户端请求] /files/quest/icon/5979ef2a86f77431185415c3.jpg
[2026-07-30 09:39:32.510][Info][SPTarkov.Server.Logger.SptLoggerMiddleware] [客户端请求] /files/quest/icon/5ae3260986f7745b3e3bf2a7.jpg
[2026-07-30 09:39:32.523][Info][SPTarkov.Server.Logger.SptLoggerMiddleware] [客户端请求] /client/items/prices/5a7c2eca46aef81a7ca2145d
[2026-07-30 09:39:32.719][Info][SPTarkov.Server.Logger.SptLoggerMiddleware] [客户端请求] /client/trading/api/getTraderAssort/5a7c2eca46aef81a7ca2145d
[2026-07-30 09:39:33.366][Info][SPTarkov.Server.Logger.SptLoggerMiddleware] [客户端请求] /files/quest/icon/5ae4a74386f7744748710d72.jpg
[2026-07-30 09:39:33.390][Info][SPTarkov.Server.Logger.SptLoggerMiddleware] [客户端请求] /client/items/prices/5ac3b934156ae10c4430e83c
[2026-07-30 09:39:33.456][Info][SPTarkov.Server.Logger.SptLoggerMiddleware] [客户端请求] /client/trading/api/getTraderAssort/5ac3b934156ae10c4430e83c
[2026-07-30 09:39:33.688][Info][SPTarkov.Server.Logger.SptLoggerMiddleware] [客户端请求] /fika/presence/get
[2026-07-30 09:39:34.257][Info][SPTarkov.Server.Logger.SptLoggerMiddleware] [客户端请求] /files/quest/icon/6762fe23bcd7cb145f053a24.jpg
[2026-07-30 09:39:36.103][Info][SPTarkov.Server.Logger.SptLoggerMiddleware] [客户端请求] /files/quest/icon/5bc9fab686f7742a90020769.jpg
[2026-07-30 09:39:36.144][Info][SPTarkov.Server.Logger.SptLoggerMiddleware] [客户端请求] /client/items/prices/5c0647fdd443bc2504c2d371
[2026-07-30 09:39:36.214][Info][SPTarkov.Server.Logger.SptLoggerMiddleware] [客户端请求] /client/trading/api/getTraderAssort/5c0647fdd443bc2504c2d371
[2026-07-30 09:39:37.322][Info][SPTarkov.Server.Logger.SptLoggerMiddleware] [客户端请求] /launcher/profile/info
[2026-07-30 09:39:37.478][Info][SPTarkov.Server.Logger.SptLoggerMiddleware] [客户端请求] /launcher/server/version
[2026-07-30 09:39:39.340][Info][SPTarkov.Server.Logger.SptLoggerMiddleware] [客户端请求] /files/quest/icon/66562b72f73d7f0be65de3d6.png
[2026-07-30 09:39:39.390][Info][SPTarkov.Server.Logger.SptLoggerMiddleware] [客户端请求] /client/items/prices/6617beeaa9cfa777ca915b7c
[2026-07-30 09:39:39.473][Info][SPTarkov.Server.Logger.SptLoggerMiddleware] [客户端请求] /client/trading/api/getTraderAssort/6617beeaa9cfa777ca915b7c
[2026-07-30 09:39:43.687][Info][SPTarkov.Server.Logger.SptLoggerMiddleware] [客户端请求] /fika/presence/get
[2026-07-30 09:39:46.756][Info][SPTarkov.Server.Logger.SptLoggerMiddleware] [客户端请求] /client/trading/api/getTraderAssort/58330581ace78e27b8b10cee
[2026-07-30 09:39:47.457][Info][SPTarkov.Server.Logger.SptLoggerMiddleware] [客户端请求] /client/trading/api/getTraderAssort/5935c25fb3acc3127c3d8cd9
[2026-07-30 09:39:50.547][Info][SPTarkov.Server.Logger.SptLoggerMiddleware] [客户端请求] /launcher/profile/info
[2026-07-30 09:39:50.549][Info][SPTarkov.Server.Logger.SptLoggerMiddleware] [客户端请求] /launcher/server/version
[2026-07-30 09:39:53.702][Info][SPTarkov.Server.Logger.SptLoggerMiddleware] [客户端请求] /fika/presence/get
[2026-07-30 09:39:54.372][Info][SPTarkov.Server.Logger.SptLoggerMiddleware] [客户端请求] /client/mail/dialog/view
[2026-07-30 09:39:55.201][Info][SPTarkov.Server.Logger.SptLoggerMiddleware] [客户端请求] /client/mail/dialog/view
[2026-07-30 09:39:55.891][Info][SPTarkov.Server.Logger.SptLoggerMiddleware] [客户端请求] /client/mail/dialog/getAllAttachments
[2026-07-30 09:39:57.056][Info][SPTarkov.Server.Logger.SptLoggerMiddleware] [客户端请求] /fika/presence/set
[2026-07-30 09:39:57.100][Info][SPTarkov.Server.Logger.SptLoggerMiddleware] [客户端请求] /files/quest/icon/66562bb83e8d4075e2354446.png
[2026-07-30 09:39:57.172][Info][SPTarkov.Server.Logger.SptLoggerMiddleware] [客户端请求] /fika/presence/get
[2026-07-30 09:39:57.393][Info][SPTarkov.Server.Logger.SptLoggerMiddleware] [客户端请求] /client/checkVersion
[2026-07-30 09:39:57.492][Info][SPTarkov.Server.Logger.SptLoggerMiddleware] [客户端请求] /client/game/profile/items/moving
[2026-07-30 09:40:04.570][Info][SPTarkov.Server.Logger.SptLoggerMiddleware] [客户端请求] /fika/presence/set
[2026-07-30 09:40:07.171][Info][SPTarkov.Server.Logger.SptLoggerMiddleware] [客户端请求] /fika/presence/get
[2026-07-30 09:40:17.174][Info][SPTarkov.Server.Logger.SptLoggerMiddleware] [客户端请求] /fika/presence/get
[2026-07-30 09:40:27.172][Info][SPTarkov.Server.Logger.SptLoggerMiddleware] [客户端请求] /fika/presence/get
[2026-07-30 09:40:37.187][Info][SPTarkov.Server.Logger.SptLoggerMiddleware] [客户端请求] /fika/presence/get
[2026-07-30 09:40:37.306][Info][SPTarkov.Server.Logger.SptLoggerMiddleware] [客户端请求] /launcher/profile/info
[2026-07-30 09:40:37.465][Info][SPTarkov.Server.Logger.SptLoggerMiddleware] [客户端请求] /launcher/server/version
[2026-07-30 09:40:47.186][Info][SPTarkov.Server.Logger.SptLoggerMiddleware] [客户端请求] /fika/presence/get
[2026-07-30 09:40:50.540][Info][SPTarkov.Server.Logger.SptLoggerMiddleware] [客户端请求] /launcher/profile/info
[2026-07-30 09:40:50.542][Info][SPTarkov.Server.Logger.SptLoggerMiddleware] [客户端请求] /launcher/server/version
[2026-07-30 09:40:57.202][Info][SPTarkov.Server.Logger.SptLoggerMiddleware] [客户端请求] /fika/presence/get
[2026-07-30 09:41:02.205][Info][SPTarkov.Server.Logger.SptLoggerMiddleware] [客户端请求] /client/items/prices
[2026-07-30 09:41:02.206][Info][SPTarkov.Server.Logger.SptLoggerMiddleware] [客户端请求] /client/ragfair/itemMarketPrice
[2026-07-30 09:41:04.709][Info][SPTarkov.Server.Logger.SptLoggerMiddleware] [客户端请求] /client/ragfair/offerfees
[2026-07-30 09:41:04.896][Info][SPTarkov.Server.Logger.SptLoggerMiddleware] [客户端请求] /client/game/profile/items/moving
[2026-07-30 09:41:07.215][Info][SPTarkov.Server.Logger.SptLoggerMiddleware] [客户端请求] /fika/presence/get
[2026-07-30 09:41:15.448][Info][SPTarkov.Server.Logger.SptLoggerMiddleware] [客户端请求] /client/trading/api/getTraderAssort/5935c25fb3acc3127c3d8cd9
[2026-07-30 09:41:15.464][Info][SPTarkov.Server.Logger.SptLoggerMiddleware] [客户端请求] /client/trading/api/getTraderAssort/58330581ace78e27b8b10cee
[2026-07-30 09:41:15.464][Info][SPTarkov.Server.Logger.SptLoggerMiddleware] [客户端请求] /client/trading/api/getTraderAssort/54cb50c76803fa8b248b4571
[2026-07-30 09:41:15.465][Info][SPTarkov.Server.Logger.SptLoggerMiddleware] [客户端请求] /client/game/profile/items/moving
[2026-07-30 09:41:15.878][Info][SPTarkov.Server.Logger.SptLoggerMiddleware] [客户端请求] /client/trading/api/getTraderAssort/6617beeaa9cfa777ca915b7c
[2026-07-30 09:41:17.229][Info][SPTarkov.Server.Logger.SptLoggerMiddleware] [客户端请求] /fika/presence/get
[2026-07-30 09:41:23.482][Info][SPTarkov.Server.Logger.SptLoggerMiddleware] [客户端请求] /client/game/profile/items/moving
[2026-07-30 09:41:25.737][Info][SPTarkov.Server.Logger.SptLoggerMiddleware] [客户端请求] /fika/presence/set
[2026-07-30 09:41:27.243][Info][SPTarkov.Server.Logger.SptLoggerMiddleware] [客户端请求] /fika/presence/get
[2026-07-30 09:41:28.111][Info][SPTarkov.Server.Logger.SptLoggerMiddleware] [客户端请求] /fika/presence/set
[2026-07-30 09:41:28.125][Info][SPTarkov.Server.Logger.SptLoggerMiddleware] [客户端请求] /fika/presence/get
[2026-07-30 09:41:31.869][Info][SPTarkov.Server.Logger.SptLoggerMiddleware] [客户端请求] /singleplayer/settings/raid/menu
[2026-07-30 09:41:32.504][Info][SPTarkov.Server.Logger.SptLoggerMiddleware] [客户端请求] /client/insurance/items/list/cost
[2026-07-30 09:41:34.716][Info][SPTarkov.Server.Logger.SptLoggerMiddleware] [客户端请求] /fika/headless/available
[2026-07-30 09:41:34.733][Info][SPTarkov.Server.Logger.SptLoggerMiddleware] [客户端请求] /fika/location/raids
[2026-07-30 09:41:34.825][Info][SPTarkov.Server.Logger.SptLoggerMiddleware] [客户端请求] /client/match/group/invite/cancel-all
[2026-07-30 09:41:34.826][Info][SPTarkov.Server.Logger.SptLoggerMiddleware] [客户端请求] /client/raid/configuration
[2026-07-30 09:41:34.864][Info][SPTarkov.Server.Logger.SptLoggerMiddleware] [客户端请求] /client/match/group/invite/cancel-all
[2026-07-30 09:41:35.683][Info][SPTarkov.Server.Logger.SptLoggerMiddleware] [客户端请求] /fika/raid/create
[2026-07-30 09:41:35.975][Info][SPTarkov.Server.Core.Generators.LocationLootGenerator] A total of: 2832 static items spawned
[2026-07-30 09:41:35.975][Info][SPTarkov.Server.Core.Generators.LocationLootGenerator] 共计975个静态容器已生成
[2026-07-30 09:41:37.309][Info][SPTarkov.Server.Logger.SptLoggerMiddleware] [客户端请求] /launcher/profile/info
[2026-07-30 09:41:37.309][Info][SPTarkov.Server.Logger.SptLoggerMiddleware] [客户端请求] /fika/presence/get
[2026-07-30 09:41:37.466][Info][SPTarkov.Server.Logger.SptLoggerMiddleware] [客户端请求] /launcher/server/version
[2026-07-30 09:41:38.205][Info][SPTarkov.Server.Core.Generators.LocationLootGenerator] 共计302个动态物品已生成
[2026-07-30 09:41:38.205][Info][SPTarkov.Server.Core.Generators.LocationLootGenerator] 已生成地点TarkovStreets
[2026-07-30 09:41:41.144][Info][SPTarkov.Server.Logger.SptLoggerMiddleware] [客户端请求] /client/raid/configuration
[2026-07-30 09:41:41.184][Info][SPTarkov.Server.Logger.SptLoggerMiddleware] [客户端请求] /fika/update/ping
[2026-07-30 09:41:41.313][Info][SPTarkov.Server.Logger.SptLoggerMiddleware] [客户端请求] /fika/update/sethost
[2026-07-30 09:41:41.331][Info][SPTarkov.Server.Logger.SptLoggerMiddleware] [客户端请求] /fika/update/setstatus
[2026-07-30 09:41:41.527][Info][SPTarkov.Server.Logger.SptLoggerMiddleware] [客户端请求] /client/match/group/exit_from_menu
[2026-07-30 09:41:47.308][Info][SPTarkov.Server.Logger.SptLoggerMiddleware] [客户端请求] /fika/presence/get
[2026-07-30 09:41:50.541][Info][SPTarkov.Server.Logger.SptLoggerMiddleware] [客户端请求] /launcher/profile/info
[2026-07-30 09:41:50.543][Info][SPTarkov.Server.Logger.SptLoggerMiddleware] [客户端请求] /launcher/server/version
[2026-07-30 09:41:57.309][Info][SPTarkov.Server.Logger.SptLoggerMiddleware] [客户端请求] /fika/presence/get
[2026-07-30 09:42:07.310][Info][SPTarkov.Server.Logger.SptLoggerMiddleware] [客户端请求] /fika/presence/get
[2026-07-30 09:42:11.188][Info][SPTarkov.Server.Logger.SptLoggerMiddleware] [客户端请求] /fika/update/ping
[2026-07-30 09:42:17.324][Info][SPTarkov.Server.Logger.SptLoggerMiddleware] [客户端请求] /fika/presence/get
[2026-07-30 09:42:17.869][Info][SPTarkov.Server.Logger.SptLoggerMiddleware] [客户端请求] /client/game/keepalive
[2026-07-30 09:42:27.325][Info][SPTarkov.Server.Logger.SptLoggerMiddleware] [客户端请求] /fika/presence/get
[2026-07-30 09:42:37.295][Info][SPTarkov.Server.Logger.SptLoggerMiddleware] [客户端请求] /launcher/profile/info
[2026-07-30 09:42:37.324][Info][SPTarkov.Server.Logger.SptLoggerMiddleware] [客户端请求] /fika/presence/get
[2026-07-30 09:42:37.453][Info][SPTarkov.Server.Logger.SptLoggerMiddleware] [客户端请求] /launcher/server/version
[2026-07-30 09:42:41.192][Info][SPTarkov.Server.Logger.SptLoggerMiddleware] [客户端请求] /fika/update/ping
[2026-07-30 09:42:47.323][Info][SPTarkov.Server.Logger.SptLoggerMiddleware] [客户端请求] /fika/presence/get
[2026-07-30 09:42:50.546][Info][SPTarkov.Server.Logger.SptLoggerMiddleware] [客户端请求] /launcher/profile/info
[2026-07-30 09:42:50.549][Info][SPTarkov.Server.Logger.SptLoggerMiddleware] [客户端请求] /launcher/server/version
[2026-07-30 09:42:57.338][Info][SPTarkov.Server.Logger.SptLoggerMiddleware] [客户端请求] /fika/presence/get
[2026-07-30 09:43:06.573][Info][SPTarkov.Server.Logger.SptLoggerMiddleware] [客户端请求] /client/getMetricsConfig
[2026-07-30 09:43:06.721][Info][SPTarkov.Server.Logger.SptLoggerMiddleware] [客户端请求] /singleplayer/settings/getRaidTime
[2026-07-30 09:43:06.807][Info][SPTarkov.Server.Logger.SptLoggerMiddleware] [客户端请求] /client/raid/configuration
[2026-07-30 09:43:06.875][Info][SPTarkov.Server.Logger.SptLoggerMiddleware] [客户端请求] /client/match/local/start
[2026-07-30 09:43:07.340][Info][SPTarkov.Server.Logger.SptLoggerMiddleware] [客户端请求] /fika/presence/get
[2026-07-30 09:43:07.617][Info][SPTarkov.Server.Core.Servers.Ws.SptWebSocketConnectionHandler] [ws] player: JúnioR (68f79277575e002bfcf5a4a1) 20260730093849879 has disconnected
[2026-07-30 09:43:11.195][Info][SPTarkov.Server.Logger.SptLoggerMiddleware] [客户端请求] /fika/update/ping
[2026-07-30 09:43:17.338][Info][SPTarkov.Server.Logger.SptLoggerMiddleware] [客户端请求] /fika/presence/get
[2026-07-30 09:43:27.355][Info][SPTarkov.Server.Logger.SptLoggerMiddleware] [客户端请求] /fika/presence/get
[2026-07-30 09:43:37.301][Info][SPTarkov.Server.Logger.SptLoggerMiddleware] [客户端请求] /launcher/profile/info
[2026-07-30 09:43:37.354][Info][SPTarkov.Server.Logger.SptLoggerMiddleware] [客户端请求] /fika/presence/get
[2026-07-30 09:43:37.461][Info][SPTarkov.Server.Logger.SptLoggerMiddleware] [客户端请求] /launcher/server/version
[2026-07-30 09:43:41.198][Info][SPTarkov.Server.Logger.SptLoggerMiddleware] [客户端请求] /fika/update/ping
[2026-07-30 09:43:44.491][Info][SPTarkov.Server.Logger.SptLoggerMiddleware] [客户端请求] /fika/update/playerspawn
[2026-07-30 09:43:47.354][Info][SPTarkov.Server.Logger.SptLoggerMiddleware] [客户端请求] /fika/presence/get
[2026-07-30 09:43:50.543][Info][SPTarkov.Server.Logger.SptLoggerMiddleware] [客户端请求] /launcher/profile/info
[2026-07-30 09:43:50.545][Info][SPTarkov.Server.Logger.SptLoggerMiddleware] [客户端请求] /launcher/server/version
[2026-07-30 09:43:51.365][Info][SPTarkov.Server.Logger.SptLoggerMiddleware] [客户端请求] /fika/raid/gethost
[2026-07-30 09:43:53.058][Info][SPTarkov.Server.Logger.SptLoggerMiddleware] [客户端请求] /fika/raid/join
[2026-07-30 09:43:53.143][Info][SPTarkov.Server.Logger.SptLoggerMiddleware] [客户端请求] /fika/update/addplayer
[2026-07-30 09:44:11.708][Info][SPTarkov.Server.Logger.SptLoggerMiddleware] [客户端请求] /fika/update/ping
[2026-07-30 09:44:34.529][Info][SPTarkov.Server.Logger.SptLoggerMiddleware] [客户端请求] /fika/update/setstatus
[2026-07-30 09:44:37.293][Info][SPTarkov.Server.Logger.SptLoggerMiddleware] [客户端请求] /launcher/profile/info
[2026-07-30 09:44:37.449][Info][SPTarkov.Server.Logger.SptLoggerMiddleware] [客户端请求] /launcher/server/version
[2026-07-30 09:44:38.391][Info][SPTarkov.Server.Logger.SptLoggerMiddleware] [客户端请求] /client/game/keepalive
[2026-07-30 09:44:41.714][Info][SPTarkov.Server.Logger.SptLoggerMiddleware] [客户端请求] /fika/update/ping
[2026-07-30 09:44:43.523][Info][SPTarkov.Server.Logger.SptLoggerMiddleware] [客户端请求] /client/localGame/weather
[2026-07-30 09:44:44.154][Info][SPTarkov.Server.Logger.SptLoggerMiddleware] [客户端请求] /client/game/bot/generate
[2026-07-30 09:44:48.585][Info][SPTarkov.Server.Logger.SptLoggerMiddleware] [客户端请求] /singleplayer/settings/bot/maxCap/TarkovStreets
[2026-07-30 09:44:50.542][Info][SPTarkov.Server.Logger.SptLoggerMiddleware] [客户端请求] /launcher/profile/info
[2026-07-30 09:44:50.544][Info][SPTarkov.Server.Logger.SptLoggerMiddleware] [客户端请求] /launcher/server/version
[2026-07-30 09:44:54.570][Info][SPTarkov.Server.Logger.SptLoggerMiddleware] [客户端请求] /QuestingBots/GetZoneAndItemQuestPositions
[2026-07-30 09:44:54.611][Info][SPTarkov.Server.Logger.SptLoggerMiddleware] [客户端请求] /QuestingBots/GetAllQuestTemplates
[2026-07-30 09:44:56.111][Info][SPTarkov.Server.Logger.SptLoggerMiddleware] [客户端请求] /QuestingBots/GetEFTQuestSettings
[2026-07-30 09:45:08.752][Info][SPTarkov.Server.Logger.SptLoggerMiddleware] [客户端请求] /client/getMetricsConfig
[2026-07-30 09:45:08.966][Info][SPTarkov.Server.Logger.SptLoggerMiddleware] [客户端请求] /singleplayer/settings/getRaidTime
[2026-07-30 09:45:09.367][Info][SPTarkov.Server.Core.Servers.Ws.SptWebSocketConnectionHandler] [ws] player: Maxryuki (69802d793401cb1dcc190aae) 20260730093842318 has disconnected
[2026-07-30 09:45:10.361][Info][SPTarkov.Server.Logger.SptLoggerMiddleware] [客户端请求] /client/raid/configuration
[2026-07-30 09:45:10.730][Info][SPTarkov.Server.Logger.SptLoggerMiddleware] [客户端请求] /client/match/local/start
[2026-07-30 09:45:11.717][Info][SPTarkov.Server.Logger.SptLoggerMiddleware] [客户端请求] /fika/update/ping
[2026-07-30 09:45:12.460][Info][SPTarkov.Server.Logger.SptLoggerMiddleware] [客户端请求] /fika/raid/getsettings
[2026-07-30 09:45:17.029][Info][SPTarkov.Server.Logger.SptLoggerMiddleware] [客户端请求] /fika/update/playerspawn
[2026-07-30 09:45:18.255][Info][SPTarkov.Server.Logger.SptLoggerMiddleware] [客户端请求] /weaponcustomizer/load
[2026-07-30 09:45:18.920][Info][SPTarkov.Server.Logger.SptLoggerMiddleware] [客户端请求] /fika/raid/registerPlayer
[2026-07-30 09:45:28.187][Info][SPTarkov.Server.Logger.SptLoggerMiddleware] [客户端请求] /weaponcustomizer/load
[2026-07-30 09:45:35.587][Info][SPTarkov.Server.Logger.SptLoggerMiddleware] [客户端请求] /singleplayer/scav/traitorscavhostile
[2026-07-30 09:45:37.342][Info][SPTarkov.Server.Logger.SptLoggerMiddleware] [客户端请求] /launcher/profile/info
[2026-07-30 09:45:37.552][Info][SPTarkov.Server.Logger.SptLoggerMiddleware] [客户端请求] /launcher/server/version
[2026-07-30 09:45:41.720][Info][SPTarkov.Server.Logger.SptLoggerMiddleware] [客户端请求] /fika/update/ping
[2026-07-30 09:45:49.487][Info][SPTarkov.Server.Logger.SptLoggerMiddleware] [客户端请求] /client/game/bot/generate
[2026-07-30 09:45:49.564][Info][SPTarkov.Server.Logger.SptLoggerMiddleware] [客户端请求] /singleplayer/settings/bot/getBotBehaviours/
[2026-07-30 09:45:50.545][Info][SPTarkov.Server.Logger.SptLoggerMiddleware] [客户端请求] /launcher/profile/info
[2026-07-30 09:45:50.547][Info][SPTarkov.Server.Logger.SptLoggerMiddleware] [客户端请求] /launcher/server/version
[2026-07-30 09:46:11.724][Info][SPTarkov.Server.Logger.SptLoggerMiddleware] [客户端请求] /fika/update/ping
[2026-07-30 09:46:37.282][Info][SPTarkov.Server.Logger.SptLoggerMiddleware] [客户端请求] /launcher/profile/info
[2026-07-30 09:46:37.445][Info][SPTarkov.Server.Logger.SptLoggerMiddleware] [客户端请求] /launcher/server/version
[2026-07-30 09:46:41.728][Info][SPTarkov.Server.Logger.SptLoggerMiddleware] [客户端请求] /fika/update/ping
[2026-07-30 09:46:50.544][Info][SPTarkov.Server.Logger.SptLoggerMiddleware] [客户端请求] /launcher/profile/info
[2026-07-30 09:46:50.547][Info][SPTarkov.Server.Logger.SptLoggerMiddleware] [客户端请求] /launcher/server/version
[2026-07-30 09:46:53.775][Info][SPTarkov.Server.Logger.SptLoggerMiddleware] [客户端请求] /client/game/bot/generate
[2026-07-30 09:47:11.733][Info][SPTarkov.Server.Logger.SptLoggerMiddleware] [客户端请求] /fika/update/ping
[2026-07-30 09:47:31.946][Info][SPTarkov.Server.Logger.SptLoggerMiddleware] [客户端请求] /client/game/keepalive
[2026-07-30 09:47:37.273][Info][SPTarkov.Server.Logger.SptLoggerMiddleware] [客户端请求] /launcher/profile/info
[2026-07-30 09:47:37.434][Info][SPTarkov.Server.Logger.SptLoggerMiddleware] [客户端请求] /launcher/server/version
[2026-07-30 09:47:41.737][Info][SPTarkov.Server.Logger.SptLoggerMiddleware] [客户端请求] /fika/update/ping
[2026-07-30 09:47:50.553][Info][SPTarkov.Server.Logger.SptLoggerMiddleware] [客户端请求] /launcher/profile/info
[2026-07-30 09:47:50.556][Info][SPTarkov.Server.Logger.SptLoggerMiddleware] [客户端请求] /launcher/server/version
[2026-07-30 09:48:11.742][Info][SPTarkov.Server.Logger.SptLoggerMiddleware] [客户端请求] /fika/update/ping
[2026-07-30 09:48:37.266][Info][SPTarkov.Server.Logger.SptLoggerMiddleware] [客户端请求] /launcher/profile/info
[2026-07-30 09:48:37.427][Info][SPTarkov.Server.Logger.SptLoggerMiddleware] [客户端请求] /launcher/server/version
[2026-07-30 09:48:41.744][Info][SPTarkov.Server.Logger.SptLoggerMiddleware] [客户端请求] /fika/update/ping
[2026-07-30 09:48:50.543][Info][SPTarkov.Server.Logger.SptLoggerMiddleware] [客户端请求] /launcher/profile/info
[2026-07-30 09:48:50.547][Info][SPTarkov.Server.Logger.SptLoggerMiddleware] [客户端请求] /launcher/server/version
[2026-07-30 09:49:11.748][Info][SPTarkov.Server.Logger.SptLoggerMiddleware] [客户端请求] /fika/update/ping
[2026-07-30 09:49:13.884][Info][SPTarkov.Server.Logger.SptLoggerMiddleware] [客户端请求] /client/game/keepalive
[2026-07-30 09:49:37.275][Info][SPTarkov.Server.Logger.SptLoggerMiddleware] [客户端请求] /launcher/profile/info
[2026-07-30 09:49:37.430][Info][SPTarkov.Server.Logger.SptLoggerMiddleware] [客户端请求] /launcher/server/version
[2026-07-30 09:49:41.752][Info][SPTarkov.Server.Logger.SptLoggerMiddleware] [客户端请求] /fika/update/ping
[2026-07-30 09:49:50.553][Info][SPTarkov.Server.Logger.SptLoggerMiddleware] [客户端请求] /launcher/profile/info
[2026-07-30 09:49:50.556][Info][SPTarkov.Server.Logger.SptLoggerMiddleware] [客户端请求] /launcher/server/version
[2026-07-30 09:49:52.296][Info][SPTarkov.Server.Logger.SptLoggerMiddleware] [客户端请求] /client/game/keepalive
[2026-07-30 09:50:11.756][Info][SPTarkov.Server.Logger.SptLoggerMiddleware] [客户端请求] /fika/update/ping
[2026-07-30 09:50:37.256][Info][SPTarkov.Server.Logger.SptLoggerMiddleware] [客户端请求] /launcher/profile/info
[2026-07-30 09:50:37.413][Info][SPTarkov.Server.Logger.SptLoggerMiddleware] [客户端请求] /launcher/server/version
[2026-07-30 09:50:41.763][Info][SPTarkov.Server.Logger.SptLoggerMiddleware] [客户端请求] /fika/update/ping
[2026-07-30 09:50:50.550][Info][SPTarkov.Server.Logger.SptLoggerMiddleware] [客户端请求] /launcher/profile/info
[2026-07-30 09:50:50.554][Info][SPTarkov.Server.Logger.SptLoggerMiddleware] [客户端请求] /launcher/server/version
[2026-07-30 09:51:11.765][Info][SPTarkov.Server.Logger.SptLoggerMiddleware] [客户端请求] /fika/update/ping
[2026-07-30 09:51:33.992][Info][SPTarkov.Server.Logger.SptLoggerMiddleware] [客户端请求] /client/game/keepalive
[2026-07-30 09:51:37.246][Info][SPTarkov.Server.Logger.SptLoggerMiddleware] [客户端请求] /launcher/profile/info
[2026-07-30 09:51:37.403][Info][SPTarkov.Server.Logger.SptLoggerMiddleware] [客户端请求] /launcher/server/version
[2026-07-30 09:51:41.767][Info][SPTarkov.Server.Logger.SptLoggerMiddleware] [客户端请求] /fika/update/ping
[2026-07-30 09:51:50.544][Info][SPTarkov.Server.Logger.SptLoggerMiddleware] [客户端请求] /launcher/profile/info
[2026-07-30 09:51:50.546][Info][SPTarkov.Server.Logger.SptLoggerMiddleware] [客户端请求] /launcher/server/version
[2026-07-30 09:52:11.772][Info][SPTarkov.Server.Logger.SptLoggerMiddleware] [客户端请求] /fika/update/ping
[2026-07-30 09:52:12.646][Info][SPTarkov.Server.Logger.SptLoggerMiddleware] [客户端请求] /client/game/keepalive
[2026-07-30 09:52:37.253][Info][SPTarkov.Server.Logger.SptLoggerMiddleware] [客户端请求] /launcher/profile/info
[2026-07-30 09:52:37.412][Info][SPTarkov.Server.Logger.SptLoggerMiddleware] [客户端请求] /launcher/server/version
[2026-07-30 09:52:41.776][Info][SPTarkov.Server.Logger.SptLoggerMiddleware] [客户端请求] /fika/update/ping
[2026-07-30 09:52:50.549][Info][SPTarkov.Server.Logger.SptLoggerMiddleware] [客户端请求] /launcher/profile/info
[2026-07-30 09:52:50.551][Info][SPTarkov.Server.Logger.SptLoggerMiddleware] [客户端请求] /launcher/server/version
[2026-07-30 09:53:11.781][Info][SPTarkov.Server.Logger.SptLoggerMiddleware] [客户端请求] /fika/update/ping
[2026-07-30 09:53:37.246][Info][SPTarkov.Server.Logger.SptLoggerMiddleware] [客户端请求] /launcher/profile/info
[2026-07-30 09:53:37.403][Info][SPTarkov.Server.Logger.SptLoggerMiddleware] [客户端请求] /launcher/server/version
[2026-07-30 09:53:41.784][Info][SPTarkov.Server.Logger.SptLoggerMiddleware] [客户端请求] /fika/update/ping
[2026-07-30 09:53:50.552][Info][SPTarkov.Server.Logger.SptLoggerMiddleware] [客户端请求] /launcher/profile/info
[2026-07-30 09:53:50.554][Info][SPTarkov.Server.Logger.SptLoggerMiddleware] [客户端请求] /launcher/server/version
[2026-07-30 09:53:54.068][Info][SPTarkov.Server.Logger.SptLoggerMiddleware] [客户端请求] /client/game/keepalive
[2026-07-30 09:54:11.787][Info][SPTarkov.Server.Logger.SptLoggerMiddleware] [客户端请求] /fika/update/ping
[2026-07-30 09:54:32.985][Info][SPTarkov.Server.Logger.SptLoggerMiddleware] [客户端请求] /client/game/keepalive
[2026-07-30 09:54:37.240][Info][SPTarkov.Server.Logger.SptLoggerMiddleware] [客户端请求] /launcher/profile/info
[2026-07-30 09:54:37.399][Info][SPTarkov.Server.Logger.SptLoggerMiddleware] [客户端请求] /launcher/server/version
[2026-07-30 09:54:41.791][Info][SPTarkov.Server.Logger.SptLoggerMiddleware] [客户端请求] /fika/update/ping
[2026-07-30 09:54:50.542][Info][SPTarkov.Server.Logger.SptLoggerMiddleware] [客户端请求] /launcher/profile/info
[2026-07-30 09:54:50.546][Info][SPTarkov.Server.Logger.SptLoggerMiddleware] [客户端请求] /launcher/server/version
[2026-07-30 09:55:11.795][Info][SPTarkov.Server.Logger.SptLoggerMiddleware] [客户端请求] /fika/update/ping
[2026-07-30 09:55:37.224][Info][SPTarkov.Server.Logger.SptLoggerMiddleware] [客户端请求] /launcher/profile/info
[2026-07-30 09:55:37.383][Info][SPTarkov.Server.Logger.SptLoggerMiddleware] [客户端请求] /launcher/server/version
[2026-07-30 09:55:41.798][Info][SPTarkov.Server.Logger.SptLoggerMiddleware] [客户端请求] /fika/update/ping
[2026-07-30 09:55:50.540][Info][SPTarkov.Server.Logger.SptLoggerMiddleware] [客户端请求] /launcher/profile/info
[2026-07-30 09:55:50.543][Info][SPTarkov.Server.Logger.SptLoggerMiddleware] [客户端请求] /launcher/server/version
[2026-07-30 09:56:11.801][Info][SPTarkov.Server.Logger.SptLoggerMiddleware] [客户端请求] /fika/update/ping
[2026-07-30 09:56:14.159][Info][SPTarkov.Server.Logger.SptLoggerMiddleware] [客户端请求] /client/game/keepalive
[2026-07-30 09:56:37.227][Info][SPTarkov.Server.Logger.SptLoggerMiddleware] [客户端请求] /launcher/profile/info
[2026-07-30 09:56:37.385][Info][SPTarkov.Server.Logger.SptLoggerMiddleware] [客户端请求] /launcher/server/version
[2026-07-30 09:56:41.805][Info][SPTarkov.Server.Logger.SptLoggerMiddleware] [客户端请求] /fika/update/ping
[2026-07-30 09:56:50.553][Info][SPTarkov.Server.Logger.SptLoggerMiddleware] [客户端请求] /launcher/profile/info
[2026-07-30 09:56:50.556][Info][SPTarkov.Server.Logger.SptLoggerMiddleware] [客户端请求] /launcher/server/version
[2026-07-30 09:56:53.340][Info][SPTarkov.Server.Logger.SptLoggerMiddleware] [客户端请求] /client/game/keepalive
[2026-07-30 09:57:11.809][Info][SPTarkov.Server.Logger.SptLoggerMiddleware] [客户端请求] /fika/update/ping
[2026-07-30 09:57:37.222][Info][SPTarkov.Server.Logger.SptLoggerMiddleware] [客户端请求] /launcher/profile/info
[2026-07-30 09:57:37.385][Info][SPTarkov.Server.Logger.SptLoggerMiddleware] [客户端请求] /launcher/server/version
[2026-07-30 09:57:41.811][Info][SPTarkov.Server.Logger.SptLoggerMiddleware] [客户端请求] /fika/update/ping
[2026-07-30 09:57:50.547][Info][SPTarkov.Server.Logger.SptLoggerMiddleware] [客户端请求] /launcher/profile/info
[2026-07-30 09:57:50.551][Info][SPTarkov.Server.Logger.SptLoggerMiddleware] [客户端请求] /launcher/server/version
[2026-07-30 09:58:11.814][Info][SPTarkov.Server.Logger.SptLoggerMiddleware] [客户端请求] /fika/update/ping
[2026-07-30 09:58:34.300][Info][SPTarkov.Server.Logger.SptLoggerMiddleware] [客户端请求] /client/game/keepalive
[2026-07-30 09:58:37.216][Info][SPTarkov.Server.Logger.SptLoggerMiddleware] [客户端请求] /launcher/profile/info
[2026-07-30 09:58:37.374][Info][SPTarkov.Server.Logger.SptLoggerMiddleware] [客户端请求] /launcher/server/version
[2026-07-30 09:58:41.817][Info][SPTarkov.Server.Logger.SptLoggerMiddleware] [客户端请求] /fika/update/ping
[2026-07-30 09:58:50.544][Info][SPTarkov.Server.Logger.SptLoggerMiddleware] [客户端请求] /launcher/profile/info
[2026-07-30 09:58:50.546][Info][SPTarkov.Server.Logger.SptLoggerMiddleware] [客户端请求] /launcher/server/version
[2026-07-30 09:59:11.822][Info][SPTarkov.Server.Logger.SptLoggerMiddleware] [客户端请求] /fika/update/ping
[2026-07-30 09:59:13.690][Info][SPTarkov.Server.Logger.SptLoggerMiddleware] [客户端请求] /client/game/keepalive
[2026-07-30 09:59:37.213][Info][SPTarkov.Server.Logger.SptLoggerMiddleware] [客户端请求] /launcher/profile/info
[2026-07-30 09:59:37.369][Info][SPTarkov.Server.Logger.SptLoggerMiddleware] [客户端请求] /launcher/server/version
[2026-07-30 09:59:41.826][Info][SPTarkov.Server.Logger.SptLoggerMiddleware] [客户端请求] /fika/update/ping
[2026-07-30 09:59:50.552][Info][SPTarkov.Server.Logger.SptLoggerMiddleware] [客户端请求] /launcher/profile/info
[2026-07-30 09:59:50.554][Info][SPTarkov.Server.Logger.SptLoggerMiddleware] [客户端请求] /launcher/server/version
[2026-07-30 10:00:11.830][Info][SPTarkov.Server.Logger.SptLoggerMiddleware] [客户端请求] /fika/update/ping
[2026-07-30 10:00:37.210][Info][SPTarkov.Server.Logger.SptLoggerMiddleware] [客户端请求] /launcher/profile/info
[2026-07-30 10:00:37.368][Info][SPTarkov.Server.Logger.SptLoggerMiddleware] [客户端请求] /launcher/server/version
[2026-07-30 10:00:41.835][Info][SPTarkov.Server.Logger.SptLoggerMiddleware] [客户端请求] /fika/update/ping
[2026-07-30 10:00:50.550][Info][SPTarkov.Server.Logger.SptLoggerMiddleware] [客户端请求] /launcher/profile/info
[2026-07-30 10:00:50.552][Info][SPTarkov.Server.Logger.SptLoggerMiddleware] [客户端请求] /launcher/server/version
[2026-07-30 10:00:54.478][Info][SPTarkov.Server.Logger.SptLoggerMiddleware] [客户端请求] /client/game/keepalive
[2026-07-30 10:01:11.890][Info][SPTarkov.Server.Logger.SptLoggerMiddleware] [客户端请求] /fika/update/ping
[2026-07-30 10:01:34.050][Info][SPTarkov.Server.Logger.SptLoggerMiddleware] [客户端请求] /client/game/keepalive
[2026-07-30 10:01:37.199][Info][SPTarkov.Server.Logger.SptLoggerMiddleware] [客户端请求] /launcher/profile/info
[2026-07-30 10:01:37.360][Info][SPTarkov.Server.Logger.SptLoggerMiddleware] [客户端请求] /launcher/server/version
[2026-07-30 10:01:41.892][Info][SPTarkov.Server.Logger.SptLoggerMiddleware] [客户端请求] /fika/update/ping
[2026-07-30 10:01:50.547][Info][SPTarkov.Server.Logger.SptLoggerMiddleware] [客户端请求] /launcher/profile/info
[2026-07-30 10:01:50.549][Info][SPTarkov.Server.Logger.SptLoggerMiddleware] [客户端请求] /launcher/server/version
[2026-07-30 10:02:11.895][Info][SPTarkov.Server.Logger.SptLoggerMiddleware] [客户端请求] /fika/update/ping
[2026-07-30 10:02:20.691][Info][SPTarkov.Server.Logger.SptLoggerMiddleware] [客户端请求] /singleplayer/settings/bot/getBotBehaviours/
[2026-07-30 10:02:37.202][Info][SPTarkov.Server.Logger.SptLoggerMiddleware] [客户端请求] /launcher/profile/info
[2026-07-30 10:02:37.360][Info][SPTarkov.Server.Logger.SptLoggerMiddleware] [客户端请求] /launcher/server/version
[2026-07-30 10:02:41.898][Info][SPTarkov.Server.Logger.SptLoggerMiddleware] [客户端请求] /fika/update/ping
[2026-07-30 10:02:50.548][Info][SPTarkov.Server.Logger.SptLoggerMiddleware] [客户端请求] /launcher/profile/info
[2026-07-30 10:02:50.551][Info][SPTarkov.Server.Logger.SptLoggerMiddleware] [客户端请求] /launcher/server/version
[2026-07-30 10:03:11.900][Info][SPTarkov.Server.Logger.SptLoggerMiddleware] [客户端请求] /fika/update/ping
[2026-07-30 10:03:14.555][Info][SPTarkov.Server.Logger.SptLoggerMiddleware] [客户端请求] /client/game/keepalive
[2026-07-30 10:03:37.194][Info][SPTarkov.Server.Logger.SptLoggerMiddleware] [客户端请求] /launcher/profile/info
[2026-07-30 10:03:37.358][Info][SPTarkov.Server.Logger.SptLoggerMiddleware] [客户端请求] /launcher/server/version
[2026-07-30 10:03:41.903][Info][SPTarkov.Server.Logger.SptLoggerMiddleware] [客户端请求] /fika/update/ping
[2026-07-30 10:03:50.539][Info][SPTarkov.Server.Logger.SptLoggerMiddleware] [客户端请求] /launcher/profile/info
[2026-07-30 10:03:50.541][Info][SPTarkov.Server.Logger.SptLoggerMiddleware] [客户端请求] /launcher/server/version
[2026-07-30 10:03:54.403][Info][SPTarkov.Server.Logger.SptLoggerMiddleware] [客户端请求] /client/game/keepalive
[2026-07-30 10:04:11.905][Info][SPTarkov.Server.Logger.SptLoggerMiddleware] [客户端请求] /fika/update/ping
[2026-07-30 10:04:37.175][Info][SPTarkov.Server.Logger.SptLoggerMiddleware] [客户端请求] /launcher/profile/info
[2026-07-30 10:04:37.340][Info][SPTarkov.Server.Logger.SptLoggerMiddleware] [客户端请求] /launcher/server/version
[2026-07-30 10:04:41.909][Info][SPTarkov.Server.Logger.SptLoggerMiddleware] [客户端请求] /fika/update/ping
[2026-07-30 10:04:50.548][Info][SPTarkov.Server.Logger.SptLoggerMiddleware] [客户端请求] /launcher/profile/info
[2026-07-30 10:04:50.550][Info][SPTarkov.Server.Logger.SptLoggerMiddleware] [客户端请求] /launcher/server/version
[2026-07-30 10:05:11.927][Info][SPTarkov.Server.Logger.SptLoggerMiddleware] [客户端请求] /fika/update/ping
[2026-07-30 10:05:34.640][Info][SPTarkov.Server.Logger.SptLoggerMiddleware] [客户端请求] /client/game/keepalive
[2026-07-30 10:05:37.169][Info][SPTarkov.Server.Logger.SptLoggerMiddleware] [客户端请求] /launcher/profile/info
[2026-07-30 10:05:37.327][Info][SPTarkov.Server.Logger.SptLoggerMiddleware] [客户端请求] /launcher/server/version
[2026-07-30 10:05:41.930][Info][SPTarkov.Server.Logger.SptLoggerMiddleware] [客户端请求] /fika/update/ping
[2026-07-30 10:05:50.546][Info][SPTarkov.Server.Logger.SptLoggerMiddleware] [客户端请求] /launcher/profile/info
[2026-07-30 10:05:50.547][Info][SPTarkov.Server.Logger.SptLoggerMiddleware] [客户端请求] /launcher/server/version
[2026-07-30 10:06:11.936][Info][SPTarkov.Server.Logger.SptLoggerMiddleware] [客户端请求] /fika/update/ping
[2026-07-30 10:06:14.753][Info][SPTarkov.Server.Logger.SptLoggerMiddleware] [客户端请求] /client/game/keepalive
[2026-07-30 10:06:37.161][Info][SPTarkov.Server.Logger.SptLoggerMiddleware] [客户端请求] /launcher/profile/info
[2026-07-30 10:06:37.335][Info][SPTarkov.Server.Logger.SptLoggerMiddleware] [客户端请求] /launcher/server/version
[2026-07-30 10:06:41.939][Info][SPTarkov.Server.Logger.SptLoggerMiddleware] [客户端请求] /fika/update/ping
[2026-07-30 10:06:50.544][Info][SPTarkov.Server.Logger.SptLoggerMiddleware] [客户端请求] /launcher/profile/info
[2026-07-30 10:06:50.546][Info][SPTarkov.Server.Logger.SptLoggerMiddleware] [客户端请求] /launcher/server/version
[2026-07-30 10:07:11.942][Info][SPTarkov.Server.Logger.SptLoggerMiddleware] [客户端请求] /fika/update/ping
[2026-07-30 10:07:37.160][Info][SPTarkov.Server.Logger.SptLoggerMiddleware] [客户端请求] /launcher/profile/info
[2026-07-30 10:07:37.330][Info][SPTarkov.Server.Logger.SptLoggerMiddleware] [客户端请求] /launcher/server/version
[2026-07-30 10:07:41.945][Info][SPTarkov.Server.Logger.SptLoggerMiddleware] [客户端请求] /fika/update/ping
[2026-07-30 10:07:50.542][Info][SPTarkov.Server.Logger.SptLoggerMiddleware] [客户端请求] /launcher/profile/info
[2026-07-30 10:07:50.544][Info][SPTarkov.Server.Logger.SptLoggerMiddleware] [客户端请求] /launcher/server/version
[2026-07-30 10:07:54.730][Info][SPTarkov.Server.Logger.SptLoggerMiddleware] [客户端请求] /client/game/keepalive
[2026-07-30 10:08:11.947][Info][SPTarkov.Server.Logger.SptLoggerMiddleware] [客户端请求] /fika/update/ping
[2026-07-30 10:08:35.107][Info][SPTarkov.Server.Logger.SptLoggerMiddleware] [客户端请求] /client/game/keepalive
[2026-07-30 10:08:37.168][Info][SPTarkov.Server.Logger.SptLoggerMiddleware] [客户端请求] /launcher/profile/info
[2026-07-30 10:08:37.326][Info][SPTarkov.Server.Logger.SptLoggerMiddleware] [客户端请求] /launcher/server/version
[2026-07-30 10:08:41.950][Info][SPTarkov.Server.Logger.SptLoggerMiddleware] [客户端请求] /fika/update/ping
[2026-07-30 10:08:50.546][Info][SPTarkov.Server.Logger.SptLoggerMiddleware] [客户端请求] /launcher/profile/info
[2026-07-30 10:08:50.548][Info][SPTarkov.Server.Logger.SptLoggerMiddleware] [客户端请求] /launcher/server/version
[2026-07-30 10:09:11.956][Info][SPTarkov.Server.Logger.SptLoggerMiddleware] [客户端请求] /fika/update/ping
[2026-07-30 10:09:37.153][Info][SPTarkov.Server.Logger.SptLoggerMiddleware] [客户端请求] /launcher/profile/info
[2026-07-30 10:09:37.313][Info][SPTarkov.Server.Logger.SptLoggerMiddleware] [客户端请求] /launcher/server/version
[2026-07-30 10:09:39.494][Info][SPTarkov.Server.Logger.SptLoggerMiddleware] [客户端请求] /client/airdrop/loot
[2026-07-30 10:09:41.960][Info][SPTarkov.Server.Logger.SptLoggerMiddleware] [客户端请求] /fika/update/ping
[2026-07-30 10:09:50.540][Info][SPTarkov.Server.Logger.SptLoggerMiddleware] [客户端请求] /launcher/profile/info
[2026-07-30 10:09:50.541][Info][SPTarkov.Server.Logger.SptLoggerMiddleware] [客户端请求] /launcher/server/version
[2026-07-30 10:10:11.962][Info][SPTarkov.Server.Logger.SptLoggerMiddleware] [客户端请求] /fika/update/ping
[2026-07-30 10:10:37.150][Info][SPTarkov.Server.Logger.SptLoggerMiddleware] [客户端请求] /launcher/profile/info
[2026-07-30 10:10:37.308][Info][SPTarkov.Server.Logger.SptLoggerMiddleware] [客户端请求] /launcher/server/version
[2026-07-30 10:10:41.964][Info][SPTarkov.Server.Logger.SptLoggerMiddleware] [客户端请求] /fika/update/ping
[2026-07-30 10:10:50.548][Info][SPTarkov.Server.Logger.SptLoggerMiddleware] [客户端请求] /launcher/profile/info
[2026-07-30 10:10:50.550][Info][SPTarkov.Server.Logger.SptLoggerMiddleware] [客户端请求] /launcher/server/version
[2026-07-30 10:10:55.443][Info][SPTarkov.Server.Logger.SptLoggerMiddleware] [客户端请求] /client/game/keepalive
[2026-07-30 10:11:11.967][Info][SPTarkov.Server.Logger.SptLoggerMiddleware] [客户端请求] /fika/update/ping
[2026-07-30 10:11:37.139][Info][SPTarkov.Server.Logger.SptLoggerMiddleware] [客户端请求] /launcher/profile/info
[2026-07-30 10:11:37.294][Info][SPTarkov.Server.Logger.SptLoggerMiddleware] [客户端请求] /launcher/server/version
[2026-07-30 10:11:41.971][Info][SPTarkov.Server.Logger.SptLoggerMiddleware] [客户端请求] /fika/update/ping
[2026-07-30 10:11:50.545][Info][SPTarkov.Server.Logger.SptLoggerMiddleware] [客户端请求] /launcher/profile/info
[2026-07-30 10:11:50.547][Info][SPTarkov.Server.Logger.SptLoggerMiddleware] [客户端请求] /launcher/server/version
[2026-07-30 10:11:59.606][Info][SPTarkov.Server.Logger.SptLoggerMiddleware] [客户端请求] /client/game/keepalive
[2026-07-30 10:12:11.974][Info][SPTarkov.Server.Logger.SptLoggerMiddleware] [客户端请求] /fika/update/ping
[2026-07-30 10:12:37.129][Info][SPTarkov.Server.Logger.SptLoggerMiddleware] [客户端请求] /launcher/profile/info
[2026-07-30 10:12:37.287][Info][SPTarkov.Server.Logger.SptLoggerMiddleware] [客户端请求] /launcher/server/version
[2026-07-30 10:12:41.977][Info][SPTarkov.Server.Logger.SptLoggerMiddleware] [客户端请求] /fika/update/ping
[2026-07-30 10:12:50.544][Info][SPTarkov.Server.Logger.SptLoggerMiddleware] [客户端请求] /launcher/profile/info
[2026-07-30 10:12:50.546][Info][SPTarkov.Server.Logger.SptLoggerMiddleware] [客户端请求] /launcher/server/version
[2026-07-30 10:13:11.981][Info][SPTarkov.Server.Logger.SptLoggerMiddleware] [客户端请求] /fika/update/ping
[2026-07-30 10:13:15.779][Info][SPTarkov.Server.Logger.SptLoggerMiddleware] [客户端请求] /client/game/keepalive
[2026-07-30 10:13:37.134][Info][SPTarkov.Server.Logger.SptLoggerMiddleware] [客户端请求] /launcher/profile/info
[2026-07-30 10:13:37.291][Info][SPTarkov.Server.Logger.SptLoggerMiddleware] [客户端请求] /launcher/server/version
[2026-07-30 10:13:41.983][Info][SPTarkov.Server.Logger.SptLoggerMiddleware] [客户端请求] /fika/update/ping
[2026-07-30 10:13:50.545][Info][SPTarkov.Server.Logger.SptLoggerMiddleware] [客户端请求] /launcher/profile/info
[2026-07-30 10:13:50.548][Info][SPTarkov.Server.Logger.SptLoggerMiddleware] [客户端请求] /launcher/server/version
[2026-07-30 10:14:11.986][Info][SPTarkov.Server.Logger.SptLoggerMiddleware] [客户端请求] /fika/update/ping
[2026-07-30 10:14:19.653][Info][SPTarkov.Server.Logger.SptLoggerMiddleware] [客户端请求] /client/game/keepalive
[2026-07-30 10:14:37.129][Info][SPTarkov.Server.Logger.SptLoggerMiddleware] [客户端请求] /launcher/profile/info
[2026-07-30 10:14:37.286][Info][SPTarkov.Server.Logger.SptLoggerMiddleware] [客户端请求] /launcher/server/version
[2026-07-30 10:14:41.989][Info][SPTarkov.Server.Logger.SptLoggerMiddleware] [客户端请求] /fika/update/ping
[2026-07-30 10:14:50.544][Info][SPTarkov.Server.Logger.SptLoggerMiddleware] [客户端请求] /launcher/profile/info
[2026-07-30 10:14:50.546][Info][SPTarkov.Server.Logger.SptLoggerMiddleware] [客户端请求] /launcher/server/version
[2026-07-30 10:15:11.992][Info][SPTarkov.Server.Logger.SptLoggerMiddleware] [客户端请求] /fika/update/ping
[2026-07-30 10:15:36.115][Info][SPTarkov.Server.Logger.SptLoggerMiddleware] [客户端请求] /client/game/keepalive
[2026-07-30 10:15:37.116][Info][SPTarkov.Server.Logger.SptLoggerMiddleware] [客户端请求] /launcher/profile/info
[2026-07-30 10:15:37.279][Info][SPTarkov.Server.Logger.SptLoggerMiddleware] [客户端请求] /launcher/server/version
[2026-07-30 10:15:41.996][Info][SPTarkov.Server.Logger.SptLoggerMiddleware] [客户端请求] /fika/update/ping
[2026-07-30 10:15:50.550][Info][SPTarkov.Server.Logger.SptLoggerMiddleware] [客户端请求] /launcher/profile/info
[2026-07-30 10:15:50.551][Info][SPTarkov.Server.Logger.SptLoggerMiddleware] [客户端请求] /launcher/server/version
[2026-07-30 10:16:12.000][Info][SPTarkov.Server.Logger.SptLoggerMiddleware] [客户端请求] /fika/update/ping
[2026-07-30 10:16:37.113][Info][SPTarkov.Server.Logger.SptLoggerMiddleware] [客户端请求] /launcher/profile/info
[2026-07-30 10:16:37.273][Info][SPTarkov.Server.Logger.SptLoggerMiddleware] [客户端请求] /launcher/server/version
[2026-07-30 10:16:39.724][Info][SPTarkov.Server.Logger.SptLoggerMiddleware] [客户端请求] /client/game/keepalive
[2026-07-30 10:16:42.002][Info][SPTarkov.Server.Logger.SptLoggerMiddleware] [客户端请求] /fika/update/ping
[2026-07-30 10:16:50.542][Info][SPTarkov.Server.Logger.SptLoggerMiddleware] [客户端请求] /launcher/profile/info
[2026-07-30 10:16:50.544][Info][SPTarkov.Server.Logger.SptLoggerMiddleware] [客户端请求] /launcher/server/version
[2026-07-30 10:17:12.004][Info][SPTarkov.Server.Logger.SptLoggerMiddleware] [客户端请求] /fika/update/ping
[2026-07-30 10:17:37.110][Info][SPTarkov.Server.Logger.SptLoggerMiddleware] [客户端请求] /launcher/profile/info
[2026-07-30 10:17:37.271][Info][SPTarkov.Server.Logger.SptLoggerMiddleware] [客户端请求] /launcher/server/version
[2026-07-30 10:17:42.009][Info][SPTarkov.Server.Logger.SptLoggerMiddleware] [客户端请求] /fika/update/ping
[2026-07-30 10:17:50.550][Info][SPTarkov.Server.Logger.SptLoggerMiddleware] [客户端请求] /launcher/profile/info
[2026-07-30 10:17:50.551][Info][SPTarkov.Server.Logger.SptLoggerMiddleware] [客户端请求] /launcher/server/version
[2026-07-30 10:17:56.482][Info][SPTarkov.Server.Logger.SptLoggerMiddleware] [客户端请求] /client/game/keepalive
[2026-07-30 10:18:12.016][Info][SPTarkov.Server.Logger.SptLoggerMiddleware] [客户端请求] /fika/update/ping
[2026-07-30 10:18:34.324][Info][SPTarkov.Server.Logger.SptLoggerMiddleware] [客户端请求] /singleplayer/settings/bot/getBotBehaviours/
[2026-07-30 10:18:37.099][Info][SPTarkov.Server.Logger.SptLoggerMiddleware] [客户端请求] /launcher/profile/info
[2026-07-30 10:18:37.254][Info][SPTarkov.Server.Logger.SptLoggerMiddleware] [客户端请求] /launcher/server/version
[2026-07-30 10:18:42.019][Info][SPTarkov.Server.Logger.SptLoggerMiddleware] [客户端请求] /fika/update/ping
[2026-07-30 10:18:42.402][Info][SPTarkov.Server.Logger.SptLoggerMiddleware] [客户端请求] /client/match/local/end
[2026-07-30 10:18:43.343][Info][SPTarkov.Server.Logger.SptLoggerMiddleware] [客户端请求] /fika/raid/leave
[2026-07-30 10:18:50.245][Info][SPTarkov.Server.Logger.SptLoggerMiddleware] [WebSocket 请求] /notifierServer/getwebsocket/69802d793401cb1dcc190aae
[2026-07-30 10:18:50.251][Info][SPTarkov.Server.Core.Servers.Ws.SptWebSocketConnectionHandler] [WS] 玩家：Maxryuki (69802d793401cb1dcc190aae) 20260730101850250 已连接
[2026-07-30 10:18:50.540][Info][SPTarkov.Server.Logger.SptLoggerMiddleware] [客户端请求] /launcher/profile/info
[2026-07-30 10:18:50.541][Info][SPTarkov.Server.Logger.SptLoggerMiddleware] [客户端请求] /launcher/server/version
[2026-07-30 10:18:53.526][Info][SPTarkov.Server.Logger.SptLoggerMiddleware] [客户端请求] /botplacementsystem/save
[2026-07-30 10:18:55.007][Info][SPTarkov.Server.Logger.SptLoggerMiddleware] [客户端请求] /client/match/local/end
[2026-07-30 10:18:55.146][Info][SPTarkov.Server.Logger.SptLoggerMiddleware] [客户端请求] /fika/raid/leave
[2026-07-30 10:18:55.148][Info][FikaServer.Services.MatchService] Coop session 68f79277575e002bfcf5a4a1 has ended HostShutdown
[2026-07-30 10:18:55.150][Info][FikaServer.Services.MatchService] Deleted match [68f79277575e002bfcf5a4a1]
[2026-07-30 10:18:58.523][Info][SPTarkov.Server.Logger.SptLoggerMiddleware] [客户端请求] /client/game/profile/list
[2026-07-30 10:19:00.705][Info][SPTarkov.Server.Logger.SptLoggerMiddleware] [WebSocket 请求] /notifierServer/getwebsocket/68f79277575e002bfcf5a4a1
[2026-07-30 10:19:00.706][Info][SPTarkov.Server.Core.Servers.Ws.SptWebSocketConnectionHandler] [WS] 玩家：JúnioR (68f79277575e002bfcf5a4a1) 20260730101900705 已连接
[2026-07-30 10:19:01.393][Info][SPTarkov.Server.Logger.SptLoggerMiddleware] [客户端请求] /client/game/profile/select
[2026-07-30 10:19:01.730][Info][SPTarkov.Server.Logger.SptLoggerMiddleware] [客户端请求] /client/profile/status
[2026-07-30 10:19:02.107][Info][SPTarkov.Server.Logger.SptLoggerMiddleware] [客户端请求] /client/quest/list
[2026-07-30 10:19:04.955][Info][SPTarkov.Server.Logger.SptLoggerMiddleware] [客户端请求] /client/achievement/statistic
[2026-07-30 10:19:05.305][Info][SPTarkov.Server.Logger.SptLoggerMiddleware] [客户端请求] /client/achievement/list
[2026-07-30 10:19:06.006][Info][SPTarkov.Server.Logger.SptLoggerMiddleware] [客户端请求] /client/repeatalbeQuests/activityPeriods
[2026-07-30 10:19:08.624][Info][SPTarkov.Server.Logger.SptLoggerMiddleware] [客户端请求] /client/game/profile/list
[2026-07-30 10:19:09.533][Info][SPTarkov.Server.Logger.SptLoggerMiddleware] [客户端请求] /client/game/profile/select
[2026-07-30 10:19:09.560][Info][SPTarkov.Server.Logger.SptLoggerMiddleware] [客户端请求] /client/profile/status
[2026-07-30 10:19:09.600][Info][SPTarkov.Server.Logger.SptLoggerMiddleware] [客户端请求] /client/quest/list
[2026-07-30 10:19:10.036][Info][SPTarkov.Server.Logger.SptLoggerMiddleware] [客户端请求] /client/achievement/statistic
[2026-07-30 10:19:10.063][Info][SPTarkov.Server.Logger.SptLoggerMiddleware] [客户端请求] /client/achievement/list
[2026-07-30 10:19:10.200][Info][SPTarkov.Server.Logger.SptLoggerMiddleware] [客户端请求] /client/repeatalbeQuests/activityPeriods
[2026-07-30 10:19:23.651][Info][SPTarkov.Server.Logger.SptLoggerMiddleware] [客户端请求] /client/items
[2026-07-30 10:19:28.378][Info][SPTarkov.Server.Logger.SptLoggerMiddleware] [客户端请求] /client/globals
[2026-07-30 10:19:28.378][Info][SPTarkov.Server.Logger.SptLoggerMiddleware] [客户端请求] /client/prestige/list
[2026-07-30 10:19:28.391][Info][SPTarkov.Server.Logger.SptLoggerMiddleware] [客户端请求] /client/trading/api/traderSettings
[2026-07-30 10:19:28.391][Info][SPTarkov.Server.Logger.SptLoggerMiddleware] [客户端请求] /client/customization
[2026-07-30 10:19:28.391][Info][SPTarkov.Server.Logger.SptLoggerMiddleware] [客户端请求] /client/settings
[2026-07-30 10:19:28.570][Info][SPTarkov.Server.Logger.SptLoggerMiddleware] [客户端请求] /client/customization/storage
[2026-07-30 10:19:28.824][Info][SPTarkov.Server.Logger.SptLoggerMiddleware] [客户端请求] /client/dialogue
[2026-07-30 10:19:28.825][Info][SPTarkov.Server.Logger.SptLoggerMiddleware] [客户端请求] /client/game/profile/list
[2026-07-30 10:19:30.136][Info][SPTarkov.Server.Logger.SptLoggerMiddleware] [客户端请求] /client/game/profile/select
[2026-07-30 10:19:30.204][Info][SPTarkov.Server.Logger.SptLoggerMiddleware] [客户端请求] /client/profile/status
[2026-07-30 10:19:30.266][Info][SPTarkov.Server.Logger.SptLoggerMiddleware] [客户端请求] /client/handbook/templates
[2026-07-30 10:19:31.796][Info][SPTarkov.Server.Logger.SptLoggerMiddleware] [客户端请求] /client/builds/list
[2026-07-30 10:19:32.136][Info][SPTarkov.Server.Logger.SptLoggerMiddleware] [客户端请求] /botplacementsystem/load
[2026-07-30 10:19:32.143][Info][SPTarkov.Server.Logger.SptLoggerMiddleware] [客户端请求] /weaponcustomizer/load
[2026-07-30 10:19:34.070][Info][SPTarkov.Server.Core.Servers.Ws.SptWebSocketConnectionHandler] [ws] player: JúnioR (68f79277575e002bfcf5a4a1) 20260730101900705 has disconnected
[2026-07-30 10:19:34.932][Info][SPTarkov.Server.Logger.SptLoggerMiddleware] [客户端请求] /client/locations
[2026-07-30 10:19:34.935][Info][SPTarkov.Server.Logger.SptLoggerMiddleware] [客户端请求] /client/profile/status
[2026-07-30 10:19:34.947][Info][SPTarkov.Server.Logger.SptLoggerMiddleware] [客户端请求] /client/weather
[2026-07-30 10:19:34.947][Info][SPTarkov.Server.Logger.SptLoggerMiddleware] [客户端请求] /client/locale/ch
[2026-07-30 10:19:34.948][Info][SPTarkov.Server.Logger.SptLoggerMiddleware] [客户端请求] /client/notifier/channel/create
[2026-07-30 10:19:35.087][Info][SPTarkov.Server.Logger.SptLoggerMiddleware] [客户端请求] /client/hideout/areas
[2026-07-30 10:19:35.087][Info][SPTarkov.Server.Logger.SptLoggerMiddleware] [客户端请求] /client/hideout/settings
[2026-07-30 10:19:35.088][Info][SPTarkov.Server.Logger.SptLoggerMiddleware] [客户端请求] /client/hideout/customization/offer/list
[2026-07-30 10:19:35.088][Info][SPTarkov.Server.Logger.SptLoggerMiddleware] [客户端请求] /client/hideout/qte/list
[2026-07-30 10:19:35.092][Info][SPTarkov.Server.Logger.SptLoggerMiddleware] [客户端请求] /client/hideout/production/recipes
[2026-07-30 10:19:35.163][Info][SPTarkov.Server.Logger.SptLoggerMiddleware] [WebSocket 请求] /notifierServer/getwebsocket/68f79277575e002bfcf5a4a1
[2026-07-30 10:19:35.164][Info][SPTarkov.Server.Core.Servers.Ws.SptWebSocketConnectionHandler] [WS] 玩家：JúnioR (68f79277575e002bfcf5a4a1) 20260730101935163 已连接
[2026-07-30 10:19:37.102][Info][SPTarkov.Server.Logger.SptLoggerMiddleware] [客户端请求] /launcher/profile/info
[2026-07-30 10:19:37.259][Info][SPTarkov.Server.Logger.SptLoggerMiddleware] [客户端请求] /launcher/server/version
[2026-07-30 10:19:39.559][Info][SPTarkov.Server.Logger.SptLoggerMiddleware] [客户端请求] /client/match/group/current
[2026-07-30 10:19:39.570][Info][SPTarkov.Server.Logger.SptLoggerMiddleware] [客户端请求] /client/server/list
[2026-07-30 10:19:39.571][Info][SPTarkov.Server.Logger.SptLoggerMiddleware] [客户端请求] /client/friend/request/list/inbox
[2026-07-30 10:19:39.571][Info][SPTarkov.Server.Logger.SptLoggerMiddleware] [客户端请求] /client/friend/list
[2026-07-30 10:19:39.582][Info][SPTarkov.Server.Logger.SptLoggerMiddleware] [客户端请求] /client/mail/dialog/list
[2026-07-30 10:19:39.583][Info][SPTarkov.Server.Logger.SptLoggerMiddleware] [客户端请求] /client/quest/list
[2026-07-30 10:19:39.583][Info][SPTarkov.Server.Logger.SptLoggerMiddleware] [客户端请求] /client/friend/request/list/outbox
[2026-07-30 10:19:39.848][Info][SPTarkov.Server.Logger.SptLoggerMiddleware] [客户端请求] /client/achievement/statistic
[2026-07-30 10:19:39.894][Info][SPTarkov.Server.Logger.SptLoggerMiddleware] [客户端请求] /client/achievement/list
[2026-07-30 10:19:40.063][Info][SPTarkov.Server.Logger.SptLoggerMiddleware] [客户端请求] /client/repeatalbeQuests/activityPeriods
[2026-07-30 10:19:40.168][Info][SPTarkov.Server.Logger.SptLoggerMiddleware] [客户端请求] /client/survey
[2026-07-30 10:19:40.530][Info][SPTarkov.Server.Logger.SptLoggerMiddleware] [客户端请求] /fika/presence/set
[2026-07-30 10:19:40.700][Info][SPTarkov.Server.Logger.SptLoggerMiddleware] [客户端请求] /fika/presence/get
[2026-07-30 10:19:44.472][Info][SPTarkov.Server.Logger.SptLoggerMiddleware] [客户端请求] /fika/presence/set
[2026-07-30 10:19:50.553][Info][SPTarkov.Server.Logger.SptLoggerMiddleware] [客户端请求] /launcher/profile/info
[2026-07-30 10:19:50.554][Info][SPTarkov.Server.Logger.SptLoggerMiddleware] [客户端请求] /launcher/server/version
[2026-07-30 10:19:50.772][Info][SPTarkov.Server.Logger.SptLoggerMiddleware] [客户端请求] /client/items
[2026-07-30 10:20:01.804][Info][SPTarkov.Server.Logger.SptLoggerMiddleware] [客户端请求] /client/customization
[2026-07-30 10:20:01.816][Info][SPTarkov.Server.Logger.SptLoggerMiddleware] [客户端请求] /client/trading/api/traderSettings
[2026-07-30 10:20:01.820][Info][SPTarkov.Server.Logger.SptLoggerMiddleware] [客户端请求] /client/globals
[2026-07-30 10:20:01.826][Info][SPTarkov.Server.Logger.SptLoggerMiddleware] [客户端请求] /client/settings
[2026-07-30 10:20:01.828][Info][SPTarkov.Server.Logger.SptLoggerMiddleware] [客户端请求] /client/prestige/list
[2026-07-30 10:20:02.538][Info][SPTarkov.Server.Logger.SptLoggerMiddleware] [客户端请求] /client/customization/storage
[2026-07-30 10:20:03.222][Info][SPTarkov.Server.Logger.SptLoggerMiddleware] [客户端请求] /client/dialogue
[2026-07-30 10:20:03.231][Info][SPTarkov.Server.Logger.SptLoggerMiddleware] [客户端请求] /client/game/profile/list
[2026-07-30 10:20:05.911][Info][SPTarkov.Server.Logger.SptLoggerMiddleware] [客户端请求] /client/game/profile/select
[2026-07-30 10:20:06.287][Info][SPTarkov.Server.Logger.SptLoggerMiddleware] [客户端请求] /client/profile/status
[2026-07-30 10:20:06.656][Info][SPTarkov.Server.Logger.SptLoggerMiddleware] [客户端请求] /client/handbook/templates
[2026-07-30 10:20:09.421][Info][SPTarkov.Server.Logger.SptLoggerMiddleware] [客户端请求] /client/builds/list
[2026-07-30 10:20:09.801][Info][SPTarkov.Server.Logger.SptLoggerMiddleware] [客户端请求] /weaponcustomizer/load
[2026-07-30 10:20:11.074][Info][SPTarkov.Server.Core.Servers.Ws.SptWebSocketConnectionHandler] [ws] player: Maxryuki (69802d793401cb1dcc190aae) 20260730101850250 has disconnected
[2026-07-30 10:20:12.648][Info][SPTarkov.Server.Logger.SptLoggerMiddleware] [客户端请求] /client/notifier/channel/create
[2026-07-30 10:20:12.659][Info][SPTarkov.Server.Logger.SptLoggerMiddleware] [客户端请求] /client/profile/status
[2026-07-30 10:20:12.665][Info][SPTarkov.Server.Logger.SptLoggerMiddleware] [客户端请求] /client/locale/ch
[2026-07-30 10:20:12.666][Info][SPTarkov.Server.Logger.SptLoggerMiddleware] [客户端请求] /client/locations
[2026-07-30 10:20:12.669][Info][SPTarkov.Server.Logger.SptLoggerMiddleware] [客户端请求] /client/weather
[2026-07-30 10:20:12.710][Info][SPTarkov.Server.Logger.SptLoggerMiddleware] [客户端请求] /client/hideout/areas
[2026-07-30 10:20:12.710][Info][SPTarkov.Server.Logger.SptLoggerMiddleware] [客户端请求] /client/hideout/settings
[2026-07-30 10:20:12.716][Info][SPTarkov.Server.Logger.SptLoggerMiddleware] [客户端请求] /client/hideout/customization/offer/list
[2026-07-30 10:20:12.719][Info][SPTarkov.Server.Logger.SptLoggerMiddleware] [客户端请求] /client/hideout/qte/list
[2026-07-30 10:20:12.721][Info][SPTarkov.Server.Logger.SptLoggerMiddleware] [客户端请求] /client/hideout/production/recipes
[2026-07-30 10:20:12.999][Info][SPTarkov.Server.Logger.SptLoggerMiddleware] [WebSocket 请求] /notifierServer/getwebsocket/69802d793401cb1dcc190aae
[2026-07-30 10:20:12.999][Info][SPTarkov.Server.Core.Servers.Ws.SptWebSocketConnectionHandler] [WS] 玩家：Maxryuki (69802d793401cb1dcc190aae) 20260730102012999 已连接
[2026-07-30 10:20:18.999][Info][SPTarkov.Server.Logger.SptLoggerMiddleware] [客户端请求] /client/server/list
[2026-07-30 10:20:19.003][Info][SPTarkov.Server.Logger.SptLoggerMiddleware] [客户端请求] /client/match/group/current
[2026-07-30 10:20:19.007][Info][SPTarkov.Server.Logger.SptLoggerMiddleware] [客户端请求] /client/friend/list
[2026-07-30 10:20:19.016][Info][SPTarkov.Server.Logger.SptLoggerMiddleware] [客户端请求] /client/friend/request/list/outbox
[2026-07-30 10:20:19.016][Info][SPTarkov.Server.Logger.SptLoggerMiddleware] [客户端请求] /client/mail/dialog/list
[2026-07-30 10:20:19.018][Info][SPTarkov.Server.Logger.SptLoggerMiddleware] [客户端请求] /client/friend/request/list/inbox
[2026-07-30 10:20:19.023][Info][SPTarkov.Server.Logger.SptLoggerMiddleware] [客户端请求] /client/quest/list
[2026-07-30 10:20:21.603][Info][SPTarkov.Server.Logger.SptLoggerMiddleware] [客户端请求] /client/achievement/statistic
[2026-07-30 10:20:21.983][Info][SPTarkov.Server.Logger.SptLoggerMiddleware] [客户端请求] /client/achievement/list
[2026-07-30 10:20:22.681][Info][SPTarkov.Server.Logger.SptLoggerMiddleware] [客户端请求] /client/repeatalbeQuests/activityPeriods
[2026-07-30 10:20:23.061][Info][SPTarkov.Server.Logger.SptLoggerMiddleware] [客户端请求] /client/survey
[2026-07-30 10:20:23.902][Info][SPTarkov.Server.Logger.SptLoggerMiddleware] [客户端请求] /fika/presence/set
[2026-07-30 10:20:24.265][Info][SPTarkov.Server.Logger.SptLoggerMiddleware] [客户端请求] /fika/presence/get
[2026-07-30 10:20:28.733][Info][SPTarkov.Server.Logger.SptLoggerMiddleware] [客户端请求] /fika/presence/set
[2026-07-30 10:20:35.543][Info][SPTarkov.Server.Logger.SptLoggerMiddleware] [客户端请求] /client/items/prices/54cb50c76803fa8b248b4571
[2026-07-30 10:20:35.560][Info][SPTarkov.Server.Logger.SptLoggerMiddleware] [客户端请求] /client/checkVersion
[2026-07-30 10:20:35.560][Info][SPTarkov.Server.Logger.SptLoggerMiddleware] [客户端请求] /client/items/prices/58330581ace78e27b8b10cee
[2026-07-30 10:20:35.560][Info][SPTarkov.Server.Logger.SptLoggerMiddleware] [客户端请求] /client/items/prices/5935c25fb3acc3127c3d8cd9
[2026-07-30 10:20:35.561][Info][SPTarkov.Server.Logger.SptLoggerMiddleware] [客户端请求] /client/game/profile/items/moving
[2026-07-30 10:20:35.655][Info][SPTarkov.Server.Logger.SptLoggerMiddleware] [客户端请求] /client/trading/api/getTraderAssort/5935c25fb3acc3127c3d8cd9
[2026-07-30 10:20:35.656][Info][SPTarkov.Server.Logger.SptLoggerMiddleware] [客户端请求] /client/trading/api/getTraderAssort/54cb50c76803fa8b248b4571
[2026-07-30 10:20:35.679][Info][SPTarkov.Server.Logger.SptLoggerMiddleware] [客户端请求] /client/trading/api/getTraderAssort/58330581ace78e27b8b10cee
[2026-07-30 10:20:36.234][Info][SPTarkov.Server.Logger.SptLoggerMiddleware] [客户端请求] /client/items/prices/6617beeaa9cfa777ca915b7c
[2026-07-30 10:20:36.327][Info][SPTarkov.Server.Logger.SptLoggerMiddleware] [客户端请求] /client/trading/api/getTraderAssort/6617beeaa9cfa777ca915b7c
[2026-07-30 10:20:37.091][Info][SPTarkov.Server.Logger.SptLoggerMiddleware] [客户端请求] /launcher/profile/info
[2026-07-30 10:20:37.246][Info][SPTarkov.Server.Logger.SptLoggerMiddleware] [客户端请求] /launcher/server/version
[2026-07-30 10:20:37.989][Info][SPTarkov.Server.Logger.SptLoggerMiddleware] [客户端请求] /fika/presence/set
[2026-07-30 10:20:48.272][Info][SPTarkov.Server.Logger.SptLoggerMiddleware] [客户端请求] /client/items/prices
[2026-07-30 10:20:48.294][Info][SPTarkov.Server.Logger.SptLoggerMiddleware] [客户端请求] /client/ragfair/itemMarketPrice
[2026-07-30 10:20:50.545][Info][SPTarkov.Server.Logger.SptLoggerMiddleware] [客户端请求] /launcher/profile/info
[2026-07-30 10:20:50.546][Info][SPTarkov.Server.Logger.SptLoggerMiddleware] [客户端请求] /launcher/server/version
[2026-07-30 10:20:50.548][Info][SPTarkov.Server.Logger.SptLoggerMiddleware] [客户端请求] /client/ragfair/offerfees
[2026-07-30 10:20:50.944][Info][SPTarkov.Server.Logger.SptLoggerMiddleware] [客户端请求] /client/game/profile/items/moving
[2026-07-30 10:20:55.358][Info][SPTarkov.Server.Logger.SptLoggerMiddleware] [客户端请求] /client/items/prices/579dc571d53a0658a154fbec
[2026-07-30 10:20:55.431][Info][SPTarkov.Server.Logger.SptLoggerMiddleware] [客户端请求] /client/trading/api/getTraderAssort/579dc571d53a0658a154fbec
[2026-07-30 10:20:55.649][Info][SPTarkov.Server.Logger.SptLoggerMiddleware] [客户端请求] /client/ragfair/itemMarketPrice
[2026-07-30 10:20:55.649][Info][SPTarkov.Server.Logger.SptLoggerMiddleware] [客户端请求] /client/items/prices
[2026-07-30 10:20:56.510][Info][SPTarkov.Server.Logger.SptLoggerMiddleware] [客户端请求] /client/trading/api/getTraderAssort/58330581ace78e27b8b10cee
[2026-07-30 10:20:56.511][Info][SPTarkov.Server.Logger.SptLoggerMiddleware] [客户端请求] /client/trading/api/getTraderAssort/5935c25fb3acc3127c3d8cd9
[2026-07-30 10:20:56.794][Info][SPTarkov.Server.Logger.SptLoggerMiddleware] [客户端请求] /client/ragfair/offerfees
[2026-07-30 10:20:57.158][Info][SPTarkov.Server.Logger.SptLoggerMiddleware] [客户端请求] /client/game/profile/items/moving
[2026-07-30 10:20:58.016][Info][SPTarkov.Server.Logger.SptLoggerMiddleware] [客户端请求] /client/trading/api/getTraderAssort/6617beeaa9cfa777ca915b7c
[2026-07-30 10:21:00.398][Info][SPTarkov.Server.Logger.SptLoggerMiddleware] [客户端请求] /fika/presence/set
[2026-07-30 10:21:00.719][Info][SPTarkov.Server.Logger.SptLoggerMiddleware] [客户端请求] /client/checkVersion
[2026-07-30 10:21:00.731][Info][SPTarkov.Server.Logger.SptLoggerMiddleware] [客户端请求] /client/game/profile/items/moving
[2026-07-30 10:21:00.732][Info][SPTarkov.Server.Logger.SptLoggerMiddleware] [客户端请求] /client/items/prices/5935c25fb3acc3127c3d8cd9
[2026-07-30 10:21:00.737][Info][SPTarkov.Server.Logger.SptLoggerMiddleware] [客户端请求] /client/items/prices/58330581ace78e27b8b10cee
[2026-07-30 10:21:00.790][Info][SPTarkov.Server.Logger.SptLoggerMiddleware] [客户端请求] /client/game/profile/items/moving
[2026-07-30 10:21:00.795][Info][SPTarkov.Server.Logger.SptLoggerMiddleware] [客户端请求] /client/ragfair/find
[2026-07-30 10:21:01.762][Info][SPTarkov.Server.Logger.SptLoggerMiddleware] [客户端请求] /client/trading/api/getTraderAssort/5935c25fb3acc3127c3d8cd9
[2026-07-30 10:21:01.769][Info][SPTarkov.Server.Logger.SptLoggerMiddleware] [客户端请求] /client/trading/api/getTraderAssort/58330581ace78e27b8b10cee
[2026-07-30 10:21:01.966][Info][SPTarkov.Server.Logger.SptLoggerMiddleware] [客户端请求] /fika/presence/set
[2026-07-30 10:21:02.919][Info][SPTarkov.Server.Logger.SptLoggerMiddleware] [客户端请求] /client/items/prices
[2026-07-30 10:21:02.929][Info][SPTarkov.Server.Logger.SptLoggerMiddleware] [客户端请求] /client/ragfair/itemMarketPrice
[2026-07-30 10:21:04.267][Info][SPTarkov.Server.Logger.SptLoggerMiddleware] [客户端请求] /client/ragfair/offerfees
[2026-07-30 10:21:04.630][Info][SPTarkov.Server.Logger.SptLoggerMiddleware] [客户端请求] /client/game/profile/items/moving
[2026-07-30 10:21:11.195][Info][SPTarkov.Server.Logger.SptLoggerMiddleware] [客户端请求] /client/items/prices
[2026-07-30 10:21:11.202][Info][SPTarkov.Server.Logger.SptLoggerMiddleware] [客户端请求] /client/ragfair/itemMarketPrice
[2026-07-30 10:21:12.340][Info][SPTarkov.Server.Logger.SptLoggerMiddleware] [客户端请求] /client/ragfair/offerfees
[2026-07-30 10:21:12.716][Info][SPTarkov.Server.Logger.SptLoggerMiddleware] [客户端请求] /client/game/profile/items/moving
[2026-07-30 10:21:16.655][Info][SPTarkov.Server.Logger.SptLoggerMiddleware] [客户端请求] /client/items/prices
[2026-07-30 10:21:16.666][Info][SPTarkov.Server.Logger.SptLoggerMiddleware] [客户端请求] /client/ragfair/itemMarketPrice
[2026-07-30 10:21:17.684][Info][SPTarkov.Server.Logger.SptLoggerMiddleware] [客户端请求] /client/ragfair/offerfees
[2026-07-30 10:21:18.052][Info][SPTarkov.Server.Logger.SptLoggerMiddleware] [客户端请求] /client/game/profile/items/moving
[2026-07-30 10:21:18.630][Info][SPTarkov.Server.Logger.SptLoggerMiddleware] [客户端请求] /client/game/profile/items/moving
[2026-07-30 10:21:22.631][Info][SPTarkov.Server.Logger.SptLoggerMiddleware] [客户端请求] /client/game/profile/items/moving
[2026-07-30 10:21:22.661][Info][SPTarkov.Server.Logger.SptLoggerMiddleware] [客户端请求] /client/items/prices
[2026-07-30 10:21:22.673][Info][SPTarkov.Server.Logger.SptLoggerMiddleware] [客户端请求] /client/ragfair/itemMarketPrice
[2026-07-30 10:21:23.976][Info][SPTarkov.Server.Logger.SptLoggerMiddleware] [客户端请求] /client/ragfair/offerfees
[2026-07-30 10:21:24.348][Info][SPTarkov.Server.Logger.SptLoggerMiddleware] [客户端请求] /client/game/profile/items/moving
[2026-07-30 10:21:26.894][Info][SPTarkov.Server.Logger.SptLoggerMiddleware] [客户端请求] /client/game/profile/items/moving
[2026-07-30 10:21:37.096][Info][SPTarkov.Server.Logger.SptLoggerMiddleware] [客户端请求] /launcher/profile/info
[2026-07-30 10:21:37.253][Info][SPTarkov.Server.Logger.SptLoggerMiddleware] [客户端请求] /launcher/server/version
[2026-07-30 10:21:38.234][Info][SPTarkov.Server.Logger.SptLoggerMiddleware] [客户端请求] /client/game/profile/items/moving
[2026-07-30 10:21:42.247][Info][SPTarkov.Server.Logger.SptLoggerMiddleware] [客户端请求] /fika/presence/set
[2026-07-30 10:21:50.543][Info][SPTarkov.Server.Logger.SptLoggerMiddleware] [客户端请求] /launcher/profile/info
[2026-07-30 10:21:50.545][Info][SPTarkov.Server.Logger.SptLoggerMiddleware] [客户端请求] /launcher/server/version
[2026-07-30 10:21:59.720][Info][SPTarkov.Server.Logger.SptLoggerMiddleware] [客户端请求] /client/items/prices
[2026-07-30 10:21:59.730][Info][SPTarkov.Server.Logger.SptLoggerMiddleware] [客户端请求] /client/ragfair/itemMarketPrice
[2026-07-30 10:22:00.875][Info][SPTarkov.Server.Logger.SptLoggerMiddleware] [客户端请求] /client/ragfair/offerfees
[2026-07-30 10:22:01.262][Info][SPTarkov.Server.Logger.SptLoggerMiddleware] [客户端请求] /client/game/profile/items/moving
[2026-07-30 10:22:04.899][Info][SPTarkov.Server.Logger.SptLoggerMiddleware] [客户端请求] /client/items/prices
[2026-07-30 10:22:04.910][Info][SPTarkov.Server.Logger.SptLoggerMiddleware] [客户端请求] /client/ragfair/itemMarketPrice
[2026-07-30 10:22:07.082][Info][SPTarkov.Server.Logger.SptLoggerMiddleware] [客户端请求] /client/ragfair/offerfees
[2026-07-30 10:22:07.460][Info][SPTarkov.Server.Logger.SptLoggerMiddleware] [客户端请求] /client/game/profile/items/moving
[2026-07-30 10:22:08.544][Info][SPTarkov.Server.Logger.SptLoggerMiddleware] [客户端请求] /client/game/profile/items/moving
[2026-07-30 10:22:10.288][Info][SPTarkov.Server.Logger.SptLoggerMiddleware] [客户端请求] /client/ragfair/itemMarketPrice
[2026-07-30 10:22:10.309][Info][SPTarkov.Server.Logger.SptLoggerMiddleware] [客户端请求] /client/items/prices
[2026-07-30 10:22:11.559][Info][SPTarkov.Server.Logger.SptLoggerMiddleware] [客户端请求] /client/ragfair/offerfees
[2026-07-30 10:22:11.943][Info][SPTarkov.Server.Logger.SptLoggerMiddleware] [客户端请求] /client/game/profile/items/moving
[2026-07-30 10:22:16.150][Info][SPTarkov.Server.Logger.SptLoggerMiddleware] [客户端请求] /fika/presence/set
[2026-07-30 10:22:18.402][Info][SPTarkov.Server.Logger.SptLoggerMiddleware] [客户端请求] /client/items/prices
[2026-07-30 10:22:18.410][Info][SPTarkov.Server.Logger.SptLoggerMiddleware] [客户端请求] /client/ragfair/itemMarketPrice
[2026-07-30 10:22:19.024][Info][SPTarkov.Server.Logger.SptLoggerMiddleware] [客户端请求] /client/game/profile/items/moving
[2026-07-30 10:22:20.109][Info][SPTarkov.Server.Logger.SptLoggerMiddleware] [客户端请求] /client/ragfair/offerfees
[2026-07-30 10:22:20.488][Info][SPTarkov.Server.Logger.SptLoggerMiddleware] [客户端请求] /client/game/profile/items/moving
[2026-07-30 10:22:21.902][Info][SPTarkov.Server.Logger.SptLoggerMiddleware] [客户端请求] /client/items/prices
[2026-07-30 10:22:21.910][Info][SPTarkov.Server.Logger.SptLoggerMiddleware] [客户端请求] /client/ragfair/itemMarketPrice
[2026-07-30 10:22:23.103][Info][SPTarkov.Server.Logger.SptLoggerMiddleware] [客户端请求] /client/ragfair/offerfees
[2026-07-30 10:22:23.493][Info][SPTarkov.Server.Logger.SptLoggerMiddleware] [客户端请求] /client/game/profile/items/moving
[2026-07-30 10:22:24.786][Info][SPTarkov.Server.Logger.SptLoggerMiddleware] [客户端请求] /files/Hideout/EfT_UI_Icons_DogTag.png
[2026-07-30 10:22:24.805][Info][SPTarkov.Server.Logger.SptLoggerMiddleware] [客户端请求] /files/Hideout/EfT_UI_Icons_SmallTrophy.png
[2026-07-30 10:22:24.827][Info][SPTarkov.Server.Logger.SptLoggerMiddleware] [客户端请求] /files/Hideout/EfT_UI_Icons_BigTrophy.png
[2026-07-30 10:22:37.080][Info][SPTarkov.Server.Logger.SptLoggerMiddleware] [客户端请求] /launcher/profile/info
[2026-07-30 10:22:37.237][Info][SPTarkov.Server.Logger.SptLoggerMiddleware] [客户端请求] /launcher/server/version
[2026-07-30 10:22:39.675][Info][SPTarkov.Server.Logger.SptLoggerMiddleware] [客户端请求] /client/items/prices
[2026-07-30 10:22:39.684][Info][SPTarkov.Server.Logger.SptLoggerMiddleware] [客户端请求] /client/ragfair/itemMarketPrice
[2026-07-30 10:22:40.792][Info][SPTarkov.Server.Logger.SptLoggerMiddleware] [客户端请求] /client/game/profile/items/moving
[2026-07-30 10:22:43.312][Info][SPTarkov.Server.Logger.SptLoggerMiddleware] [客户端请求] /fika/presence/set
[2026-07-30 10:22:48.617][Info][SPTarkov.Server.Logger.SptLoggerMiddleware] [客户端请求] /client/ragfair/itemMarketPrice
[2026-07-30 10:22:48.627][Info][SPTarkov.Server.Logger.SptLoggerMiddleware] [客户端请求] /client/items/prices
[2026-07-30 10:22:49.801][Info][SPTarkov.Server.Logger.SptLoggerMiddleware] [客户端请求] /client/ragfair/offerfees
[2026-07-30 10:22:50.180][Info][SPTarkov.Server.Logger.SptLoggerMiddleware] [客户端请求] /client/game/profile/items/moving
[2026-07-30 10:22:50.547][Info][SPTarkov.Server.Logger.SptLoggerMiddleware] [客户端请求] /launcher/profile/info
[2026-07-30 10:22:50.549][Info][SPTarkov.Server.Logger.SptLoggerMiddleware] [客户端请求] /launcher/server/version
[2026-07-30 10:22:51.304][Info][SPTarkov.Server.Logger.SptLoggerMiddleware] [客户端请求] /client/ragfair/itemMarketPrice
[2026-07-30 10:22:51.313][Info][SPTarkov.Server.Logger.SptLoggerMiddleware] [客户端请求] /client/items/prices
[2026-07-30 10:22:52.612][Info][SPTarkov.Server.Logger.SptLoggerMiddleware] [客户端请求] /client/ragfair/offerfees
[2026-07-30 10:22:52.989][Info][SPTarkov.Server.Logger.SptLoggerMiddleware] [客户端请求] /client/game/profile/items/moving
[2026-07-30 10:22:57.042][Info][SPTarkov.Server.Logger.SptLoggerMiddleware] [客户端请求] /client/trading/api/getTraderAssort/5935c25fb3acc3127c3d8cd9
[2026-07-30 10:22:57.042][Info][SPTarkov.Server.Logger.SptLoggerMiddleware] [客户端请求] /client/trading/api/getTraderAssort/54cb50c76803fa8b248b4571
[2026-07-30 10:22:57.042][Info][SPTarkov.Server.Logger.SptLoggerMiddleware] [客户端请求] /client/trading/api/getTraderAssort/58330581ace78e27b8b10cee
[2026-07-30 10:22:57.050][Info][SPTarkov.Server.Logger.SptLoggerMiddleware] [客户端请求] /client/game/profile/items/moving
[2026-07-30 10:22:57.694][Info][SPTarkov.Server.Logger.SptLoggerMiddleware] [客户端请求] /client/trading/api/getTraderAssort/6617beeaa9cfa777ca915b7c
[2026-07-30 10:23:15.430][Info][SPTarkov.Server.Logger.SptLoggerMiddleware] [客户端请求] /client/game/profile/items/moving
[2026-07-30 10:23:16.509][Info][SPTarkov.Server.Logger.SptLoggerMiddleware] [客户端请求] /fika/presence/set
[2026-07-30 10:23:16.528][Info][SPTarkov.Server.Logger.SptLoggerMiddleware] [客户端请求] /fika/presence/get
[2026-07-30 10:23:18.298][Info][SPTarkov.Server.Logger.SptLoggerMiddleware] [客户端请求] /client/match/group/invite/cancel-all
[2026-07-30 10:23:18.344][Info][SPTarkov.Server.Logger.SptLoggerMiddleware] [客户端请求] /client/game/logout
[2026-07-30 10:23:18.677][Info][SPTarkov.Server.Core.Servers.Ws.SptWebSocketConnectionHandler] [ws] player: JúnioR (68f79277575e002bfcf5a4a1) 20260730101935163 has disconnected
[2026-07-30 10:23:28.821][Info][SPTarkov.Server.Logger.SptLoggerMiddleware] [客户端请求] /client/ragfair/itemMarketPrice
[2026-07-30 10:23:28.831][Info][SPTarkov.Server.Logger.SptLoggerMiddleware] [客户端请求] /client/items/prices
[2026-07-30 10:23:30.509][Info][SPTarkov.Server.Logger.SptLoggerMiddleware] [客户端请求] /client/ragfair/offerfees
[2026-07-30 10:23:30.552][Info][SPTarkov.Server.Logger.SptLoggerMiddleware] [客户端请求] /launcher/profile/info
[2026-07-30 10:23:30.554][Info][SPTarkov.Server.Logger.SptLoggerMiddleware] [客户端请求] /launcher/server/version
[2026-07-30 10:23:30.889][Info][SPTarkov.Server.Logger.SptLoggerMiddleware] [客户端请求] /client/game/profile/items/moving
[2026-07-30 10:23:37.073][Info][SPTarkov.Server.Logger.SptLoggerMiddleware] [客户端请求] /launcher/profile/info
[2026-07-30 10:23:37.239][Info][SPTarkov.Server.Logger.SptLoggerMiddleware] [客户端请求] /launcher/server/version
[2026-07-30 10:23:45.828][Info][SPTarkov.Server.Logger.SptLoggerMiddleware] [客户端请求] /client/ragfair/itemMarketPrice
[2026-07-30 10:23:45.840][Info][SPTarkov.Server.Logger.SptLoggerMiddleware] [客户端请求] /client/items/prices
[2026-07-30 10:23:47.644][Info][SPTarkov.Server.Logger.SptLoggerMiddleware] [客户端请求] /client/ragfair/offerfees
[2026-07-30 10:23:48.022][Info][SPTarkov.Server.Logger.SptLoggerMiddleware] [客户端请求] /client/game/profile/items/moving
[2026-07-30 10:23:57.436][Info][SPTarkov.Server.Logger.SptLoggerMiddleware] [客户端请求] /launcher/profile/login
[2026-07-30 10:23:57.438][Info][SPTarkov.Server.Logger.SptLoggerMiddleware] [客户端请求] /launcher/profile/get
[2026-07-30 10:23:57.439][Info][SPTarkov.Server.Logger.SptLoggerMiddleware] [客户端请求] /launcher/profile/info
[2026-07-30 10:23:57.441][Info][SPTarkov.Server.Logger.SptLoggerMiddleware] [客户端请求] /launcher/server/version
[2026-07-30 10:23:57.446][Info][SPTarkov.Server.Logger.SptLoggerMiddleware] [客户端请求] /launcher/server/version
[2026-07-30 10:23:59.951][Info][SPTarkov.Server.Logger.SptLoggerMiddleware] [客户端请求] /client/game/profile/items/moving
[2026-07-30 10:24:02.369][Info][SPTarkov.Server.Logger.SptLoggerMiddleware] [客户端请求] /client/items/prices
[2026-07-30 10:24:02.389][Info][SPTarkov.Server.Logger.SptLoggerMiddleware] [客户端请求] /client/ragfair/itemMarketPrice
[2026-07-30 10:24:04.034][Info][SPTarkov.Server.Logger.SptLoggerMiddleware] [客户端请求] /client/ragfair/offerfees
[2026-07-30 10:24:04.416][Info][SPTarkov.Server.Logger.SptLoggerMiddleware] [客户端请求] /client/game/profile/items/moving
[2026-07-30 10:24:06.225][Info][SPTarkov.Server.Logger.SptLoggerMiddleware] [客户端请求] /client/items/prices
[2026-07-30 10:24:06.239][Info][SPTarkov.Server.Logger.SptLoggerMiddleware] [客户端请求] /client/ragfair/itemMarketPrice
[2026-07-30 10:24:06.572][Info][SPTarkov.Server.Logger.SptLoggerMiddleware] [客户端请求] /QuestingBots/GetConfig
[2026-07-30 10:24:07.440][Info][SPTarkov.Server.Logger.SptLoggerMiddleware] [客户端请求] /singleplayer/bosstypes
[2026-07-30 10:24:07.969][Info][SPTarkov.Server.Logger.SptLoggerMiddleware] [客户端请求] /client/ragfair/offerfees
[2026-07-30 10:24:08.090][Info][SPTarkov.Server.Logger.SptLoggerMiddleware] [客户端请求] /fika/natpunchserver/config
[2026-07-30 10:24:08.352][Info][SPTarkov.Server.Logger.SptLoggerMiddleware] [客户端请求] /client/game/profile/items/moving
[2026-07-30 10:24:08.631][Info][SPTarkov.Server.Logger.SptLoggerMiddleware] [客户端请求] /fika/client/config
[2026-07-30 10:24:08.649][Info][SPTarkov.Server.Logger.SptLoggerMiddleware] [客户端请求] /singleplayer/settings/bot/difficulties/
[2026-07-30 10:24:08.808][Info][SPTarkov.Server.Logger.SptLoggerMiddleware] [客户端请求] /singleplayer/settings/bot/difficulty/core/core
[2026-07-30 10:24:10.011][Info][SPTarkov.Server.Logger.SptLoggerMiddleware] [客户端请求] /client/ragfair/itemMarketPrice
[2026-07-30 10:24:10.022][Info][SPTarkov.Server.Logger.SptLoggerMiddleware] [客户端请求] /client/items/prices
[2026-07-30 10:24:12.019][Info][SPTarkov.Server.Logger.SptLoggerMiddleware] [客户端请求] /client/ragfair/offerfees
[2026-07-30 10:24:12.403][Info][SPTarkov.Server.Logger.SptLoggerMiddleware] [客户端请求] /client/game/profile/items/moving
[2026-07-30 10:24:16.653][Info][SPTarkov.Server.Logger.SptLoggerMiddleware] [客户端请求] /client/ragfair/itemMarketPrice
[2026-07-30 10:24:16.666][Info][SPTarkov.Server.Logger.SptLoggerMiddleware] [客户端请求] /client/items/prices
[2026-07-30 10:24:17.762][Info][SPTarkov.Server.Logger.SptLoggerMiddleware] [客户端请求] /client/ragfair/offerfees
[2026-07-30 10:24:18.150][Info][SPTarkov.Server.Logger.SptLoggerMiddleware] [客户端请求] /client/game/profile/items/moving
[2026-07-30 10:24:18.993][Info][SPTarkov.Server.Logger.SptLoggerMiddleware] [客户端请求] /launcher/profile/info
[2026-07-30 10:24:18.995][Info][SPTarkov.Server.Logger.SptLoggerMiddleware] [客户端请求] /launcher/server/version
[2026-07-30 10:24:19.597][Info][SPTarkov.Server.Logger.SptLoggerMiddleware] [客户端请求] /client/items/prices
[2026-07-30 10:24:19.609][Info][SPTarkov.Server.Logger.SptLoggerMiddleware] [客户端请求] /client/ragfair/itemMarketPrice
[2026-07-30 10:24:21.245][Info][SPTarkov.Server.Logger.SptLoggerMiddleware] [客户端请求] /client/ragfair/offerfees
[2026-07-30 10:24:21.621][Info][SPTarkov.Server.Logger.SptLoggerMiddleware] [客户端请求] /client/game/profile/items/moving
[2026-07-30 10:24:26.097][Info][SPTarkov.Server.Logger.SptLoggerMiddleware] [客户端请求] /sain/namepersonalities
[2026-07-30 10:24:31.768][Info][SPTarkov.Server.Logger.SptLoggerMiddleware] [客户端请求] /client/game/profile/items/moving
[2026-07-30 10:24:32.762][Info][SPTarkov.Server.Logger.SptLoggerMiddleware] [客户端请求] /singleplayer/settings/version
[2026-07-30 10:24:32.765][Info][SPTarkov.Server.Logger.SptLoggerMiddleware] [客户端请求] /singleplayer/release
[2026-07-30 10:24:32.819][Info][SPTarkov.Server.Logger.SptLoggerMiddleware] [客户端请求] /singleplayer/moddedTraders
[2026-07-30 10:24:32.824][Info][SPTarkov.Server.Logger.SptLoggerMiddleware] [客户端请求] /singleplayer/enableBSGlogging
[2026-07-30 10:24:33.803][Info][SPTarkov.Server.Logger.SptLoggerMiddleware] [客户端请求] /singleplayer/bundles
[2026-07-30 10:24:35.244][Info][SPTarkov.Server.Logger.SptLoggerMiddleware] [客户端请求] /client/ragfair/itemMarketPrice
[2026-07-30 10:24:35.253][Info][SPTarkov.Server.Logger.SptLoggerMiddleware] [客户端请求] /client/items/prices
[2026-07-30 10:24:36.594][Info][SPTarkov.Server.Logger.SptLoggerMiddleware] [客户端请求] /client/ragfair/offerfees
[2026-07-30 10:24:36.977][Info][SPTarkov.Server.Logger.SptLoggerMiddleware] [客户端请求] /client/game/profile/items/moving
[2026-07-30 10:24:37.072][Info][SPTarkov.Server.Logger.SptLoggerMiddleware] [客户端请求] /launcher/profile/info
[2026-07-30 10:24:37.227][Info][SPTarkov.Server.Logger.SptLoggerMiddleware] [客户端请求] /launcher/server/version
[2026-07-30 10:24:37.831][Info][SPTarkov.Server.Logger.SptLoggerMiddleware] [客户端请求] /fika/client/check/version
[2026-07-30 10:24:37.856][Info][SPTarkov.Server.Logger.SptLoggerMiddleware] [客户端请求] /fika/client/check/mods
[2026-07-30 10:24:38.280][Info][SPTarkov.Server.Logger.SptLoggerMiddleware] [客户端请求] /client/items/prices
[2026-07-30 10:24:38.296][Info][SPTarkov.Server.Logger.SptLoggerMiddleware] [客户端请求] /client/ragfair/itemMarketPrice
[2026-07-30 10:24:39.969][Info][SPTarkov.Server.Logger.SptLoggerMiddleware] [客户端请求] /dynamicmaps/load
[2026-07-30 10:24:39.977][Info][SPTarkov.Server.Logger.SptLoggerMiddleware] [客户端请求] /singleplayer/settings/version
[2026-07-30 10:24:40.185][Info][SPTarkov.Server.Logger.SptLoggerMiddleware] [客户端请求] /client/menu/locale/ch
[2026-07-30 10:24:40.248][Info][SPTarkov.Server.Logger.SptLoggerMiddleware] [客户端请求] /client/game/mode
[2026-07-30 10:24:40.303][Info][SPTarkov.Server.Logger.SptLoggerMiddleware] [客户端请求] /client/game/start
[2026-07-30 10:24:40.374][Info][SPTarkov.Server.Logger.SptLoggerMiddleware] [客户端请求] /singleplayer/clientmods
[2026-07-30 10:24:40.429][Info][SPTarkov.Server.Logger.SptLoggerMiddleware] [客户端请求] /client/game/version/validate
[2026-07-30 10:24:40.482][Info][SPTarkov.Server.Logger.SptLoggerMiddleware] [客户端请求] /client/languages
[2026-07-30 10:24:40.502][Info][SPTarkov.Server.Logger.SptLoggerMiddleware] [客户端请求] /client/ragfair/offerfees
[2026-07-30 10:24:40.523][Info][SPTarkov.Server.Logger.SptLoggerMiddleware] [客户端请求] /client/game/config
[2026-07-30 10:24:40.593][Info][SPTarkov.Server.Logger.SptLoggerMiddleware] [客户端请求] /client/items
[2026-07-30 10:24:40.890][Info][SPTarkov.Server.Logger.SptLoggerMiddleware] [客户端请求] /client/game/profile/items/moving
[2026-07-30 10:24:41.996][Info][SPTarkov.Server.Logger.SptLoggerMiddleware] [客户端请求] /client/ragfair/itemMarketPrice
[2026-07-30 10:24:42.006][Info][SPTarkov.Server.Logger.SptLoggerMiddleware] [客户端请求] /client/items/prices
[2026-07-30 10:24:48.657][Info][SPTarkov.Server.Logger.SptLoggerMiddleware] [客户端请求] /client/customization
[2026-07-30 10:24:48.779][Info][SPTarkov.Server.Logger.SptLoggerMiddleware] [客户端请求] /client/globals
[2026-07-30 10:24:48.794][Info][SPTarkov.Server.Logger.SptLoggerMiddleware] [客户端请求] /client/trading/api/traderSettings
[2026-07-30 10:24:48.794][Info][SPTarkov.Server.Logger.SptLoggerMiddleware] [客户端请求] /client/settings
[2026-07-30 10:24:48.794][Info][SPTarkov.Server.Logger.SptLoggerMiddleware] [客户端请求] /client/prestige/list
[2026-07-30 10:24:49.135][Info][SPTarkov.Server.Logger.SptLoggerMiddleware] [客户端请求] /client/customization/storage
[2026-07-30 10:24:49.871][Info][SPTarkov.Server.Logger.SptLoggerMiddleware] [客户端请求] /client/game/profile/list
[2026-07-30 10:24:49.872][Info][SPTarkov.Server.Logger.SptLoggerMiddleware] [客户端请求] /client/dialogue
[2026-07-30 10:24:50.949][Info][SPTarkov.Server.Logger.SptLoggerMiddleware] [客户端请求] /client/ragfair/itemMarketPrice
[2026-07-30 10:24:51.512][Info][SPTarkov.Server.Logger.SptLoggerMiddleware] [客户端请求] /client/game/profile/select
[2026-07-30 10:24:51.565][Info][SPTarkov.Server.Logger.SptLoggerMiddleware] [客户端请求] /client/profile/status
[2026-07-30 10:24:51.693][Info][SPTarkov.Server.Logger.SptLoggerMiddleware] [客户端请求] /client/handbook/templates
[2026-07-30 10:24:53.117][Info][SPTarkov.Server.Logger.SptLoggerMiddleware] [客户端请求] /client/builds/list
[2026-07-30 10:24:53.359][Info][SPTarkov.Server.Logger.SptLoggerMiddleware] [客户端请求] /botplacementsystem/load
[2026-07-30 10:24:53.360][Info][SPTarkov.Server.Logger.SptLoggerMiddleware] [客户端请求] /weaponcustomizer/load
[2026-07-30 10:24:54.314][Info][SPTarkov.Server.Logger.SptLoggerMiddleware] [客户端请求] /client/ragfair/itemMarketPrice
[2026-07-30 10:24:54.324][Info][SPTarkov.Server.Logger.SptLoggerMiddleware] [客户端请求] /client/items/prices
[2026-07-30 10:24:55.273][Info][SPTarkov.Server.Logger.SptLoggerMiddleware] [WebSocket 请求] /fika/notification/
[2026-07-30 10:24:55.989][Info][SPTarkov.Server.Logger.SptLoggerMiddleware] [客户端请求] /client/ragfair/offerfees
[2026-07-30 10:24:56.383][Info][SPTarkov.Server.Logger.SptLoggerMiddleware] [客户端请求] /client/game/profile/items/moving
[2026-07-30 10:24:57.466][Info][SPTarkov.Server.Logger.SptLoggerMiddleware] [客户端请求] /client/profile/status
[2026-07-30 10:24:57.482][Info][SPTarkov.Server.Logger.SptLoggerMiddleware] [客户端请求] /client/notifier/channel/create
[2026-07-30 10:24:57.482][Info][SPTarkov.Server.Logger.SptLoggerMiddleware] [客户端请求] /client/weather
[2026-07-30 10:24:57.482][Info][SPTarkov.Server.Logger.SptLoggerMiddleware] [客户端请求] /client/locations
[2026-07-30 10:24:57.483][Info][SPTarkov.Server.Logger.SptLoggerMiddleware] [客户端请求] /client/locale/ch
[2026-07-30 10:24:57.552][Info][SPTarkov.Server.Logger.SptLoggerMiddleware] [WebSocket 请求] /notifierServer/getwebsocket/68f79277575e002bfcf5a4a1
[2026-07-30 10:24:57.553][Info][SPTarkov.Server.Core.Servers.Ws.SptWebSocketConnectionHandler] [WS] 玩家：JúnioR (68f79277575e002bfcf5a4a1) 20260730102457553 已连接
[2026-07-30 10:24:58.748][Info][SPTarkov.Server.Logger.SptLoggerMiddleware] [客户端请求] /singleplayer/log
[2026-07-30 10:24:58.751][Info][SPTarkov.Server.Logger.SptLoggerMiddleware] [客户端请求] /singleplayer/log
[2026-07-30 10:24:58.751][Warn][SPTarkov.Server.Core.Controllers.ClientLogController] [Warning: SPT.Core] Validation failed
[2026-07-30 10:24:59.910][Info][SPTarkov.Server.Logger.SptLoggerMiddleware] [客户端请求] /client/server/list
[2026-07-30 10:24:59.933][Info][SPTarkov.Server.Logger.SptLoggerMiddleware] [客户端请求] /client/friend/list
[2026-07-30 10:24:59.933][Info][SPTarkov.Server.Logger.SptLoggerMiddleware] [客户端请求] /client/match/group/current
[2026-07-30 10:24:59.933][Info][SPTarkov.Server.Logger.SptLoggerMiddleware] [客户端请求] /client/mail/dialog/list
[2026-07-30 10:24:59.933][Info][SPTarkov.Server.Logger.SptLoggerMiddleware] [客户端请求] /client/quest/list
[2026-07-30 10:24:59.934][Info][SPTarkov.Server.Logger.SptLoggerMiddleware] [客户端请求] /client/friend/request/list/inbox
[2026-07-30 10:24:59.934][Info][SPTarkov.Server.Logger.SptLoggerMiddleware] [客户端请求] /client/friend/request/list/outbox
[2026-07-30 10:25:00.054][Info][SPTarkov.Server.Logger.SptLoggerMiddleware] [客户端请求] /singleplayer/log
[2026-07-30 10:25:00.054][Info][SPTarkov.Server.Core.Controllers.ClientLogController] [QuestingBots] Validated all quest files
[2026-07-30 10:25:00.109][Info][SPTarkov.Server.Logger.SptLoggerMiddleware] [客户端请求] /client/hideout/qte/list
[2026-07-30 10:25:00.114][Info][SPTarkov.Server.Logger.SptLoggerMiddleware] [客户端请求] /client/hideout/areas
[2026-07-30 10:25:00.129][Info][SPTarkov.Server.Logger.SptLoggerMiddleware] [客户端请求] /client/hideout/customization/offer/list
[2026-07-30 10:25:00.129][Info][SPTarkov.Server.Logger.SptLoggerMiddleware] [客户端请求] /client/hideout/production/recipes
[2026-07-30 10:25:00.129][Info][SPTarkov.Server.Logger.SptLoggerMiddleware] [客户端请求] /client/hideout/settings
[2026-07-30 10:25:00.426][Info][SPTarkov.Server.Logger.SptLoggerMiddleware] [客户端请求] /client/achievement/statistic
[2026-07-30 10:25:00.476][Info][SPTarkov.Server.Logger.SptLoggerMiddleware] [客户端请求] /client/achievement/list
[2026-07-30 10:25:00.703][Info][SPTarkov.Server.Logger.SptLoggerMiddleware] [客户端请求] /client/repeatalbeQuests/activityPeriods
[2026-07-30 10:25:00.818][Info][SPTarkov.Server.Logger.SptLoggerMiddleware] [客户端请求] /client/survey
[2026-07-30 10:25:01.569][Info][SPTarkov.Server.Logger.SptLoggerMiddleware] [客户端请求] /fika/presence/get
[2026-07-30 10:25:02.764][Info][SPTarkov.Server.Logger.SptLoggerMiddleware] [客户端请求] /client/items/prices
[2026-07-30 10:25:02.774][Info][SPTarkov.Server.Logger.SptLoggerMiddleware] [客户端请求] /client/ragfair/itemMarketPrice
[2026-07-30 10:25:03.895][Info][SPTarkov.Server.Logger.SptLoggerMiddleware] [客户端请求] /client/ragfair/offerfees
[2026-07-30 10:25:04.281][Info][SPTarkov.Server.Logger.SptLoggerMiddleware] [客户端请求] /client/game/profile/items/moving
[2026-07-30 10:25:05.582][Info][SPTarkov.Server.Logger.SptLoggerMiddleware] [客户端请求] /client/items/prices
[2026-07-30 10:25:05.596][Info][SPTarkov.Server.Logger.SptLoggerMiddleware] [客户端请求] /client/ragfair/itemMarketPrice
[2026-07-30 10:25:08.589][Info][SPTarkov.Server.Logger.SptLoggerMiddleware] [客户端请求] /client/checkVersion
[2026-07-30 10:25:08.776][Info][SPTarkov.Server.Logger.SptLoggerMiddleware] [客户端请求] /client/ragfair/offerfees
[2026-07-30 10:25:09.163][Info][SPTarkov.Server.Logger.SptLoggerMiddleware] [客户端请求] /client/game/profile/items/moving
[2026-07-30 10:25:10.329][Info][SPTarkov.Server.Logger.SptLoggerMiddleware] [客户端请求] /client/items/prices
[2026-07-30 10:25:10.336][Info][SPTarkov.Server.Logger.SptLoggerMiddleware] [客户端请求] /client/ragfair/itemMarketPrice
[2026-07-30 10:25:11.653][Info][SPTarkov.Server.Logger.SptLoggerMiddleware] [客户端请求] /client/ragfair/offerfees
[2026-07-30 10:25:12.032][Info][SPTarkov.Server.Logger.SptLoggerMiddleware] [客户端请求] /client/game/profile/items/moving
[2026-07-30 10:25:13.415][Info][SPTarkov.Server.Logger.SptLoggerMiddleware] [客户端请求] /client/items/prices
[2026-07-30 10:25:13.423][Info][SPTarkov.Server.Logger.SptLoggerMiddleware] [客户端请求] /client/ragfair/itemMarketPrice
[2026-07-30 10:25:15.456][Info][SPTarkov.Server.Logger.SptLoggerMiddleware] [客户端请求] /singleplayer/settings/raid/menu
[2026-07-30 10:25:16.814][Info][SPTarkov.Server.Logger.SptLoggerMiddleware] [客户端请求] /client/insurance/items/list/cost
[2026-07-30 10:25:16.970][Info][SPTarkov.Server.Logger.SptLoggerMiddleware] [客户端请求] /client/ragfair/offerfees
[2026-07-30 10:25:17.361][Info][SPTarkov.Server.Logger.SptLoggerMiddleware] [客户端请求] /client/game/profile/items/moving
[2026-07-30 10:25:18.324][Info][SPTarkov.Server.Logger.SptLoggerMiddleware] [客户端请求] /fika/headless/available
[2026-07-30 10:25:18.336][Info][SPTarkov.Server.Logger.SptLoggerMiddleware] [客户端请求] /fika/location/raids
[2026-07-30 10:25:18.383][Info][SPTarkov.Server.Logger.SptLoggerMiddleware] [客户端请求] /client/match/group/invite/cancel-all
[2026-07-30 10:25:18.388][Info][SPTarkov.Server.Logger.SptLoggerMiddleware] [客户端请求] /client/raid/configuration
[2026-07-30 10:25:18.417][Info][SPTarkov.Server.Logger.SptLoggerMiddleware] [客户端请求] /client/match/group/invite/cancel-all
[2026-07-30 10:25:18.589][Info][SPTarkov.Server.Logger.SptLoggerMiddleware] [客户端请求] /client/items/prices
[2026-07-30 10:25:18.597][Info][SPTarkov.Server.Logger.SptLoggerMiddleware] [客户端请求] /client/ragfair/itemMarketPrice
[2026-07-30 10:25:18.992][Info][SPTarkov.Server.Logger.SptLoggerMiddleware] [客户端请求] /launcher/profile/info
[2026-07-30 10:25:18.994][Info][SPTarkov.Server.Logger.SptLoggerMiddleware] [客户端请求] /launcher/server/version
[2026-07-30 10:25:19.859][Info][SPTarkov.Server.Logger.SptLoggerMiddleware] [客户端请求] /fika/raid/create
[2026-07-30 10:25:19.947][Info][SPTarkov.Server.Logger.SptLoggerMiddleware] [客户端请求] /client/ragfair/offerfees
[2026-07-30 10:25:19.994][Info][SPTarkov.Server.Core.Generators.LocationLootGenerator] A total of: 2833 static items spawned
[2026-07-30 10:25:19.995][Info][SPTarkov.Server.Core.Generators.LocationLootGenerator] 共计976个静态容器已生成
[2026-07-30 10:25:20.340][Info][SPTarkov.Server.Logger.SptLoggerMiddleware] [客户端请求] /client/game/profile/items/moving
[2026-07-30 10:25:21.691][Info][SPTarkov.Server.Logger.SptLoggerMiddleware] [客户端请求] /client/items/prices
[2026-07-30 10:25:21.697][Info][SPTarkov.Server.Logger.SptLoggerMiddleware] [客户端请求] /client/ragfair/itemMarketPrice
[2026-07-30 10:25:21.797][Info][SPTarkov.Server.Core.Generators.LocationLootGenerator] 共计518个动态物品已生成
[2026-07-30 10:25:21.798][Info][SPTarkov.Server.Core.Generators.LocationLootGenerator] 已生成地点TarkovStreets
[2026-07-30 10:25:23.443][Info][SPTarkov.Server.Logger.SptLoggerMiddleware] [客户端请求] /client/ragfair/offerfees
[2026-07-30 10:25:23.839][Info][SPTarkov.Server.Logger.SptLoggerMiddleware] [客户端请求] /client/game/profile/items/moving
[2026-07-30 10:25:23.992][Info][SPTarkov.Server.Logger.SptLoggerMiddleware] [客户端请求] /client/raid/configuration
[2026-07-30 10:25:24.028][Info][SPTarkov.Server.Logger.SptLoggerMiddleware] [客户端请求] /fika/update/ping
[2026-07-30 10:25:24.173][Info][SPTarkov.Server.Logger.SptLoggerMiddleware] [客户端请求] /fika/update/sethost
[2026-07-30 10:25:24.187][Info][SPTarkov.Server.Logger.SptLoggerMiddleware] [客户端请求] /fika/update/setstatus
[2026-07-30 10:25:24.388][Info][SPTarkov.Server.Logger.SptLoggerMiddleware] [客户端请求] /client/match/group/exit_from_menu
[2026-07-30 10:25:27.764][Info][SPTarkov.Server.Logger.SptLoggerMiddleware] [客户端请求] /client/items/prices
[2026-07-30 10:25:28.047][Info][SPTarkov.Server.Logger.SptLoggerMiddleware] [客户端请求] /client/ragfair/itemMarketPrice
[2026-07-30 10:25:29.126][Info][SPTarkov.Server.Logger.SptLoggerMiddleware] [客户端请求] /client/ragfair/offerfees
[2026-07-30 10:25:29.509][Info][SPTarkov.Server.Logger.SptLoggerMiddleware] [客户端请求] /client/game/profile/items/moving
[2026-07-30 10:25:34.290][Info][SPTarkov.Server.Logger.SptLoggerMiddleware] [客户端请求] /client/items/prices
[2026-07-30 10:25:34.294][Info][SPTarkov.Server.Logger.SptLoggerMiddleware] [客户端请求] /client/ragfair/itemMarketPrice
[2026-07-30 10:25:35.697][Info][SPTarkov.Server.Logger.SptLoggerMiddleware] [客户端请求] /client/ragfair/offerfees
[2026-07-30 10:25:36.070][Info][SPTarkov.Server.Logger.SptLoggerMiddleware] [客户端请求] /client/game/profile/items/moving
[2026-07-30 10:25:37.059][Info][SPTarkov.Server.Logger.SptLoggerMiddleware] [客户端请求] /launcher/profile/info
[2026-07-30 10:25:37.214][Info][SPTarkov.Server.Logger.SptLoggerMiddleware] [客户端请求] /launcher/server/version
[2026-07-30 10:25:44.866][Info][SPTarkov.Server.Logger.SptLoggerMiddleware] [客户端请求] /client/game/profile/items/moving
[2026-07-30 10:25:49.720][Info][SPTarkov.Server.Logger.SptLoggerMiddleware] [客户端请求] /client/game/profile/items/moving
[2026-07-30 10:25:53.755][Info][SPTarkov.Server.Logger.SptLoggerMiddleware] [客户端请求] /client/game/profile/items/moving
[2026-07-30 10:25:54.031][Info][SPTarkov.Server.Logger.SptLoggerMiddleware] [客户端请求] /fika/update/ping
[2026-07-30 10:25:57.543][Info][SPTarkov.Server.Logger.SptLoggerMiddleware] [客户端请求] /fika/presence/set
[2026-07-30 10:25:57.915][Info][SPTarkov.Server.Logger.SptLoggerMiddleware] [客户端请求] /client/trading/api/getTraderAssort/5935c25fb3acc3127c3d8cd9
[2026-07-30 10:25:57.928][Info][SPTarkov.Server.Logger.SptLoggerMiddleware] [客户端请求] /client/ragfair/find
[2026-07-30 10:25:57.933][Info][SPTarkov.Server.Logger.SptLoggerMiddleware] [客户端请求] /client/trading/api/getTraderAssort/58330581ace78e27b8b10cee
[2026-07-30 10:26:00.484][Info][SPTarkov.Server.Logger.SptLoggerMiddleware] [客户端请求] /client/game/profile/items/moving
[2026-07-30 10:26:03.296][Info][SPTarkov.Server.Logger.SptLoggerMiddleware] [客户端请求] /client/game/profile/items/moving
[2026-07-30 10:26:03.740][Info][SPTarkov.Server.Logger.SptLoggerMiddleware] [客户端请求] /client/trading/api/getTraderAssort/5935c25fb3acc3127c3d8cd9
[2026-07-30 10:26:04.570][Info][SPTarkov.Server.Logger.SptLoggerMiddleware] [客户端请求] /client/game/profile/items/moving
[2026-07-30 10:26:06.164][Info][SPTarkov.Server.Logger.SptLoggerMiddleware] [客户端请求] /client/game/profile/items/moving
[2026-07-30 10:26:07.943][Info][SPTarkov.Server.Logger.SptLoggerMiddleware] [客户端请求] /fika/presence/set
[2026-07-30 10:26:08.048][Info][SPTarkov.Server.Logger.SptLoggerMiddleware] [客户端请求] /fika/presence/get
[2026-07-30 10:26:18.987][Info][SPTarkov.Server.Logger.SptLoggerMiddleware] [客户端请求] /launcher/profile/info
[2026-07-30 10:26:18.990][Info][SPTarkov.Server.Logger.SptLoggerMiddleware] [客户端请求] /launcher/server/version
[2026-07-30 10:26:24.034][Info][SPTarkov.Server.Logger.SptLoggerMiddleware] [客户端请求] /fika/update/ping
[2026-07-30 10:26:37.066][Info][SPTarkov.Server.Logger.SptLoggerMiddleware] [客户端请求] /launcher/profile/info
[2026-07-30 10:26:37.221][Info][SPTarkov.Server.Logger.SptLoggerMiddleware] [客户端请求] /launcher/server/version
[2026-07-30 10:26:46.030][Info][SPTarkov.Server.Logger.SptLoggerMiddleware] [客户端请求] /client/getMetricsConfig
[2026-07-30 10:26:46.156][Info][SPTarkov.Server.Logger.SptLoggerMiddleware] [客户端请求] /singleplayer/settings/getRaidTime
[2026-07-30 10:26:46.224][Info][SPTarkov.Server.Logger.SptLoggerMiddleware] [客户端请求] /client/raid/configuration
[2026-07-30 10:26:46.294][Info][SPTarkov.Server.Logger.SptLoggerMiddleware] [客户端请求] /client/match/local/start
[2026-07-30 10:26:46.982][Info][SPTarkov.Server.Core.Servers.Ws.SptWebSocketConnectionHandler] [ws] player: JúnioR (68f79277575e002bfcf5a4a1) 20260730102457553 has disconnected
[2026-07-30 10:26:54.037][Info][SPTarkov.Server.Logger.SptLoggerMiddleware] [客户端请求] /fika/update/ping
[2026-07-30 10:27:18.991][Info][SPTarkov.Server.Logger.SptLoggerMiddleware] [客户端请求] /launcher/profile/info
[2026-07-30 10:27:18.992][Info][SPTarkov.Server.Logger.SptLoggerMiddleware] [客户端请求] /launcher/server/version
[2026-07-30 10:27:19.091][Info][SPTarkov.Server.Logger.SptLoggerMiddleware] [客户端请求] /fika/update/playerspawn
[2026-07-30 10:27:24.040][Info][SPTarkov.Server.Logger.SptLoggerMiddleware] [客户端请求] /fika/update/ping
[2026-07-30 10:27:29.291][Info][SPTarkov.Server.Logger.SptLoggerMiddleware] [客户端请求] /fika/presence/set
[2026-07-30 10:27:29.387][Info][SPTarkov.Server.Logger.SptLoggerMiddleware] [客户端请求] /fika/presence/get
[2026-07-30 10:27:29.711][Info][SPTarkov.Server.Logger.SptLoggerMiddleware] [客户端请求] /client/game/profile/items/moving
[2026-07-30 10:27:30.238][Info][SPTarkov.Server.Logger.SptLoggerMiddleware] [客户端请求] /fika/raid/gethost
[2026-07-30 10:27:31.918][Info][SPTarkov.Server.Logger.SptLoggerMiddleware] [客户端请求] /fika/raid/join
[2026-07-30 10:27:31.997][Info][SPTarkov.Server.Logger.SptLoggerMiddleware] [客户端请求] /fika/update/addplayer
[2026-07-30 10:27:37.060][Info][SPTarkov.Server.Logger.SptLoggerMiddleware] [客户端请求] /launcher/profile/info
[2026-07-30 10:27:37.223][Info][SPTarkov.Server.Logger.SptLoggerMiddleware] [客户端请求] /launcher/server/version
[2026-07-30 10:27:54.043][Info][SPTarkov.Server.Logger.SptLoggerMiddleware] [客户端请求] /fika/update/ping
[2026-07-30 10:28:14.210][Info][SPTarkov.Server.Logger.SptLoggerMiddleware] [客户端请求] /fika/update/setstatus
[2026-07-30 10:28:18.990][Info][SPTarkov.Server.Logger.SptLoggerMiddleware] [客户端请求] /launcher/profile/info
[2026-07-30 10:28:18.992][Info][SPTarkov.Server.Logger.SptLoggerMiddleware] [客户端请求] /launcher/server/version
[2026-07-30 10:28:22.011][Info][SPTarkov.Server.Logger.SptLoggerMiddleware] [客户端请求] /client/localGame/weather
[2026-07-30 10:28:22.672][Info][SPTarkov.Server.Logger.SptLoggerMiddleware] [客户端请求] /client/game/bot/generate
[2026-07-30 10:28:24.047][Info][SPTarkov.Server.Logger.SptLoggerMiddleware] [客户端请求] /fika/update/ping
[2026-07-30 10:28:26.547][Info][SPTarkov.Server.Logger.SptLoggerMiddleware] [客户端请求] /singleplayer/settings/bot/maxCap/TarkovStreets
[2026-07-30 10:28:32.307][Info][SPTarkov.Server.Logger.SptLoggerMiddleware] [客户端请求] /QuestingBots/GetZoneAndItemQuestPositions
[2026-07-30 10:28:32.328][Info][SPTarkov.Server.Logger.SptLoggerMiddleware] [客户端请求] /QuestingBots/GetAllQuestTemplates
[2026-07-30 10:28:33.482][Info][SPTarkov.Server.Logger.SptLoggerMiddleware] [客户端请求] /QuestingBots/GetEFTQuestSettings
[2026-07-30 10:28:37.050][Info][SPTarkov.Server.Logger.SptLoggerMiddleware] [客户端请求] /launcher/profile/info
[2026-07-30 10:28:37.208][Info][SPTarkov.Server.Logger.SptLoggerMiddleware] [客户端请求] /launcher/server/version
[2026-07-30 10:28:47.072][Info][SPTarkov.Server.Logger.SptLoggerMiddleware] [客户端请求] /client/getMetricsConfig
[2026-07-30 10:28:47.279][Info][SPTarkov.Server.Logger.SptLoggerMiddleware] [客户端请求] /singleplayer/settings/getRaidTime
[2026-07-30 10:28:47.966][Info][SPTarkov.Server.Core.Servers.Ws.SptWebSocketConnectionHandler] [ws] player: Maxryuki (69802d793401cb1dcc190aae) 20260730102012999 has disconnected
[2026-07-30 10:28:48.649][Info][SPTarkov.Server.Logger.SptLoggerMiddleware] [客户端请求] /client/raid/configuration
[2026-07-30 10:28:49.005][Info][SPTarkov.Server.Logger.SptLoggerMiddleware] [客户端请求] /client/match/local/start
[2026-07-30 10:28:51.009][Info][SPTarkov.Server.Logger.SptLoggerMiddleware] [客户端请求] /fika/raid/getsettings
[2026-07-30 10:28:54.050][Info][SPTarkov.Server.Logger.SptLoggerMiddleware] [客户端请求] /fika/update/ping
[2026-07-30 10:28:55.372][Info][SPTarkov.Server.Logger.SptLoggerMiddleware] [客户端请求] /fika/update/playerspawn
[2026-07-30 10:28:56.673][Info][SPTarkov.Server.Logger.SptLoggerMiddleware] [客户端请求] /weaponcustomizer/load
[2026-07-30 10:28:58.799][Info][SPTarkov.Server.Logger.SptLoggerMiddleware] [客户端请求] /fika/raid/registerPlayer
[2026-07-30 10:29:07.844][Info][SPTarkov.Server.Logger.SptLoggerMiddleware] [客户端请求] /weaponcustomizer/load
[2026-07-30 10:29:17.756][Info][SPTarkov.Server.Logger.SptLoggerMiddleware] [客户端请求] /singleplayer/scav/traitorscavhostile
[2026-07-30 10:29:18.985][Info][SPTarkov.Server.Logger.SptLoggerMiddleware] [客户端请求] /launcher/profile/info
[2026-07-30 10:29:18.989][Info][SPTarkov.Server.Logger.SptLoggerMiddleware] [客户端请求] /launcher/server/version
[2026-07-30 10:29:24.054][Info][SPTarkov.Server.Logger.SptLoggerMiddleware] [客户端请求] /fika/update/ping
[2026-07-30 10:29:29.406][Info][SPTarkov.Server.Logger.SptLoggerMiddleware] [客户端请求] /client/game/bot/generate
[2026-07-30 10:29:29.509][Info][SPTarkov.Server.Logger.SptLoggerMiddleware] [客户端请求] /singleplayer/settings/bot/getBotBehaviours/
[2026-07-30 10:29:37.099][Info][SPTarkov.Server.Logger.SptLoggerMiddleware] [客户端请求] /launcher/profile/info
[2026-07-30 10:29:37.271][Info][SPTarkov.Server.Logger.SptLoggerMiddleware] [客户端请求] /launcher/server/version
[2026-07-30 10:29:54.057][Info][SPTarkov.Server.Logger.SptLoggerMiddleware] [客户端请求] /fika/update/ping
[2026-07-30 10:30:18.995][Info][SPTarkov.Server.Logger.SptLoggerMiddleware] [客户端请求] /launcher/profile/info
[2026-07-30 10:30:19.003][Info][SPTarkov.Server.Logger.SptLoggerMiddleware] [客户端请求] /launcher/server/version
[2026-07-30 10:30:24.062][Info][SPTarkov.Server.Logger.SptLoggerMiddleware] [客户端请求] /fika/update/ping
[2026-07-30 10:30:30.936][Info][SPTarkov.Server.Logger.SptLoggerMiddleware] [客户端请求] /client/game/bot/generate
[2026-07-30 10:30:37.036][Info][SPTarkov.Server.Logger.SptLoggerMiddleware] [客户端请求] /launcher/profile/info
[2026-07-30 10:30:37.200][Info][SPTarkov.Server.Logger.SptLoggerMiddleware] [客户端请求] /launcher/server/version
[2026-07-30 10:30:54.065][Info][SPTarkov.Server.Logger.SptLoggerMiddleware] [客户端请求] /fika/update/ping
[2026-07-30 10:31:10.247][Info][SPTarkov.Server.Logger.SptLoggerMiddleware] [客户端请求] /client/game/keepalive
[2026-07-30 10:31:13.842][Info][SPTarkov.Server.Logger.SptLoggerMiddleware] [客户端请求] /fika/update/playerdied
[2026-07-30 10:31:18.994][Info][SPTarkov.Server.Logger.SptLoggerMiddleware] [客户端请求] /launcher/profile/info
[2026-07-30 10:31:18.996][Info][SPTarkov.Server.Logger.SptLoggerMiddleware] [客户端请求] /launcher/server/version
[2026-07-30 10:31:24.068][Info][SPTarkov.Server.Logger.SptLoggerMiddleware] [客户端请求] /fika/update/ping
[2026-07-30 10:31:37.038][Info][SPTarkov.Server.Logger.SptLoggerMiddleware] [客户端请求] /launcher/profile/info
[2026-07-30 10:31:37.202][Info][SPTarkov.Server.Logger.SptLoggerMiddleware] [客户端请求] /launcher/server/version
[2026-07-30 10:31:54.071][Info][SPTarkov.Server.Logger.SptLoggerMiddleware] [客户端请求] /fika/update/ping
[2026-07-30 10:32:18.993][Info][SPTarkov.Server.Logger.SptLoggerMiddleware] [客户端请求] /launcher/profile/info
[2026-07-30 10:32:18.995][Info][SPTarkov.Server.Logger.SptLoggerMiddleware] [客户端请求] /launcher/server/version
[2026-07-30 10:32:24.081][Info][SPTarkov.Server.Logger.SptLoggerMiddleware] [客户端请求] /fika/update/ping
[2026-07-30 10:32:37.029][Info][SPTarkov.Server.Logger.SptLoggerMiddleware] [客户端请求] /launcher/profile/info
[2026-07-30 10:32:37.191][Info][SPTarkov.Server.Logger.SptLoggerMiddleware] [客户端请求] /launcher/server/version
[2026-07-30 10:32:51.040][Info][SPTarkov.Server.Logger.SptLoggerMiddleware] [客户端请求] /client/game/keepalive
[2026-07-30 10:32:54.084][Info][SPTarkov.Server.Logger.SptLoggerMiddleware] [客户端请求] /fika/update/ping
[2026-07-30 10:33:18.996][Info][SPTarkov.Server.Logger.SptLoggerMiddleware] [客户端请求] /launcher/profile/info
[2026-07-30 10:33:18.998][Info][SPTarkov.Server.Logger.SptLoggerMiddleware] [客户端请求] /launcher/server/version
[2026-07-30 10:33:24.088][Info][SPTarkov.Server.Logger.SptLoggerMiddleware] [客户端请求] /fika/update/ping
[2026-07-30 10:33:30.635][Info][SPTarkov.Server.Logger.SptLoggerMiddleware] [客户端请求] /client/game/keepalive
[2026-07-30 10:33:37.023][Info][SPTarkov.Server.Logger.SptLoggerMiddleware] [客户端请求] /launcher/profile/info
[2026-07-30 10:33:37.189][Info][SPTarkov.Server.Logger.SptLoggerMiddleware] [客户端请求] /launcher/server/version
[2026-07-30 10:33:54.090][Info][SPTarkov.Server.Logger.SptLoggerMiddleware] [客户端请求] /fika/update/ping
[2026-07-30 10:34:18.983][Info][SPTarkov.Server.Logger.SptLoggerMiddleware] [客户端请求] /launcher/profile/info
[2026-07-30 10:34:18.987][Info][SPTarkov.Server.Logger.SptLoggerMiddleware] [客户端请求] /launcher/server/version
[2026-07-30 10:34:24.094][Info][SPTarkov.Server.Logger.SptLoggerMiddleware] [客户端请求] /fika/update/ping
[2026-07-30 10:34:37.019][Info][SPTarkov.Server.Logger.SptLoggerMiddleware] [客户端请求] /launcher/profile/info
[2026-07-30 10:34:37.180][Info][SPTarkov.Server.Logger.SptLoggerMiddleware] [客户端请求] /launcher/server/version
[2026-07-30 10:34:54.096][Info][SPTarkov.Server.Logger.SptLoggerMiddleware] [客户端请求] /fika/update/ping
[2026-07-30 10:35:11.121][Info][SPTarkov.Server.Logger.SptLoggerMiddleware] [客户端请求] /client/game/keepalive
[2026-07-30 10:35:18.989][Info][SPTarkov.Server.Logger.SptLoggerMiddleware] [客户端请求] /launcher/profile/info
[2026-07-30 10:35:18.991][Info][SPTarkov.Server.Logger.SptLoggerMiddleware] [客户端请求] /launcher/server/version
[2026-07-30 10:35:24.099][Info][SPTarkov.Server.Logger.SptLoggerMiddleware] [客户端请求] /fika/update/ping
[2026-07-30 10:35:37.019][Info][SPTarkov.Server.Logger.SptLoggerMiddleware] [客户端请求] /launcher/profile/info
[2026-07-30 10:35:37.183][Info][SPTarkov.Server.Logger.SptLoggerMiddleware] [客户端请求] /launcher/server/version
[2026-07-30 10:35:50.979][Info][SPTarkov.Server.Logger.SptLoggerMiddleware] [客户端请求] /client/game/keepalive
[2026-07-30 10:35:54.102][Info][SPTarkov.Server.Logger.SptLoggerMiddleware] [客户端请求] /fika/update/ping
[2026-07-30 10:36:18.990][Info][SPTarkov.Server.Logger.SptLoggerMiddleware] [客户端请求] /launcher/profile/info
[2026-07-30 10:36:18.991][Info][SPTarkov.Server.Logger.SptLoggerMiddleware] [客户端请求] /launcher/server/version
[2026-07-30 10:36:24.106][Info][SPTarkov.Server.Logger.SptLoggerMiddleware] [客户端请求] /fika/update/ping
[2026-07-30 10:36:37.006][Info][SPTarkov.Server.Logger.SptLoggerMiddleware] [客户端请求] /launcher/profile/info
[2026-07-30 10:36:37.164][Info][SPTarkov.Server.Logger.SptLoggerMiddleware] [客户端请求] /launcher/server/version
[2026-07-30 10:36:54.112][Info][SPTarkov.Server.Logger.SptLoggerMiddleware] [客户端请求] /fika/update/ping
[2026-07-30 10:37:18.999][Info][SPTarkov.Server.Logger.SptLoggerMiddleware] [客户端请求] /launcher/profile/info
[2026-07-30 10:37:19.002][Info][SPTarkov.Server.Logger.SptLoggerMiddleware] [客户端请求] /launcher/server/version
[2026-07-30 10:37:24.115][Info][SPTarkov.Server.Logger.SptLoggerMiddleware] [客户端请求] /fika/update/ping
[2026-07-30 10:37:31.197][Info][SPTarkov.Server.Logger.SptLoggerMiddleware] [客户端请求] /client/game/keepalive
[2026-07-30 10:37:36.996][Info][SPTarkov.Server.Logger.SptLoggerMiddleware] [客户端请求] /launcher/profile/info
[2026-07-30 10:37:37.162][Info][SPTarkov.Server.Logger.SptLoggerMiddleware] [客户端请求] /launcher/server/version
[2026-07-30 10:37:54.118][Info][SPTarkov.Server.Logger.SptLoggerMiddleware] [客户端请求] /fika/update/ping
[2026-07-30 10:38:11.329][Info][SPTarkov.Server.Logger.SptLoggerMiddleware] [客户端请求] /client/game/keepalive
[2026-07-30 10:38:18.998][Info][SPTarkov.Server.Logger.SptLoggerMiddleware] [客户端请求] /launcher/profile/info
[2026-07-30 10:38:18.999][Info][SPTarkov.Server.Logger.SptLoggerMiddleware] [客户端请求] /launcher/server/version
[2026-07-30 10:38:24.121][Info][SPTarkov.Server.Logger.SptLoggerMiddleware] [客户端请求] /fika/update/ping
[2026-07-30 10:38:36.993][Info][SPTarkov.Server.Logger.SptLoggerMiddleware] [客户端请求] /launcher/profile/info
[2026-07-30 10:38:37.148][Info][SPTarkov.Server.Logger.SptLoggerMiddleware] [客户端请求] /launcher/server/version
[2026-07-30 10:38:54.126][Info][SPTarkov.Server.Logger.SptLoggerMiddleware] [客户端请求] /fika/update/ping
[2026-07-30 10:39:18.987][Info][SPTarkov.Server.Logger.SptLoggerMiddleware] [客户端请求] /launcher/profile/info
[2026-07-30 10:39:18.990][Info][SPTarkov.Server.Logger.SptLoggerMiddleware] [客户端请求] /launcher/server/version
[2026-07-30 10:39:24.130][Info][SPTarkov.Server.Logger.SptLoggerMiddleware] [客户端请求] /fika/update/ping
[2026-07-30 10:39:36.995][Info][SPTarkov.Server.Logger.SptLoggerMiddleware] [客户端请求] /launcher/profile/info
[2026-07-30 10:39:37.150][Info][SPTarkov.Server.Logger.SptLoggerMiddleware] [客户端请求] /launcher/server/version
[2026-07-30 10:39:51.274][Info][SPTarkov.Server.Logger.SptLoggerMiddleware] [客户端请求] /client/game/keepalive
[2026-07-30 10:39:54.134][Info][SPTarkov.Server.Logger.SptLoggerMiddleware] [客户端请求] /fika/update/ping
[2026-07-30 10:40:18.994][Info][SPTarkov.Server.Logger.SptLoggerMiddleware] [客户端请求] /launcher/profile/info
[2026-07-30 10:40:18.996][Info][SPTarkov.Server.Logger.SptLoggerMiddleware] [客户端请求] /launcher/server/version
[2026-07-30 10:40:24.136][Info][SPTarkov.Server.Logger.SptLoggerMiddleware] [客户端请求] /fika/update/ping
[2026-07-30 10:40:31.718][Info][SPTarkov.Server.Logger.SptLoggerMiddleware] [客户端请求] /client/game/keepalive
[2026-07-30 10:40:36.991][Info][SPTarkov.Server.Logger.SptLoggerMiddleware] [客户端请求] /launcher/profile/info
[2026-07-30 10:40:37.150][Info][SPTarkov.Server.Logger.SptLoggerMiddleware] [客户端请求] /launcher/server/version
[2026-07-30 10:40:54.140][Info][SPTarkov.Server.Logger.SptLoggerMiddleware] [客户端请求] /fika/update/ping
[2026-07-30 10:41:18.996][Info][SPTarkov.Server.Logger.SptLoggerMiddleware] [客户端请求] /launcher/profile/info
[2026-07-30 10:41:18.997][Info][SPTarkov.Server.Logger.SptLoggerMiddleware] [客户端请求] /launcher/server/version
[2026-07-30 10:41:24.143][Info][SPTarkov.Server.Logger.SptLoggerMiddleware] [客户端请求] /fika/update/ping
[2026-07-30 10:41:36.981][Info][SPTarkov.Server.Logger.SptLoggerMiddleware] [客户端请求] /launcher/profile/info
[2026-07-30 10:41:37.146][Info][SPTarkov.Server.Logger.SptLoggerMiddleware] [客户端请求] /launcher/server/version
[2026-07-30 10:41:54.146][Info][SPTarkov.Server.Logger.SptLoggerMiddleware] [客户端请求] /fika/update/ping
[2026-07-30 10:42:11.334][Info][SPTarkov.Server.Logger.SptLoggerMiddleware] [客户端请求] /client/game/keepalive
[2026-07-30 10:42:18.992][Info][SPTarkov.Server.Logger.SptLoggerMiddleware] [客户端请求] /launcher/profile/info
[2026-07-30 10:42:18.995][Info][SPTarkov.Server.Logger.SptLoggerMiddleware] [客户端请求] /launcher/server/version
[2026-07-30 10:42:24.149][Info][SPTarkov.Server.Logger.SptLoggerMiddleware] [客户端请求] /fika/update/ping
[2026-07-30 10:42:36.980][Info][SPTarkov.Server.Logger.SptLoggerMiddleware] [客户端请求] /launcher/profile/info
[2026-07-30 10:42:37.140][Info][SPTarkov.Server.Logger.SptLoggerMiddleware] [客户端请求] /launcher/server/version
[2026-07-30 10:42:52.084][Info][SPTarkov.Server.Logger.SptLoggerMiddleware] [客户端请求] /client/game/keepalive
[2026-07-30 10:42:54.152][Info][SPTarkov.Server.Logger.SptLoggerMiddleware] [客户端请求] /fika/update/ping
[2026-07-30 10:43:18.993][Info][SPTarkov.Server.Logger.SptLoggerMiddleware] [客户端请求] /launcher/profile/info
[2026-07-30 10:43:18.994][Info][SPTarkov.Server.Logger.SptLoggerMiddleware] [客户端请求] /launcher/server/version
[2026-07-30 10:43:24.155][Info][SPTarkov.Server.Logger.SptLoggerMiddleware] [客户端请求] /fika/update/ping
[2026-07-30 10:43:36.973][Info][SPTarkov.Server.Logger.SptLoggerMiddleware] [客户端请求] /launcher/profile/info
[2026-07-30 10:43:37.132][Info][SPTarkov.Server.Logger.SptLoggerMiddleware] [客户端请求] /launcher/server/version
[2026-07-30 10:43:54.158][Info][SPTarkov.Server.Logger.SptLoggerMiddleware] [客户端请求] /fika/update/ping
[2026-07-30 10:44:18.994][Info][SPTarkov.Server.Logger.SptLoggerMiddleware] [客户端请求] /launcher/profile/info
[2026-07-30 10:44:18.996][Info][SPTarkov.Server.Logger.SptLoggerMiddleware] [客户端请求] /launcher/server/version
[2026-07-30 10:44:24.160][Info][SPTarkov.Server.Logger.SptLoggerMiddleware] [客户端请求] /fika/update/ping
[2026-07-30 10:44:31.397][Info][SPTarkov.Server.Logger.SptLoggerMiddleware] [客户端请求] /client/game/keepalive
[2026-07-30 10:44:36.962][Info][SPTarkov.Server.Logger.SptLoggerMiddleware] [客户端请求] /launcher/profile/info
[2026-07-30 10:44:37.137][Info][SPTarkov.Server.Logger.SptLoggerMiddleware] [客户端请求] /launcher/server/version
[2026-07-30 10:44:54.163][Info][SPTarkov.Server.Logger.SptLoggerMiddleware] [客户端请求] /fika/update/ping
[2026-07-30 10:45:12.429][Info][SPTarkov.Server.Logger.SptLoggerMiddleware] [客户端请求] /client/game/keepalive
[2026-07-30 10:45:18.997][Info][SPTarkov.Server.Logger.SptLoggerMiddleware] [客户端请求] /launcher/profile/info
[2026-07-30 10:45:18.999][Info][SPTarkov.Server.Logger.SptLoggerMiddleware] [客户端请求] /launcher/server/version
[2026-07-30 10:45:24.166][Info][SPTarkov.Server.Logger.SptLoggerMiddleware] [客户端请求] /fika/update/ping
[2026-07-30 10:45:36.960][Info][SPTarkov.Server.Logger.SptLoggerMiddleware] [客户端请求] /launcher/profile/info
[2026-07-30 10:45:37.114][Info][SPTarkov.Server.Logger.SptLoggerMiddleware] [客户端请求] /launcher/server/version
[2026-07-30 10:45:54.168][Info][SPTarkov.Server.Logger.SptLoggerMiddleware] [客户端请求] /fika/update/ping
[2026-07-30 10:46:16.497][Info][SPTarkov.Server.Logger.SptLoggerMiddleware] [客户端请求] /client/match/local/end
[2026-07-30 10:46:17.696][Info][SPTarkov.Server.Logger.SptLoggerMiddleware] [客户端请求] /fika/raid/leave
[2026-07-30 10:46:18.992][Info][SPTarkov.Server.Logger.SptLoggerMiddleware] [客户端请求] /launcher/profile/info
[2026-07-30 10:46:18.994][Info][SPTarkov.Server.Logger.SptLoggerMiddleware] [客户端请求] /launcher/server/version
[2026-07-30 10:46:24.170][Info][SPTarkov.Server.Logger.SptLoggerMiddleware] [客户端请求] /fika/update/ping
[2026-07-30 10:46:25.240][Info][SPTarkov.Server.Logger.SptLoggerMiddleware] [客户端请求] /botplacementsystem/save
[2026-07-30 10:46:25.850][Info][SPTarkov.Server.Logger.SptLoggerMiddleware] [WebSocket 请求] /notifierServer/getwebsocket/69802d793401cb1dcc190aae
[2026-07-30 10:46:25.859][Info][SPTarkov.Server.Core.Servers.Ws.SptWebSocketConnectionHandler] [WS] 玩家：Maxryuki (69802d793401cb1dcc190aae) 20260730104625855 已连接
[2026-07-30 10:46:26.774][Info][SPTarkov.Server.Logger.SptLoggerMiddleware] [客户端请求] /client/match/local/end
[2026-07-30 10:46:26.812][Warn][SPTarkov.Server.Core.Services.MatchBotDetailsCacheService] Bot not found in match bot cache: 6a6b2746528f855db0e3f94d
[2026-07-30 10:46:27.050][Info][SPTarkov.Server.Logger.SptLoggerMiddleware] [客户端请求] /fika/raid/leave
[2026-07-30 10:46:27.051][Info][FikaServer.Services.MatchService] Coop session 68f79277575e002bfcf5a4a1 has ended HostShutdown
[2026-07-30 10:46:27.051][Info][FikaServer.Services.MatchService] Deleted match [68f79277575e002bfcf5a4a1]
[2026-07-30 10:46:32.159][Info][SPTarkov.Server.Logger.SptLoggerMiddleware] [WebSocket 请求] /notifierServer/getwebsocket/68f79277575e002bfcf5a4a1
[2026-07-30 10:46:32.159][Info][SPTarkov.Server.Core.Servers.Ws.SptWebSocketConnectionHandler] [WS] 玩家：JúnioR (68f79277575e002bfcf5a4a1) 20260730104632159 已连接
[2026-07-30 10:46:33.616][Info][SPTarkov.Server.Logger.SptLoggerMiddleware] [客户端请求] /client/game/profile/list
[2026-07-30 10:46:36.754][Info][SPTarkov.Server.Logger.SptLoggerMiddleware] [客户端请求] /client/game/profile/select
[2026-07-30 10:46:36.958][Info][SPTarkov.Server.Logger.SptLoggerMiddleware] [客户端请求] /launcher/profile/info
[2026-07-30 10:46:37.115][Info][SPTarkov.Server.Logger.SptLoggerMiddleware] [客户端请求] /launcher/server/version
[2026-07-30 10:46:37.115][Info][SPTarkov.Server.Logger.SptLoggerMiddleware] [客户端请求] /client/profile/status
[2026-07-30 10:46:37.462][Info][SPTarkov.Server.Logger.SptLoggerMiddleware] [客户端请求] /client/quest/list
[2026-07-30 10:46:40.350][Info][SPTarkov.Server.Logger.SptLoggerMiddleware] [客户端请求] /client/game/profile/list
[2026-07-30 10:46:41.435][Info][SPTarkov.Server.Logger.SptLoggerMiddleware] [客户端请求] /client/game/profile/select
[2026-07-30 10:46:41.466][Info][SPTarkov.Server.Logger.SptLoggerMiddleware] [客户端请求] /client/profile/status
[2026-07-30 10:46:41.516][Info][SPTarkov.Server.Logger.SptLoggerMiddleware] [客户端请求] /client/quest/list
[2026-07-30 10:46:41.864][Info][SPTarkov.Server.Logger.SptLoggerMiddleware] [客户端请求] /client/achievement/statistic
[2026-07-30 10:46:41.893][Info][SPTarkov.Server.Logger.SptLoggerMiddleware] [客户端请求] /client/achievement/list
[2026-07-30 10:46:42.062][Info][SPTarkov.Server.Logger.SptLoggerMiddleware] [客户端请求] /client/repeatalbeQuests/activityPeriods
[2026-07-30 10:46:45.866][Info][SPTarkov.Server.Logger.SptLoggerMiddleware] [客户端请求] /client/achievement/statistic
[2026-07-30 10:46:46.212][Info][SPTarkov.Server.Logger.SptLoggerMiddleware] [客户端请求] /client/achievement/list
[2026-07-30 10:46:46.949][Info][SPTarkov.Server.Logger.SptLoggerMiddleware] [客户端请求] /client/repeatalbeQuests/activityPeriods
[2026-07-30 10:46:46.999][Info][SPTarkov.Server.Logger.SptLoggerMiddleware] [客户端请求] /client/game/profile/items/moving
[2026-07-30 10:47:00.250][Info][SPTarkov.Server.Logger.SptLoggerMiddleware] [客户端请求] /client/game/profile/items/moving
[2026-07-30 10:47:11.813][Info][SPTarkov.Server.Logger.SptLoggerMiddleware] [客户端请求] /client/items
[2026-07-30 10:47:18.985][Info][SPTarkov.Server.Logger.SptLoggerMiddleware] [客户端请求] /launcher/profile/info
[2026-07-30 10:47:18.986][Info][SPTarkov.Server.Logger.SptLoggerMiddleware] [客户端请求] /launcher/server/version
[2026-07-30 10:47:25.673][Info][SPTarkov.Server.Logger.SptLoggerMiddleware] [客户端请求] /client/prestige/list
[2026-07-30 10:47:25.682][Info][SPTarkov.Server.Logger.SptLoggerMiddleware] [客户端请求] /client/customization
[2026-07-30 10:47:25.687][Info][SPTarkov.Server.Logger.SptLoggerMiddleware] [客户端请求] /client/globals
[2026-07-30 10:47:25.689][Info][SPTarkov.Server.Logger.SptLoggerMiddleware] [客户端请求] /client/settings
[2026-07-30 10:47:25.693][Info][SPTarkov.Server.Logger.SptLoggerMiddleware] [客户端请求] /client/trading/api/traderSettings
[2026-07-30 10:47:26.567][Info][SPTarkov.Server.Logger.SptLoggerMiddleware] [客户端请求] /client/customization/storage
[2026-07-30 10:47:27.203][Info][SPTarkov.Server.Logger.SptLoggerMiddleware] [客户端请求] /client/game/profile/list
[2026-07-30 10:47:27.216][Info][SPTarkov.Server.Logger.SptLoggerMiddleware] [客户端请求] /client/dialogue
[2026-07-30 10:47:29.583][Info][SPTarkov.Server.Logger.SptLoggerMiddleware] [客户端请求] /client/game/profile/select
[2026-07-30 10:47:29.958][Info][SPTarkov.Server.Logger.SptLoggerMiddleware] [客户端请求] /client/profile/status
[2026-07-30 10:47:30.332][Info][SPTarkov.Server.Logger.SptLoggerMiddleware] [客户端请求] /client/handbook/templates
[2026-07-30 10:47:33.601][Info][SPTarkov.Server.Logger.SptLoggerMiddleware] [客户端请求] /client/builds/list
[2026-07-30 10:47:33.891][Info][SPTarkov.Server.Logger.SptLoggerMiddleware] [客户端请求] /weaponcustomizer/load
[2026-07-30 10:47:34.553][Info][SPTarkov.Server.Core.Servers.Ws.SptWebSocketConnectionHandler] [ws] player: Maxryuki (69802d793401cb1dcc190aae) 20260730104625855 has disconnected
[2026-07-30 10:47:35.889][Info][SPTarkov.Server.Logger.SptLoggerMiddleware] [客户端请求] /client/game/profile/items/moving
[2026-07-30 10:47:36.199][Info][SPTarkov.Server.Logger.SptLoggerMiddleware] [客户端请求] /client/notifier/channel/create
[2026-07-30 10:47:36.210][Info][SPTarkov.Server.Logger.SptLoggerMiddleware] [客户端请求] /client/weather
[2026-07-30 10:47:36.213][Info][SPTarkov.Server.Logger.SptLoggerMiddleware] [客户端请求] /client/locale/ch
[2026-07-30 10:47:36.217][Info][SPTarkov.Server.Logger.SptLoggerMiddleware] [客户端请求] /client/profile/status
[2026-07-30 10:47:36.222][Info][SPTarkov.Server.Logger.SptLoggerMiddleware] [客户端请求] /client/locations
[2026-07-30 10:47:36.251][Info][SPTarkov.Server.Logger.SptLoggerMiddleware] [客户端请求] /client/hideout/areas
[2026-07-30 10:47:36.255][Info][SPTarkov.Server.Logger.SptLoggerMiddleware] [客户端请求] /client/hideout/settings
[2026-07-30 10:47:36.259][Info][SPTarkov.Server.Logger.SptLoggerMiddleware] [客户端请求] /client/hideout/production/recipes
[2026-07-30 10:47:36.267][Info][SPTarkov.Server.Logger.SptLoggerMiddleware] [客户端请求] /client/hideout/qte/list
[2026-07-30 10:47:36.269][Info][SPTarkov.Server.Logger.SptLoggerMiddleware] [客户端请求] /client/hideout/customization/offer/list
[2026-07-30 10:47:36.548][Info][SPTarkov.Server.Logger.SptLoggerMiddleware] [WebSocket 请求] /notifierServer/getwebsocket/69802d793401cb1dcc190aae
[2026-07-30 10:47:36.549][Info][SPTarkov.Server.Core.Servers.Ws.SptWebSocketConnectionHandler] [WS] 玩家：Maxryuki (69802d793401cb1dcc190aae) 20260730104736548 已连接
[2026-07-30 10:47:36.940][Info][SPTarkov.Server.Logger.SptLoggerMiddleware] [客户端请求] /launcher/profile/info
[2026-07-30 10:47:37.093][Info][SPTarkov.Server.Logger.SptLoggerMiddleware] [客户端请求] /launcher/server/version
[2026-07-30 10:47:43.977][Info][SPTarkov.Server.Logger.SptLoggerMiddleware] [客户端请求] /client/friend/request/list/outbox
[2026-07-30 10:47:43.981][Info][SPTarkov.Server.Logger.SptLoggerMiddleware] [客户端请求] /client/server/list
[2026-07-30 10:47:43.987][Info][SPTarkov.Server.Logger.SptLoggerMiddleware] [客户端请求] /client/quest/list
[2026-07-30 10:47:43.988][Info][SPTarkov.Server.Logger.SptLoggerMiddleware] [客户端请求] /client/match/group/current
[2026-07-30 10:47:44.213][Info][SPTarkov.Server.Logger.SptLoggerMiddleware] [客户端请求] /client/friend/request/list/inbox
[2026-07-30 10:47:44.213][Info][SPTarkov.Server.Logger.SptLoggerMiddleware] [客户端请求] /client/friend/list
[2026-07-30 10:47:44.213][Info][SPTarkov.Server.Logger.SptLoggerMiddleware] [客户端请求] /client/mail/dialog/list
[2026-07-30 10:47:45.728][Info][SPTarkov.Server.Logger.SptLoggerMiddleware] [客户端请求] /client/items
[2026-07-30 10:47:47.976][Info][SPTarkov.Server.Logger.SptLoggerMiddleware] [客户端请求] /client/achievement/statistic
[2026-07-30 10:47:48.379][Info][SPTarkov.Server.Logger.SptLoggerMiddleware] [客户端请求] /client/achievement/list
[2026-07-30 10:47:49.064][Info][SPTarkov.Server.Logger.SptLoggerMiddleware] [客户端请求] /client/repeatalbeQuests/activityPeriods
[2026-07-30 10:47:49.427][Info][SPTarkov.Server.Logger.SptLoggerMiddleware] [客户端请求] /client/survey
[2026-07-30 10:47:49.891][Info][SPTarkov.Server.Logger.SptLoggerMiddleware] [客户端请求] /fika/presence/set
[2026-07-30 10:47:50.148][Info][SPTarkov.Server.Logger.SptLoggerMiddleware] [客户端请求] /fika/presence/get
[2026-07-30 10:47:50.613][Info][SPTarkov.Server.Logger.SptLoggerMiddleware] [客户端请求] /client/customization
[2026-07-30 10:47:50.617][Info][SPTarkov.Server.Logger.SptLoggerMiddleware] [客户端请求] /client/trading/api/traderSettings
[2026-07-30 10:47:50.628][Info][SPTarkov.Server.Logger.SptLoggerMiddleware] [客户端请求] /client/prestige/list
[2026-07-30 10:47:50.628][Info][SPTarkov.Server.Logger.SptLoggerMiddleware] [客户端请求] /client/globals
[2026-07-30 10:47:50.629][Info][SPTarkov.Server.Logger.SptLoggerMiddleware] [客户端请求] /client/settings
[2026-07-30 10:47:50.809][Info][SPTarkov.Server.Logger.SptLoggerMiddleware] [客户端请求] /client/customization/storage
[2026-07-30 10:47:51.062][Info][SPTarkov.Server.Logger.SptLoggerMiddleware] [客户端请求] /client/dialogue
[2026-07-30 10:47:51.062][Info][SPTarkov.Server.Logger.SptLoggerMiddleware] [客户端请求] /client/game/profile/list
[2026-07-30 10:47:52.353][Info][SPTarkov.Server.Logger.SptLoggerMiddleware] [客户端请求] /client/game/profile/select
[2026-07-30 10:47:52.398][Info][SPTarkov.Server.Logger.SptLoggerMiddleware] [客户端请求] /client/profile/status
[2026-07-30 10:47:52.465][Info][SPTarkov.Server.Logger.SptLoggerMiddleware] [客户端请求] /client/handbook/templates
[2026-07-30 10:47:53.331][Info][SPTarkov.Server.Logger.SptLoggerMiddleware] [客户端请求] /fika/presence/set
[2026-07-30 10:47:54.043][Info][SPTarkov.Server.Logger.SptLoggerMiddleware] [客户端请求] /client/builds/list
[2026-07-30 10:47:54.416][Info][SPTarkov.Server.Logger.SptLoggerMiddleware] [客户端请求] /botplacementsystem/load
[2026-07-30 10:47:54.423][Info][SPTarkov.Server.Logger.SptLoggerMiddleware] [客户端请求] /weaponcustomizer/load
[2026-07-30 10:47:55.982][Info][SPTarkov.Server.Core.Servers.Ws.SptWebSocketConnectionHandler] [ws] player: JúnioR (68f79277575e002bfcf5a4a1) 20260730104632159 has disconnected
[2026-07-30 10:47:57.569][Info][SPTarkov.Server.Logger.SptLoggerMiddleware] [客户端请求] /client/weather
[2026-07-30 10:47:57.569][Info][SPTarkov.Server.Logger.SptLoggerMiddleware] [客户端请求] /client/locations
[2026-07-30 10:47:57.569][Info][SPTarkov.Server.Logger.SptLoggerMiddleware] [客户端请求] /client/notifier/channel/create
[2026-07-30 10:47:57.570][Info][SPTarkov.Server.Logger.SptLoggerMiddleware] [客户端请求] /client/locale/ch
[2026-07-30 10:47:57.570][Info][SPTarkov.Server.Logger.SptLoggerMiddleware] [客户端请求] /client/profile/status
[2026-07-30 10:47:57.623][Info][SPTarkov.Server.Logger.SptLoggerMiddleware] [客户端请求] /client/hideout/production/recipes
[2026-07-30 10:47:57.623][Info][SPTarkov.Server.Logger.SptLoggerMiddleware] [客户端请求] /client/hideout/qte/list
[2026-07-30 10:47:57.623][Info][SPTarkov.Server.Logger.SptLoggerMiddleware] [客户端请求] /client/hideout/customization/offer/list
[2026-07-30 10:47:57.624][Info][SPTarkov.Server.Logger.SptLoggerMiddleware] [客户端请求] /client/hideout/areas
[2026-07-30 10:47:57.624][Info][SPTarkov.Server.Logger.SptLoggerMiddleware] [客户端请求] /client/hideout/settings
[2026-07-30 10:47:57.629][Info][SPTarkov.Server.Logger.SptLoggerMiddleware] [WebSocket 请求] /notifierServer/getwebsocket/68f79277575e002bfcf5a4a1
[2026-07-30 10:47:57.629][Info][SPTarkov.Server.Core.Servers.Ws.SptWebSocketConnectionHandler] [WS] 玩家：JúnioR (68f79277575e002bfcf5a4a1) 20260730104757629 已连接
[2026-07-30 10:47:59.584][Info][SPTarkov.Server.Logger.SptLoggerMiddleware] [客户端请求] /fika/senditem/availablereceivers
[2026-07-30 10:48:00.761][Info][SPTarkov.Server.Logger.SptLoggerMiddleware] [客户端请求] /client/game/profile/items/moving
[2026-07-30 10:48:02.427][Info][SPTarkov.Server.Logger.SptLoggerMiddleware] [客户端请求] /client/server/list
[2026-07-30 10:48:02.451][Info][SPTarkov.Server.Logger.SptLoggerMiddleware] [客户端请求] /client/mail/dialog/list
[2026-07-30 10:48:02.451][Info][SPTarkov.Server.Logger.SptLoggerMiddleware] [客户端请求] /client/match/group/current
[2026-07-30 10:48:02.451][Info][SPTarkov.Server.Logger.SptLoggerMiddleware] [客户端请求] /client/friend/request/list/inbox
[2026-07-30 10:48:02.451][Info][SPTarkov.Server.Logger.SptLoggerMiddleware] [客户端请求] /client/friend/request/list/outbox
[2026-07-30 10:48:02.451][Info][SPTarkov.Server.Logger.SptLoggerMiddleware] [客户端请求] /client/friend/list
[2026-07-30 10:48:02.451][Info][SPTarkov.Server.Logger.SptLoggerMiddleware] [客户端请求] /client/quest/list
[2026-07-30 10:48:02.481][Info][SPTarkov.Server.Logger.SptLoggerMiddleware] [客户端请求] /client/game/profile/items/moving
[2026-07-30 10:48:02.495][Info][FikaServer.Controllers.SendItemController] 1 items are going to sessionID: 68f79277575e002bfcf5a4a1
[2026-07-30 10:48:02.744][Info][SPTarkov.Server.Logger.SptLoggerMiddleware] [客户端请求] /client/achievement/statistic
[2026-07-30 10:48:02.789][Info][SPTarkov.Server.Logger.SptLoggerMiddleware] [客户端请求] /client/achievement/list
[2026-07-30 10:48:02.975][Info][SPTarkov.Server.Logger.SptLoggerMiddleware] [客户端请求] /client/repeatalbeQuests/activityPeriods
[2026-07-30 10:48:03.071][Info][SPTarkov.Server.Logger.SptLoggerMiddleware] [客户端请求] /client/survey
[2026-07-30 10:48:03.441][Info][SPTarkov.Server.Logger.SptLoggerMiddleware] [客户端请求] /fika/presence/set
[2026-07-30 10:48:03.679][Info][SPTarkov.Server.Logger.SptLoggerMiddleware] [客户端请求] /fika/presence/get
[2026-07-30 10:48:04.904][Info][SPTarkov.Server.Logger.SptLoggerMiddleware] [客户端请求] /fika/senditem/availablereceivers
[2026-07-30 10:48:05.853][Info][SPTarkov.Server.Logger.SptLoggerMiddleware] [客户端请求] /client/game/profile/items/moving
[2026-07-30 10:48:05.853][Info][FikaServer.Controllers.SendItemController] 1 items are going to sessionID: 68f79277575e002bfcf5a4a1
[2026-07-30 10:48:07.195][Info][SPTarkov.Server.Logger.SptLoggerMiddleware] [客户端请求] /client/mail/dialog/view
[2026-07-30 10:48:07.234][Info][SPTarkov.Server.Logger.SptLoggerMiddleware] [客户端请求] /fika/senditem/availablereceivers
[2026-07-30 10:48:08.305][Info][SPTarkov.Server.Logger.SptLoggerMiddleware] [客户端请求] /client/mail/dialog/view
[2026-07-30 10:48:08.379][Info][SPTarkov.Server.Logger.SptLoggerMiddleware] [客户端请求] /client/game/profile/items/moving
[2026-07-30 10:48:08.379][Info][FikaServer.Controllers.SendItemController] 1 items are going to sessionID: 68f79277575e002bfcf5a4a1
[2026-07-30 10:48:08.871][Info][SPTarkov.Server.Logger.SptLoggerMiddleware] [客户端请求] /client/mail/dialog/view
[2026-07-30 10:48:09.955][Info][SPTarkov.Server.Logger.SptLoggerMiddleware] [客户端请求] /client/mail/dialog/view
[2026-07-30 10:48:10.078][Info][SPTarkov.Server.Logger.SptLoggerMiddleware] [客户端请求] /fika/senditem/availablereceivers
[2026-07-30 10:48:10.827][Info][SPTarkov.Server.Logger.SptLoggerMiddleware] [客户端请求] /client/mail/dialog/getAllAttachments
[2026-07-30 10:48:13.273][Info][SPTarkov.Server.Logger.SptLoggerMiddleware] [客户端请求] /fika/presence/set
[2026-07-30 10:48:13.289][Info][SPTarkov.Server.Logger.SptLoggerMiddleware] [客户端请求] /fika/presence/get
[2026-07-30 10:48:13.305][Info][SPTarkov.Server.Logger.SptLoggerMiddleware] [客户端请求] /client/checkVersion
[2026-07-30 10:48:14.220][Info][SPTarkov.Server.Logger.SptLoggerMiddleware] [客户端请求] /client/game/profile/items/moving
[2026-07-30 10:48:14.220][Info][FikaServer.Controllers.SendItemController] 1 items are going to sessionID: 68f79277575e002bfcf5a4a1
[2026-07-30 10:48:15.108][Info][SPTarkov.Server.Logger.SptLoggerMiddleware] [客户端请求] /client/mail/dialog/view
[2026-07-30 10:48:16.334][Info][SPTarkov.Server.Logger.SptLoggerMiddleware] [客户端请求] /client/mail/dialog/view
[2026-07-30 10:48:17.219][Info][SPTarkov.Server.Logger.SptLoggerMiddleware] [客户端请求] /client/mail/dialog/getAllAttachments
[2026-07-30 10:48:18.481][Info][SPTarkov.Server.Logger.SptLoggerMiddleware] [客户端请求] /fika/senditem/availablereceivers
[2026-07-30 10:48:18.987][Info][SPTarkov.Server.Logger.SptLoggerMiddleware] [客户端请求] /launcher/profile/info
[2026-07-30 10:48:18.990][Info][SPTarkov.Server.Logger.SptLoggerMiddleware] [客户端请求] /launcher/server/version
[2026-07-30 10:48:20.423][Info][SPTarkov.Server.Logger.SptLoggerMiddleware] [客户端请求] /client/game/profile/items/moving
[2026-07-30 10:48:20.423][Info][FikaServer.Controllers.SendItemController] 1 items are going to sessionID: 68f79277575e002bfcf5a4a1
[2026-07-30 10:48:23.663][Info][SPTarkov.Server.Logger.SptLoggerMiddleware] [客户端请求] /fika/senditem/availablereceivers
[2026-07-30 10:48:25.232][Info][SPTarkov.Server.Logger.SptLoggerMiddleware] [客户端请求] /client/game/profile/items/moving
[2026-07-30 10:48:25.233][Info][FikaServer.Controllers.SendItemController] 1 items are going to sessionID: 68f79277575e002bfcf5a4a1
[2026-07-30 10:48:25.419][Info][SPTarkov.Server.Logger.SptLoggerMiddleware] [客户端请求] /fika/presence/set
[2026-07-30 10:48:25.435][Info][SPTarkov.Server.Logger.SptLoggerMiddleware] [客户端请求] /fika/presence/get
[2026-07-30 10:48:25.452][Info][SPTarkov.Server.Logger.SptLoggerMiddleware] [客户端请求] /client/game/profile/items/moving
[2026-07-30 10:48:33.480][Info][SPTarkov.Server.Logger.SptLoggerMiddleware] [客户端请求] /fika/senditem/availablereceivers
[2026-07-30 10:48:34.259][Info][SPTarkov.Server.Logger.SptLoggerMiddleware] [客户端请求] /client/game/profile/items/moving
[2026-07-30 10:48:34.259][Info][FikaServer.Controllers.SendItemController] 1 items are going to sessionID: 68f79277575e002bfcf5a4a1
[2026-07-30 10:48:35.143][Info][SPTarkov.Server.Logger.SptLoggerMiddleware] [客户端请求] /fika/senditem/availablereceivers
[2026-07-30 10:48:35.945][Info][SPTarkov.Server.Logger.SptLoggerMiddleware] [客户端请求] /client/game/profile/items/moving
[2026-07-30 10:48:35.945][Info][FikaServer.Controllers.SendItemController] 1 items are going to sessionID: 68f79277575e002bfcf5a4a1
[2026-07-30 10:48:36.806][Info][SPTarkov.Server.Logger.SptLoggerMiddleware] [客户端请求] /fika/senditem/availablereceivers
[2026-07-30 10:48:36.937][Info][SPTarkov.Server.Logger.SptLoggerMiddleware] [客户端请求] /launcher/profile/info
[2026-07-30 10:48:37.093][Info][SPTarkov.Server.Logger.SptLoggerMiddleware] [客户端请求] /launcher/server/version
[2026-07-30 10:48:37.599][Info][SPTarkov.Server.Logger.SptLoggerMiddleware] [客户端请求] /client/game/profile/items/moving
[2026-07-30 10:48:37.599][Info][FikaServer.Controllers.SendItemController] 1 items are going to sessionID: 68f79277575e002bfcf5a4a1
[2026-07-30 10:48:38.909][Info][SPTarkov.Server.Logger.SptLoggerMiddleware] [客户端请求] /fika/senditem/availablereceivers
[2026-07-30 10:48:39.719][Info][SPTarkov.Server.Logger.SptLoggerMiddleware] [客户端请求] /client/game/profile/items/moving
[2026-07-30 10:48:39.719][Info][FikaServer.Controllers.SendItemController] 1 items are going to sessionID: 68f79277575e002bfcf5a4a1
[2026-07-30 10:48:40.726][Info][SPTarkov.Server.Logger.SptLoggerMiddleware] [客户端请求] /fika/senditem/availablereceivers
[2026-07-30 10:48:41.586][Info][SPTarkov.Server.Logger.SptLoggerMiddleware] [客户端请求] /client/game/profile/items/moving
[2026-07-30 10:48:41.586][Info][FikaServer.Controllers.SendItemController] 1 items are going to sessionID: 68f79277575e002bfcf5a4a1
[2026-07-30 10:48:43.221][Info][SPTarkov.Server.Logger.SptLoggerMiddleware] [客户端请求] /fika/senditem/availablereceivers
[2026-07-30 10:48:44.132][Info][SPTarkov.Server.Logger.SptLoggerMiddleware] [客户端请求] /client/game/profile/items/moving
[2026-07-30 10:48:44.132][Info][FikaServer.Controllers.SendItemController] 1 items are going to sessionID: 68f79277575e002bfcf5a4a1
[2026-07-30 10:48:45.917][Info][SPTarkov.Server.Logger.SptLoggerMiddleware] [客户端请求] /fika/senditem/availablereceivers
[2026-07-30 10:48:46.842][Info][SPTarkov.Server.Logger.SptLoggerMiddleware] [客户端请求] /client/game/profile/items/moving
[2026-07-30 10:48:46.842][Info][FikaServer.Controllers.SendItemController] 1 items are going to sessionID: 68f79277575e002bfcf5a4a1
[2026-07-30 10:48:48.550][Info][SPTarkov.Server.Logger.SptLoggerMiddleware] [客户端请求] /fika/senditem/availablereceivers
[2026-07-30 10:48:49.477][Info][SPTarkov.Server.Logger.SptLoggerMiddleware] [客户端请求] /client/game/profile/items/moving
[2026-07-30 10:48:49.478][Info][FikaServer.Controllers.SendItemController] 1 items are going to sessionID: 68f79277575e002bfcf5a4a1
[2026-07-30 10:48:50.730][Info][SPTarkov.Server.Logger.SptLoggerMiddleware] [客户端请求] /fika/senditem/availablereceivers
[2026-07-30 10:48:51.639][Info][SPTarkov.Server.Logger.SptLoggerMiddleware] [客户端请求] /client/game/profile/items/moving
[2026-07-30 10:48:51.640][Info][FikaServer.Controllers.SendItemController] 1 items are going to sessionID: 68f79277575e002bfcf5a4a1
[2026-07-30 10:49:01.782][Info][SPTarkov.Server.Logger.SptLoggerMiddleware] [客户端请求] /client/ragfair/itemMarketPrice
[2026-07-30 10:49:01.797][Info][SPTarkov.Server.Logger.SptLoggerMiddleware] [客户端请求] /client/items/prices
[2026-07-30 10:49:11.213][Info][SPTarkov.Server.Logger.SptLoggerMiddleware] [客户端请求] /client/items/prices
[2026-07-30 10:49:11.219][Info][SPTarkov.Server.Logger.SptLoggerMiddleware] [客户端请求] /client/ragfair/itemMarketPrice
[2026-07-30 10:49:12.807][Info][SPTarkov.Server.Logger.SptLoggerMiddleware] [客户端请求] /client/ragfair/offerfees
[2026-07-30 10:49:13.192][Info][SPTarkov.Server.Logger.SptLoggerMiddleware] [客户端请求] /client/game/profile/items/moving
[2026-07-30 10:49:17.335][Info][SPTarkov.Server.Logger.SptLoggerMiddleware] [客户端请求] /fika/senditem/availablereceivers
[2026-07-30 10:49:18.609][Info][SPTarkov.Server.Logger.SptLoggerMiddleware] [客户端请求] /client/game/profile/items/moving
[2026-07-30 10:49:18.609][Info][FikaServer.Controllers.SendItemController] 1 items are going to sessionID: 68f79277575e002bfcf5a4a1
[2026-07-30 10:49:18.989][Info][SPTarkov.Server.Logger.SptLoggerMiddleware] [客户端请求] /launcher/profile/info
[2026-07-30 10:49:18.991][Info][SPTarkov.Server.Logger.SptLoggerMiddleware] [客户端请求] /launcher/server/version
[2026-07-30 10:49:21.218][Info][SPTarkov.Server.Logger.SptLoggerMiddleware] [客户端请求] /client/mail/dialog/getAllAttachments
[2026-07-30 10:49:21.463][Info][SPTarkov.Server.Logger.SptLoggerMiddleware] [客户端请求] /client/game/profile/items/moving
[2026-07-30 10:49:29.925][Info][SPTarkov.Server.Logger.SptLoggerMiddleware] [客户端请求] /fika/presence/set
[2026-07-30 10:49:29.958][Info][SPTarkov.Server.Logger.SptLoggerMiddleware] [客户端请求] /client/game/profile/items/moving
[2026-07-30 10:49:36.934][Info][SPTarkov.Server.Logger.SptLoggerMiddleware] [客户端请求] /launcher/profile/info
[2026-07-30 10:49:37.089][Info][SPTarkov.Server.Logger.SptLoggerMiddleware] [客户端请求] /launcher/server/version
[2026-07-30 10:49:49.374][Info][SPTarkov.Server.Logger.SptLoggerMiddleware] [客户端请求] /client/mail/dialog/view
[2026-07-30 10:49:50.136][Info][SPTarkov.Server.Logger.SptLoggerMiddleware] [客户端请求] /client/mail/dialog/view
[2026-07-30 10:49:50.605][Info][SPTarkov.Server.Logger.SptLoggerMiddleware] [客户端请求] /client/mail/dialog/getAllAttachments
[2026-07-30 10:49:51.006][Info][SPTarkov.Server.Logger.SptLoggerMiddleware] [客户端请求] /client/game/profile/items/moving
[2026-07-30 10:49:52.230][Info][SPTarkov.Server.Logger.SptLoggerMiddleware] [客户端请求] /fika/presence/set
[2026-07-30 10:49:52.573][Info][SPTarkov.Server.Logger.SptLoggerMiddleware] [客户端请求] /client/game/profile/items/moving
[2026-07-30 10:49:58.143][Info][SPTarkov.Server.Logger.SptLoggerMiddleware] [客户端请求] /client/ragfair/itemMarketPrice
[2026-07-30 10:49:58.151][Info][SPTarkov.Server.Logger.SptLoggerMiddleware] [客户端请求] /client/items/prices
[2026-07-30 10:50:05.510][Info][SPTarkov.Server.Logger.SptLoggerMiddleware] [客户端请求] /client/ragfair/itemMarketPrice
[2026-07-30 10:50:05.515][Info][SPTarkov.Server.Logger.SptLoggerMiddleware] [客户端请求] /client/items/prices
[2026-07-30 10:50:08.354][Info][SPTarkov.Server.Logger.SptLoggerMiddleware] [客户端请求] /client/ragfair/offerfees
[2026-07-30 10:50:08.721][Info][SPTarkov.Server.Logger.SptLoggerMiddleware] [客户端请求] /client/game/profile/items/moving
[2026-07-30 10:50:18.994][Info][SPTarkov.Server.Logger.SptLoggerMiddleware] [客户端请求] /launcher/profile/info
[2026-07-30 10:50:18.996][Info][SPTarkov.Server.Logger.SptLoggerMiddleware] [客户端请求] /launcher/server/version
[2026-07-30 10:50:22.065][Info][SPTarkov.Server.Logger.SptLoggerMiddleware] [客户端请求] /client/game/profile/items/moving
[2026-07-30 10:50:30.136][Info][SPTarkov.Server.Logger.SptLoggerMiddleware] [客户端请求] /client/game/profile/items/moving
[2026-07-30 10:50:36.932][Info][SPTarkov.Server.Logger.SptLoggerMiddleware] [客户端请求] /launcher/profile/info
[2026-07-30 10:50:37.087][Info][SPTarkov.Server.Logger.SptLoggerMiddleware] [客户端请求] /launcher/server/version
[2026-07-30 10:50:38.531][Info][SPTarkov.Server.Logger.SptLoggerMiddleware] [客户端请求] /client/items/prices
[2026-07-30 10:50:38.551][Info][SPTarkov.Server.Logger.SptLoggerMiddleware] [客户端请求] /client/ragfair/itemMarketPrice
[2026-07-30 10:50:39.695][Info][SPTarkov.Server.Logger.SptLoggerMiddleware] [客户端请求] /client/ragfair/offerfees
[2026-07-30 10:50:40.059][Info][SPTarkov.Server.Logger.SptLoggerMiddleware] [客户端请求] /client/game/profile/items/moving
[2026-07-30 10:50:44.573][Info][SPTarkov.Server.Logger.SptLoggerMiddleware] [客户端请求] /fika/presence/set
[2026-07-30 10:50:44.925][Info][SPTarkov.Server.Logger.SptLoggerMiddleware] [客户端请求] /client/items/prices/5935c25fb3acc3127c3d8cd9
[2026-07-30 10:50:44.934][Info][SPTarkov.Server.Logger.SptLoggerMiddleware] [客户端请求] /client/items/prices/58330581ace78e27b8b10cee
[2026-07-30 10:50:44.937][Info][SPTarkov.Server.Logger.SptLoggerMiddleware] [客户端请求] /client/checkVersion
[2026-07-30 10:50:44.941][Info][SPTarkov.Server.Logger.SptLoggerMiddleware] [客户端请求] /client/ragfair/find
[2026-07-30 10:50:45.787][Info][SPTarkov.Server.Logger.SptLoggerMiddleware] [客户端请求] /client/trading/api/getTraderAssort/58330581ace78e27b8b10cee
[2026-07-30 10:50:45.793][Info][SPTarkov.Server.Logger.SptLoggerMiddleware] [客户端请求] /client/trading/api/getTraderAssort/5935c25fb3acc3127c3d8cd9
[2026-07-30 10:50:51.973][Info][SPTarkov.Server.Logger.SptLoggerMiddleware] [客户端请求] /client/game/profile/items/moving
[2026-07-30 10:50:51.987][Info][SPTarkov.Server.Logger.SptLoggerMiddleware] [客户端请求] /client/items/prices/5935c25fb3acc3127c3d8cd9
[2026-07-30 10:50:51.987][Info][SPTarkov.Server.Logger.SptLoggerMiddleware] [客户端请求] /client/items/prices/58330581ace78e27b8b10cee
[2026-07-30 10:50:51.987][Info][SPTarkov.Server.Logger.SptLoggerMiddleware] [客户端请求] /client/items/prices/54cb50c76803fa8b248b4571
[2026-07-30 10:50:52.082][Info][SPTarkov.Server.Logger.SptLoggerMiddleware] [客户端请求] /client/trading/api/getTraderAssort/5935c25fb3acc3127c3d8cd9
[2026-07-30 10:50:52.089][Info][SPTarkov.Server.Logger.SptLoggerMiddleware] [客户端请求] /client/trading/api/getTraderAssort/54cb50c76803fa8b248b4571
[2026-07-30 10:50:52.105][Info][SPTarkov.Server.Logger.SptLoggerMiddleware] [客户端请求] /client/trading/api/getTraderAssort/58330581ace78e27b8b10cee
[2026-07-30 10:50:52.588][Info][SPTarkov.Server.Logger.SptLoggerMiddleware] [客户端请求] /client/items/prices/6617beeaa9cfa777ca915b7c
[2026-07-30 10:50:52.650][Info][SPTarkov.Server.Logger.SptLoggerMiddleware] [客户端请求] /client/trading/api/getTraderAssort/6617beeaa9cfa777ca915b7c
[2026-07-30 10:50:54.430][Info][SPTarkov.Server.Logger.SptLoggerMiddleware] [客户端请求] /client/game/profile/items/moving
[2026-07-30 10:50:54.895][Info][SPTarkov.Server.Logger.SptLoggerMiddleware] [客户端请求] /client/trading/api/getTraderAssort/5935c25fb3acc3127c3d8cd9
[2026-07-30 10:50:55.566][Info][SPTarkov.Server.Logger.SptLoggerMiddleware] [客户端请求] /client/game/profile/items/moving
[2026-07-30 10:50:56.172][Info][SPTarkov.Server.Logger.SptLoggerMiddleware] [客户端请求] /fika/presence/set
[2026-07-30 10:50:58.173][Info][SPTarkov.Server.Logger.SptLoggerMiddleware] [客户端请求] /client/game/profile/items/moving
[2026-07-30 10:50:59.573][Info][SPTarkov.Server.Logger.SptLoggerMiddleware] [客户端请求] /fika/presence/set
[2026-07-30 10:50:59.588][Info][SPTarkov.Server.Logger.SptLoggerMiddleware] [客户端请求] /fika/presence/get
[2026-07-30 10:51:04.869][Info][SPTarkov.Server.Logger.SptLoggerMiddleware] [客户端请求] /client/ragfair/itemMarketPrice
[2026-07-30 10:51:04.876][Info][SPTarkov.Server.Logger.SptLoggerMiddleware] [客户端请求] /client/items/prices
[2026-07-30 10:51:06.150][Info][SPTarkov.Server.Logger.SptLoggerMiddleware] [客户端请求] /client/ragfair/offerfees
[2026-07-30 10:51:06.515][Info][SPTarkov.Server.Logger.SptLoggerMiddleware] [客户端请求] /client/game/profile/items/moving
[2026-07-30 10:51:10.583][Info][SPTarkov.Server.Logger.SptLoggerMiddleware] [客户端请求] /singleplayer/settings/raid/menu
[2026-07-30 10:51:13.062][Info][SPTarkov.Server.Logger.SptLoggerMiddleware] [客户端请求] /singleplayer/settings/raid/menu
[2026-07-30 10:51:13.568][Info][SPTarkov.Server.Logger.SptLoggerMiddleware] [客户端请求] /client/insurance/items/list/cost
[2026-07-30 10:51:16.749][Info][SPTarkov.Server.Logger.SptLoggerMiddleware] [客户端请求] /fika/headless/available
[2026-07-30 10:51:16.757][Info][SPTarkov.Server.Logger.SptLoggerMiddleware] [客户端请求] /fika/location/raids
[2026-07-30 10:51:16.790][Info][SPTarkov.Server.Logger.SptLoggerMiddleware] [客户端请求] /client/raid/configuration
[2026-07-30 10:51:16.795][Info][SPTarkov.Server.Logger.SptLoggerMiddleware] [客户端请求] /client/match/group/invite/cancel-all
[2026-07-30 10:51:16.852][Info][SPTarkov.Server.Logger.SptLoggerMiddleware] [客户端请求] /client/match/group/invite/cancel-all
[2026-07-30 10:51:17.679][Info][SPTarkov.Server.Logger.SptLoggerMiddleware] [客户端请求] /fika/raid/create
[2026-07-30 10:51:17.775][Info][SPTarkov.Server.Core.Generators.LocationLootGenerator] A total of: 2873 static items spawned
[2026-07-30 10:51:17.775][Info][SPTarkov.Server.Core.Generators.LocationLootGenerator] 共计968个静态容器已生成
[2026-07-30 10:51:19.153][Info][SPTarkov.Server.Logger.SptLoggerMiddleware] [客户端请求] /launcher/profile/info
[2026-07-30 10:51:19.155][Info][SPTarkov.Server.Logger.SptLoggerMiddleware] [客户端请求] /launcher/server/version
[2026-07-30 10:51:19.248][Info][SPTarkov.Server.Logger.SptLoggerMiddleware] [客户端请求] /fika/presence/set
[2026-07-30 10:51:19.917][Info][SPTarkov.Server.Logger.SptLoggerMiddleware] [客户端请求] /client/trading/api/getTraderAssort/58330581ace78e27b8b10cee
[2026-07-30 10:51:19.917][Info][SPTarkov.Server.Logger.SptLoggerMiddleware] [客户端请求] /client/trading/api/getTraderAssort/5935c25fb3acc3127c3d8cd9
[2026-07-30 10:51:20.022][Info][SPTarkov.Server.Logger.SptLoggerMiddleware] [客户端请求] /client/game/profile/items/moving
[2026-07-30 10:51:20.022][Info][SPTarkov.Server.Logger.SptLoggerMiddleware] [客户端请求] /client/ragfair/find
[2026-07-30 10:51:20.261][Info][SPTarkov.Server.Core.Generators.LocationLootGenerator] 共计389个动态物品已生成
[2026-07-30 10:51:20.261][Info][SPTarkov.Server.Core.Generators.LocationLootGenerator] 已生成地点TarkovStreets
[2026-07-30 10:51:23.321][Info][SPTarkov.Server.Logger.SptLoggerMiddleware] [客户端请求] /client/raid/configuration
[2026-07-30 10:51:23.348][Info][SPTarkov.Server.Logger.SptLoggerMiddleware] [客户端请求] /fika/update/ping
[2026-07-30 10:51:23.428][Info][SPTarkov.Server.Logger.SptLoggerMiddleware] [客户端请求] /fika/update/sethost
[2026-07-30 10:51:23.434][Info][SPTarkov.Server.Logger.SptLoggerMiddleware] [客户端请求] /fika/update/setstatus
[2026-07-30 10:51:23.629][Info][SPTarkov.Server.Logger.SptLoggerMiddleware] [客户端请求] /client/match/group/exit_from_menu
[2026-07-30 10:51:26.260][Info][SPTarkov.Server.Logger.SptLoggerMiddleware] [客户端请求] /client/game/profile/items/moving
[2026-07-30 10:51:26.721][Info][SPTarkov.Server.Logger.SptLoggerMiddleware] [客户端请求] /client/trading/api/getTraderAssort/5935c25fb3acc3127c3d8cd9
[2026-07-30 10:51:27.484][Info][SPTarkov.Server.Logger.SptLoggerMiddleware] [客户端请求] /client/game/profile/items/moving
[2026-07-30 10:51:28.032][Info][SPTarkov.Server.Logger.SptLoggerMiddleware] [客户端请求] /fika/presence/set
[2026-07-30 10:51:32.401][Info][SPTarkov.Server.Logger.SptLoggerMiddleware] [客户端请求] /fika/presence/set
[2026-07-30 10:51:32.769][Info][SPTarkov.Server.Logger.SptLoggerMiddleware] [客户端请求] /client/game/profile/items/moving
[2026-07-30 10:51:32.854][Info][SPTarkov.Server.Logger.SptLoggerMiddleware] [客户端请求] /client/ragfair/find
[2026-07-30 10:51:35.396][Info][SPTarkov.Server.Logger.SptLoggerMiddleware] [客户端请求] /client/game/profile/items/moving
[2026-07-30 10:51:36.738][Info][SPTarkov.Server.Logger.SptLoggerMiddleware] [客户端请求] /fika/presence/set
[2026-07-30 10:51:36.930][Info][SPTarkov.Server.Logger.SptLoggerMiddleware] [客户端请求] /launcher/profile/info
[2026-07-30 10:51:37.087][Info][SPTarkov.Server.Logger.SptLoggerMiddleware] [客户端请求] /launcher/server/version
[2026-07-30 10:51:53.353][Info][SPTarkov.Server.Logger.SptLoggerMiddleware] [客户端请求] /fika/update/ping
[2026-07-30 10:51:56.501][Info][SPTarkov.Server.Logger.SptLoggerMiddleware] [客户端请求] /client/game/profile/items/moving
[2026-07-30 10:52:15.377][Info][SPTarkov.Server.Logger.SptLoggerMiddleware] [客户端请求] /client/items/prices
[2026-07-30 10:52:15.386][Info][SPTarkov.Server.Logger.SptLoggerMiddleware] [客户端请求] /client/ragfair/itemMarketPrice
[2026-07-30 10:52:17.343][Info][SPTarkov.Server.Logger.SptLoggerMiddleware] [客户端请求] /client/ragfair/offerfees
[2026-07-30 10:52:17.712][Info][SPTarkov.Server.Logger.SptLoggerMiddleware] [客户端请求] /client/game/profile/items/moving
[2026-07-30 10:52:18.989][Info][SPTarkov.Server.Logger.SptLoggerMiddleware] [客户端请求] /launcher/profile/info
[2026-07-30 10:52:18.991][Info][SPTarkov.Server.Logger.SptLoggerMiddleware] [客户端请求] /launcher/server/version
[2026-07-30 10:52:23.356][Info][SPTarkov.Server.Logger.SptLoggerMiddleware] [客户端请求] /fika/update/ping
[2026-07-30 10:52:25.117][Info][SPTarkov.Server.Logger.SptLoggerMiddleware] [客户端请求] /fika/presence/set
[2026-07-30 10:52:25.211][Info][SPTarkov.Server.Logger.SptLoggerMiddleware] [客户端请求] /fika/presence/get
[2026-07-30 10:52:25.534][Info][SPTarkov.Server.Logger.SptLoggerMiddleware] [客户端请求] /client/game/profile/items/moving
[2026-07-30 10:52:26.871][Info][SPTarkov.Server.Logger.SptLoggerMiddleware] [客户端请求] /client/mail/dialog/view
[2026-07-30 10:52:27.156][Info][SPTarkov.Server.Logger.SptLoggerMiddleware] [客户端请求] /client/mail/dialog/view
[2026-07-30 10:52:27.555][Info][SPTarkov.Server.Logger.SptLoggerMiddleware] [客户端请求] /fika/presence/set
[2026-07-30 10:52:29.384][Info][SPTarkov.Server.Logger.SptLoggerMiddleware] [客户端请求] /client/trading/api/getTraderAssort/58330581ace78e27b8b10cee
[2026-07-30 10:52:29.393][Info][SPTarkov.Server.Logger.SptLoggerMiddleware] [客户端请求] /client/items/prices/54cb50c76803fa8b248b4571
[2026-07-30 10:52:29.398][Info][SPTarkov.Server.Logger.SptLoggerMiddleware] [客户端请求] /client/trading/api/getTraderAssort/5935c25fb3acc3127c3d8cd9
[2026-07-30 10:52:30.477][Info][SPTarkov.Server.Logger.SptLoggerMiddleware] [客户端请求] /client/trading/api/getTraderAssort/54cb50c76803fa8b248b4571
[2026-07-30 10:52:30.798][Info][SPTarkov.Server.Logger.SptLoggerMiddleware] [客户端请求] /client/items/prices/579dc571d53a0658a154fbec
[2026-07-30 10:52:31.644][Info][SPTarkov.Server.Logger.SptLoggerMiddleware] [客户端请求] /client/trading/api/getTraderAssort/579dc571d53a0658a154fbec
[2026-07-30 10:52:34.403][Info][SPTarkov.Server.Logger.SptLoggerMiddleware] [客户端请求] /client/game/profile/items/moving
[2026-07-30 10:52:36.599][Info][SPTarkov.Server.Logger.SptLoggerMiddleware] [客户端请求] /client/game/profile/items/moving
[2026-07-30 10:52:36.923][Info][SPTarkov.Server.Logger.SptLoggerMiddleware] [客户端请求] /launcher/profile/info
[2026-07-30 10:52:37.085][Info][SPTarkov.Server.Logger.SptLoggerMiddleware] [客户端请求] /launcher/server/version
[2026-07-30 10:52:38.600][Info][SPTarkov.Server.Logger.SptLoggerMiddleware] [客户端请求] /client/items/prices/5ac3b934156ae10c4430e83c
[2026-07-30 10:52:39.434][Info][SPTarkov.Server.Logger.SptLoggerMiddleware] [客户端请求] /client/trading/api/getTraderAssort/5ac3b934156ae10c4430e83c
[2026-07-30 10:52:40.161][Info][SPTarkov.Server.Logger.SptLoggerMiddleware] [客户端请求] /client/items/prices/5a7c2eca46aef81a7ca2145d
[2026-07-30 10:52:41.035][Info][SPTarkov.Server.Logger.SptLoggerMiddleware] [客户端请求] /client/trading/api/getTraderAssort/5a7c2eca46aef81a7ca2145d
[2026-07-30 10:52:41.828][Info][SPTarkov.Server.Logger.SptLoggerMiddleware] [客户端请求] /client/game/profile/items/moving
[2026-07-30 10:52:43.773][Info][SPTarkov.Server.Logger.SptLoggerMiddleware] [客户端请求] /client/game/profile/items/moving
[2026-07-30 10:52:47.524][Info][SPTarkov.Server.Logger.SptLoggerMiddleware] [客户端请求] /client/getMetricsConfig
[2026-07-30 10:52:47.660][Info][SPTarkov.Server.Logger.SptLoggerMiddleware] [客户端请求] /singleplayer/settings/getRaidTime
[2026-07-30 10:52:47.718][Info][SPTarkov.Server.Logger.SptLoggerMiddleware] [客户端请求] /client/raid/configuration
[2026-07-30 10:52:47.782][Info][SPTarkov.Server.Logger.SptLoggerMiddleware] [客户端请求] /client/match/local/start
[2026-07-30 10:52:48.223][Info][SPTarkov.Server.Core.Servers.Ws.SptWebSocketConnectionHandler] [ws] player: JúnioR (68f79277575e002bfcf5a4a1) 20260730104757629 has disconnected
[2026-07-30 10:52:50.271][Info][SPTarkov.Server.Logger.SptLoggerMiddleware] [客户端请求] /client/game/profile/items/moving
[2026-07-30 10:52:51.727][Info][SPTarkov.Server.Logger.SptLoggerMiddleware] [客户端请求] /client/trading/api/getTraderAssort/5935c25fb3acc3127c3d8cd9
[2026-07-30 10:52:53.360][Info][SPTarkov.Server.Logger.SptLoggerMiddleware] [客户端请求] /fika/update/ping
[2026-07-30 10:52:53.653][Info][SPTarkov.Server.Logger.SptLoggerMiddleware] [客户端请求] /client/game/profile/items/moving
[2026-07-30 10:52:57.868][Info][SPTarkov.Server.Logger.SptLoggerMiddleware] [客户端请求] /client/game/profile/items/moving
[2026-07-30 10:52:59.561][Info][SPTarkov.Server.Logger.SptLoggerMiddleware] [客户端请求] /client/items/prices/5c0647fdd443bc2504c2d371
[2026-07-30 10:53:00.418][Info][SPTarkov.Server.Logger.SptLoggerMiddleware] [客户端请求] /client/trading/api/getTraderAssort/5c0647fdd443bc2504c2d371
[2026-07-30 10:53:01.025][Info][SPTarkov.Server.Logger.SptLoggerMiddleware] [客户端请求] /client/game/profile/items/moving
[2026-07-30 10:53:02.505][Info][SPTarkov.Server.Logger.SptLoggerMiddleware] [客户端请求] /client/game/profile/items/moving
[2026-07-30 10:53:16.598][Info][SPTarkov.Server.Logger.SptLoggerMiddleware] [客户端请求] /client/trading/api/getTraderAssort/5935c25fb3acc3127c3d8cd9
[2026-07-30 10:53:16.607][Info][SPTarkov.Server.Logger.SptLoggerMiddleware] [客户端请求] /client/trading/api/getTraderAssort/58330581ace78e27b8b10cee
[2026-07-30 10:53:16.610][Info][SPTarkov.Server.Logger.SptLoggerMiddleware] [客户端请求] /client/game/profile/items/moving
[2026-07-30 10:53:17.595][Info][SPTarkov.Server.Logger.SptLoggerMiddleware] [客户端请求] /fika/presence/set
[2026-07-30 10:53:17.686][Info][SPTarkov.Server.Logger.SptLoggerMiddleware] [客户端请求] /fika/presence/get
[2026-07-30 10:53:18.998][Info][SPTarkov.Server.Logger.SptLoggerMiddleware] [客户端请求] /launcher/profile/info
[2026-07-30 10:53:19.000][Info][SPTarkov.Server.Logger.SptLoggerMiddleware] [客户端请求] /launcher/server/version
[2026-07-30 10:53:23.364][Info][SPTarkov.Server.Logger.SptLoggerMiddleware] [客户端请求] /fika/update/ping
[2026-07-30 10:53:25.786][Info][SPTarkov.Server.Logger.SptLoggerMiddleware] [客户端请求] /fika/update/playerspawn
[2026-07-30 10:53:27.684][Info][SPTarkov.Server.Logger.SptLoggerMiddleware] [客户端请求] /fika/presence/get
[2026-07-30 10:53:36.919][Info][SPTarkov.Server.Logger.SptLoggerMiddleware] [客户端请求] /launcher/profile/info
[2026-07-30 10:53:37.078][Info][SPTarkov.Server.Logger.SptLoggerMiddleware] [客户端请求] /launcher/server/version
[2026-07-30 10:53:37.684][Info][SPTarkov.Server.Logger.SptLoggerMiddleware] [客户端请求] /fika/presence/get
[2026-07-30 10:53:47.701][Info][SPTarkov.Server.Logger.SptLoggerMiddleware] [客户端请求] /fika/presence/get
[2026-07-30 10:53:53.368][Info][SPTarkov.Server.Logger.SptLoggerMiddleware] [客户端请求] /fika/update/ping
[2026-07-30 10:53:57.699][Info][SPTarkov.Server.Logger.SptLoggerMiddleware] [客户端请求] /fika/presence/get
[2026-07-30 10:54:01.966][Info][SPTarkov.Server.Logger.SptLoggerMiddleware] [客户端请求] /fika/raid/gethost
[2026-07-30 10:54:03.648][Info][SPTarkov.Server.Logger.SptLoggerMiddleware] [客户端请求] /fika/raid/join
[2026-07-30 10:54:03.728][Info][SPTarkov.Server.Logger.SptLoggerMiddleware] [客户端请求] /fika/update/addplayer
[2026-07-30 10:54:18.993][Info][SPTarkov.Server.Logger.SptLoggerMiddleware] [客户端请求] /launcher/profile/info
[2026-07-30 10:54:18.995][Info][SPTarkov.Server.Logger.SptLoggerMiddleware] [客户端请求] /launcher/server/version
[2026-07-30 10:54:23.371][Info][SPTarkov.Server.Logger.SptLoggerMiddleware] [客户端请求] /fika/update/ping
[2026-07-30 10:54:36.903][Info][SPTarkov.Server.Logger.SptLoggerMiddleware] [客户端请求] /launcher/profile/info
[2026-07-30 10:54:37.060][Info][SPTarkov.Server.Logger.SptLoggerMiddleware] [客户端请求] /launcher/server/version
[2026-07-30 10:54:53.376][Info][SPTarkov.Server.Logger.SptLoggerMiddleware] [客户端请求] /fika/update/ping
[2026-07-30 10:55:07.991][Info][SPTarkov.Server.Logger.SptLoggerMiddleware] [客户端请求] /client/game/keepalive
[2026-07-30 10:55:16.001][Info][SPTarkov.Server.Logger.SptLoggerMiddleware] [客户端请求] /fika/update/setstatus
[2026-07-30 10:55:17.483][Info][SPTarkov.Server.Logger.SptLoggerMiddleware] [客户端请求] /client/getMetricsConfig
[2026-07-30 10:55:17.678][Info][SPTarkov.Server.Logger.SptLoggerMiddleware] [客户端请求] /singleplayer/settings/getRaidTime
[2026-07-30 10:55:18.652][Info][SPTarkov.Server.Core.Servers.Ws.SptWebSocketConnectionHandler] [ws] player: Maxryuki (69802d793401cb1dcc190aae) 20260730104736548 has disconnected
[2026-07-30 10:55:18.997][Info][SPTarkov.Server.Logger.SptLoggerMiddleware] [客户端请求] /launcher/profile/info
[2026-07-30 10:55:18.999][Info][SPTarkov.Server.Logger.SptLoggerMiddleware] [客户端请求] /launcher/server/version
[2026-07-30 10:55:19.040][Info][SPTarkov.Server.Logger.SptLoggerMiddleware] [客户端请求] /client/raid/configuration
[2026-07-30 10:55:19.393][Info][SPTarkov.Server.Logger.SptLoggerMiddleware] [客户端请求] /client/match/local/start
[2026-07-30 10:55:21.130][Info][SPTarkov.Server.Logger.SptLoggerMiddleware] [客户端请求] /fika/raid/getsettings
[2026-07-30 10:55:23.381][Info][SPTarkov.Server.Logger.SptLoggerMiddleware] [客户端请求] /fika/update/ping
[2026-07-30 10:55:23.982][Info][SPTarkov.Server.Logger.SptLoggerMiddleware] [客户端请求] /client/localGame/weather
[2026-07-30 10:55:24.641][Info][SPTarkov.Server.Logger.SptLoggerMiddleware] [客户端请求] /client/game/bot/generate
[2026-07-30 10:55:24.756][Warn][SPTarkov.Server.Core.Generators.BotEquipmentModGenerator] bot: assault lacks a mod slot pool for item: 628cd624459354321c4b7fa2 item_equipment_rig_tt_plate_carrier
[2026-07-30 10:55:25.338][Info][SPTarkov.Server.Logger.SptLoggerMiddleware] [客户端请求] /fika/update/playerspawn
[2026-07-30 10:55:26.493][Info][SPTarkov.Server.Logger.SptLoggerMiddleware] [客户端请求] /weaponcustomizer/load
[2026-07-30 10:55:27.438][Info][SPTarkov.Server.Logger.SptLoggerMiddleware] [客户端请求] /fika/raid/registerPlayer
[2026-07-30 10:55:28.826][Info][SPTarkov.Server.Logger.SptLoggerMiddleware] [客户端请求] /singleplayer/settings/bot/maxCap/TarkovStreets
[2026-07-30 10:55:36.106][Info][SPTarkov.Server.Logger.SptLoggerMiddleware] [客户端请求] /weaponcustomizer/load
[2026-07-30 10:55:36.902][Info][SPTarkov.Server.Logger.SptLoggerMiddleware] [客户端请求] /launcher/profile/info
[2026-07-30 10:55:37.086][Info][SPTarkov.Server.Logger.SptLoggerMiddleware] [客户端请求] /launcher/server/version
[2026-07-30 10:55:53.385][Info][SPTarkov.Server.Logger.SptLoggerMiddleware] [客户端请求] /fika/update/ping
[2026-07-30 10:55:58.575][Info][SPTarkov.Server.Logger.SptLoggerMiddleware] [客户端请求] /client/game/bot/generate
[2026-07-30 10:55:58.623][Info][SPTarkov.Server.Logger.SptLoggerMiddleware] [客户端请求] /singleplayer/settings/bot/getBotBehaviours/
[2026-07-30 10:56:18.988][Info][SPTarkov.Server.Logger.SptLoggerMiddleware] [客户端请求] /launcher/profile/info
[2026-07-30 10:56:18.991][Info][SPTarkov.Server.Logger.SptLoggerMiddleware] [客户端请求] /launcher/server/version
[2026-07-30 10:56:23.393][Info][SPTarkov.Server.Logger.SptLoggerMiddleware] [客户端请求] /fika/update/ping
[2026-07-30 10:56:36.897][Info][SPTarkov.Server.Logger.SptLoggerMiddleware] [客户端请求] /launcher/profile/info
[2026-07-30 10:56:37.056][Info][SPTarkov.Server.Logger.SptLoggerMiddleware] [客户端请求] /launcher/server/version
[2026-07-30 10:56:53.396][Info][SPTarkov.Server.Logger.SptLoggerMiddleware] [客户端请求] /fika/update/ping
[2026-07-30 10:57:18.987][Info][SPTarkov.Server.Logger.SptLoggerMiddleware] [客户端请求] /launcher/profile/info
[2026-07-30 10:57:18.988][Info][SPTarkov.Server.Logger.SptLoggerMiddleware] [客户端请求] /launcher/server/version
[2026-07-30 10:57:23.402][Info][SPTarkov.Server.Logger.SptLoggerMiddleware] [客户端请求] /fika/update/ping
[2026-07-30 10:57:32.420][Info][SPTarkov.Server.Logger.SptLoggerMiddleware] [客户端请求] /client/game/bot/generate
[2026-07-30 10:57:36.892][Info][SPTarkov.Server.Logger.SptLoggerMiddleware] [客户端请求] /launcher/profile/info
[2026-07-30 10:57:37.057][Info][SPTarkov.Server.Logger.SptLoggerMiddleware] [客户端请求] /launcher/server/version
[2026-07-30 10:57:40.539][Info][SPTarkov.Server.Logger.SptLoggerMiddleware] [客户端请求] /client/game/keepalive
[2026-07-30 10:57:53.408][Info][SPTarkov.Server.Logger.SptLoggerMiddleware] [客户端请求] /fika/update/ping
[2026-07-30 10:58:18.991][Info][SPTarkov.Server.Logger.SptLoggerMiddleware] [客户端请求] /launcher/profile/info
[2026-07-30 10:58:18.995][Info][SPTarkov.Server.Logger.SptLoggerMiddleware] [客户端请求] /launcher/server/version
[2026-07-30 10:58:23.411][Info][SPTarkov.Server.Logger.SptLoggerMiddleware] [客户端请求] /fika/update/ping
[2026-07-30 10:58:36.882][Info][SPTarkov.Server.Logger.SptLoggerMiddleware] [客户端请求] /launcher/profile/info
[2026-07-30 10:58:37.045][Info][SPTarkov.Server.Logger.SptLoggerMiddleware] [客户端请求] /launcher/server/version
[2026-07-30 10:58:53.416][Info][SPTarkov.Server.Logger.SptLoggerMiddleware] [客户端请求] /fika/update/ping
[2026-07-30 10:59:18.990][Info][SPTarkov.Server.Logger.SptLoggerMiddleware] [客户端请求] /launcher/profile/info
[2026-07-30 10:59:18.992][Info][SPTarkov.Server.Logger.SptLoggerMiddleware] [客户端请求] /launcher/server/version
[2026-07-30 10:59:23.420][Info][SPTarkov.Server.Logger.SptLoggerMiddleware] [客户端请求] /fika/update/ping
[2026-07-30 10:59:36.888][Info][SPTarkov.Server.Logger.SptLoggerMiddleware] [客户端请求] /launcher/profile/info
[2026-07-30 10:59:37.048][Info][SPTarkov.Server.Logger.SptLoggerMiddleware] [客户端请求] /launcher/server/version
[2026-07-30 10:59:52.514][Info][SPTarkov.Server.Logger.SptLoggerMiddleware] [客户端请求] /client/game/keepalive
[2026-07-30 10:59:53.424][Info][SPTarkov.Server.Logger.SptLoggerMiddleware] [客户端请求] /fika/update/ping
[2026-07-30 11:00:00.888][Info][SPTarkov.Server.Logger.SptLoggerMiddleware] [客户端请求] /client/game/keepalive
[2026-07-30 11:00:18.986][Info][SPTarkov.Server.Logger.SptLoggerMiddleware] [客户端请求] /launcher/profile/info
[2026-07-30 11:00:18.987][Info][SPTarkov.Server.Logger.SptLoggerMiddleware] [客户端请求] /launcher/server/version
[2026-07-30 11:00:23.430][Info][SPTarkov.Server.Logger.SptLoggerMiddleware] [客户端请求] /fika/update/ping
[2026-07-30 11:00:36.881][Info][SPTarkov.Server.Logger.SptLoggerMiddleware] [客户端请求] /launcher/profile/info
[2026-07-30 11:00:37.049][Info][SPTarkov.Server.Logger.SptLoggerMiddleware] [客户端请求] /launcher/server/version
[2026-07-30 11:00:53.432][Info][SPTarkov.Server.Logger.SptLoggerMiddleware] [客户端请求] /fika/update/ping
[2026-07-30 11:01:18.997][Info][SPTarkov.Server.Logger.SptLoggerMiddleware] [客户端请求] /launcher/profile/info
[2026-07-30 11:01:18.998][Info][SPTarkov.Server.Logger.SptLoggerMiddleware] [客户端请求] /launcher/server/version
[2026-07-30 11:01:23.435][Info][SPTarkov.Server.Logger.SptLoggerMiddleware] [客户端请求] /fika/update/ping
[2026-07-30 11:01:36.867][Info][SPTarkov.Server.Logger.SptLoggerMiddleware] [客户端请求] /launcher/profile/info
[2026-07-30 11:01:37.025][Info][SPTarkov.Server.Logger.SptLoggerMiddleware] [客户端请求] /launcher/server/version
[2026-07-30 11:01:53.438][Info][SPTarkov.Server.Logger.SptLoggerMiddleware] [客户端请求] /fika/update/ping
[2026-07-30 11:01:53.648][Warn][SPTarkov.Server.Core.Services.FenceService] Unable to add: 19 presets to Fence as all presets found after 25 attempts were too expensive.
[2026-07-30 11:02:12.589][Info][SPTarkov.Server.Logger.SptLoggerMiddleware] [客户端请求] /client/game/keepalive
[2026-07-30 11:02:18.995][Info][SPTarkov.Server.Logger.SptLoggerMiddleware] [客户端请求] /launcher/profile/info
[2026-07-30 11:02:18.996][Info][SPTarkov.Server.Logger.SptLoggerMiddleware] [客户端请求] /launcher/server/version
[2026-07-30 11:02:21.247][Info][SPTarkov.Server.Logger.SptLoggerMiddleware] [客户端请求] /client/game/keepalive
[2026-07-30 11:02:23.441][Info][SPTarkov.Server.Logger.SptLoggerMiddleware] [客户端请求] /fika/update/ping
[2026-07-30 11:02:36.863][Info][SPTarkov.Server.Logger.SptLoggerMiddleware] [客户端请求] /launcher/profile/info
[2026-07-30 11:02:37.020][Info][SPTarkov.Server.Logger.SptLoggerMiddleware] [客户端请求] /launcher/server/version
[2026-07-30 11:02:53.451][Info][SPTarkov.Server.Logger.SptLoggerMiddleware] [客户端请求] /fika/update/ping
[2026-07-30 11:03:18.997][Info][SPTarkov.Server.Logger.SptLoggerMiddleware] [客户端请求] /launcher/profile/info
[2026-07-30 11:03:18.998][Info][SPTarkov.Server.Logger.SptLoggerMiddleware] [客户端请求] /launcher/server/version
[2026-07-30 11:03:23.458][Info][SPTarkov.Server.Logger.SptLoggerMiddleware] [客户端请求] /fika/update/ping
[2026-07-30 11:03:36.857][Info][SPTarkov.Server.Logger.SptLoggerMiddleware] [客户端请求] /launcher/profile/info
[2026-07-30 11:03:37.018][Info][SPTarkov.Server.Logger.SptLoggerMiddleware] [客户端请求] /launcher/server/version
[2026-07-30 11:03:53.461][Info][SPTarkov.Server.Logger.SptLoggerMiddleware] [客户端请求] /fika/update/ping
[2026-07-30 11:04:18.988][Info][SPTarkov.Server.Logger.SptLoggerMiddleware] [客户端请求] /launcher/profile/info
[2026-07-30 11:04:18.990][Info][SPTarkov.Server.Logger.SptLoggerMiddleware] [客户端请求] /launcher/server/version
[2026-07-30 11:04:23.466][Info][SPTarkov.Server.Logger.SptLoggerMiddleware] [客户端请求] /fika/update/ping
[2026-07-30 11:04:32.677][Info][SPTarkov.Server.Logger.SptLoggerMiddleware] [客户端请求] /client/game/keepalive
[2026-07-30 11:04:36.863][Info][SPTarkov.Server.Logger.SptLoggerMiddleware] [客户端请求] /launcher/profile/info
[2026-07-30 11:04:37.022][Info][SPTarkov.Server.Logger.SptLoggerMiddleware] [客户端请求] /launcher/server/version
[2026-07-30 11:04:41.600][Info][SPTarkov.Server.Logger.SptLoggerMiddleware] [客户端请求] /client/game/keepalive
[2026-07-30 11:04:53.471][Info][SPTarkov.Server.Logger.SptLoggerMiddleware] [客户端请求] /fika/update/ping
[2026-07-30 11:05:18.990][Info][SPTarkov.Server.Logger.SptLoggerMiddleware] [客户端请求] /launcher/profile/info
[2026-07-30 11:05:18.992][Info][SPTarkov.Server.Logger.SptLoggerMiddleware] [客户端请求] /launcher/server/version
[2026-07-30 11:05:23.476][Info][SPTarkov.Server.Logger.SptLoggerMiddleware] [客户端请求] /fika/update/ping
[2026-07-30 11:05:36.857][Info][SPTarkov.Server.Logger.SptLoggerMiddleware] [客户端请求] /launcher/profile/info
[2026-07-30 11:05:37.019][Info][SPTarkov.Server.Logger.SptLoggerMiddleware] [客户端请求] /launcher/server/version
[2026-07-30 11:05:53.479][Info][SPTarkov.Server.Logger.SptLoggerMiddleware] [客户端请求] /fika/update/ping
[2026-07-30 11:06:18.997][Info][SPTarkov.Server.Logger.SptLoggerMiddleware] [客户端请求] /launcher/profile/info
[2026-07-30 11:06:19.001][Info][SPTarkov.Server.Logger.SptLoggerMiddleware] [客户端请求] /launcher/server/version
[2026-07-30 11:06:23.484][Info][SPTarkov.Server.Logger.SptLoggerMiddleware] [客户端请求] /fika/update/ping
[2026-07-30 11:06:36.850][Info][SPTarkov.Server.Logger.SptLoggerMiddleware] [客户端请求] /launcher/profile/info
[2026-07-30 11:06:37.014][Info][SPTarkov.Server.Logger.SptLoggerMiddleware] [客户端请求] /launcher/server/version
[2026-07-30 11:06:52.768][Info][SPTarkov.Server.Logger.SptLoggerMiddleware] [客户端请求] /client/game/keepalive
[2026-07-30 11:06:53.491][Info][SPTarkov.Server.Logger.SptLoggerMiddleware] [客户端请求] /fika/update/ping
[2026-07-30 11:07:01.943][Info][SPTarkov.Server.Logger.SptLoggerMiddleware] [客户端请求] /client/game/keepalive
[2026-07-30 11:07:18.985][Info][SPTarkov.Server.Logger.SptLoggerMiddleware] [客户端请求] /launcher/profile/info
[2026-07-30 11:07:18.987][Info][SPTarkov.Server.Logger.SptLoggerMiddleware] [客户端请求] /launcher/server/version
[2026-07-30 11:07:23.498][Info][SPTarkov.Server.Logger.SptLoggerMiddleware] [客户端请求] /fika/update/ping
[2026-07-30 11:07:36.839][Info][SPTarkov.Server.Logger.SptLoggerMiddleware] [客户端请求] /launcher/profile/info
[2026-07-30 11:07:36.997][Info][SPTarkov.Server.Logger.SptLoggerMiddleware] [客户端请求] /launcher/server/version
[2026-07-30 11:07:53.501][Info][SPTarkov.Server.Logger.SptLoggerMiddleware] [客户端请求] /fika/update/ping
[2026-07-30 11:08:18.993][Info][SPTarkov.Server.Logger.SptLoggerMiddleware] [客户端请求] /launcher/profile/info
[2026-07-30 11:08:18.996][Info][SPTarkov.Server.Logger.SptLoggerMiddleware] [客户端请求] /launcher/server/version
[2026-07-30 11:08:23.505][Info][SPTarkov.Server.Logger.SptLoggerMiddleware] [客户端请求] /fika/update/ping
[2026-07-30 11:08:36.833][Info][SPTarkov.Server.Logger.SptLoggerMiddleware] [客户端请求] /launcher/profile/info
[2026-07-30 11:08:36.988][Info][SPTarkov.Server.Logger.SptLoggerMiddleware] [客户端请求] /launcher/server/version
[2026-07-30 11:08:53.508][Info][SPTarkov.Server.Logger.SptLoggerMiddleware] [客户端请求] /fika/update/ping
[2026-07-30 11:09:12.835][Info][SPTarkov.Server.Logger.SptLoggerMiddleware] [客户端请求] /client/game/keepalive
[2026-07-30 11:09:18.986][Info][SPTarkov.Server.Logger.SptLoggerMiddleware] [客户端请求] /launcher/profile/info
[2026-07-30 11:09:18.991][Info][SPTarkov.Server.Logger.SptLoggerMiddleware] [客户端请求] /launcher/server/version
[2026-07-30 11:09:22.293][Info][SPTarkov.Server.Logger.SptLoggerMiddleware] [客户端请求] /client/game/keepalive
[2026-07-30 11:09:23.510][Info][SPTarkov.Server.Logger.SptLoggerMiddleware] [客户端请求] /fika/update/ping
[2026-07-30 11:09:36.831][Info][SPTarkov.Server.Logger.SptLoggerMiddleware] [客户端请求] /launcher/profile/info
[2026-07-30 11:09:36.993][Info][SPTarkov.Server.Logger.SptLoggerMiddleware] [客户端请求] /launcher/server/version
[2026-07-30 11:09:53.513][Info][SPTarkov.Server.Logger.SptLoggerMiddleware] [客户端请求] /fika/update/ping
[2026-07-30 11:10:18.984][Info][SPTarkov.Server.Logger.SptLoggerMiddleware] [客户端请求] /launcher/profile/info
[2026-07-30 11:10:18.987][Info][SPTarkov.Server.Logger.SptLoggerMiddleware] [客户端请求] /launcher/server/version
[2026-07-30 11:10:23.516][Info][SPTarkov.Server.Logger.SptLoggerMiddleware] [客户端请求] /fika/update/ping
[2026-07-30 11:10:36.817][Info][SPTarkov.Server.Logger.SptLoggerMiddleware] [客户端请求] /launcher/profile/info
[2026-07-30 11:10:36.978][Info][SPTarkov.Server.Logger.SptLoggerMiddleware] [客户端请求] /launcher/server/version
[2026-07-30 11:10:53.519][Info][SPTarkov.Server.Logger.SptLoggerMiddleware] [客户端请求] /fika/update/ping
[2026-07-30 11:11:18.982][Info][SPTarkov.Server.Logger.SptLoggerMiddleware] [客户端请求] /launcher/profile/info
[2026-07-30 11:11:18.984][Info][SPTarkov.Server.Logger.SptLoggerMiddleware] [客户端请求] /launcher/server/version
[2026-07-30 11:11:23.525][Info][SPTarkov.Server.Logger.SptLoggerMiddleware] [客户端请求] /fika/update/ping
[2026-07-30 11:11:32.903][Info][SPTarkov.Server.Logger.SptLoggerMiddleware] [客户端请求] /client/game/keepalive
[2026-07-30 11:11:36.817][Info][SPTarkov.Server.Logger.SptLoggerMiddleware] [客户端请求] /launcher/profile/info
[2026-07-30 11:11:36.971][Info][SPTarkov.Server.Logger.SptLoggerMiddleware] [客户端请求] /launcher/server/version
[2026-07-30 11:11:42.643][Info][SPTarkov.Server.Logger.SptLoggerMiddleware] [客户端请求] /client/game/keepalive
[2026-07-30 11:11:53.527][Info][SPTarkov.Server.Logger.SptLoggerMiddleware] [客户端请求] /fika/update/ping
[2026-07-30 11:12:18.995][Info][SPTarkov.Server.Logger.SptLoggerMiddleware] [客户端请求] /launcher/profile/info
[2026-07-30 11:12:18.998][Info][SPTarkov.Server.Logger.SptLoggerMiddleware] [客户端请求] /launcher/server/version
[2026-07-30 11:12:23.531][Info][SPTarkov.Server.Logger.SptLoggerMiddleware] [客户端请求] /fika/update/ping
[2026-07-30 11:12:36.815][Info][SPTarkov.Server.Logger.SptLoggerMiddleware] [客户端请求] /launcher/profile/info
[2026-07-30 11:12:36.972][Info][SPTarkov.Server.Logger.SptLoggerMiddleware] [客户端请求] /launcher/server/version
[2026-07-30 11:12:53.535][Info][SPTarkov.Server.Logger.SptLoggerMiddleware] [客户端请求] /fika/update/ping
[2026-07-30 11:13:18.992][Info][SPTarkov.Server.Logger.SptLoggerMiddleware] [客户端请求] /launcher/profile/info
[2026-07-30 11:13:18.994][Info][SPTarkov.Server.Logger.SptLoggerMiddleware] [客户端请求] /launcher/server/version
[2026-07-30 11:13:23.537][Info][SPTarkov.Server.Logger.SptLoggerMiddleware] [客户端请求] /fika/update/ping
[2026-07-30 11:13:36.799][Info][SPTarkov.Server.Logger.SptLoggerMiddleware] [客户端请求] /launcher/profile/info
[2026-07-30 11:13:36.955][Info][SPTarkov.Server.Logger.SptLoggerMiddleware] [客户端请求] /launcher/server/version
[2026-07-30 11:13:53.000][Info][SPTarkov.Server.Logger.SptLoggerMiddleware] [客户端请求] /client/game/keepalive
[2026-07-30 11:13:53.540][Info][SPTarkov.Server.Logger.SptLoggerMiddleware] [客户端请求] /fika/update/ping
[2026-07-30 11:14:03.003][Info][SPTarkov.Server.Logger.SptLoggerMiddleware] [客户端请求] /client/game/keepalive
[2026-07-30 11:14:18.984][Info][SPTarkov.Server.Logger.SptLoggerMiddleware] [客户端请求] /launcher/profile/info
[2026-07-30 11:14:18.990][Info][SPTarkov.Server.Logger.SptLoggerMiddleware] [客户端请求] /launcher/server/version
[2026-07-30 11:14:23.542][Info][SPTarkov.Server.Logger.SptLoggerMiddleware] [客户端请求] /fika/update/ping
[2026-07-30 11:14:36.800][Info][SPTarkov.Server.Logger.SptLoggerMiddleware] [客户端请求] /launcher/profile/info
[2026-07-30 11:14:36.958][Info][SPTarkov.Server.Logger.SptLoggerMiddleware] [客户端请求] /launcher/server/version
[2026-07-30 11:14:53.545][Info][SPTarkov.Server.Logger.SptLoggerMiddleware] [客户端请求] /fika/update/ping
[2026-07-30 11:15:18.984][Info][SPTarkov.Server.Logger.SptLoggerMiddleware] [客户端请求] /launcher/profile/info
[2026-07-30 11:15:18.986][Info][SPTarkov.Server.Logger.SptLoggerMiddleware] [客户端请求] /launcher/server/version
[2026-07-30 11:15:23.547][Info][SPTarkov.Server.Logger.SptLoggerMiddleware] [客户端请求] /fika/update/ping
[2026-07-30 11:15:36.793][Info][SPTarkov.Server.Logger.SptLoggerMiddleware] [客户端请求] /launcher/profile/info
[2026-07-30 11:15:36.957][Info][SPTarkov.Server.Logger.SptLoggerMiddleware] [客户端请求] /launcher/server/version
[2026-07-30 11:15:53.549][Info][SPTarkov.Server.Logger.SptLoggerMiddleware] [客户端请求] /fika/update/ping
[2026-07-30 11:16:13.096][Info][SPTarkov.Server.Logger.SptLoggerMiddleware] [客户端请求] /client/game/keepalive
[2026-07-30 11:16:18.995][Info][SPTarkov.Server.Logger.SptLoggerMiddleware] [客户端请求] /launcher/profile/info
[2026-07-30 11:16:18.998][Info][SPTarkov.Server.Logger.SptLoggerMiddleware] [客户端请求] /launcher/server/version
[2026-07-30 11:16:23.362][Info][SPTarkov.Server.Logger.SptLoggerMiddleware] [客户端请求] /client/game/keepalive
[2026-07-30 11:16:23.552][Info][SPTarkov.Server.Logger.SptLoggerMiddleware] [客户端请求] /fika/update/ping
[2026-07-30 11:16:36.784][Info][SPTarkov.Server.Logger.SptLoggerMiddleware] [客户端请求] /launcher/profile/info
[2026-07-30 11:16:36.940][Info][SPTarkov.Server.Logger.SptLoggerMiddleware] [客户端请求] /launcher/server/version
[2026-07-30 11:16:53.556][Info][SPTarkov.Server.Logger.SptLoggerMiddleware] [客户端请求] /fika/update/ping
[2026-07-30 11:17:18.986][Info][SPTarkov.Server.Logger.SptLoggerMiddleware] [客户端请求] /launcher/profile/info
[2026-07-30 11:17:18.987][Info][SPTarkov.Server.Logger.SptLoggerMiddleware] [客户端请求] /launcher/server/version
[2026-07-30 11:17:23.558][Info][SPTarkov.Server.Logger.SptLoggerMiddleware] [客户端请求] /fika/update/ping
[2026-07-30 11:17:36.775][Info][SPTarkov.Server.Logger.SptLoggerMiddleware] [客户端请求] /launcher/profile/info
[2026-07-30 11:17:36.934][Info][SPTarkov.Server.Logger.SptLoggerMiddleware] [客户端请求] /launcher/server/version
[2026-07-30 11:17:53.560][Info][SPTarkov.Server.Logger.SptLoggerMiddleware] [客户端请求] /fika/update/ping
[2026-07-30 11:18:18.999][Info][SPTarkov.Server.Logger.SptLoggerMiddleware] [客户端请求] /launcher/profile/info
[2026-07-30 11:18:19.000][Info][SPTarkov.Server.Logger.SptLoggerMiddleware] [客户端请求] /launcher/server/version
[2026-07-30 11:18:23.564][Info][SPTarkov.Server.Logger.SptLoggerMiddleware] [客户端请求] /fika/update/ping
[2026-07-30 11:18:33.169][Info][SPTarkov.Server.Logger.SptLoggerMiddleware] [客户端请求] /client/game/keepalive
[2026-07-30 11:18:36.189][Info][SPTarkov.Server.Logger.SptLoggerMiddleware] [客户端请求] /client/airdrop/loot
[2026-07-30 11:18:36.778][Info][SPTarkov.Server.Logger.SptLoggerMiddleware] [客户端请求] /launcher/profile/info
[2026-07-30 11:18:36.933][Info][SPTarkov.Server.Logger.SptLoggerMiddleware] [客户端请求] /launcher/server/version
[2026-07-30 11:18:43.721][Info][SPTarkov.Server.Logger.SptLoggerMiddleware] [客户端请求] /client/game/keepalive
[2026-07-30 11:18:53.566][Info][SPTarkov.Server.Logger.SptLoggerMiddleware] [客户端请求] /fika/update/ping
[2026-07-30 11:19:18.987][Info][SPTarkov.Server.Logger.SptLoggerMiddleware] [客户端请求] /launcher/profile/info
[2026-07-30 11:19:18.989][Info][SPTarkov.Server.Logger.SptLoggerMiddleware] [客户端请求] /launcher/server/version
[2026-07-30 11:19:26.997][Info][SPTarkov.Server.Logger.SptLoggerMiddleware] [客户端请求] /launcher/profile/info
[2026-07-30 11:19:26.999][Info][SPTarkov.Server.Logger.SptLoggerMiddleware] [客户端请求] /launcher/server/version
[2026-07-30 11:19:36.769][Info][SPTarkov.Server.Logger.SptLoggerMiddleware] [客户端请求] /launcher/profile/info
[2026-07-30 11:19:36.927][Info][SPTarkov.Server.Logger.SptLoggerMiddleware] [客户端请求] /launcher/server/version
[2026-07-30 11:20:02.514][Info][SPTarkov.Server.Logger.SptLoggerMiddleware] [客户端请求] /client/match/local/end
[2026-07-30 11:20:03.153][Info][SPTarkov.Server.Logger.SptLoggerMiddleware] [客户端请求] /fika/raid/leave
[2026-07-30 11:20:12.442][Info][SPTarkov.Server.Logger.SptLoggerMiddleware] [WebSocket 请求] /notifierServer/getwebsocket/69802d793401cb1dcc190aae
[2026-07-30 11:20:12.446][Info][SPTarkov.Server.Core.Servers.Ws.SptWebSocketConnectionHandler] [WS] 玩家：Maxryuki (69802d793401cb1dcc190aae) 20260730112012444 已连接
[2026-07-30 11:20:19.764][Info][SPTarkov.Server.Logger.SptLoggerMiddleware] [客户端请求] /client/game/profile/list
[2026-07-30 11:20:22.098][Info][SPTarkov.Server.Logger.SptLoggerMiddleware] [客户端请求] /client/game/profile/select
[2026-07-30 11:20:22.440][Info][SPTarkov.Server.Logger.SptLoggerMiddleware] [客户端请求] /client/profile/status
[2026-07-30 11:20:22.777][Info][SPTarkov.Server.Logger.SptLoggerMiddleware] [客户端请求] /client/quest/list
[2026-07-30 11:20:26.581][Info][SPTarkov.Server.Logger.SptLoggerMiddleware] [客户端请求] /client/achievement/statistic
[2026-07-30 11:20:26.922][Info][SPTarkov.Server.Logger.SptLoggerMiddleware] [客户端请求] /client/achievement/list
[2026-07-30 11:20:27.540][Info][SPTarkov.Server.Logger.SptLoggerMiddleware] [客户端请求] /client/repeatalbeQuests/activityPeriods
[2026-07-30 11:20:36.773][Info][SPTarkov.Server.Logger.SptLoggerMiddleware] [客户端请求] /launcher/profile/info
[2026-07-30 11:20:36.933][Info][SPTarkov.Server.Logger.SptLoggerMiddleware] [客户端请求] /launcher/server/version
[2026-07-30 11:20:48.462][Info][SPTarkov.Server.Logger.SptLoggerMiddleware] [客户端请求] /client/items
[2026-07-30 11:21:00.773][Info][SPTarkov.Server.Logger.SptLoggerMiddleware] [客户端请求] /client/customization
[2026-07-30 11:21:00.776][Info][SPTarkov.Server.Logger.SptLoggerMiddleware] [客户端请求] /client/globals
[2026-07-30 11:21:00.779][Info][SPTarkov.Server.Logger.SptLoggerMiddleware] [客户端请求] /client/settings
[2026-07-30 11:21:00.782][Info][SPTarkov.Server.Logger.SptLoggerMiddleware] [客户端请求] /client/prestige/list
[2026-07-30 11:21:00.787][Info][SPTarkov.Server.Logger.SptLoggerMiddleware] [客户端请求] /client/trading/api/traderSettings
[2026-07-30 11:21:01.567][Info][SPTarkov.Server.Logger.SptLoggerMiddleware] [客户端请求] /client/customization/storage
[2026-07-30 11:21:02.222][Info][SPTarkov.Server.Logger.SptLoggerMiddleware] [客户端请求] /client/dialogue
[2026-07-30 11:21:02.231][Info][SPTarkov.Server.Logger.SptLoggerMiddleware] [客户端请求] /client/game/profile/list
[2026-07-30 11:21:04.308][Info][SPTarkov.Server.Logger.SptLoggerMiddleware] [客户端请求] /client/game/profile/select
[2026-07-30 11:21:04.698][Info][SPTarkov.Server.Logger.SptLoggerMiddleware] [客户端请求] /client/profile/status
[2026-07-30 11:21:05.163][Info][SPTarkov.Server.Logger.SptLoggerMiddleware] [客户端请求] /client/handbook/templates
[2026-07-30 11:21:08.013][Info][SPTarkov.Server.Logger.SptLoggerMiddleware] [客户端请求] /client/builds/list
[2026-07-30 11:21:08.298][Info][SPTarkov.Server.Logger.SptLoggerMiddleware] [客户端请求] /weaponcustomizer/load
[2026-07-30 11:21:08.953][Info][SPTarkov.Server.Core.Servers.Ws.SptWebSocketConnectionHandler] [ws] player: Maxryuki (69802d793401cb1dcc190aae) 20260730112012444 has disconnected
[2026-07-30 11:21:10.191][Info][SPTarkov.Server.Logger.SptLoggerMiddleware] [客户端请求] /client/notifier/channel/create
[2026-07-30 11:21:10.200][Info][SPTarkov.Server.Logger.SptLoggerMiddleware] [客户端请求] /client/weather
[2026-07-30 11:21:10.205][Info][SPTarkov.Server.Logger.SptLoggerMiddleware] [客户端请求] /client/locations
[2026-07-30 11:21:10.206][Info][SPTarkov.Server.Logger.SptLoggerMiddleware] [客户端请求] /client/profile/status
[2026-07-30 11:21:10.211][Info][SPTarkov.Server.Logger.SptLoggerMiddleware] [客户端请求] /client/locale/ch
[2026-07-30 11:21:10.215][Info][SPTarkov.Server.Logger.SptLoggerMiddleware] [客户端请求] /client/hideout/qte/list
[2026-07-30 11:21:10.219][Info][SPTarkov.Server.Logger.SptLoggerMiddleware] [客户端请求] /client/hideout/areas
[2026-07-30 11:21:10.222][Info][SPTarkov.Server.Logger.SptLoggerMiddleware] [客户端请求] /client/hideout/settings
[2026-07-30 11:21:10.227][Info][SPTarkov.Server.Logger.SptLoggerMiddleware] [客户端请求] /client/hideout/customization/offer/list
[2026-07-30 11:21:10.231][Info][SPTarkov.Server.Logger.SptLoggerMiddleware] [客户端请求] /client/hideout/production/recipes
[2026-07-30 11:21:10.560][Info][SPTarkov.Server.Logger.SptLoggerMiddleware] [WebSocket 请求] /notifierServer/getwebsocket/69802d793401cb1dcc190aae
[2026-07-30 11:21:10.561][Info][SPTarkov.Server.Core.Servers.Ws.SptWebSocketConnectionHandler] [WS] 玩家：Maxryuki (69802d793401cb1dcc190aae) 20260730112110560 已连接
[2026-07-30 11:21:19.389][Info][SPTarkov.Server.Logger.SptLoggerMiddleware] [客户端请求] /client/match/group/current
[2026-07-30 11:21:19.390][Info][SPTarkov.Server.Logger.SptLoggerMiddleware] [客户端请求] /client/server/list
[2026-07-30 11:21:19.395][Info][SPTarkov.Server.Logger.SptLoggerMiddleware] [客户端请求] /client/friend/request/list/outbox
[2026-07-30 11:21:19.396][Info][SPTarkov.Server.Logger.SptLoggerMiddleware] [客户端请求] /client/friend/request/list/inbox
[2026-07-30 11:21:19.401][Info][SPTarkov.Server.Logger.SptLoggerMiddleware] [客户端请求] /client/friend/list
[2026-07-30 11:21:19.404][Info][SPTarkov.Server.Logger.SptLoggerMiddleware] [客户端请求] /client/mail/dialog/list
[2026-07-30 11:21:19.408][Info][SPTarkov.Server.Logger.SptLoggerMiddleware] [客户端请求] /client/quest/list
[2026-07-30 11:21:22.037][Info][SPTarkov.Server.Logger.SptLoggerMiddleware] [客户端请求] /client/achievement/statistic
[2026-07-30 11:21:22.424][Info][SPTarkov.Server.Logger.SptLoggerMiddleware] [客户端请求] /client/achievement/list
[2026-07-30 11:21:23.151][Info][SPTarkov.Server.Logger.SptLoggerMiddleware] [客户端请求] /client/repeatalbeQuests/activityPeriods
[2026-07-30 11:21:23.516][Info][SPTarkov.Server.Logger.SptLoggerMiddleware] [客户端请求] /client/survey
[2026-07-30 11:21:24.091][Info][SPTarkov.Server.Logger.SptLoggerMiddleware] [客户端请求] /fika/presence/set
[2026-07-30 11:21:24.297][Info][SPTarkov.Server.Logger.SptLoggerMiddleware] [客户端请求] /fika/presence/get
[2026-07-30 11:21:31.233][Info][SPTarkov.Server.Logger.SptLoggerMiddleware] [客户端请求] /client/mail/dialog/view
[2026-07-30 11:21:32.430][Info][SPTarkov.Server.Logger.SptLoggerMiddleware] [客户端请求] /client/mail/dialog/view
[2026-07-30 11:21:33.135][Info][SPTarkov.Server.Logger.SptLoggerMiddleware] [客户端请求] /client/mail/dialog/getAllAttachments
[2026-07-30 11:21:34.488][Info][SPTarkov.Server.Logger.SptLoggerMiddleware] [客户端请求] /fika/presence/set
[2026-07-30 11:21:34.581][Info][SPTarkov.Server.Logger.SptLoggerMiddleware] [客户端请求] /fika/presence/get
[2026-07-30 11:21:34.901][Info][SPTarkov.Server.Logger.SptLoggerMiddleware] [客户端请求] /client/checkVersion
[2026-07-30 11:21:34.926][Info][SPTarkov.Server.Logger.SptLoggerMiddleware] [客户端请求] /client/game/profile/items/moving
[2026-07-30 11:21:36.484][Info][SPTarkov.Server.Logger.SptLoggerMiddleware] [客户端请求] /client/match/group/invite/cancel-all
[2026-07-30 11:21:36.759][Info][SPTarkov.Server.Logger.SptLoggerMiddleware] [客户端请求] /launcher/profile/info
[2026-07-30 11:21:36.900][Info][SPTarkov.Server.Logger.SptLoggerMiddleware] [客户端请求] /client/game/logout
[2026-07-30 11:21:36.918][Info][SPTarkov.Server.Logger.SptLoggerMiddleware] [客户端请求] /launcher/server/version
[2026-07-30 11:21:37.825][Info][SPTarkov.Server.Core.Servers.Ws.SptWebSocketConnectionHandler] [ws] player: Maxryuki (69802d793401cb1dcc190aae) 20260730112110560 has disconnected
[2026-07-30 11:21:54.795][Info][SPTarkov.Server.Logger.SptLoggerMiddleware] [客户端请求] /launcher/profile/info
[2026-07-30 11:21:54.950][Info][SPTarkov.Server.Logger.SptLoggerMiddleware] [客户端请求] /launcher/server/version
[2026-07-30 11:24:56.978][Info][SPTarkov.Server.Modding.ModValidator] 模组加载器：正在加载11个客户端模组……
[2026-07-30 11:24:56.998][Info][SPTarkov.Server.Modding.ModValidator] 模组：Acid's Bot Placement System 版本2.0.19 (GUID: com.acidphantasm.botplacementsystem | targets SPT: ~4.0.3) 作者：acidphantasm 已加载
[2026-07-30 11:24:56.999][Info][SPTarkov.Server.Modding.ModValidator] 模组：CompoundingPerf 版本1.3.0 (GUID: com.echostarz.compoundingperf | targets SPT: ~4.0.13) 作者：EchoStarz 已加载
[2026-07-30 11:24:57.000][Info][SPTarkov.Server.Modding.ModValidator] 模组：server 版本2.3.5 (GUID: Fika | targets SPT: >=4.0.13) 作者：Fika 已加载
[2026-07-30 11:24:57.001][Info][SPTarkov.Server.Modding.ModValidator] 模组：Dynamic Maps 版本1.1.3 (GUID: com.mpstark.dynamicmaps | targets SPT: ~4.0.0) 作者：mpstark 已加载
[2026-07-30 11:24:57.002][Info][SPTarkov.Server.Modding.ModValidator] 模组：QuestingBots 版本0.11.0 (GUID: com.danw.questingbots | targets SPT: ~4.0.2) 作者：DanW 已加载
[2026-07-30 11:24:57.003][Info][SPTarkov.Server.Modding.ModValidator] 模组：ScopeUpdateBackport 版本0.0.0 (GUID: com.scopeupdate.backport | targets SPT: ~4.0.0) 作者：MeowNall 已加载
[2026-07-30 11:24:57.004][Info][SPTarkov.Server.Modding.ModValidator] 模组：SeasonRotator 版本1.0.0 (GUID: com.turbodestroyer.season-rotator | targets SPT: ~4.0.0) 作者：turbodestroyer 已加载
[2026-07-30 11:24:57.005][Info][SPTarkov.Server.Modding.ModValidator] 模组：LootingBots-ServerMod 版本1.7.0 (GUID: me.skwizzy.lootingbots_servermod | targets SPT: ~4.0.0) 作者：Skwizzy 已加载
[2026-07-30 11:24:57.006][Info][SPTarkov.Server.Modding.ModValidator] 模组：SAIN 版本4.4.3 (GUID: me.sol.sain | targets SPT: ~4.0.0) 作者：Solarint 已加载
[2026-07-30 11:24:57.008][Info][SPTarkov.Server.Modding.ModValidator] 模组：Better Rear Sights 版本1.7.0 (GUID: com.pein.betterrearsights | targets SPT: ~4.0.0) 作者：pein 已加载
[2026-07-30 11:24:57.009][Info][SPTarkov.Server.Modding.ModValidator] 模组：Weapon Customizer 版本3.0.3 (GUID: com.tyfon.weaponcustomizer | targets SPT: ~4.0.0) 作者：Tyfon 已加载
[2026-07-30 11:24:57.090][Info][SPTarkov.Server.Core.Loaders.OnWebAppBuildModLoader] Loading OnWebAppBuildMods...
[2026-07-30 11:24:57.116][Info][FikaServer.Services.ConfigService] [Fika Server] Overriding SPT configuration
[2026-07-30 11:24:57.116][Info][SPTarkov.Server.Core.Loaders.OnWebAppBuildModLoader] Finished loading OnWebAppBuildMods...
[2026-07-30 11:24:57.165][Info][SPTarkov.Server.Core.Helpers.CertificateHelper] Loaded self-signed certificate (./user/certs/server.crt)
[2026-07-30 11:24:58.349][Info][SPTarkov.Server.Core.Utils.App] 服务端：正在执行启动回调
[2026-07-30 11:24:58.352][Info][SPTarkov.Server.Core.Utils.Watermark] ┌──────────────────────────────────┐
[2026-07-30 11:24:58.352][Info][SPTarkov.Server.Core.Utils.Watermark] │ SPT 4.0.13                       │
[2026-07-30 11:24:58.352][Info][SPTarkov.Server.Core.Utils.Watermark] │ https://discord.sp-tarkov.com    │
[2026-07-30 11:24:58.352][Info][SPTarkov.Server.Core.Utils.Watermark] │                                  │
[2026-07-30 11:24:58.352][Info][SPTarkov.Server.Core.Utils.Watermark] │ 该软件免费                            │
[2026-07-30 11:24:58.352][Info][SPTarkov.Server.Core.Utils.Watermark] │ 如果你花钱了，说明你被骗了                    │
[2026-07-30 11:24:58.352][Info][SPTarkov.Server.Core.Utils.Watermark] │ 禁止商用                             │
[2026-07-30 11:24:58.352][Info][SPTarkov.Server.Core.Utils.Watermark] └──────────────────────────────────┘
[2026-07-30 11:24:58.352][Info][SPTarkov.Server.Core.Loaders.PreSptModLoader] Loading PreSptMods...
[2026-07-30 11:24:58.352][Info][SPTarkov.Server.Core.Loaders.PreSptModLoader] Finished loading PreSptMods...
[2026-07-30 11:24:59.057][Info][SeasonRotator.ChangeSeason] [Season Rotator] SPRING will end on 2026-08-02
[2026-07-30 11:24:59.085][Info][SPTarkov.Server.Core.Utils.DatabaseImporter] 正在导入数据库……
[2026-07-30 11:24:59.104][Warn][SPTarkov.Server.Core.Utils.DatabaseImporter] 验证文件：./SPT_Data/database/bots/types/assault.json失败
[2026-07-30 11:24:59.105][Warn][SPTarkov.Server.Core.Utils.DatabaseImporter] 验证文件：./SPT_Data/database/bots/types/bear.json失败
[2026-07-30 11:24:59.368][Warn][SPTarkov.Server.Core.Utils.DatabaseImporter] 验证文件：./SPT_Data/database/bots/types/pmcbear.json失败
[2026-07-30 11:24:59.375][Warn][SPTarkov.Server.Core.Utils.DatabaseImporter] 验证文件：./SPT_Data/database/bots/types/pmcbot.json失败
[2026-07-30 11:24:59.376][Warn][SPTarkov.Server.Core.Utils.DatabaseImporter] 验证文件：./SPT_Data/database/bots/types/pmcusec.json失败
[2026-07-30 11:24:59.405][Warn][SPTarkov.Server.Core.Utils.DatabaseImporter] 验证文件：./SPT_Data/database/bots/types/usec.json失败
[2026-07-30 11:24:59.508][Warn][SPTarkov.Server.Core.Utils.DatabaseImporter] 验证文件：./SPT_Data/database/locations/bigmap/base.json失败
[2026-07-30 11:24:59.516][Warn][SPTarkov.Server.Core.Utils.DatabaseImporter] 验证文件：./SPT_Data/database/locations/factory4_day/base.json失败
[2026-07-30 11:24:59.535][Warn][SPTarkov.Server.Core.Utils.DatabaseImporter] 验证文件：./SPT_Data/database/locations/factory4_night/base.json失败
[2026-07-30 11:24:59.580][Warn][SPTarkov.Server.Core.Utils.DatabaseImporter] 验证文件：./SPT_Data/database/locations/interchange/base.json失败
[2026-07-30 11:24:59.674][Warn][SPTarkov.Server.Core.Utils.DatabaseImporter] 验证文件：./SPT_Data/database/locations/lighthouse/base.json失败
[2026-07-30 11:24:59.679][Warn][SPTarkov.Server.Core.Utils.DatabaseImporter] 验证文件：./SPT_Data/database/locations/rezervbase/base.json失败
[2026-07-30 11:24:59.717][Warn][SPTarkov.Server.Core.Utils.DatabaseImporter] 验证文件：./SPT_Data/database/locations/sandbox/base.json失败
[2026-07-30 11:24:59.811][Warn][SPTarkov.Server.Core.Utils.DatabaseImporter] 验证文件：./SPT_Data/database/locations/sandbox_high/base.json失败
[2026-07-30 11:24:59.875][Warn][SPTarkov.Server.Core.Utils.DatabaseImporter] 验证文件：./SPT_Data/database/locations/shoreline/base.json失败
[2026-07-30 11:24:59.958][Warn][SPTarkov.Server.Core.Utils.DatabaseImporter] 验证文件：./SPT_Data/database/locations/tarkovstreets/base.json失败
[2026-07-30 11:25:00.106][Warn][SPTarkov.Server.Core.Utils.DatabaseImporter] 验证文件：./SPT_Data/database/locations/woods/base.json失败
[2026-07-30 11:25:00.168][Warn][SPTarkov.Server.Core.Utils.DatabaseImporter] 验证文件：./SPT_Data/database/locations/tarkovstreets/staticContainers.json失败
[2026-07-30 11:25:00.730][Info][SPTarkov.Server.Core.Utils.DatabaseImporter] 数据库导入完成
[2026-07-30 11:25:00.902][Info][SPTBetterRearSights.BetterRearSights] Successfully loaded Better Rear Sights! Good luck!
[2026-07-30 11:25:00.903][Info][QuestingBots.QuestingBots_Server] [QuestingBots] Loaded mod GUIDs: com.acidphantasm.botplacementsystem, com.echostarz.compoundingperf, Fika, com.mpstark.dynamicmaps, com.danw.questingbots, com.scopeupdate.backport, com.turbodestroyer.season-rotator, me.skwizzy.lootingbots_servermod, me.sol.sain, com.pein.betterrearsights, com.tyfon.weaponcustomizer
[2026-07-30 11:25:00.903][Warn][QuestingBots.QuestingBots_Server] [QuestingBots] Acid's Bot Placement System detected. Disabling the Questing Bots spawning system.
[2026-07-30 11:25:00.904][Info][QuestingBots.QuestingBots_Server] [QuestingBots] Removed 0 blacklisted PMC brain types
[2026-07-30 11:25:00.904][Info][QuestingBots.QuestingBots_Server] [QuestingBots] Removed 10 blacklisted Player Scav brain types
[2026-07-30 11:25:00.905][Info][LootingBotsServerMod.PostDBLoad] [LootingBots-ServerMod] Marking items with DiscardLimits as InsuranceDisabled
[2026-07-30 11:25:00.905][Info][LootingBotsServerMod.PostDBLoad] [LootingBots-ServerMod] Global config DiscardLimitsEnabled set to false
[2026-07-30 11:25:00.905][Info][QuestingBots.QuestingBots_Server] [QuestingBots] Player scav spawning will be managed by the Questing Bots spawning system
[2026-07-30 11:25:00.925][Info][CompoundingPerf.CompoundingPerfMod] [CompoundingPerf/S1] profile-save coalescer ACTIVE — DI override of SaveServer in place, trailing-edge semantics
[2026-07-30 11:25:00.925][Info][CompoundingPerf.CompoundingPerfMod] [CompoundingPerf/S2] response cache ACTIVE — 15 default paths + 0 additional
[2026-07-30 11:25:00.927][Info][CompoundingPerf.CompoundingPerfMod] [CompoundingPerf/S6] thread-safe RandomUtil ACTIVE — DI override + GetSecureRandomNumber patched
[2026-07-30 11:25:00.936][Info][CompoundingPerf.CompoundingPerfMod] [CompoundingPerf/S7] response sanitizer ACTIVE — single-pass ClearString replaces five regex passes
[2026-07-30 11:25:00.936][Info][CompoundingPerf.CompoundingPerfMod] [CompoundingPerf/S8] calm ragfair updates ACTIVE — offer expiry runs without vanilla's forced blocking GC
[2026-07-30 11:25:00.937][Info][CompoundingPerf.CompoundingPerfMod] [CompoundingPerf/S9] fast response compression ACTIVE — zlib level Fastest (vanilla: SmallestSize)
[2026-07-30 11:25:00.937][Info][CompoundingPerf.CompoundingPerfMod] [CompoundingPerf/S10] thread-safe caches ACTIVE — HandbookHelper, ItemBaseClassService, ItemFilterService gated
[2026-07-30 11:25:00.937][Info][CompoundingPerf.CompoundingPerfMod] [CompoundingPerf/S11] save dirty-tracking ACTIVE — clean sessions skip serialization (force-save every 300s)
[2026-07-30 11:25:00.938][Info][CompoundingPerf.CompoundingPerfMod] [CompoundingPerf/S12] isolated bot randomisation ACTIVE — nighttime modifiers no longer compound, persist, or race on shared config
[2026-07-30 11:25:00.938][Info][CompoundingPerf.CompoundingPerfMod] [CompoundingPerf/S13] calm notifier ACTIVE — websocket sends moved outside the global lock, long-polls release their threads
[2026-07-30 11:25:00.938][Info][CompoundingPerf.CompoundingPerfMod] [CompoundingPerf] server-side features loaded
[2026-07-30 11:25:02.165][Info][SPTarkov.Server.Core.Servers.RagfairServer] 正在生成跳蚤报价……
[2026-07-30 11:25:03.352][Info][WeaponCustomizer.Server.PostSptLoad] WeaponCustomizer loaded 23 customized weapons and 7 customized presets
[2026-07-30 11:25:03.354][Info][SPTarkov.Server.Core.Utils.App] webserver已于https://0.0.0.0:6969启动
[2026-07-30 11:25:03.355][Info][SPTarkov.Server.Core.Utils.App] websocket启动于wss://0.0.0.0:6969
[2026-07-30 11:25:03.356][Info][SPTarkov.Server.Core.Utils.App] 服务端已开启，游戏愉快
[2026-07-30 11:25:04.106][Info][SPTarkov.Server.Logger.SptLoggerMiddleware] [客户端请求] /launcher/server/connect
[2026-07-30 11:25:04.147][Info][SPTarkov.Server.Logger.SptLoggerMiddleware] [客户端请求] /launcher/ping
[2026-07-30 11:25:04.151][Info][SPTarkov.Server.Logger.SptLoggerMiddleware] [客户端请求] /launcher/server/version
[2026-07-30 11:25:04.159][Info][SPTarkov.Server.Logger.SptLoggerMiddleware] [客户端请求] /files/launcher/bg.png
[2026-07-30 11:25:04.191][Info][SPTarkov.Server.Logger.SptLoggerMiddleware] [客户端请求] /launcher/profiles
[2026-07-30 11:25:04.205][Info][SPTarkov.Server.Logger.SptLoggerMiddleware] [客户端请求] /launcher/server/version
[2026-07-30 11:25:04.271][Info][SPTarkov.Server.Logger.SptLoggerMiddleware] [客户端请求] /files/launcher/side_bear.png
[2026-07-30 11:25:04.389][Info][SPTarkov.Server.Logger.SptLoggerMiddleware] [客户端请求] /launcher/server/version
[2026-07-30 11:25:04.497][Info][SPTarkov.Server.Logger.SptLoggerMiddleware] [客户端请求] /launcher/server/version
[2026-07-30 11:25:04.606][Info][SPTarkov.Server.Logger.SptLoggerMiddleware] [客户端请求] /launcher/server/version
[2026-07-30 11:25:04.716][Info][SPTarkov.Server.Logger.SptLoggerMiddleware] [客户端请求] /launcher/ping
[2026-07-30 11:25:06.278][Info][SPTarkov.Server.Logger.SptLoggerMiddleware] [客户端请求] /launcher/profile/login
[2026-07-30 11:25:06.286][Info][SPTarkov.Server.Logger.SptLoggerMiddleware] [客户端请求] /launcher/profile/get
[2026-07-30 11:25:06.291][Info][SPTarkov.Server.Logger.SptLoggerMiddleware] [客户端请求] /launcher/profile/info
[2026-07-30 11:25:06.296][Info][SPTarkov.Server.Logger.SptLoggerMiddleware] [客户端请求] /launcher/server/version
[2026-07-30 11:25:06.302][Info][SPTarkov.Server.Logger.SptLoggerMiddleware] [客户端请求] /launcher/server/loadedServerMods
[2026-07-30 11:25:06.311][Info][SPTarkov.Server.Logger.SptLoggerMiddleware] [客户端请求] /launcher/profile/login
[2026-07-30 11:25:06.313][Info][SPTarkov.Server.Logger.SptLoggerMiddleware] [客户端请求] /launcher/server/serverModsUsedByProfile
[2026-07-30 11:25:06.316][Info][SPTarkov.Server.Logger.SptLoggerMiddleware] [客户端请求] /launcher/profile/get
[2026-07-30 11:25:06.319][Info][SPTarkov.Server.Logger.SptLoggerMiddleware] [客户端请求] /launcher/profile/info
[2026-07-30 11:25:06.321][Info][SPTarkov.Server.Logger.SptLoggerMiddleware] [客户端请求] /launcher/server/version
[2026-07-30 11:25:07.198][Info][SPTarkov.Server.Logger.SptLoggerMiddleware] [客户端请求] /launcher/profile/login
[2026-07-30 11:25:07.200][Info][SPTarkov.Server.Logger.SptLoggerMiddleware] [客户端请求] /launcher/profile/get
[2026-07-30 11:25:07.202][Info][SPTarkov.Server.Logger.SptLoggerMiddleware] [客户端请求] /launcher/profile/info
[2026-07-30 11:25:07.203][Info][SPTarkov.Server.Logger.SptLoggerMiddleware] [客户端请求] /launcher/server/version
[2026-07-30 11:25:07.211][Info][SPTarkov.Server.Logger.SptLoggerMiddleware] [客户端请求] /launcher/server/version
[2026-07-30 11:25:17.051][Info][SPTarkov.Server.Logger.SptLoggerMiddleware] [客户端请求] /QuestingBots/GetConfig
[2026-07-30 11:25:17.863][Info][SPTarkov.Server.Logger.SptLoggerMiddleware] [客户端请求] /singleplayer/bosstypes
[2026-07-30 11:25:18.474][Info][SPTarkov.Server.Logger.SptLoggerMiddleware] [客户端请求] /fika/natpunchserver/config
[2026-07-30 11:25:19.032][Info][SPTarkov.Server.Logger.SptLoggerMiddleware] [客户端请求] /fika/client/config
[2026-07-30 11:25:19.052][Info][SPTarkov.Server.Logger.SptLoggerMiddleware] [客户端请求] /singleplayer/settings/bot/difficulties/
[2026-07-30 11:25:19.366][Info][SPTarkov.Server.Logger.SptLoggerMiddleware] [客户端请求] /singleplayer/settings/bot/difficulty/core/core
[2026-07-30 11:25:35.807][Info][SPTarkov.Server.Logger.SptLoggerMiddleware] [客户端请求] /sain/namepersonalities
[2026-07-30 11:25:42.494][Info][SPTarkov.Server.Logger.SptLoggerMiddleware] [客户端请求] /singleplayer/settings/version
[2026-07-30 11:25:42.499][Info][SPTarkov.Server.Logger.SptLoggerMiddleware] [客户端请求] /singleplayer/release
[2026-07-30 11:25:42.510][Info][SPTarkov.Server.Logger.SptLoggerMiddleware] [客户端请求] /singleplayer/moddedTraders
[2026-07-30 11:25:42.514][Info][SPTarkov.Server.Logger.SptLoggerMiddleware] [客户端请求] /singleplayer/enableBSGlogging
[2026-07-30 11:25:43.326][Info][SPTarkov.Server.Logger.SptLoggerMiddleware] [客户端请求] /singleplayer/bundles
[2026-07-30 11:25:47.521][Info][SPTarkov.Server.Logger.SptLoggerMiddleware] [客户端请求] /fika/client/check/version
[2026-07-30 11:25:47.552][Info][SPTarkov.Server.Logger.SptLoggerMiddleware] [客户端请求] /fika/client/check/mods
[2026-07-30 11:25:49.381][Info][SPTarkov.Server.Logger.SptLoggerMiddleware] [客户端请求] /dynamicmaps/load
[2026-07-30 11:25:49.389][Info][SPTarkov.Server.Logger.SptLoggerMiddleware] [客户端请求] /singleplayer/settings/version
[2026-07-30 11:25:49.611][Info][SPTarkov.Server.Logger.SptLoggerMiddleware] [客户端请求] /client/menu/locale/ch
[2026-07-30 11:25:49.673][Info][SPTarkov.Server.Logger.SptLoggerMiddleware] [客户端请求] /client/game/mode
[2026-07-30 11:25:49.727][Info][SPTarkov.Server.Logger.SptLoggerMiddleware] [客户端请求] /client/game/start
[2026-07-30 11:25:49.786][Info][SPTarkov.Server.Logger.SptLoggerMiddleware] [客户端请求] /singleplayer/clientmods
[2026-07-30 11:25:49.842][Info][SPTarkov.Server.Logger.SptLoggerMiddleware] [客户端请求] /client/game/version/validate
[2026-07-30 11:25:49.917][Info][SPTarkov.Server.Logger.SptLoggerMiddleware] [客户端请求] /client/languages
[2026-07-30 11:25:49.982][Info][SPTarkov.Server.Logger.SptLoggerMiddleware] [客户端请求] /client/game/config
[2026-07-30 11:25:50.058][Info][SPTarkov.Server.Logger.SptLoggerMiddleware] [客户端请求] /client/items
[2026-07-30 11:25:58.044][Info][SPTarkov.Server.Logger.SptLoggerMiddleware] [客户端请求] /client/customization
[2026-07-30 11:25:58.173][Info][SPTarkov.Server.Logger.SptLoggerMiddleware] [客户端请求] /client/globals
[2026-07-30 11:25:58.185][Info][SPTarkov.Server.Logger.SptLoggerMiddleware] [客户端请求] /client/prestige/list
[2026-07-30 11:25:58.185][Info][SPTarkov.Server.Logger.SptLoggerMiddleware] [客户端请求] /client/trading/api/traderSettings
[2026-07-30 11:25:58.186][Info][SPTarkov.Server.Logger.SptLoggerMiddleware] [客户端请求] /client/settings
[2026-07-30 11:25:58.673][Info][SPTarkov.Server.Logger.SptLoggerMiddleware] [客户端请求] /client/customization/storage
[2026-07-30 11:25:59.230][Info][SPTarkov.Server.Logger.SptLoggerMiddleware] [客户端请求] /client/dialogue
[2026-07-30 11:25:59.246][Info][SPTarkov.Server.Logger.SptLoggerMiddleware] [客户端请求] /client/game/profile/list
[2026-07-30 11:26:00.932][Info][SPTarkov.Server.Logger.SptLoggerMiddleware] [客户端请求] /client/game/profile/select
[2026-07-30 11:26:00.982][Info][SPTarkov.Server.Logger.SptLoggerMiddleware] [客户端请求] /client/profile/status
[2026-07-30 11:26:01.100][Info][SPTarkov.Server.Logger.SptLoggerMiddleware] [客户端请求] /client/handbook/templates
[2026-07-30 11:26:02.729][Info][SPTarkov.Server.Logger.SptLoggerMiddleware] [客户端请求] /client/builds/list
[2026-07-30 11:26:03.204][Info][SPTarkov.Server.Logger.SptLoggerMiddleware] [客户端请求] /botplacementsystem/load
[2026-07-30 11:26:03.205][Info][SPTarkov.Server.Logger.SptLoggerMiddleware] [客户端请求] /weaponcustomizer/load
[2026-07-30 11:26:05.321][Info][SPTarkov.Server.Logger.SptLoggerMiddleware] [WebSocket 请求] /fika/notification/
[2026-07-30 11:26:07.440][Info][SPTarkov.Server.Logger.SptLoggerMiddleware] [客户端请求] /client/notifier/channel/create
[2026-07-30 11:26:07.448][Info][SPTarkov.Server.Logger.SptLoggerMiddleware] [客户端请求] /client/profile/status
[2026-07-30 11:26:07.448][Info][SPTarkov.Server.Logger.SptLoggerMiddleware] [客户端请求] /client/weather
[2026-07-30 11:26:07.457][Info][SPTarkov.Server.Logger.SptLoggerMiddleware] [客户端请求] /client/locations
[2026-07-30 11:26:07.457][Info][SPTarkov.Server.Logger.SptLoggerMiddleware] [客户端请求] /client/locale/ch
[2026-07-30 11:26:07.511][Info][SPTarkov.Server.Logger.SptLoggerMiddleware] [WebSocket 请求] /notifierServer/getwebsocket/68f79277575e002bfcf5a4a1
[2026-07-30 11:26:07.512][Info][SPTarkov.Server.Core.Servers.Ws.SptWebSocketConnectionHandler] [WS] 玩家：JúnioR (68f79277575e002bfcf5a4a1) 20260730112607511 已连接
[2026-07-30 11:26:07.833][Info][SPTarkov.Server.Logger.SptLoggerMiddleware] [客户端请求] /launcher/profile/info
[2026-07-30 11:26:07.836][Info][SPTarkov.Server.Logger.SptLoggerMiddleware] [客户端请求] /launcher/server/version
[2026-07-30 11:26:08.580][Info][SPTarkov.Server.Logger.SptLoggerMiddleware] [客户端请求] /client/hideout/areas
[2026-07-30 11:26:08.585][Info][SPTarkov.Server.Logger.SptLoggerMiddleware] [客户端请求] /client/hideout/qte/list
[2026-07-30 11:26:08.599][Info][SPTarkov.Server.Logger.SptLoggerMiddleware] [客户端请求] /client/hideout/production/recipes
[2026-07-30 11:26:08.599][Info][SPTarkov.Server.Logger.SptLoggerMiddleware] [客户端请求] /client/hideout/customization/offer/list
[2026-07-30 11:26:08.601][Info][SPTarkov.Server.Logger.SptLoggerMiddleware] [客户端请求] /client/hideout/settings
[2026-07-30 11:26:08.643][Info][SPTarkov.Server.Logger.SptLoggerMiddleware] [客户端请求] /singleplayer/log
[2026-07-30 11:26:08.661][Info][SPTarkov.Server.Logger.SptLoggerMiddleware] [客户端请求] /singleplayer/log
[2026-07-30 11:26:08.661][Warn][SPTarkov.Server.Core.Controllers.ClientLogController] [Warning: SPT.Core] Validation failed
[2026-07-30 11:26:09.930][Info][SPTarkov.Server.Logger.SptLoggerMiddleware] [客户端请求] /client/server/list
[2026-07-30 11:26:09.939][Info][SPTarkov.Server.Logger.SptLoggerMiddleware] [客户端请求] /client/match/group/current
[2026-07-30 11:26:09.939][Info][SPTarkov.Server.Logger.SptLoggerMiddleware] [客户端请求] /client/friend/list
[2026-07-30 11:26:09.955][Info][SPTarkov.Server.Logger.SptLoggerMiddleware] [客户端请求] /client/friend/request/list/inbox
[2026-07-30 11:26:09.955][Info][SPTarkov.Server.Logger.SptLoggerMiddleware] [客户端请求] /client/mail/dialog/list
[2026-07-30 11:26:09.955][Info][SPTarkov.Server.Logger.SptLoggerMiddleware] [客户端请求] /client/friend/request/list/outbox
[2026-07-30 11:26:09.955][Info][SPTarkov.Server.Logger.SptLoggerMiddleware] [客户端请求] /client/quest/list
[2026-07-30 11:26:10.085][Info][SPTarkov.Server.Logger.SptLoggerMiddleware] [客户端请求] /singleplayer/log
[2026-07-30 11:26:10.085][Info][SPTarkov.Server.Core.Controllers.ClientLogController] [QuestingBots] Validated all quest files
[2026-07-30 11:26:10.538][Info][SPTarkov.Server.Logger.SptLoggerMiddleware] [客户端请求] /client/achievement/statistic
[2026-07-30 11:26:10.616][Info][SPTarkov.Server.Logger.SptLoggerMiddleware] [客户端请求] /client/achievement/list
[2026-07-30 11:26:10.853][Info][SPTarkov.Server.Logger.SptLoggerMiddleware] [客户端请求] /client/repeatalbeQuests/activityPeriods
[2026-07-30 11:26:10.979][Info][SPTarkov.Server.Logger.SptLoggerMiddleware] [客户端请求] /client/survey
[2026-07-30 11:26:11.907][Info][SPTarkov.Server.Logger.SptLoggerMiddleware] [客户端请求] /fika/presence/get
[2026-07-30 11:26:21.860][Info][SPTarkov.Server.Logger.SptLoggerMiddleware] [客户端请求] /fika/presence/get
[2026-07-30 11:26:21.997][Info][SPTarkov.Server.Logger.SptLoggerMiddleware] [客户端请求] /fika/presence/set
[2026-07-30 11:26:38.568][Info][SPTarkov.Server.Logger.SptLoggerMiddleware] [客户端请求] /client/checkVersion
[2026-07-30 11:26:38.582][Info][SPTarkov.Server.Logger.SptLoggerMiddleware] [客户端请求] /client/items/prices/5935c25fb3acc3127c3d8cd9
[2026-07-30 11:26:38.582][Info][SPTarkov.Server.Logger.SptLoggerMiddleware] [客户端请求] /client/game/profile/items/moving
[2026-07-30 11:26:38.582][Info][SPTarkov.Server.Logger.SptLoggerMiddleware] [客户端请求] /client/items/prices/58330581ace78e27b8b10cee
[2026-07-30 11:26:38.583][Info][SPTarkov.Server.Logger.SptLoggerMiddleware] [客户端请求] /client/items/prices/54cb50c76803fa8b248b4571
[2026-07-30 11:26:38.702][Info][SPTarkov.Server.Logger.SptLoggerMiddleware] [客户端请求] /client/trading/api/getTraderAssort/5935c25fb3acc3127c3d8cd9
[2026-07-30 11:26:38.712][Info][SPTarkov.Server.Logger.SptLoggerMiddleware] [客户端请求] /client/trading/api/getTraderAssort/58330581ace78e27b8b10cee
[2026-07-30 11:26:38.713][Info][SPTarkov.Server.Logger.SptLoggerMiddleware] [客户端请求] /client/trading/api/getTraderAssort/54cb50c76803fa8b248b4571
[2026-07-30 11:26:39.137][Info][SPTarkov.Server.Logger.SptLoggerMiddleware] [客户端请求] /client/items/prices/6617beeaa9cfa777ca915b7c
[2026-07-30 11:26:39.225][Info][SPTarkov.Server.Logger.SptLoggerMiddleware] [客户端请求] /client/trading/api/getTraderAssort/6617beeaa9cfa777ca915b7c
[2026-07-30 11:26:45.839][Info][SPTarkov.Server.Logger.SptLoggerMiddleware] [客户端请求] /client/game/profile/items/moving
[2026-07-30 11:26:47.615][Info][SPTarkov.Server.Logger.SptLoggerMiddleware] [客户端请求] /fika/presence/set
[2026-07-30 11:26:47.626][Info][SPTarkov.Server.Logger.SptLoggerMiddleware] [客户端请求] /fika/presence/get
[2026-07-30 11:26:51.832][Info][SPTarkov.Server.Logger.SptLoggerMiddleware] [客户端请求] /client/match/group/invite/cancel-all
[2026-07-30 11:26:51.886][Info][SPTarkov.Server.Logger.SptLoggerMiddleware] [客户端请求] /client/game/logout
[2026-07-30 11:26:52.970][Info][SPTarkov.Server.Core.Servers.Ws.SptWebSocketConnectionHandler] [ws] player: JúnioR (68f79277575e002bfcf5a4a1) 20260730112607511 has disconnected
[2026-07-30 11:26:54.822][Info][SPTarkov.Server.Logger.SptLoggerMiddleware] [客户端请求] /launcher/profile/info
[2026-07-30 11:26:54.824][Info][SPTarkov.Server.Logger.SptLoggerMiddleware] [客户端请求] /launcher/server/version
[2026-07-30 12:13:46.195][Info][SPTarkov.Server.Logger.SptLoggerMiddleware] [客户端请求] /launcher/server/connect
[2026-07-30 12:13:46.293][Info][SPTarkov.Server.Logger.SptLoggerMiddleware] [客户端请求] /launcher/ping
[2026-07-30 12:13:46.372][Info][SPTarkov.Server.Logger.SptLoggerMiddleware] [客户端请求] /launcher/server/version
[2026-07-30 12:13:46.455][Info][SPTarkov.Server.Logger.SptLoggerMiddleware] [客户端请求] /files/launcher/bg.png
[2026-07-30 12:13:49.495][Info][SPTarkov.Server.Logger.SptLoggerMiddleware] [客户端请求] /launcher/profile/login
[2026-07-30 12:13:49.645][Info][SPTarkov.Server.Logger.SptLoggerMiddleware] [客户端请求] /launcher/ping
[2026-07-30 12:13:49.650][Info][SPTarkov.Server.Logger.SptLoggerMiddleware] [客户端请求] /launcher/profile/get
[2026-07-30 12:13:49.802][Info][SPTarkov.Server.Logger.SptLoggerMiddleware] [客户端请求] /launcher/profile/info
[2026-07-30 12:13:49.962][Info][SPTarkov.Server.Logger.SptLoggerMiddleware] [客户端请求] /launcher/server/version
[2026-07-30 12:13:49.965][Info][SPTarkov.Server.Logger.SptLoggerMiddleware] [客户端请求] /launcher/server/loadedServerMods
[2026-07-30 12:13:50.038][Info][SPTarkov.Server.Logger.SptLoggerMiddleware] [客户端请求] /files/launcher/side_bear.png
[2026-07-30 12:13:50.044][Info][SPTarkov.Server.Logger.SptLoggerMiddleware] [客户端请求] /launcher/server/serverModsUsedByProfile
[2026-07-30 12:13:50.270][Info][SPTarkov.Server.Logger.SptLoggerMiddleware] [客户端请求] /launcher/profile/login
[2026-07-30 12:13:50.421][Info][SPTarkov.Server.Logger.SptLoggerMiddleware] [客户端请求] /launcher/profile/get
[2026-07-30 12:13:50.571][Info][SPTarkov.Server.Logger.SptLoggerMiddleware] [客户端请求] /launcher/profile/info
[2026-07-30 12:13:50.721][Info][SPTarkov.Server.Logger.SptLoggerMiddleware] [客户端请求] /launcher/server/version
[2026-07-30 12:13:55.053][Info][SPTarkov.Server.Logger.SptLoggerMiddleware] [客户端请求] /launcher/profile/login
[2026-07-30 12:13:55.202][Info][SPTarkov.Server.Logger.SptLoggerMiddleware] [客户端请求] /launcher/profile/get
[2026-07-30 12:13:55.351][Info][SPTarkov.Server.Logger.SptLoggerMiddleware] [客户端请求] /launcher/profile/info
[2026-07-30 12:13:55.499][Info][SPTarkov.Server.Logger.SptLoggerMiddleware] [客户端请求] /launcher/server/version
[2026-07-30 12:13:55.523][Info][SPTarkov.Server.Logger.SptLoggerMiddleware] [客户端请求] /launcher/server/version
[2026-07-30 12:14:06.164][Info][SPTarkov.Server.Logger.SptLoggerMiddleware] [客户端请求] /singleplayer/bosstypes
[2026-07-30 12:14:07.130][Info][SPTarkov.Server.Logger.SptLoggerMiddleware] [客户端请求] /fika/natpunchserver/config
[2026-07-30 12:14:07.824][Info][SPTarkov.Server.Logger.SptLoggerMiddleware] [客户端请求] /fika/client/config
[2026-07-30 12:14:07.923][Info][SPTarkov.Server.Logger.SptLoggerMiddleware] [客户端请求] /singleplayer/settings/bot/difficulties/
[2026-07-30 12:14:08.621][Info][SPTarkov.Server.Logger.SptLoggerMiddleware] [客户端请求] /singleplayer/settings/bot/difficulty/core/core
[2026-07-30 12:14:13.256][Info][SPTarkov.Server.Logger.SptLoggerMiddleware] [客户端请求] /singleplayer/settings/version
[2026-07-30 12:14:13.336][Info][SPTarkov.Server.Logger.SptLoggerMiddleware] [客户端请求] /singleplayer/release
[2026-07-30 12:14:13.420][Info][SPTarkov.Server.Logger.SptLoggerMiddleware] [客户端请求] /singleplayer/moddedTraders
[2026-07-30 12:14:13.498][Info][SPTarkov.Server.Logger.SptLoggerMiddleware] [客户端请求] /singleplayer/enableBSGlogging
[2026-07-30 12:14:14.345][Info][SPTarkov.Server.Logger.SptLoggerMiddleware] [客户端请求] /singleplayer/bundles
[2026-07-30 12:14:18.579][Info][SPTarkov.Server.Logger.SptLoggerMiddleware] [客户端请求] /fika/client/check/version
[2026-07-30 12:14:18.701][Info][SPTarkov.Server.Logger.SptLoggerMiddleware] [客户端请求] /fika/client/check/mods
[2026-07-30 12:14:33.572][Info][SPTarkov.Server.Logger.SptLoggerMiddleware] [客户端请求] /singleplayer/settings/version
[2026-07-30 12:14:34.247][Info][SPTarkov.Server.Logger.SptLoggerMiddleware] [客户端请求] /client/menu/locale/ch
[2026-07-30 12:14:34.612][Info][SPTarkov.Server.Logger.SptLoggerMiddleware] [客户端请求] /client/game/mode
[2026-07-30 12:14:34.976][Info][SPTarkov.Server.Logger.SptLoggerMiddleware] [客户端请求] /client/game/start
[2026-07-30 12:14:34.977][Info][SPTarkov.Server.Core.Services.ProfileFixerService] Successfully removed orphaned quest: 6a646251150426184406a507 that doesn't exist in quest data
[2026-07-30 12:14:34.977][Info][SPTarkov.Server.Core.Services.ProfileFixerService] Successfully removed orphaned quest: 6a646251150426184406a4d4 that doesn't exist in quest data
[2026-07-30 12:14:34.977][Info][SPTarkov.Server.Core.Services.ProfileFixerService] Successfully removed orphaned quest: 6a646251150426184406a507 that doesn't exist in quest data
[2026-07-30 12:14:34.977][Info][SPTarkov.Server.Core.Services.ProfileFixerService] Successfully removed orphaned quest: 6a646251150426184406a4ed that doesn't exist in quest data
[2026-07-30 12:14:34.977][Info][SPTarkov.Server.Core.Services.ProfileFixerService] Successfully removed orphaned quest: 6a646251150426184406a4e1 that doesn't exist in quest data
[2026-07-30 12:14:34.977][Info][SPTarkov.Server.Core.Services.ProfileFixerService] Successfully removed orphaned quest: 6a646251150426184406a4d4 that doesn't exist in quest data
[2026-07-30 12:14:35.105][Info][SPTarkov.Server.Logger.SptLoggerMiddleware] [客户端请求] /singleplayer/clientmods
[2026-07-30 12:14:35.455][Info][SPTarkov.Server.Logger.SptLoggerMiddleware] [客户端请求] /client/game/version/validate
[2026-07-30 12:14:35.806][Info][SPTarkov.Server.Logger.SptLoggerMiddleware] [客户端请求] /client/languages
[2026-07-30 12:14:36.171][Info][SPTarkov.Server.Logger.SptLoggerMiddleware] [客户端请求] /client/game/config
[2026-07-30 12:14:36.535][Info][SPTarkov.Server.Logger.SptLoggerMiddleware] [客户端请求] /client/items
[2026-07-30 12:14:49.169][Info][SPTarkov.Server.Logger.SptLoggerMiddleware] [客户端请求] /client/customization
[2026-07-30 12:14:49.228][Info][SPTarkov.Server.Logger.SptLoggerMiddleware] [客户端请求] /client/trading/api/traderSettings
[2026-07-30 12:14:49.231][Info][SPTarkov.Server.Logger.SptLoggerMiddleware] [客户端请求] /client/prestige/list
[2026-07-30 12:14:49.236][Info][SPTarkov.Server.Logger.SptLoggerMiddleware] [客户端请求] /client/settings
[2026-07-30 12:14:49.244][Info][SPTarkov.Server.Logger.SptLoggerMiddleware] [客户端请求] /client/globals
[2026-07-30 12:14:50.070][Info][SPTarkov.Server.Logger.SptLoggerMiddleware] [客户端请求] /client/customization/storage
[2026-07-30 12:14:50.993][Info][SPTarkov.Server.Logger.SptLoggerMiddleware] [客户端请求] /client/dialogue
[2026-07-30 12:14:50.993][Info][SPTarkov.Server.Logger.SptLoggerMiddleware] [客户端请求] /client/game/profile/list
[2026-07-30 12:14:53.029][Info][SPTarkov.Server.Logger.SptLoggerMiddleware] [客户端请求] /client/game/profile/select
[2026-07-30 12:14:53.385][Info][SPTarkov.Server.Logger.SptLoggerMiddleware] [客户端请求] /client/profile/status
[2026-07-30 12:14:53.831][Info][SPTarkov.Server.Logger.SptLoggerMiddleware] [客户端请求] /client/handbook/templates
[2026-07-30 12:14:56.180][Info][SPTarkov.Server.Logger.SptLoggerMiddleware] [客户端请求] /client/builds/list
[2026-07-30 12:14:56.334][Info][SPTarkov.Server.Logger.SptLoggerMiddleware] [客户端请求] /launcher/profile/info
[2026-07-30 12:14:56.485][Info][SPTarkov.Server.Logger.SptLoggerMiddleware] [客户端请求] /launcher/server/version
[2026-07-30 12:14:56.763][Info][SPTarkov.Server.Logger.SptLoggerMiddleware] [WebSocket 请求] /fika/notification/
[2026-07-30 12:14:59.510][Info][SPTarkov.Server.Logger.SptLoggerMiddleware] [客户端请求] /client/notifier/channel/create
[2026-07-30 12:14:59.511][Info][SPTarkov.Server.Logger.SptLoggerMiddleware] [客户端请求] /client/profile/status
[2026-07-30 12:14:59.517][Info][SPTarkov.Server.Logger.SptLoggerMiddleware] [客户端请求] /client/weather
[2026-07-30 12:14:59.521][Info][SPTarkov.Server.Logger.SptLoggerMiddleware] [客户端请求] /client/locale/ch
[2026-07-30 12:14:59.525][Info][SPTarkov.Server.Logger.SptLoggerMiddleware] [客户端请求] /client/locations
[2026-07-30 12:14:59.746][Info][SPTarkov.Server.Logger.SptLoggerMiddleware] [客户端请求] /client/hideout/settings
[2026-07-30 12:14:59.754][Info][SPTarkov.Server.Logger.SptLoggerMiddleware] [客户端请求] /client/hideout/production/recipes
[2026-07-30 12:14:59.755][Info][SPTarkov.Server.Logger.SptLoggerMiddleware] [客户端请求] /client/hideout/customization/offer/list
[2026-07-30 12:14:59.759][Info][SPTarkov.Server.Logger.SptLoggerMiddleware] [客户端请求] /client/hideout/areas
[2026-07-30 12:14:59.766][Info][SPTarkov.Server.Logger.SptLoggerMiddleware] [客户端请求] /client/hideout/qte/list
[2026-07-30 12:14:59.922][Info][SPTarkov.Server.Logger.SptLoggerMiddleware] [WebSocket 请求] /notifierServer/getwebsocket/69568f09db017222c89b1183
[2026-07-30 12:14:59.922][Info][SPTarkov.Server.Core.Servers.Ws.SptWebSocketConnectionHandler] [WS] 玩家：DawnCloud (69568f09db017222c89b1183) 20260730121459922 已连接
[2026-07-30 12:15:03.819][Info][SPTarkov.Server.Logger.SptLoggerMiddleware] [客户端请求] /singleplayer/log
[2026-07-30 12:15:03.820][Warn][SPTarkov.Server.Core.Controllers.ClientLogController] [Warning: SPT.Core] Validation failed
[2026-07-30 12:15:05.823][Info][SPTarkov.Server.Logger.SptLoggerMiddleware] [客户端请求] /client/server/list
[2026-07-30 12:15:05.839][Info][SPTarkov.Server.Logger.SptLoggerMiddleware] [客户端请求] /client/mail/dialog/list
[2026-07-30 12:15:05.843][Info][SPTarkov.Server.Logger.SptLoggerMiddleware] [客户端请求] /client/friend/request/list/inbox
[2026-07-30 12:15:05.847][Info][SPTarkov.Server.Logger.SptLoggerMiddleware] [客户端请求] /client/friend/request/list/outbox
[2026-07-30 12:15:05.852][Info][SPTarkov.Server.Logger.SptLoggerMiddleware] [客户端请求] /client/quest/list
[2026-07-30 12:15:05.855][Info][SPTarkov.Server.Logger.SptLoggerMiddleware] [客户端请求] /client/match/group/current
[2026-07-30 12:15:05.876][Info][SPTarkov.Server.Logger.SptLoggerMiddleware] [客户端请求] /client/friend/list
[2026-07-30 12:15:07.104][Info][SPTarkov.Server.Logger.SptLoggerMiddleware] [客户端请求] /client/achievement/statistic
[2026-07-30 12:15:07.462][Info][SPTarkov.Server.Logger.SptLoggerMiddleware] [客户端请求] /client/achievement/list
[2026-07-30 12:15:08.273][Info][SPTarkov.Server.Logger.SptLoggerMiddleware] [客户端请求] /client/repeatalbeQuests/activityPeriods
[2026-07-30 12:15:08.805][Info][SPTarkov.Server.Logger.SptLoggerMiddleware] [客户端请求] /client/survey
[2026-07-30 12:15:09.757][Info][SPTarkov.Server.Logger.SptLoggerMiddleware] [客户端请求] /fika/presence/get
[2026-07-30 12:15:12.042][Info][SPTarkov.Server.Logger.SptLoggerMiddleware] [客户端请求] /client/mail/dialog/view
[2026-07-30 12:15:12.977][Info][SPTarkov.Server.Logger.SptLoggerMiddleware] [客户端请求] /client/mail/dialog/view
[2026-07-30 12:15:14.332][Info][SPTarkov.Server.Logger.SptLoggerMiddleware] [客户端请求] /client/mail/dialog/view
[2026-07-30 12:15:16.727][Info][SPTarkov.Server.Logger.SptLoggerMiddleware] [客户端请求] /client/mail/dialog/getAllAttachments
[2026-07-30 12:15:23.488][Info][SPTarkov.Server.Logger.SptLoggerMiddleware] [客户端请求] /fika/presence/set
[2026-07-30 12:15:23.586][Info][SPTarkov.Server.Logger.SptLoggerMiddleware] [客户端请求] /fika/presence/get
[2026-07-30 12:15:23.805][Info][SPTarkov.Server.Logger.SptLoggerMiddleware] [客户端请求] /client/checkVersion
[2026-07-30 12:15:23.899][Info][SPTarkov.Server.Logger.SptLoggerMiddleware] [客户端请求] /client/game/profile/items/moving
[2026-07-30 12:15:26.143][Info][SPTarkov.Server.Logger.SptLoggerMiddleware] [客户端请求] /fika/presence/set
[2026-07-30 12:15:26.227][Info][SPTarkov.Server.Logger.SptLoggerMiddleware] [客户端请求] /fika/presence/get
[2026-07-30 12:15:28.777][Info][SPTarkov.Server.Logger.SptLoggerMiddleware] [客户端请求] /fika/presence/set
[2026-07-30 12:15:28.860][Info][SPTarkov.Server.Logger.SptLoggerMiddleware] [客户端请求] /fika/presence/get
[2026-07-30 12:15:38.863][Info][SPTarkov.Server.Logger.SptLoggerMiddleware] [客户端请求] /fika/presence/get
[2026-07-30 12:15:43.047][Info][SPTarkov.Server.Logger.SptLoggerMiddleware] [客户端请求] /fika/presence/set
[2026-07-30 12:15:56.349][Info][SPTarkov.Server.Logger.SptLoggerMiddleware] [客户端请求] /launcher/profile/info
[2026-07-30 12:15:56.512][Info][SPTarkov.Server.Logger.SptLoggerMiddleware] [客户端请求] /launcher/server/version
[2026-07-30 12:16:09.041][Info][SPTarkov.Server.Logger.SptLoggerMiddleware] [客户端请求] /client/game/profile/items/moving
[2026-07-30 12:16:16.643][Info][SPTarkov.Server.Logger.SptLoggerMiddleware] [客户端请求] /client/items/prices/5935c25fb3acc3127c3d8cd9
[2026-07-30 12:16:16.647][Info][SPTarkov.Server.Logger.SptLoggerMiddleware] [客户端请求] /client/items/prices/58330581ace78e27b8b10cee
[2026-07-30 12:16:16.653][Info][SPTarkov.Server.Logger.SptLoggerMiddleware] [客户端请求] /client/items/prices/54cb50c76803fa8b248b4571
[2026-07-30 12:16:17.484][Info][SPTarkov.Server.Logger.SptLoggerMiddleware] [客户端请求] /client/trading/api/getTraderAssort/5935c25fb3acc3127c3d8cd9
[2026-07-30 12:16:17.487][Info][SPTarkov.Server.Logger.SptLoggerMiddleware] [客户端请求] /client/trading/api/getTraderAssort/58330581ace78e27b8b10cee
[2026-07-30 12:16:17.527][Info][SPTarkov.Server.Logger.SptLoggerMiddleware] [客户端请求] /client/trading/api/getTraderAssort/54cb50c76803fa8b248b4571
[2026-07-30 12:16:22.510][Info][SPTarkov.Server.Logger.SptLoggerMiddleware] [客户端请求] /client/items/prices/54cb57776803fa99248b456e
[2026-07-30 12:16:22.817][Info][SPTarkov.Server.Logger.SptLoggerMiddleware] [客户端请求] /client/items/prices/579dc571d53a0658a154fbec
[2026-07-30 12:16:23.323][Info][SPTarkov.Server.Logger.SptLoggerMiddleware] [客户端请求] /client/trading/api/getTraderAssort/54cb57776803fa99248b456e
[2026-07-30 12:16:23.632][Info][SPTarkov.Server.Logger.SptLoggerMiddleware] [客户端请求] /client/trading/api/getTraderAssort/579dc571d53a0658a154fbec
[2026-07-30 12:16:27.990][Info][SPTarkov.Server.Logger.SptLoggerMiddleware] [客户端请求] /client/items/prices/5a7c2eca46aef81a7ca2145d
[2026-07-30 12:16:28.827][Info][SPTarkov.Server.Logger.SptLoggerMiddleware] [客户端请求] /client/trading/api/getTraderAssort/5a7c2eca46aef81a7ca2145d
[2026-07-30 12:16:32.128][Info][SPTarkov.Server.Logger.SptLoggerMiddleware] [客户端请求] /client/game/profile/items/moving
[2026-07-30 12:16:50.553][Info][SPTarkov.Server.Logger.SptLoggerMiddleware] [客户端请求] /fika/presence/set
[2026-07-30 12:16:51.920][Info][SPTarkov.Server.Logger.SptLoggerMiddleware] [客户端请求] /client/trading/api/getTraderAssort/58330581ace78e27b8b10cee
[2026-07-30 12:16:51.924][Info][SPTarkov.Server.Logger.SptLoggerMiddleware] [客户端请求] /client/trading/api/getTraderAssort/5935c25fb3acc3127c3d8cd9
[2026-07-30 12:16:51.955][Info][SPTarkov.Server.Logger.SptLoggerMiddleware] [客户端请求] /client/ragfair/find
[2026-07-30 12:16:56.341][Info][SPTarkov.Server.Logger.SptLoggerMiddleware] [客户端请求] /launcher/profile/info
[2026-07-30 12:16:56.490][Info][SPTarkov.Server.Logger.SptLoggerMiddleware] [客户端请求] /launcher/server/version
[2026-07-30 12:16:58.096][Info][SPTarkov.Server.Logger.SptLoggerMiddleware] [客户端请求] /client/ragfair/find
[2026-07-30 12:17:02.816][Info][SPTarkov.Server.Logger.SptLoggerMiddleware] [客户端请求] /launcher/profile/login
[2026-07-30 12:17:02.817][Info][SPTarkov.Server.Logger.SptLoggerMiddleware] [客户端请求] /launcher/profile/get
[2026-07-30 12:17:02.819][Info][SPTarkov.Server.Logger.SptLoggerMiddleware] [客户端请求] /launcher/profile/info
[2026-07-30 12:17:02.820][Info][SPTarkov.Server.Logger.SptLoggerMiddleware] [客户端请求] /launcher/server/version
[2026-07-30 12:17:02.823][Info][SPTarkov.Server.Logger.SptLoggerMiddleware] [客户端请求] /launcher/server/version
[2026-07-30 12:17:11.725][Info][SPTarkov.Server.Logger.SptLoggerMiddleware] [客户端请求] /QuestingBots/GetConfig
[2026-07-30 12:17:12.274][Info][SPTarkov.Server.Logger.SptLoggerMiddleware] [客户端请求] /singleplayer/bosstypes
[2026-07-30 12:17:12.899][Info][SPTarkov.Server.Logger.SptLoggerMiddleware] [客户端请求] /fika/natpunchserver/config
[2026-07-30 12:17:13.474][Info][SPTarkov.Server.Logger.SptLoggerMiddleware] [客户端请求] /fika/client/config
[2026-07-30 12:17:13.503][Info][SPTarkov.Server.Logger.SptLoggerMiddleware] [客户端请求] /singleplayer/settings/bot/difficulties/
[2026-07-30 12:17:13.643][Info][SPTarkov.Server.Logger.SptLoggerMiddleware] [客户端请求] /singleplayer/settings/bot/difficulty/core/core
[2026-07-30 12:17:15.274][Info][SPTarkov.Server.Logger.SptLoggerMiddleware] [客户端请求] /fika/presence/set
[2026-07-30 12:17:17.526][Info][SPTarkov.Server.Logger.SptLoggerMiddleware] [客户端请求] /launcher/profile/info
[2026-07-30 12:17:17.528][Info][SPTarkov.Server.Logger.SptLoggerMiddleware] [客户端请求] /launcher/server/version
[2026-07-30 12:17:32.883][Info][SPTarkov.Server.Logger.SptLoggerMiddleware] [客户端请求] /sain/namepersonalities
[2026-07-30 12:17:40.404][Info][SPTarkov.Server.Logger.SptLoggerMiddleware] [客户端请求] /singleplayer/settings/version
[2026-07-30 12:17:40.406][Info][SPTarkov.Server.Logger.SptLoggerMiddleware] [客户端请求] /singleplayer/release
[2026-07-30 12:17:40.416][Info][SPTarkov.Server.Logger.SptLoggerMiddleware] [客户端请求] /singleplayer/moddedTraders
[2026-07-30 12:17:40.420][Info][SPTarkov.Server.Logger.SptLoggerMiddleware] [客户端请求] /singleplayer/enableBSGlogging
[2026-07-30 12:17:41.258][Info][SPTarkov.Server.Logger.SptLoggerMiddleware] [客户端请求] /singleplayer/bundles
[2026-07-30 12:17:45.427][Info][SPTarkov.Server.Logger.SptLoggerMiddleware] [客户端请求] /fika/client/check/version
[2026-07-30 12:17:45.489][Info][SPTarkov.Server.Logger.SptLoggerMiddleware] [客户端请求] /fika/client/check/mods
[2026-07-30 12:17:47.911][Info][SPTarkov.Server.Logger.SptLoggerMiddleware] [客户端请求] /dynamicmaps/load
[2026-07-30 12:17:47.918][Info][SPTarkov.Server.Logger.SptLoggerMiddleware] [客户端请求] /singleplayer/settings/version
[2026-07-30 12:17:48.116][Info][SPTarkov.Server.Logger.SptLoggerMiddleware] [客户端请求] /client/menu/locale/ch
[2026-07-30 12:17:48.183][Info][SPTarkov.Server.Logger.SptLoggerMiddleware] [客户端请求] /client/game/mode
[2026-07-30 12:17:48.239][Info][SPTarkov.Server.Logger.SptLoggerMiddleware] [客户端请求] /client/game/start
[2026-07-30 12:17:48.296][Info][SPTarkov.Server.Logger.SptLoggerMiddleware] [客户端请求] /singleplayer/clientmods
[2026-07-30 12:17:48.352][Info][SPTarkov.Server.Logger.SptLoggerMiddleware] [客户端请求] /client/game/version/validate
[2026-07-30 12:17:48.403][Info][SPTarkov.Server.Logger.SptLoggerMiddleware] [客户端请求] /client/languages
[2026-07-30 12:17:48.446][Info][SPTarkov.Server.Logger.SptLoggerMiddleware] [客户端请求] /client/game/config
[2026-07-30 12:17:48.578][Info][SPTarkov.Server.Logger.SptLoggerMiddleware] [客户端请求] /client/items
[2026-07-30 12:17:55.634][Info][SPTarkov.Server.Logger.SptLoggerMiddleware] [客户端请求] /client/customization
[2026-07-30 12:17:55.741][Info][SPTarkov.Server.Logger.SptLoggerMiddleware] [客户端请求] /client/globals
[2026-07-30 12:17:55.755][Info][SPTarkov.Server.Logger.SptLoggerMiddleware] [客户端请求] /client/trading/api/traderSettings
[2026-07-30 12:17:55.755][Info][SPTarkov.Server.Logger.SptLoggerMiddleware] [客户端请求] /client/settings
[2026-07-30 12:17:55.755][Info][SPTarkov.Server.Logger.SptLoggerMiddleware] [客户端请求] /client/prestige/list
[2026-07-30 12:17:56.334][Info][SPTarkov.Server.Logger.SptLoggerMiddleware] [客户端请求] /launcher/profile/info
[2026-07-30 12:17:56.454][Info][SPTarkov.Server.Logger.SptLoggerMiddleware] [客户端请求] /client/customization/storage
[2026-07-30 12:17:56.486][Info][SPTarkov.Server.Logger.SptLoggerMiddleware] [客户端请求] /launcher/server/version
[2026-07-30 12:17:56.877][Info][SPTarkov.Server.Logger.SptLoggerMiddleware] [客户端请求] /client/dialogue
[2026-07-30 12:17:56.878][Info][SPTarkov.Server.Logger.SptLoggerMiddleware] [客户端请求] /client/game/profile/list
[2026-07-30 12:17:58.258][Info][SPTarkov.Server.Logger.SptLoggerMiddleware] [客户端请求] /client/game/profile/select
[2026-07-30 12:17:58.319][Info][SPTarkov.Server.Logger.SptLoggerMiddleware] [客户端请求] /client/profile/status
[2026-07-30 12:17:58.426][Info][SPTarkov.Server.Logger.SptLoggerMiddleware] [客户端请求] /client/handbook/templates
[2026-07-30 12:18:00.003][Info][SPTarkov.Server.Logger.SptLoggerMiddleware] [客户端请求] /client/builds/list
[2026-07-30 12:18:00.387][Info][SPTarkov.Server.Logger.SptLoggerMiddleware] [客户端请求] /botplacementsystem/load
[2026-07-30 12:18:00.387][Info][SPTarkov.Server.Logger.SptLoggerMiddleware] [客户端请求] /weaponcustomizer/load
[2026-07-30 12:18:02.627][Info][SPTarkov.Server.Logger.SptLoggerMiddleware] [WebSocket 请求] /fika/notification/
[2026-07-30 12:18:04.724][Info][SPTarkov.Server.Logger.SptLoggerMiddleware] [客户端请求] /client/notifier/channel/create
[2026-07-30 12:18:04.735][Info][SPTarkov.Server.Logger.SptLoggerMiddleware] [客户端请求] /client/weather
[2026-07-30 12:18:04.735][Info][SPTarkov.Server.Logger.SptLoggerMiddleware] [客户端请求] /client/locations
[2026-07-30 12:18:04.750][Info][SPTarkov.Server.Logger.SptLoggerMiddleware] [客户端请求] /client/locale/ch
[2026-07-30 12:18:04.750][Info][SPTarkov.Server.Logger.SptLoggerMiddleware] [客户端请求] /client/profile/status
[2026-07-30 12:18:04.780][Info][SPTarkov.Server.Logger.SptLoggerMiddleware] [客户端请求] /client/hideout/qte/list
[2026-07-30 12:18:04.780][Info][SPTarkov.Server.Logger.SptLoggerMiddleware] [客户端请求] /client/hideout/areas
[2026-07-30 12:18:04.781][Info][SPTarkov.Server.Logger.SptLoggerMiddleware] [客户端请求] /client/hideout/settings
[2026-07-30 12:18:04.781][Info][SPTarkov.Server.Logger.SptLoggerMiddleware] [客户端请求] /client/hideout/production/recipes
[2026-07-30 12:18:04.781][Info][SPTarkov.Server.Logger.SptLoggerMiddleware] [客户端请求] /client/hideout/customization/offer/list
[2026-07-30 12:18:04.824][Info][SPTarkov.Server.Logger.SptLoggerMiddleware] [WebSocket 请求] /notifierServer/getwebsocket/68f79277575e002bfcf5a4a1
[2026-07-30 12:18:04.825][Info][SPTarkov.Server.Core.Servers.Ws.SptWebSocketConnectionHandler] [WS] 玩家：JúnioR (68f79277575e002bfcf5a4a1) 20260730121804824 已连接
[2026-07-30 12:18:06.114][Info][SPTarkov.Server.Logger.SptLoggerMiddleware] [客户端请求] /singleplayer/log
[2026-07-30 12:18:06.117][Info][SPTarkov.Server.Logger.SptLoggerMiddleware] [客户端请求] /singleplayer/log
[2026-07-30 12:18:06.117][Warn][SPTarkov.Server.Core.Controllers.ClientLogController] [Warning: SPT.Core] Validation failed
[2026-07-30 12:18:07.237][Info][SPTarkov.Server.Logger.SptLoggerMiddleware] [客户端请求] /client/server/list
[2026-07-30 12:18:07.258][Info][SPTarkov.Server.Logger.SptLoggerMiddleware] [客户端请求] /client/match/group/current
[2026-07-30 12:18:07.258][Info][SPTarkov.Server.Logger.SptLoggerMiddleware] [客户端请求] /client/friend/request/list/inbox
[2026-07-30 12:18:07.258][Info][SPTarkov.Server.Logger.SptLoggerMiddleware] [客户端请求] /client/friend/request/list/outbox
[2026-07-30 12:18:07.258][Info][SPTarkov.Server.Logger.SptLoggerMiddleware] [客户端请求] /client/mail/dialog/list
[2026-07-30 12:18:07.259][Info][SPTarkov.Server.Logger.SptLoggerMiddleware] [客户端请求] /client/friend/list
[2026-07-30 12:18:07.259][Info][SPTarkov.Server.Logger.SptLoggerMiddleware] [客户端请求] /client/quest/list
[2026-07-30 12:18:07.375][Info][SPTarkov.Server.Logger.SptLoggerMiddleware] [客户端请求] /singleplayer/log
[2026-07-30 12:18:07.376][Info][SPTarkov.Server.Core.Controllers.ClientLogController] [QuestingBots] Validated all quest files
[2026-07-30 12:18:07.707][Info][SPTarkov.Server.Logger.SptLoggerMiddleware] [客户端请求] /client/achievement/statistic
[2026-07-30 12:18:07.770][Info][SPTarkov.Server.Logger.SptLoggerMiddleware] [客户端请求] /client/achievement/list
[2026-07-30 12:18:07.992][Info][SPTarkov.Server.Logger.SptLoggerMiddleware] [客户端请求] /client/repeatalbeQuests/activityPeriods
[2026-07-30 12:18:08.120][Info][SPTarkov.Server.Logger.SptLoggerMiddleware] [客户端请求] /client/survey
[2026-07-30 12:18:08.943][Info][SPTarkov.Server.Logger.SptLoggerMiddleware] [客户端请求] /fika/presence/get
[2026-07-30 12:18:10.159][Info][SPTarkov.Server.Logger.SptLoggerMiddleware] [客户端请求] /fika/presence/set
[2026-07-30 12:18:10.510][Info][SPTarkov.Server.Logger.SptLoggerMiddleware] [客户端请求] /client/trading/api/getTraderAssort/58330581ace78e27b8b10cee
[2026-07-30 12:18:10.510][Info][SPTarkov.Server.Logger.SptLoggerMiddleware] [客户端请求] /client/game/profile/items/moving
[2026-07-30 12:18:10.510][Info][SPTarkov.Server.Logger.SptLoggerMiddleware] [客户端请求] /client/ragfair/find
[2026-07-30 12:18:10.514][Info][SPTarkov.Server.Logger.SptLoggerMiddleware] [客户端请求] /client/trading/api/getTraderAssort/5935c25fb3acc3127c3d8cd9
[2026-07-30 12:18:15.688][Info][SPTarkov.Server.Logger.SptLoggerMiddleware] [客户端请求] /client/game/profile/items/moving
[2026-07-30 12:18:15.725][Error][SPTarkov.Server.Core.Helpers.InventoryHelper] [OOB] 物品：6a5f821098182e44945fed37；错误消息：Item: 6a5f821098182e44945fed37 at: 5, 37 size: 1x6 extends outside the containers bounds
[2026-07-30 12:18:15.733][Error][SPTarkov.Server.Core.Helpers.InventoryHelper] [OOB] 物品：6a5f821098182e44945fed37；错误消息：Item: 6a5f821098182e44945fed37 at: 5, 37 size: 1x6 extends outside the containers bounds
[2026-07-30 12:18:15.743][Error][SPTarkov.Server.Core.Helpers.InventoryHelper] [OOB] 物品：6a5f821098182e44945fed37；错误消息：Item: 6a5f821098182e44945fed37 at: 5, 37 size: 1x6 extends outside the containers bounds
[2026-07-30 12:18:17.011][Info][SPTarkov.Server.Logger.SptLoggerMiddleware] [客户端请求] /fika/presence/set
[2026-07-30 12:18:17.535][Info][SPTarkov.Server.Logger.SptLoggerMiddleware] [客户端请求] /launcher/profile/info
[2026-07-30 12:18:17.537][Info][SPTarkov.Server.Logger.SptLoggerMiddleware] [客户端请求] /launcher/server/version
[2026-07-30 12:18:20.042][Info][SPTarkov.Server.Logger.SptLoggerMiddleware] [客户端请求] /client/items/prices
[2026-07-30 12:18:20.053][Info][SPTarkov.Server.Logger.SptLoggerMiddleware] [客户端请求] /client/ragfair/itemMarketPrice
[2026-07-30 12:18:22.184][Info][SPTarkov.Server.Logger.SptLoggerMiddleware] [客户端请求] /client/checkVersion
[2026-07-30 12:18:24.247][Info][SPTarkov.Server.Logger.SptLoggerMiddleware] [客户端请求] /client/ragfair/offerfees
[2026-07-30 12:18:24.619][Info][SPTarkov.Server.Logger.SptLoggerMiddleware] [客户端请求] /client/game/profile/items/moving
[2026-07-30 12:18:25.545][Info][SPTarkov.Server.Logger.SptLoggerMiddleware] [客户端请求] /client/game/profile/items/moving
[2026-07-30 12:18:27.441][Info][SPTarkov.Server.Logger.SptLoggerMiddleware] [客户端请求] /client/ragfair/itemMarketPrice
[2026-07-30 12:18:27.447][Info][SPTarkov.Server.Logger.SptLoggerMiddleware] [客户端请求] /client/items/prices
[2026-07-30 12:18:27.751][Info][SPTarkov.Server.Logger.SptLoggerMiddleware] [客户端请求] /fika/presence/set
[2026-07-30 12:18:30.075][Info][SPTarkov.Server.Logger.SptLoggerMiddleware] [客户端请求] /client/ragfair/offerfees
[2026-07-30 12:18:30.432][Info][SPTarkov.Server.Logger.SptLoggerMiddleware] [客户端请求] /client/game/profile/items/moving
[2026-07-30 12:18:31.964][Info][SPTarkov.Server.Logger.SptLoggerMiddleware] [客户端请求] /client/items/prices/5935c25fb3acc3127c3d8cd9
[2026-07-30 12:18:31.965][Info][SPTarkov.Server.Logger.SptLoggerMiddleware] [客户端请求] /client/items/prices/54cb50c76803fa8b248b4571
[2026-07-30 12:18:31.970][Info][SPTarkov.Server.Logger.SptLoggerMiddleware] [客户端请求] /client/items/prices/58330581ace78e27b8b10cee
[2026-07-30 12:18:32.096][Info][SPTarkov.Server.Logger.SptLoggerMiddleware] [客户端请求] /client/trading/api/getTraderAssort/54cb50c76803fa8b248b4571
[2026-07-30 12:18:32.101][Info][SPTarkov.Server.Logger.SptLoggerMiddleware] [客户端请求] /client/trading/api/getTraderAssort/5935c25fb3acc3127c3d8cd9
[2026-07-30 12:18:32.115][Info][SPTarkov.Server.Logger.SptLoggerMiddleware] [客户端请求] /client/trading/api/getTraderAssort/58330581ace78e27b8b10cee
[2026-07-30 12:18:32.702][Info][SPTarkov.Server.Logger.SptLoggerMiddleware] [客户端请求] /client/items/prices/6617beeaa9cfa777ca915b7c
[2026-07-30 12:18:32.794][Info][SPTarkov.Server.Logger.SptLoggerMiddleware] [客户端请求] /client/trading/api/getTraderAssort/6617beeaa9cfa777ca915b7c
[2026-07-30 12:18:34.884][Info][SPTarkov.Server.Logger.SptLoggerMiddleware] [客户端请求] /client/game/profile/items/moving
[2026-07-30 12:18:38.914][Info][SPTarkov.Server.Logger.SptLoggerMiddleware] [客户端请求] /client/game/profile/items/moving
[2026-07-30 12:18:43.901][Info][SPTarkov.Server.Logger.SptLoggerMiddleware] [客户端请求] /fika/presence/set
[2026-07-30 12:18:56.337][Info][SPTarkov.Server.Logger.SptLoggerMiddleware] [客户端请求] /launcher/profile/info
[2026-07-30 12:18:56.487][Info][SPTarkov.Server.Logger.SptLoggerMiddleware] [客户端请求] /launcher/server/version
[2026-07-30 12:18:56.950][Info][SPTarkov.Server.Logger.SptLoggerMiddleware] [客户端请求] /fika/presence/set
[2026-07-30 12:18:57.279][Info][SPTarkov.Server.Logger.SptLoggerMiddleware] [客户端请求] /client/game/profile/items/moving
[2026-07-30 12:18:57.281][Info][SPTarkov.Server.Logger.SptLoggerMiddleware] [客户端请求] /client/ragfair/find
[2026-07-30 12:18:57.288][Info][SPTarkov.Server.Logger.SptLoggerMiddleware] [客户端请求] /client/trading/api/getTraderAssort/58330581ace78e27b8b10cee
[2026-07-30 12:18:57.292][Info][SPTarkov.Server.Logger.SptLoggerMiddleware] [客户端请求] /client/trading/api/getTraderAssort/5935c25fb3acc3127c3d8cd9
[2026-07-30 12:19:03.692][Info][SPTarkov.Server.Logger.SptLoggerMiddleware] [客户端请求] /client/game/profile/items/moving
[2026-07-30 12:19:03.705][Error][SPTarkov.Server.Core.Helpers.InventoryHelper] [OOB] 物品：6a5f821098182e44945fed37；错误消息：Item: 6a5f821098182e44945fed37 at: 5, 37 size: 1x6 extends outside the containers bounds
[2026-07-30 12:19:03.708][Error][SPTarkov.Server.Core.Helpers.InventoryHelper] [OOB] 物品：6a5f821098182e44945fed37；错误消息：Item: 6a5f821098182e44945fed37 at: 5, 37 size: 1x6 extends outside the containers bounds
[2026-07-30 12:19:03.711][Error][SPTarkov.Server.Core.Helpers.InventoryHelper] [OOB] 物品：6a5f821098182e44945fed37；错误消息：Item: 6a5f821098182e44945fed37 at: 5, 37 size: 1x6 extends outside the containers bounds
[2026-07-30 12:19:04.562][Info][SPTarkov.Server.Logger.SptLoggerMiddleware] [客户端请求] /fika/presence/set
[2026-07-30 12:19:04.723][Info][SPTarkov.Server.Logger.SptLoggerMiddleware] [客户端请求] /fika/presence/get
[2026-07-30 12:19:04.829][Info][SPTarkov.Server.Logger.SptLoggerMiddleware] [客户端请求] /fika/presence/set
[2026-07-30 12:19:07.320][Info][SPTarkov.Server.Logger.SptLoggerMiddleware] [客户端请求] /client/items/prices
[2026-07-30 12:19:07.335][Info][SPTarkov.Server.Logger.SptLoggerMiddleware] [客户端请求] /client/ragfair/itemMarketPrice
[2026-07-30 12:19:09.422][Info][SPTarkov.Server.Logger.SptLoggerMiddleware] [客户端请求] /client/ragfair/offerfees
[2026-07-30 12:19:09.777][Info][SPTarkov.Server.Logger.SptLoggerMiddleware] [客户端请求] /client/game/profile/items/moving
[2026-07-30 12:19:10.720][Info][SPTarkov.Server.Logger.SptLoggerMiddleware] [客户端请求] /singleplayer/settings/raid/menu
[2026-07-30 12:19:11.384][Info][SPTarkov.Server.Logger.SptLoggerMiddleware] [客户端请求] /client/items/prices
[2026-07-30 12:19:11.389][Info][SPTarkov.Server.Logger.SptLoggerMiddleware] [客户端请求] /client/ragfair/itemMarketPrice
[2026-07-30 12:19:11.568][Info][SPTarkov.Server.Logger.SptLoggerMiddleware] [客户端请求] /client/insurance/items/list/cost
[2026-07-30 12:19:13.626][Info][SPTarkov.Server.Logger.SptLoggerMiddleware] [客户端请求] /client/ragfair/offerfees
[2026-07-30 12:19:14.013][Info][SPTarkov.Server.Logger.SptLoggerMiddleware] [客户端请求] /client/game/profile/items/moving
[2026-07-30 12:19:14.506][Info][SPTarkov.Server.Logger.SptLoggerMiddleware] [客户端请求] /fika/headless/available
[2026-07-30 12:19:14.522][Info][SPTarkov.Server.Logger.SptLoggerMiddleware] [客户端请求] /fika/location/raids
[2026-07-30 12:19:14.617][Info][SPTarkov.Server.Logger.SptLoggerMiddleware] [客户端请求] /client/match/group/invite/cancel-all
[2026-07-30 12:19:14.624][Info][SPTarkov.Server.Logger.SptLoggerMiddleware] [客户端请求] /client/raid/configuration
[2026-07-30 12:19:14.664][Info][SPTarkov.Server.Logger.SptLoggerMiddleware] [客户端请求] /client/match/group/invite/cancel-all
[2026-07-30 12:19:16.091][Info][SPTarkov.Server.Logger.SptLoggerMiddleware] [客户端请求] /fika/raid/create
[2026-07-30 12:19:16.286][Info][SPTarkov.Server.Core.Generators.LocationLootGenerator] A total of: 1423 static items spawned
[2026-07-30 12:19:16.287][Info][SPTarkov.Server.Core.Generators.LocationLootGenerator] 共计398个静态容器已生成
[2026-07-30 12:19:17.421][Info][SPTarkov.Server.Core.Generators.LocationLootGenerator] 共计898个动态物品已生成
[2026-07-30 12:19:17.421][Info][SPTarkov.Server.Core.Generators.LocationLootGenerator] 已生成地点Shoreline
[2026-07-30 12:19:17.540][Info][SPTarkov.Server.Logger.SptLoggerMiddleware] [客户端请求] /launcher/profile/info
[2026-07-30 12:19:17.544][Info][SPTarkov.Server.Logger.SptLoggerMiddleware] [客户端请求] /launcher/server/version
[2026-07-30 12:19:19.922][Info][SPTarkov.Server.Logger.SptLoggerMiddleware] [客户端请求] /client/raid/configuration
[2026-07-30 12:19:19.958][Info][SPTarkov.Server.Logger.SptLoggerMiddleware] [客户端请求] /fika/update/ping
[2026-07-30 12:19:20.078][Info][SPTarkov.Server.Logger.SptLoggerMiddleware] [客户端请求] /fika/update/sethost
[2026-07-30 12:19:20.097][Info][SPTarkov.Server.Logger.SptLoggerMiddleware] [客户端请求] /fika/update/setstatus
[2026-07-30 12:19:20.309][Info][SPTarkov.Server.Logger.SptLoggerMiddleware] [客户端请求] /client/match/group/exit_from_menu
[2026-07-30 12:19:20.731][Info][SPTarkov.Server.Logger.SptLoggerMiddleware] [客户端请求] /client/mail/dialog/getAllAttachments
[2026-07-30 12:19:27.162][Info][SPTarkov.Server.Logger.SptLoggerMiddleware] [客户端请求] /fika/presence/set
[2026-07-30 12:19:27.501][Info][SPTarkov.Server.Logger.SptLoggerMiddleware] [客户端请求] /client/game/profile/items/moving
[2026-07-30 12:19:29.967][Info][SPTarkov.Server.Logger.SptLoggerMiddleware] [客户端请求] /client/mail/dialog/getAllAttachments
[2026-07-30 12:19:35.592][Info][SPTarkov.Server.Logger.SptLoggerMiddleware] [客户端请求] /fika/presence/set
[2026-07-30 12:19:35.925][Info][SPTarkov.Server.Logger.SptLoggerMiddleware] [客户端请求] /client/game/profile/items/moving
[2026-07-30 12:19:37.422][Info][SPTarkov.Server.Logger.SptLoggerMiddleware] [客户端请求] /client/trading/api/getTraderAssort/5935c25fb3acc3127c3d8cd9
[2026-07-30 12:19:37.425][Info][SPTarkov.Server.Logger.SptLoggerMiddleware] [客户端请求] /client/trading/api/getTraderAssort/58330581ace78e27b8b10cee
[2026-07-30 12:19:37.430][Info][SPTarkov.Server.Logger.SptLoggerMiddleware] [客户端请求] /client/trading/api/getTraderAssort/54cb50c76803fa8b248b4571
[2026-07-30 12:19:38.165][Info][SPTarkov.Server.Logger.SptLoggerMiddleware] [客户端请求] /fika/presence/set
[2026-07-30 12:19:47.666][Info][SPTarkov.Server.Logger.SptLoggerMiddleware] [客户端请求] /fika/presence/set
[2026-07-30 12:19:47.754][Info][SPTarkov.Server.Logger.SptLoggerMiddleware] [客户端请求] /fika/presence/get
[2026-07-30 12:19:49.964][Info][SPTarkov.Server.Logger.SptLoggerMiddleware] [客户端请求] /fika/update/ping
[2026-07-30 12:19:56.333][Info][SPTarkov.Server.Logger.SptLoggerMiddleware] [客户端请求] /launcher/profile/info
[2026-07-30 12:19:56.490][Info][SPTarkov.Server.Logger.SptLoggerMiddleware] [客户端请求] /launcher/server/version
[2026-07-30 12:20:05.344][Info][SPTarkov.Server.Logger.SptLoggerMiddleware] [客户端请求] /client/getMetricsConfig
[2026-07-30 12:20:05.437][Info][SPTarkov.Server.Logger.SptLoggerMiddleware] [客户端请求] /singleplayer/settings/getRaidTime
[2026-07-30 12:20:05.504][Info][SPTarkov.Server.Logger.SptLoggerMiddleware] [客户端请求] /client/raid/configuration
[2026-07-30 12:20:05.554][Info][SPTarkov.Server.Logger.SptLoggerMiddleware] [客户端请求] /client/match/local/start
[2026-07-30 12:20:06.238][Info][SPTarkov.Server.Core.Servers.Ws.SptWebSocketConnectionHandler] [ws] player: JúnioR (68f79277575e002bfcf5a4a1) 20260730121804824 has disconnected
[2026-07-30 12:20:06.824][Info][SPTarkov.Server.Logger.SptLoggerMiddleware] [客户端请求] /fika/update/playerspawn
[2026-07-30 12:20:07.799][Info][SPTarkov.Server.Logger.SptLoggerMiddleware] [客户端请求] /singleplayer/settings/raid/menu
[2026-07-30 12:20:08.470][Info][SPTarkov.Server.Logger.SptLoggerMiddleware] [客户端请求] /client/insurance/items/list/cost
[2026-07-30 12:20:12.930][Info][SPTarkov.Server.Logger.SptLoggerMiddleware] [客户端请求] /fika/headless/available
[2026-07-30 12:20:13.020][Info][SPTarkov.Server.Logger.SptLoggerMiddleware] [客户端请求] /fika/location/raids
[2026-07-30 12:20:13.365][Info][SPTarkov.Server.Logger.SptLoggerMiddleware] [客户端请求] /client/match/group/invite/cancel-all
[2026-07-30 12:20:13.369][Info][SPTarkov.Server.Logger.SptLoggerMiddleware] [客户端请求] /client/raid/configuration
[2026-07-30 12:20:13.712][Info][SPTarkov.Server.Logger.SptLoggerMiddleware] [客户端请求] /client/match/group/invite/cancel-all
[2026-07-30 12:20:15.933][Info][SPTarkov.Server.Logger.SptLoggerMiddleware] [客户端请求] /client/match/group/invite/cancel-all
[2026-07-30 12:20:15.936][Info][SPTarkov.Server.Logger.SptLoggerMiddleware] [客户端请求] /client/match/group/exit_from_menu
[2026-07-30 12:20:15.997][Info][SPTarkov.Server.Logger.SptLoggerMiddleware] [客户端请求] /singleplayer/settings/raid/menu
[2026-07-30 12:20:17.529][Info][SPTarkov.Server.Logger.SptLoggerMiddleware] [客户端请求] /launcher/profile/info
[2026-07-30 12:20:17.533][Info][SPTarkov.Server.Logger.SptLoggerMiddleware] [客户端请求] /launcher/server/version
[2026-07-30 12:20:17.964][Info][SPTarkov.Server.Logger.SptLoggerMiddleware] [客户端请求] /singleplayer/settings/raid/menu
[2026-07-30 12:20:19.813][Info][SPTarkov.Server.Logger.SptLoggerMiddleware] [客户端请求] /fika/headless/available
[2026-07-30 12:20:19.893][Info][SPTarkov.Server.Logger.SptLoggerMiddleware] [客户端请求] /fika/location/raids
[2026-07-30 12:20:19.966][Info][SPTarkov.Server.Logger.SptLoggerMiddleware] [客户端请求] /fika/update/ping
[2026-07-30 12:20:20.223][Info][SPTarkov.Server.Logger.SptLoggerMiddleware] [客户端请求] /client/match/group/invite/cancel-all
[2026-07-30 12:20:20.228][Info][SPTarkov.Server.Logger.SptLoggerMiddleware] [客户端请求] /client/raid/configuration
[2026-07-30 12:20:20.589][Info][SPTarkov.Server.Logger.SptLoggerMiddleware] [客户端请求] /client/match/group/invite/cancel-all
[2026-07-30 12:20:22.928][Info][SPTarkov.Server.Logger.SptLoggerMiddleware] [客户端请求] /fika/raid/gethost
[2026-07-30 12:20:24.621][Info][SPTarkov.Server.Logger.SptLoggerMiddleware] [客户端请求] /fika/raid/join
[2026-07-30 12:20:24.762][Info][SPTarkov.Server.Logger.SptLoggerMiddleware] [客户端请求] /fika/location/raids
[2026-07-30 12:20:29.785][Info][SPTarkov.Server.Logger.SptLoggerMiddleware] [客户端请求] /fika/location/raids
[2026-07-30 12:20:30.812][Info][SPTarkov.Server.Logger.SptLoggerMiddleware] [客户端请求] /singleplayer/settings/raid/menu
[2026-07-30 12:20:31.011][Info][SPTarkov.Server.Logger.SptLoggerMiddleware] [客户端请求] /client/match/group/invite/cancel-all
[2026-07-30 12:20:31.018][Info][SPTarkov.Server.Logger.SptLoggerMiddleware] [客户端请求] /client/match/group/exit_from_menu
[2026-07-30 12:20:32.536][Info][SPTarkov.Server.Logger.SptLoggerMiddleware] [客户端请求] /fika/presence/set
[2026-07-30 12:20:32.629][Info][SPTarkov.Server.Logger.SptLoggerMiddleware] [客户端请求] /fika/presence/get
[2026-07-30 12:20:34.549][Info][SPTarkov.Server.Logger.SptLoggerMiddleware] [客户端请求] /fika/update/setstatus
[2026-07-30 12:20:37.557][Info][SPTarkov.Server.Logger.SptLoggerMiddleware] [客户端请求] /fika/profile/download
[2026-07-30 12:20:37.558][Info][FikaServer.Services.ClientService] 69568f09db017222c89b1183 has downloaded their profile
[2026-07-30 12:20:39.884][Info][SPTarkov.Server.Logger.SptLoggerMiddleware] [客户端请求] /client/match/group/invite/cancel-all
[2026-07-30 12:20:40.238][Info][SPTarkov.Server.Logger.SptLoggerMiddleware] [客户端请求] /client/game/logout
[2026-07-30 12:20:40.552][Info][SPTarkov.Server.Core.Servers.Ws.SptWebSocketConnectionHandler] [ws] player: DawnCloud (69568f09db017222c89b1183) 20260730121459922 has disconnected
[2026-07-30 12:20:44.797][Info][SPTarkov.Server.Logger.SptLoggerMiddleware] [客户端请求] /client/localGame/weather
[2026-07-30 12:20:45.335][Info][SPTarkov.Server.Logger.SptLoggerMiddleware] [客户端请求] /launcher/profile/info
[2026-07-30 12:20:45.432][Info][SPTarkov.Server.Logger.SptLoggerMiddleware] [客户端请求] /client/game/bot/generate
[2026-07-30 12:20:45.629][Info][SPTarkov.Server.Logger.SptLoggerMiddleware] [客户端请求] /launcher/server/version
[2026-07-30 12:20:49.970][Info][SPTarkov.Server.Logger.SptLoggerMiddleware] [客户端请求] /fika/update/ping
[2026-07-30 12:20:50.593][Info][SPTarkov.Server.Logger.SptLoggerMiddleware] [客户端请求] /client/game/bot/generate
[2026-07-30 12:20:51.540][Info][SPTarkov.Server.Logger.SptLoggerMiddleware] [客户端请求] /singleplayer/settings/bot/maxCap/Shoreline
[2026-07-30 12:20:57.011][Info][SPTarkov.Server.Logger.SptLoggerMiddleware] [客户端请求] /QuestingBots/GetZoneAndItemQuestPositions
[2026-07-30 12:20:57.039][Info][SPTarkov.Server.Logger.SptLoggerMiddleware] [客户端请求] /QuestingBots/GetAllQuestTemplates
[2026-07-30 12:20:58.570][Info][SPTarkov.Server.Logger.SptLoggerMiddleware] [客户端请求] /QuestingBots/GetEFTQuestSettings
[2026-07-30 12:20:59.341][Info][SPTarkov.Server.Logger.SptLoggerMiddleware] [客户端请求] /singleplayer/scav/traitorscavhostile
[2026-07-30 12:21:17.526][Info][SPTarkov.Server.Logger.SptLoggerMiddleware] [客户端请求] /launcher/profile/info
[2026-07-30 12:21:17.529][Info][SPTarkov.Server.Logger.SptLoggerMiddleware] [客户端请求] /launcher/server/version
[2026-07-30 12:21:19.972][Info][SPTarkov.Server.Logger.SptLoggerMiddleware] [客户端请求] /fika/update/ping
[2026-07-30 12:21:20.604][Info][SPTarkov.Server.Logger.SptLoggerMiddleware] [客户端请求] /singleplayer/settings/bot/getBotBehaviours/
[2026-07-30 12:21:49.975][Info][SPTarkov.Server.Logger.SptLoggerMiddleware] [客户端请求] /fika/update/ping
[2026-07-30 12:22:17.535][Info][SPTarkov.Server.Logger.SptLoggerMiddleware] [客户端请求] /launcher/profile/info
[2026-07-30 12:22:17.539][Info][SPTarkov.Server.Logger.SptLoggerMiddleware] [客户端请求] /launcher/server/version
[2026-07-30 12:22:19.978][Info][SPTarkov.Server.Logger.SptLoggerMiddleware] [客户端请求] /fika/update/ping
[2026-07-30 12:22:49.981][Info][SPTarkov.Server.Logger.SptLoggerMiddleware] [客户端请求] /fika/update/ping
[2026-07-30 12:23:10.927][Info][SPTarkov.Server.Logger.SptLoggerMiddleware] [客户端请求] /client/game/keepalive
[2026-07-30 12:23:17.528][Info][SPTarkov.Server.Logger.SptLoggerMiddleware] [客户端请求] /launcher/profile/info
[2026-07-30 12:23:17.532][Info][SPTarkov.Server.Logger.SptLoggerMiddleware] [客户端请求] /launcher/server/version
[2026-07-30 12:23:19.983][Info][SPTarkov.Server.Logger.SptLoggerMiddleware] [客户端请求] /fika/update/ping
[2026-07-30 12:23:49.986][Info][SPTarkov.Server.Logger.SptLoggerMiddleware] [客户端请求] /fika/update/ping
[2026-07-30 12:24:17.531][Info][SPTarkov.Server.Logger.SptLoggerMiddleware] [客户端请求] /launcher/profile/info
[2026-07-30 12:24:17.534][Info][SPTarkov.Server.Logger.SptLoggerMiddleware] [客户端请求] /launcher/server/version
[2026-07-30 12:24:19.989][Info][SPTarkov.Server.Logger.SptLoggerMiddleware] [客户端请求] /fika/update/ping
[2026-07-30 12:24:32.286][Info][SPTarkov.Server.Logger.SptLoggerMiddleware] [客户端请求] /launcher/server/connect
[2026-07-30 12:24:32.391][Info][SPTarkov.Server.Logger.SptLoggerMiddleware] [客户端请求] /launcher/ping
[2026-07-30 12:24:32.469][Info][SPTarkov.Server.Logger.SptLoggerMiddleware] [客户端请求] /launcher/server/version
[2026-07-30 12:24:32.552][Info][SPTarkov.Server.Logger.SptLoggerMiddleware] [客户端请求] /files/launcher/bg.png
[2026-07-30 12:24:33.758][Info][SPTarkov.Server.Logger.SptLoggerMiddleware] [客户端请求] /launcher/profile/login
[2026-07-30 12:24:33.910][Info][SPTarkov.Server.Logger.SptLoggerMiddleware] [客户端请求] /launcher/ping
[2026-07-30 12:24:33.918][Info][SPTarkov.Server.Logger.SptLoggerMiddleware] [客户端请求] /launcher/profile/get
[2026-07-30 12:24:34.118][Info][SPTarkov.Server.Logger.SptLoggerMiddleware] [客户端请求] /launcher/profile/info
[2026-07-30 12:24:34.274][Info][SPTarkov.Server.Logger.SptLoggerMiddleware] [客户端请求] /launcher/server/version
[2026-07-30 12:24:34.364][Info][SPTarkov.Server.Logger.SptLoggerMiddleware] [客户端请求] /launcher/server/loadedServerMods
[2026-07-30 12:24:34.370][Info][SPTarkov.Server.Logger.SptLoggerMiddleware] [客户端请求] /files/launcher/side_bear.png
[2026-07-30 12:24:34.445][Info][SPTarkov.Server.Logger.SptLoggerMiddleware] [客户端请求] /launcher/server/serverModsUsedByProfile
[2026-07-30 12:24:34.462][Info][SPTarkov.Server.Logger.SptLoggerMiddleware] [客户端请求] /launcher/profile/login
[2026-07-30 12:24:34.613][Info][SPTarkov.Server.Logger.SptLoggerMiddleware] [客户端请求] /launcher/profile/get
[2026-07-30 12:24:34.763][Info][SPTarkov.Server.Logger.SptLoggerMiddleware] [客户端请求] /launcher/profile/info
[2026-07-30 12:24:34.912][Info][SPTarkov.Server.Logger.SptLoggerMiddleware] [客户端请求] /launcher/server/version
[2026-07-30 12:24:36.193][Info][SPTarkov.Server.Logger.SptLoggerMiddleware] [客户端请求] /launcher/profile/login
[2026-07-30 12:24:36.347][Info][SPTarkov.Server.Logger.SptLoggerMiddleware] [客户端请求] /launcher/profile/get
[2026-07-30 12:24:36.497][Info][SPTarkov.Server.Logger.SptLoggerMiddleware] [客户端请求] /launcher/profile/info
[2026-07-30 12:24:36.648][Info][SPTarkov.Server.Logger.SptLoggerMiddleware] [客户端请求] /launcher/server/version
[2026-07-30 12:24:36.676][Info][SPTarkov.Server.Logger.SptLoggerMiddleware] [客户端请求] /launcher/server/version
[2026-07-30 12:24:45.834][Info][SPTarkov.Server.Logger.SptLoggerMiddleware] [客户端请求] /singleplayer/bosstypes
[2026-07-30 12:24:46.787][Info][SPTarkov.Server.Logger.SptLoggerMiddleware] [客户端请求] /fika/natpunchserver/config
[2026-07-30 12:24:47.524][Info][SPTarkov.Server.Logger.SptLoggerMiddleware] [客户端请求] /fika/client/config
[2026-07-30 12:24:47.624][Info][SPTarkov.Server.Logger.SptLoggerMiddleware] [客户端请求] /singleplayer/settings/bot/difficulties/
[2026-07-30 12:24:48.454][Info][SPTarkov.Server.Logger.SptLoggerMiddleware] [客户端请求] /singleplayer/settings/bot/difficulty/core/core
[2026-07-30 12:24:49.994][Info][SPTarkov.Server.Logger.SptLoggerMiddleware] [客户端请求] /fika/update/ping
[2026-07-30 12:24:52.728][Info][SPTarkov.Server.Logger.SptLoggerMiddleware] [客户端请求] /singleplayer/settings/version
[2026-07-30 12:24:52.805][Info][SPTarkov.Server.Logger.SptLoggerMiddleware] [客户端请求] /singleplayer/release
[2026-07-30 12:24:52.897][Info][SPTarkov.Server.Logger.SptLoggerMiddleware] [客户端请求] /singleplayer/moddedTraders
[2026-07-30 12:24:52.974][Info][SPTarkov.Server.Logger.SptLoggerMiddleware] [客户端请求] /singleplayer/enableBSGlogging
[2026-07-30 12:24:53.715][Info][SPTarkov.Server.Logger.SptLoggerMiddleware] [客户端请求] /singleplayer/bundles
[2026-07-30 12:24:58.062][Info][SPTarkov.Server.Logger.SptLoggerMiddleware] [客户端请求] /fika/client/check/version
[2026-07-30 12:24:58.166][Info][SPTarkov.Server.Logger.SptLoggerMiddleware] [客户端请求] /fika/client/check/mods
[2026-07-30 12:25:12.727][Info][SPTarkov.Server.Logger.SptLoggerMiddleware] [客户端请求] /singleplayer/settings/version
[2026-07-30 12:25:13.412][Info][SPTarkov.Server.Logger.SptLoggerMiddleware] [客户端请求] /client/menu/locale/ch
[2026-07-30 12:25:13.773][Info][SPTarkov.Server.Logger.SptLoggerMiddleware] [客户端请求] /client/game/mode
[2026-07-30 12:25:14.124][Info][SPTarkov.Server.Logger.SptLoggerMiddleware] [客户端请求] /client/game/start
[2026-07-30 12:25:14.256][Info][SPTarkov.Server.Logger.SptLoggerMiddleware] [客户端请求] /singleplayer/clientmods
[2026-07-30 12:25:14.618][Info][SPTarkov.Server.Logger.SptLoggerMiddleware] [客户端请求] /client/game/version/validate
[2026-07-30 12:25:14.971][Info][SPTarkov.Server.Logger.SptLoggerMiddleware] [客户端请求] /client/languages
[2026-07-30 12:25:15.335][Info][SPTarkov.Server.Logger.SptLoggerMiddleware] [客户端请求] /client/game/config
[2026-07-30 12:25:15.742][Info][SPTarkov.Server.Logger.SptLoggerMiddleware] [客户端请求] /client/items
[2026-07-30 12:25:17.538][Info][SPTarkov.Server.Logger.SptLoggerMiddleware] [客户端请求] /launcher/profile/info
[2026-07-30 12:25:17.540][Info][SPTarkov.Server.Logger.SptLoggerMiddleware] [客户端请求] /launcher/server/version
[2026-07-30 12:25:19.997][Info][SPTarkov.Server.Logger.SptLoggerMiddleware] [客户端请求] /fika/update/ping
[2026-07-30 12:25:27.819][Info][SPTarkov.Server.Logger.SptLoggerMiddleware] [客户端请求] /client/customization
[2026-07-30 12:25:27.873][Info][SPTarkov.Server.Logger.SptLoggerMiddleware] [客户端请求] /client/prestige/list
[2026-07-30 12:25:27.876][Info][SPTarkov.Server.Logger.SptLoggerMiddleware] [客户端请求] /client/settings
[2026-07-30 12:25:27.880][Info][SPTarkov.Server.Logger.SptLoggerMiddleware] [客户端请求] /client/globals
[2026-07-30 12:25:27.886][Info][SPTarkov.Server.Logger.SptLoggerMiddleware] [客户端请求] /client/trading/api/traderSettings
[2026-07-30 12:25:28.641][Info][SPTarkov.Server.Logger.SptLoggerMiddleware] [客户端请求] /client/customization/storage
[2026-07-30 12:25:29.658][Info][SPTarkov.Server.Logger.SptLoggerMiddleware] [客户端请求] /client/game/profile/list
[2026-07-30 12:25:29.670][Info][SPTarkov.Server.Logger.SptLoggerMiddleware] [客户端请求] /client/dialogue
[2026-07-30 12:25:30.993][Info][SPTarkov.Server.Logger.SptLoggerMiddleware] [客户端请求] /client/game/keepalive
[2026-07-30 12:25:31.730][Info][SPTarkov.Server.Logger.SptLoggerMiddleware] [客户端请求] /client/game/profile/select
[2026-07-30 12:25:32.085][Info][SPTarkov.Server.Logger.SptLoggerMiddleware] [客户端请求] /client/profile/status
[2026-07-30 12:25:32.558][Info][SPTarkov.Server.Logger.SptLoggerMiddleware] [客户端请求] /client/handbook/templates
[2026-07-30 12:25:35.051][Info][SPTarkov.Server.Logger.SptLoggerMiddleware] [客户端请求] /client/builds/list
[2026-07-30 12:25:36.596][Info][SPTarkov.Server.Logger.SptLoggerMiddleware] [WebSocket 请求] /fika/notification/
[2026-07-30 12:25:37.372][Info][SPTarkov.Server.Logger.SptLoggerMiddleware] [客户端请求] /launcher/profile/info
[2026-07-30 12:25:37.522][Info][SPTarkov.Server.Logger.SptLoggerMiddleware] [客户端请求] /launcher/server/version
[2026-07-30 12:25:39.156][Info][SPTarkov.Server.Logger.SptLoggerMiddleware] [客户端请求] /client/profile/status
[2026-07-30 12:25:39.156][Info][SPTarkov.Server.Logger.SptLoggerMiddleware] [客户端请求] /client/locations
[2026-07-30 12:25:39.156][Info][SPTarkov.Server.Logger.SptLoggerMiddleware] [客户端请求] /client/weather
[2026-07-30 12:25:39.156][Info][SPTarkov.Server.Logger.SptLoggerMiddleware] [客户端请求] /client/locale/ch
[2026-07-30 12:25:39.156][Info][SPTarkov.Server.Logger.SptLoggerMiddleware] [客户端请求] /client/notifier/channel/create
[2026-07-30 12:25:39.217][Info][SPTarkov.Server.Logger.SptLoggerMiddleware] [客户端请求] /client/hideout/qte/list
[2026-07-30 12:25:39.220][Info][SPTarkov.Server.Logger.SptLoggerMiddleware] [客户端请求] /client/hideout/settings
[2026-07-30 12:25:39.223][Info][SPTarkov.Server.Logger.SptLoggerMiddleware] [客户端请求] /client/hideout/production/recipes
[2026-07-30 12:25:39.230][Info][SPTarkov.Server.Logger.SptLoggerMiddleware] [客户端请求] /client/hideout/customization/offer/list
[2026-07-30 12:25:39.235][Info][SPTarkov.Server.Logger.SptLoggerMiddleware] [客户端请求] /client/hideout/areas
[2026-07-30 12:25:39.507][Info][SPTarkov.Server.Logger.SptLoggerMiddleware] [WebSocket 请求] /notifierServer/getwebsocket/69568f09db017222c89b1183
[2026-07-30 12:25:39.508][Info][SPTarkov.Server.Core.Servers.Ws.SptWebSocketConnectionHandler] [WS] 玩家：DawnCloud (69568f09db017222c89b1183) 20260730122539507 已连接
[2026-07-30 12:25:43.548][Info][SPTarkov.Server.Logger.SptLoggerMiddleware] [客户端请求] /singleplayer/log
[2026-07-30 12:25:43.549][Warn][SPTarkov.Server.Core.Controllers.ClientLogController] [Warning: SPT.Core] Validation failed
[2026-07-30 12:25:45.462][Info][SPTarkov.Server.Logger.SptLoggerMiddleware] [客户端请求] /client/server/list
[2026-07-30 12:25:45.480][Info][SPTarkov.Server.Logger.SptLoggerMiddleware] [客户端请求] /client/friend/request/list/inbox
[2026-07-30 12:25:45.485][Info][SPTarkov.Server.Logger.SptLoggerMiddleware] [客户端请求] /client/quest/list
[2026-07-30 12:25:45.489][Info][SPTarkov.Server.Logger.SptLoggerMiddleware] [客户端请求] /client/friend/request/list/outbox
[2026-07-30 12:25:45.498][Info][SPTarkov.Server.Logger.SptLoggerMiddleware] [客户端请求] /client/match/group/current
[2026-07-30 12:25:45.500][Info][SPTarkov.Server.Logger.SptLoggerMiddleware] [客户端请求] /client/friend/list
[2026-07-30 12:25:45.503][Info][SPTarkov.Server.Logger.SptLoggerMiddleware] [客户端请求] /client/mail/dialog/list
[2026-07-30 12:25:46.786][Info][SPTarkov.Server.Logger.SptLoggerMiddleware] [客户端请求] /client/achievement/statistic
[2026-07-30 12:25:47.146][Info][SPTarkov.Server.Logger.SptLoggerMiddleware] [客户端请求] /client/achievement/list
[2026-07-30 12:25:47.841][Info][SPTarkov.Server.Logger.SptLoggerMiddleware] [客户端请求] /client/repeatalbeQuests/activityPeriods
[2026-07-30 12:25:48.210][Info][SPTarkov.Server.Logger.SptLoggerMiddleware] [客户端请求] /client/survey
[2026-07-30 12:25:49.114][Info][SPTarkov.Server.Logger.SptLoggerMiddleware] [客户端请求] /fika/presence/get
[2026-07-30 12:25:49.999][Info][SPTarkov.Server.Logger.SptLoggerMiddleware] [客户端请求] /fika/update/ping
[2026-07-30 12:25:58.225][Info][SPTarkov.Server.Logger.SptLoggerMiddleware] [客户端请求] /fika/presence/set
[2026-07-30 12:26:17.536][Info][SPTarkov.Server.Logger.SptLoggerMiddleware] [客户端请求] /launcher/profile/info
[2026-07-30 12:26:17.539][Info][SPTarkov.Server.Logger.SptLoggerMiddleware] [客户端请求] /launcher/server/version
[2026-07-30 12:26:20.002][Info][SPTarkov.Server.Logger.SptLoggerMiddleware] [客户端请求] /fika/update/ping
[2026-07-30 12:26:37.347][Info][SPTarkov.Server.Logger.SptLoggerMiddleware] [客户端请求] /launcher/profile/info
[2026-07-30 12:26:37.498][Info][SPTarkov.Server.Logger.SptLoggerMiddleware] [客户端请求] /launcher/server/version
[2026-07-30 12:26:50.006][Info][SPTarkov.Server.Logger.SptLoggerMiddleware] [客户端请求] /fika/update/ping
[2026-07-30 12:27:17.537][Info][SPTarkov.Server.Logger.SptLoggerMiddleware] [客户端请求] /launcher/profile/info
[2026-07-30 12:27:17.539][Info][SPTarkov.Server.Logger.SptLoggerMiddleware] [客户端请求] /launcher/server/version
[2026-07-30 12:27:20.008][Info][SPTarkov.Server.Logger.SptLoggerMiddleware] [客户端请求] /fika/update/ping
[2026-07-30 12:27:37.352][Info][SPTarkov.Server.Logger.SptLoggerMiddleware] [客户端请求] /launcher/profile/info
[2026-07-30 12:27:37.502][Info][SPTarkov.Server.Logger.SptLoggerMiddleware] [客户端请求] /launcher/server/version
[2026-07-30 12:27:50.011][Info][SPTarkov.Server.Logger.SptLoggerMiddleware] [客户端请求] /fika/update/ping
[2026-07-30 12:27:51.049][Info][SPTarkov.Server.Logger.SptLoggerMiddleware] [客户端请求] /client/game/keepalive
[2026-07-30 12:28:08.547][Info][SPTarkov.Server.Logger.SptLoggerMiddleware] [客户端请求] /client/game/keepalive
[2026-07-30 12:28:17.529][Info][SPTarkov.Server.Logger.SptLoggerMiddleware] [客户端请求] /launcher/profile/info
[2026-07-30 12:28:17.533][Info][SPTarkov.Server.Logger.SptLoggerMiddleware] [客户端请求] /launcher/server/version
[2026-07-30 12:28:20.014][Info][SPTarkov.Server.Logger.SptLoggerMiddleware] [客户端请求] /fika/update/ping
[2026-07-30 12:28:21.815][Info][SPTarkov.Server.Logger.SptLoggerMiddleware] [客户端请求] /client/items/prices/58330581ace78e27b8b10cee
[2026-07-30 12:28:21.818][Info][SPTarkov.Server.Logger.SptLoggerMiddleware] [客户端请求] /client/items/prices/5935c25fb3acc3127c3d8cd9
[2026-07-30 12:28:21.824][Info][SPTarkov.Server.Logger.SptLoggerMiddleware] [客户端请求] /client/checkVersion
[2026-07-30 12:28:21.827][Info][SPTarkov.Server.Logger.SptLoggerMiddleware] [客户端请求] /client/items/prices/54cb50c76803fa8b248b4571
[2026-07-30 12:28:22.684][Info][SPTarkov.Server.Logger.SptLoggerMiddleware] [客户端请求] /client/trading/api/getTraderAssort/58330581ace78e27b8b10cee
[2026-07-30 12:28:22.695][Info][SPTarkov.Server.Logger.SptLoggerMiddleware] [客户端请求] /client/trading/api/getTraderAssort/5935c25fb3acc3127c3d8cd9
[2026-07-30 12:28:22.807][Info][SPTarkov.Server.Logger.SptLoggerMiddleware] [客户端请求] /client/trading/api/getTraderAssort/54cb50c76803fa8b248b4571
[2026-07-30 12:28:24.486][Info][SPTarkov.Server.Logger.SptLoggerMiddleware] [客户端请求] /fika/presence/set
[2026-07-30 12:28:26.332][Info][SPTarkov.Server.Logger.SptLoggerMiddleware] [客户端请求] /client/ragfair/find
[2026-07-30 12:28:33.720][Info][SPTarkov.Server.Logger.SptLoggerMiddleware] [客户端请求] /client/ragfair/find
[2026-07-30 12:28:37.343][Info][SPTarkov.Server.Logger.SptLoggerMiddleware] [客户端请求] /launcher/profile/info
[2026-07-30 12:28:37.496][Info][SPTarkov.Server.Logger.SptLoggerMiddleware] [客户端请求] /launcher/server/version
[2026-07-30 12:28:37.703][Info][SPTarkov.Server.Logger.SptLoggerMiddleware] [客户端请求] /client/game/profile/items/moving
[2026-07-30 12:28:37.720][Error][SPTarkov.Server.Core.Helpers.InventoryHelper] [OOB] 物品：6a5f821098182e44945fed37；错误消息：Item: 6a5f821098182e44945fed37 at: 5, 37 size: 1x6 extends outside the containers bounds
[2026-07-30 12:28:37.722][Error][SPTarkov.Server.Core.Helpers.InventoryHelper] [OOB] 物品：6a5f821098182e44945fed37；错误消息：Item: 6a5f821098182e44945fed37 at: 5, 37 size: 1x6 extends outside the containers bounds
[2026-07-30 12:28:37.724][Error][SPTarkov.Server.Core.Helpers.InventoryHelper] [OOB] 物品：6a5f821098182e44945fed37；错误消息：Item: 6a5f821098182e44945fed37 at: 5, 37 size: 1x6 extends outside the containers bounds
[2026-07-30 12:28:50.018][Info][SPTarkov.Server.Logger.SptLoggerMiddleware] [客户端请求] /fika/update/ping
[2026-07-30 12:29:17.528][Info][SPTarkov.Server.Logger.SptLoggerMiddleware] [客户端请求] /launcher/profile/info
[2026-07-30 12:29:17.529][Info][SPTarkov.Server.Logger.SptLoggerMiddleware] [客户端请求] /launcher/server/version
[2026-07-30 12:29:18.574][Info][SPTarkov.Server.Logger.SptLoggerMiddleware] [客户端请求] /client/ragfair/find
[2026-07-30 12:29:20.020][Info][SPTarkov.Server.Logger.SptLoggerMiddleware] [客户端请求] /fika/update/ping
[2026-07-30 12:29:33.600][Info][SPTarkov.Server.Logger.SptLoggerMiddleware] [客户端请求] /client/airdrop/loot
[2026-07-30 12:29:37.341][Info][SPTarkov.Server.Logger.SptLoggerMiddleware] [客户端请求] /launcher/profile/info
[2026-07-30 12:29:37.491][Info][SPTarkov.Server.Logger.SptLoggerMiddleware] [客户端请求] /launcher/server/version
[2026-07-30 12:29:48.313][Info][SPTarkov.Server.Logger.SptLoggerMiddleware] [客户端请求] /client/ragfair/find
[2026-07-30 12:29:50.026][Info][SPTarkov.Server.Logger.SptLoggerMiddleware] [客户端请求] /fika/update/ping
[2026-07-30 12:30:09.165][Info][SPTarkov.Server.Logger.SptLoggerMiddleware] [客户端请求] /fika/presence/set
[2026-07-30 12:30:12.156][Info][SPTarkov.Server.Logger.SptLoggerMiddleware] [客户端请求] /client/items/prices
[2026-07-30 12:30:12.163][Info][SPTarkov.Server.Logger.SptLoggerMiddleware] [客户端请求] /client/ragfair/itemMarketPrice
[2026-07-30 12:30:13.905][Info][SPTarkov.Server.Logger.SptLoggerMiddleware] [客户端请求] /client/ragfair/offerfees
[2026-07-30 12:30:14.281][Info][SPTarkov.Server.Logger.SptLoggerMiddleware] [客户端请求] /client/game/profile/items/moving
[2026-07-30 12:30:16.356][Info][SPTarkov.Server.Logger.SptLoggerMiddleware] [客户端请求] /client/ragfair/itemMarketPrice
[2026-07-30 12:30:16.361][Info][SPTarkov.Server.Logger.SptLoggerMiddleware] [客户端请求] /client/items/prices
[2026-07-30 12:30:17.528][Info][SPTarkov.Server.Logger.SptLoggerMiddleware] [客户端请求] /launcher/profile/info
[2026-07-30 12:30:17.530][Info][SPTarkov.Server.Logger.SptLoggerMiddleware] [客户端请求] /launcher/server/version
[2026-07-30 12:30:18.178][Info][SPTarkov.Server.Logger.SptLoggerMiddleware] [客户端请求] /client/ragfair/offerfees
[2026-07-30 12:30:18.540][Info][SPTarkov.Server.Logger.SptLoggerMiddleware] [客户端请求] /client/game/profile/items/moving
[2026-07-30 12:30:19.605][Info][SPTarkov.Server.Logger.SptLoggerMiddleware] [客户端请求] /client/mail/dialog/view
[2026-07-30 12:30:20.035][Info][SPTarkov.Server.Logger.SptLoggerMiddleware] [客户端请求] /fika/update/ping
[2026-07-30 12:30:23.108][Info][SPTarkov.Server.Logger.SptLoggerMiddleware] [客户端请求] /fika/presence/set
[2026-07-30 12:30:23.437][Info][SPTarkov.Server.Logger.SptLoggerMiddleware] [客户端请求] /client/trading/api/getTraderAssort/5935c25fb3acc3127c3d8cd9
[2026-07-30 12:30:23.440][Info][SPTarkov.Server.Logger.SptLoggerMiddleware] [客户端请求] /client/trading/api/getTraderAssort/58330581ace78e27b8b10cee
[2026-07-30 12:30:23.449][Info][SPTarkov.Server.Logger.SptLoggerMiddleware] [客户端请求] /client/ragfair/find
[2026-07-30 12:30:33.968][Info][SPTarkov.Server.Logger.SptLoggerMiddleware] [客户端请求] /fika/presence/set
[2026-07-30 12:30:37.329][Info][SPTarkov.Server.Logger.SptLoggerMiddleware] [客户端请求] /client/trading/api/getTraderAssort/54cb50c76803fa8b248b4571
[2026-07-30 12:30:37.343][Info][SPTarkov.Server.Logger.SptLoggerMiddleware] [客户端请求] /launcher/profile/info
[2026-07-30 12:30:37.493][Info][SPTarkov.Server.Logger.SptLoggerMiddleware] [客户端请求] /launcher/server/version
[2026-07-30 12:30:39.080][Info][SPTarkov.Server.Logger.SptLoggerMiddleware] [客户端请求] /fika/presence/set
[2026-07-30 12:30:41.728][Info][SPTarkov.Server.Logger.SptLoggerMiddleware] [客户端请求] /client/mail/dialog/view
[2026-07-30 12:30:42.314][Info][SPTarkov.Server.Logger.SptLoggerMiddleware] [客户端请求] /client/mail/dialog/getAllAttachments
[2026-07-30 12:30:49.378][Info][SPTarkov.Server.Logger.SptLoggerMiddleware] [客户端请求] /fika/presence/set
[2026-07-30 12:30:49.707][Info][SPTarkov.Server.Logger.SptLoggerMiddleware] [客户端请求] /client/game/profile/items/moving
[2026-07-30 12:30:50.038][Info][SPTarkov.Server.Logger.SptLoggerMiddleware] [客户端请求] /fika/update/ping
[2026-07-30 12:31:16.110][Info][SPTarkov.Server.Logger.SptLoggerMiddleware] [客户端请求] /fika/presence/set
[2026-07-30 12:31:16.198][Info][SPTarkov.Server.Logger.SptLoggerMiddleware] [客户端请求] /fika/presence/get
[2026-07-30 12:31:17.536][Info][SPTarkov.Server.Logger.SptLoggerMiddleware] [客户端请求] /launcher/profile/info
[2026-07-30 12:31:17.539][Info][SPTarkov.Server.Logger.SptLoggerMiddleware] [客户端请求] /launcher/server/version
[2026-07-30 12:31:20.042][Info][SPTarkov.Server.Logger.SptLoggerMiddleware] [客户端请求] /fika/update/ping
[2026-07-30 12:31:22.769][Info][SPTarkov.Server.Logger.SptLoggerMiddleware] [客户端请求] /fika/presence/set
[2026-07-30 12:31:22.857][Info][SPTarkov.Server.Logger.SptLoggerMiddleware] [客户端请求] /fika/presence/get
[2026-07-30 12:31:32.866][Info][SPTarkov.Server.Logger.SptLoggerMiddleware] [客户端请求] /fika/presence/get
[2026-07-30 12:31:37.333][Info][SPTarkov.Server.Logger.SptLoggerMiddleware] [客户端请求] /launcher/profile/info
[2026-07-30 12:31:37.484][Info][SPTarkov.Server.Logger.SptLoggerMiddleware] [客户端请求] /launcher/server/version
[2026-07-30 12:31:42.879][Info][SPTarkov.Server.Logger.SptLoggerMiddleware] [客户端请求] /fika/presence/get
[2026-07-30 12:31:50.047][Info][SPTarkov.Server.Logger.SptLoggerMiddleware] [客户端请求] /fika/update/ping
[2026-07-30 12:31:52.894][Info][SPTarkov.Server.Logger.SptLoggerMiddleware] [客户端请求] /fika/presence/get
[2026-07-30 12:31:53.690][Info][SPTarkov.Server.Logger.SptLoggerMiddleware] [客户端请求] /client/game/keepalive
[2026-07-30 12:32:02.908][Info][SPTarkov.Server.Logger.SptLoggerMiddleware] [客户端请求] /fika/presence/get
[2026-07-30 12:32:12.921][Info][SPTarkov.Server.Logger.SptLoggerMiddleware] [客户端请求] /fika/presence/get
[2026-07-30 12:32:17.533][Info][SPTarkov.Server.Logger.SptLoggerMiddleware] [客户端请求] /launcher/profile/info
[2026-07-30 12:32:17.536][Info][SPTarkov.Server.Logger.SptLoggerMiddleware] [客户端请求] /launcher/server/version
[2026-07-30 12:32:20.051][Info][SPTarkov.Server.Logger.SptLoggerMiddleware] [客户端请求] /fika/update/ping
[2026-07-30 12:32:22.021][Info][SPTarkov.Server.Logger.SptLoggerMiddleware] [客户端请求] /client/trading/api/getTraderAssort/58330581ace78e27b8b10cee
[2026-07-30 12:32:22.025][Info][SPTarkov.Server.Logger.SptLoggerMiddleware] [客户端请求] /client/trading/api/getTraderAssort/54cb50c76803fa8b248b4571
[2026-07-30 12:32:22.030][Info][SPTarkov.Server.Logger.SptLoggerMiddleware] [客户端请求] /client/trading/api/getTraderAssort/5935c25fb3acc3127c3d8cd9
[2026-07-30 12:32:27.696][Info][SPTarkov.Server.Logger.SptLoggerMiddleware] [客户端请求] /fika/presence/set
[2026-07-30 12:32:27.782][Info][SPTarkov.Server.Logger.SptLoggerMiddleware] [客户端请求] /fika/presence/get
[2026-07-30 12:32:28.658][Info][SPTarkov.Server.Logger.SptLoggerMiddleware] [客户端请求] /client/ragfair/find
[2026-07-30 12:32:33.791][Info][SPTarkov.Server.Logger.SptLoggerMiddleware] [客户端请求] /client/ragfair/find
[2026-07-30 12:32:37.332][Info][SPTarkov.Server.Logger.SptLoggerMiddleware] [客户端请求] /launcher/profile/info
[2026-07-30 12:32:37.483][Info][SPTarkov.Server.Logger.SptLoggerMiddleware] [客户端请求] /launcher/server/version
[2026-07-30 12:32:50.054][Info][SPTarkov.Server.Logger.SptLoggerMiddleware] [客户端请求] /fika/update/ping
[2026-07-30 12:33:17.537][Info][SPTarkov.Server.Logger.SptLoggerMiddleware] [客户端请求] /launcher/profile/info
[2026-07-30 12:33:17.539][Info][SPTarkov.Server.Logger.SptLoggerMiddleware] [客户端请求] /launcher/server/version
[2026-07-30 12:33:20.057][Info][SPTarkov.Server.Logger.SptLoggerMiddleware] [客户端请求] /fika/update/ping
[2026-07-30 12:33:23.241][Info][SPTarkov.Server.Logger.SptLoggerMiddleware] [客户端请求] /client/ragfair/find
[2026-07-30 12:33:27.194][Info][SPTarkov.Server.Logger.SptLoggerMiddleware] [客户端请求] /client/ragfair/find
[2026-07-30 12:33:34.139][Info][SPTarkov.Server.Logger.SptLoggerMiddleware] [客户端请求] /client/ragfair/find
[2026-07-30 12:33:37.332][Info][SPTarkov.Server.Logger.SptLoggerMiddleware] [客户端请求] /launcher/profile/info
[2026-07-30 12:33:37.482][Info][SPTarkov.Server.Logger.SptLoggerMiddleware] [客户端请求] /launcher/server/version
[2026-07-30 12:33:37.794][Info][SPTarkov.Server.Logger.SptLoggerMiddleware] [客户端请求] /client/ragfair/find
[2026-07-30 12:33:50.060][Info][SPTarkov.Server.Logger.SptLoggerMiddleware] [客户端请求] /fika/update/ping
[2026-07-30 12:34:13.750][Info][SPTarkov.Server.Logger.SptLoggerMiddleware] [客户端请求] /client/game/keepalive
[2026-07-30 12:34:17.535][Info][SPTarkov.Server.Logger.SptLoggerMiddleware] [客户端请求] /launcher/profile/info
[2026-07-30 12:34:17.538][Info][SPTarkov.Server.Logger.SptLoggerMiddleware] [客户端请求] /launcher/server/version
[2026-07-30 12:34:20.063][Info][SPTarkov.Server.Logger.SptLoggerMiddleware] [客户端请求] /fika/update/ping
[2026-07-30 12:34:37.331][Info][SPTarkov.Server.Logger.SptLoggerMiddleware] [客户端请求] /launcher/profile/info
[2026-07-30 12:34:37.482][Info][SPTarkov.Server.Logger.SptLoggerMiddleware] [客户端请求] /launcher/server/version
[2026-07-30 12:34:45.726][Info][SPTarkov.Server.Logger.SptLoggerMiddleware] [客户端请求] /client/ragfair/find
[2026-07-30 12:34:50.066][Info][SPTarkov.Server.Logger.SptLoggerMiddleware] [客户端请求] /fika/update/ping
[2026-07-30 12:34:52.803][Info][SPTarkov.Server.Logger.SptLoggerMiddleware] [客户端请求] /fika/presence/set
[2026-07-30 12:34:52.892][Info][SPTarkov.Server.Logger.SptLoggerMiddleware] [客户端请求] /fika/presence/get
[2026-07-30 12:34:53.988][Info][SPTarkov.Server.Logger.SptLoggerMiddleware] [客户端请求] /client/trading/api/getTraderAssort/54cb50c76803fa8b248b4571
[2026-07-30 12:34:53.994][Info][SPTarkov.Server.Logger.SptLoggerMiddleware] [客户端请求] /client/trading/api/getTraderAssort/58330581ace78e27b8b10cee
[2026-07-30 12:34:53.997][Info][SPTarkov.Server.Logger.SptLoggerMiddleware] [客户端请求] /client/trading/api/getTraderAssort/5935c25fb3acc3127c3d8cd9
[2026-07-30 12:35:11.848][Info][SPTarkov.Server.Logger.SptLoggerMiddleware] [客户端请求] /client/game/profile/items/moving
[2026-07-30 12:35:16.989][Info][SPTarkov.Server.Logger.SptLoggerMiddleware] [客户端请求] /client/game/profile/items/moving
[2026-07-30 12:35:17.531][Info][SPTarkov.Server.Logger.SptLoggerMiddleware] [客户端请求] /launcher/profile/info
[2026-07-30 12:35:17.532][Info][SPTarkov.Server.Logger.SptLoggerMiddleware] [客户端请求] /launcher/server/version
[2026-07-30 12:35:20.068][Info][SPTarkov.Server.Logger.SptLoggerMiddleware] [客户端请求] /fika/update/ping
[2026-07-30 12:35:33.759][Info][SPTarkov.Server.Logger.SptLoggerMiddleware] [客户端请求] /client/items/prices/54cb57776803fa99248b456e
[2026-07-30 12:35:34.597][Info][SPTarkov.Server.Logger.SptLoggerMiddleware] [客户端请求] /client/trading/api/getTraderAssort/54cb57776803fa99248b456e
[2026-07-30 12:35:37.320][Info][SPTarkov.Server.Logger.SptLoggerMiddleware] [客户端请求] /launcher/profile/info
[2026-07-30 12:35:37.471][Info][SPTarkov.Server.Logger.SptLoggerMiddleware] [客户端请求] /launcher/server/version
[2026-07-30 12:35:38.193][Info][SPTarkov.Server.Logger.SptLoggerMiddleware] [客户端请求] /client/game/profile/items/moving
[2026-07-30 12:35:40.056][Info][SPTarkov.Server.Logger.SptLoggerMiddleware] [客户端请求] /client/items/prices/579dc571d53a0658a154fbec
[2026-07-30 12:35:41.040][Info][SPTarkov.Server.Logger.SptLoggerMiddleware] [客户端请求] /client/trading/api/getTraderAssort/579dc571d53a0658a154fbec
[2026-07-30 12:35:50.074][Info][SPTarkov.Server.Logger.SptLoggerMiddleware] [客户端请求] /fika/update/ping
[2026-07-30 12:35:51.372][Info][SPTarkov.Server.Logger.SptLoggerMiddleware] [客户端请求] /client/trading/api/getTraderAssort/58330581ace78e27b8b10cee
[2026-07-30 12:35:55.079][Info][SPTarkov.Server.Logger.SptLoggerMiddleware] [客户端请求] /client/game/profile/items/moving
[2026-07-30 12:36:04.468][Info][SPTarkov.Server.Logger.SptLoggerMiddleware] [客户端请求] /client/game/profile/items/moving
[2026-07-30 12:36:06.177][Info][SPTarkov.Server.Logger.SptLoggerMiddleware] [客户端请求] /client/game/profile/items/moving
[2026-07-30 12:36:10.861][Info][SPTarkov.Server.Logger.SptLoggerMiddleware] [客户端请求] /client/mail/dialog/view
[2026-07-30 12:36:11.661][Info][SPTarkov.Server.Logger.SptLoggerMiddleware] [客户端请求] /client/mail/dialog/getAllAttachments
[2026-07-30 12:36:17.538][Info][SPTarkov.Server.Logger.SptLoggerMiddleware] [客户端请求] /launcher/profile/info
[2026-07-30 12:36:17.540][Info][SPTarkov.Server.Logger.SptLoggerMiddleware] [客户端请求] /launcher/server/version
[2026-07-30 12:36:20.078][Info][SPTarkov.Server.Logger.SptLoggerMiddleware] [客户端请求] /fika/update/ping
[2026-07-30 12:36:22.741][Info][SPTarkov.Server.Logger.SptLoggerMiddleware] [客户端请求] /client/game/profile/items/moving
[2026-07-30 12:36:22.742][Info][SPTarkov.Server.Logger.SptLoggerMiddleware] [客户端请求] /client/trading/api/getTraderAssort/58330581ace78e27b8b10cee
[2026-07-30 12:36:22.750][Info][SPTarkov.Server.Logger.SptLoggerMiddleware] [客户端请求] /client/trading/api/getTraderAssort/5935c25fb3acc3127c3d8cd9
[2026-07-30 12:36:24.141][Info][SPTarkov.Server.Logger.SptLoggerMiddleware] [客户端请求] /fika/presence/set
[2026-07-30 12:36:28.980][Info][SPTarkov.Server.Logger.SptLoggerMiddleware] [客户端请求] /client/items/prices
[2026-07-30 12:36:28.991][Info][SPTarkov.Server.Logger.SptLoggerMiddleware] [客户端请求] /client/ragfair/itemMarketPrice
[2026-07-30 12:36:31.514][Info][SPTarkov.Server.Logger.SptLoggerMiddleware] [客户端请求] /client/ragfair/offerfees
[2026-07-30 12:36:31.735][Info][SPTarkov.Server.Logger.SptLoggerMiddleware] [客户端请求] /client/game/profile/items/moving
[2026-07-30 12:36:33.368][Info][SPTarkov.Server.Logger.SptLoggerMiddleware] [客户端请求] /client/ragfair/itemMarketPrice
[2026-07-30 12:36:33.373][Info][SPTarkov.Server.Logger.SptLoggerMiddleware] [客户端请求] /client/items/prices
[2026-07-30 12:36:33.813][Info][SPTarkov.Server.Logger.SptLoggerMiddleware] [客户端请求] /client/game/keepalive
[2026-07-30 12:36:35.176][Info][SPTarkov.Server.Logger.SptLoggerMiddleware] [客户端请求] /client/ragfair/offerfees
[2026-07-30 12:36:35.398][Info][SPTarkov.Server.Logger.SptLoggerMiddleware] [客户端请求] /client/game/profile/items/moving
[2026-07-30 12:36:37.314][Info][SPTarkov.Server.Logger.SptLoggerMiddleware] [客户端请求] /launcher/profile/info
[2026-07-30 12:36:37.399][Info][SPTarkov.Server.Logger.SptLoggerMiddleware] [客户端请求] /launcher/server/version
[2026-07-30 12:36:39.588][Info][SPTarkov.Server.Logger.SptLoggerMiddleware] [客户端请求] /client/trading/api/getTraderAssort/54cb50c76803fa8b248b4571
[2026-07-30 12:36:50.080][Info][SPTarkov.Server.Logger.SptLoggerMiddleware] [客户端请求] /fika/update/ping
[2026-07-30 12:36:53.304][Info][SPTarkov.Server.Logger.SptLoggerMiddleware] [客户端请求] /client/trading/api/getTraderAssort/58330581ace78e27b8b10cee
[2026-07-30 12:36:58.658][Info][SPTarkov.Server.Logger.SptLoggerMiddleware] [客户端请求] /client/items/prices/5a7c2eca46aef81a7ca2145d
[2026-07-30 12:36:59.165][Info][SPTarkov.Server.Logger.SptLoggerMiddleware] [客户端请求] /client/trading/api/getTraderAssort/5a7c2eca46aef81a7ca2145d
[2026-07-30 12:37:02.434][Info][SPTarkov.Server.Logger.SptLoggerMiddleware] [客户端请求] /files/quest/icon/5ae327a086f7745c7b3f2f38.jpg
[2026-07-30 12:37:10.593][Info][SPTarkov.Server.Logger.SptLoggerMiddleware] [客户端请求] /client/game/profile/items/moving
[2026-07-30 12:37:12.584][Info][SPTarkov.Server.Logger.SptLoggerMiddleware] [客户端请求] /client/game/profile/items/moving
[2026-07-30 12:37:17.526][Info][SPTarkov.Server.Logger.SptLoggerMiddleware] [客户端请求] /launcher/profile/info
[2026-07-30 12:37:17.529][Info][SPTarkov.Server.Logger.SptLoggerMiddleware] [客户端请求] /launcher/server/version
[2026-07-30 12:37:17.705][Info][SPTarkov.Server.Logger.SptLoggerMiddleware] [客户端请求] /client/game/profile/items/moving
[2026-07-30 12:37:20.083][Info][SPTarkov.Server.Logger.SptLoggerMiddleware] [客户端请求] /fika/update/ping
[2026-07-30 12:37:24.892][Info][SPTarkov.Server.Logger.SptLoggerMiddleware] [客户端请求] /client/game/profile/items/moving
[2026-07-30 12:37:30.842][Info][SPTarkov.Server.Logger.SptLoggerMiddleware] [客户端请求] /client/mail/dialog/getAllAttachments
[2026-07-30 12:37:33.382][Info][SPTarkov.Server.Logger.SptLoggerMiddleware] [客户端请求] /client/trading/api/getTraderAssort/5a7c2eca46aef81a7ca2145d
[2026-07-30 12:37:33.386][Info][SPTarkov.Server.Logger.SptLoggerMiddleware] [客户端请求] /client/game/profile/items/moving
[2026-07-30 12:37:33.387][Info][SPTarkov.Server.Logger.SptLoggerMiddleware] [客户端请求] /client/trading/api/getTraderAssort/5935c25fb3acc3127c3d8cd9
[2026-07-30 12:37:33.393][Info][SPTarkov.Server.Logger.SptLoggerMiddleware] [客户端请求] /client/trading/api/getTraderAssort/58330581ace78e27b8b10cee
[2026-07-30 12:37:36.097][Info][SPTarkov.Server.Logger.SptLoggerMiddleware] [客户端请求] /client/mail/dialog/getAllAttachments
[2026-07-30 12:37:37.314][Info][SPTarkov.Server.Logger.SptLoggerMiddleware] [客户端请求] /launcher/profile/info
[2026-07-30 12:37:37.400][Info][SPTarkov.Server.Logger.SptLoggerMiddleware] [客户端请求] /launcher/server/version
[2026-07-30 12:37:37.699][Info][SPTarkov.Server.Logger.SptLoggerMiddleware] [客户端请求] /client/game/profile/items/moving
[2026-07-30 12:37:38.755][Info][SPTarkov.Server.Logger.SptLoggerMiddleware] [客户端请求] /fika/presence/set
[2026-07-30 12:37:50.086][Info][SPTarkov.Server.Logger.SptLoggerMiddleware] [客户端请求] /fika/update/ping
[2026-07-30 12:37:57.024][Info][SPTarkov.Server.Logger.SptLoggerMiddleware] [客户端请求] /client/items/prices
[2026-07-30 12:37:57.030][Info][SPTarkov.Server.Logger.SptLoggerMiddleware] [客户端请求] /client/ragfair/itemMarketPrice
[2026-07-30 12:38:03.550][Info][SPTarkov.Server.Logger.SptLoggerMiddleware] [客户端请求] /fika/presence/set
[2026-07-30 12:38:03.752][Info][SPTarkov.Server.Logger.SptLoggerMiddleware] [客户端请求] /client/trading/api/getTraderAssort/5935c25fb3acc3127c3d8cd9
[2026-07-30 12:38:03.755][Info][SPTarkov.Server.Logger.SptLoggerMiddleware] [客户端请求] /client/game/profile/items/moving
[2026-07-30 12:38:03.759][Info][SPTarkov.Server.Logger.SptLoggerMiddleware] [客户端请求] /client/trading/api/getTraderAssort/58330581ace78e27b8b10cee
[2026-07-30 12:38:03.764][Info][SPTarkov.Server.Logger.SptLoggerMiddleware] [客户端请求] /client/ragfair/find
[2026-07-30 12:38:07.149][Info][SPTarkov.Server.Logger.SptLoggerMiddleware] [客户端请求] /fika/presence/set
[2026-07-30 12:38:08.941][Info][SPTarkov.Server.Logger.SptLoggerMiddleware] [客户端请求] /client/ragfair/itemMarketPrice
[2026-07-30 12:38:08.945][Info][SPTarkov.Server.Logger.SptLoggerMiddleware] [客户端请求] /client/items/prices
[2026-07-30 12:38:15.507][Info][SPTarkov.Server.Logger.SptLoggerMiddleware] [客户端请求] /client/ragfair/offerfees
[2026-07-30 12:38:15.730][Info][SPTarkov.Server.Logger.SptLoggerMiddleware] [客户端请求] /client/game/profile/items/moving
[2026-07-30 12:38:17.528][Info][SPTarkov.Server.Logger.SptLoggerMiddleware] [客户端请求] /launcher/profile/info
[2026-07-30 12:38:17.530][Info][SPTarkov.Server.Logger.SptLoggerMiddleware] [客户端请求] /launcher/server/version
[2026-07-30 12:38:17.765][Info][SPTarkov.Server.Logger.SptLoggerMiddleware] [客户端请求] /client/ragfair/itemMarketPrice
[2026-07-30 12:38:17.769][Info][SPTarkov.Server.Logger.SptLoggerMiddleware] [客户端请求] /client/items/prices
[2026-07-30 12:38:20.090][Info][SPTarkov.Server.Logger.SptLoggerMiddleware] [客户端请求] /fika/update/ping
[2026-07-30 12:38:24.953][Info][SPTarkov.Server.Logger.SptLoggerMiddleware] [客户端请求] /client/ragfair/offerfees
[2026-07-30 12:38:25.206][Info][SPTarkov.Server.Logger.SptLoggerMiddleware] [客户端请求] /client/game/profile/items/moving
[2026-07-30 12:38:27.055][Info][SPTarkov.Server.Logger.SptLoggerMiddleware] [客户端请求] /client/trading/api/getTraderAssort/5935c25fb3acc3127c3d8cd9
[2026-07-30 12:38:27.059][Info][SPTarkov.Server.Logger.SptLoggerMiddleware] [客户端请求] /client/trading/api/getTraderAssort/58330581ace78e27b8b10cee
[2026-07-30 12:38:27.064][Info][SPTarkov.Server.Logger.SptLoggerMiddleware] [客户端请求] /client/trading/api/getTraderAssort/54cb50c76803fa8b248b4571
[2026-07-30 12:38:29.454][Info][SPTarkov.Server.Logger.SptLoggerMiddleware] [客户端请求] /client/trading/api/getTraderAssort/5a7c2eca46aef81a7ca2145d
[2026-07-30 12:38:37.309][Info][SPTarkov.Server.Logger.SptLoggerMiddleware] [客户端请求] /launcher/profile/info
[2026-07-30 12:38:37.401][Info][SPTarkov.Server.Logger.SptLoggerMiddleware] [客户端请求] /launcher/server/version
[2026-07-30 12:38:50.095][Info][SPTarkov.Server.Logger.SptLoggerMiddleware] [客户端请求] /fika/update/ping
[2026-07-30 12:38:53.898][Info][SPTarkov.Server.Logger.SptLoggerMiddleware] [客户端请求] /client/game/keepalive
[2026-07-30 12:39:17.527][Info][SPTarkov.Server.Logger.SptLoggerMiddleware] [客户端请求] /launcher/profile/info
[2026-07-30 12:39:17.529][Info][SPTarkov.Server.Logger.SptLoggerMiddleware] [客户端请求] /launcher/server/version
[2026-07-30 12:39:20.099][Info][SPTarkov.Server.Logger.SptLoggerMiddleware] [客户端请求] /fika/update/ping
[2026-07-30 12:39:24.593][Info][SPTarkov.Server.Logger.SptLoggerMiddleware] [客户端请求] /client/trading/api/getTraderAssort/54cb50c76803fa8b248b4571
[2026-07-30 12:39:25.021][Info][SPTarkov.Server.Logger.SptLoggerMiddleware] [客户端请求] /client/trading/api/getTraderAssort/58330581ace78e27b8b10cee
[2026-07-30 12:39:25.026][Info][SPTarkov.Server.Logger.SptLoggerMiddleware] [客户端请求] /client/trading/api/getTraderAssort/5935c25fb3acc3127c3d8cd9
[2026-07-30 12:39:37.305][Info][SPTarkov.Server.Logger.SptLoggerMiddleware] [客户端请求] /launcher/profile/info
[2026-07-30 12:39:37.392][Info][SPTarkov.Server.Logger.SptLoggerMiddleware] [客户端请求] /launcher/server/version
[2026-07-30 12:39:48.149][Info][SPTarkov.Server.Logger.SptLoggerMiddleware] [客户端请求] /fika/presence/set
[2026-07-30 12:39:50.102][Info][SPTarkov.Server.Logger.SptLoggerMiddleware] [客户端请求] /fika/update/ping
[2026-07-30 12:39:50.334][Info][SPTarkov.Server.Logger.SptLoggerMiddleware] [客户端请求] /fika/presence/set
[2026-07-30 12:39:50.536][Info][SPTarkov.Server.Logger.SptLoggerMiddleware] [客户端请求] /client/trading/api/getTraderAssort/5935c25fb3acc3127c3d8cd9
[2026-07-30 12:39:50.540][Info][SPTarkov.Server.Logger.SptLoggerMiddleware] [客户端请求] /client/trading/api/getTraderAssort/58330581ace78e27b8b10cee
[2026-07-30 12:39:50.565][Info][SPTarkov.Server.Logger.SptLoggerMiddleware] [客户端请求] /client/ragfair/find
[2026-07-30 12:39:56.574][Info][SPTarkov.Server.Logger.SptLoggerMiddleware] [客户端请求] /client/ragfair/find
[2026-07-30 12:40:00.432][Info][SPTarkov.Server.Logger.SptLoggerMiddleware] [客户端请求] /client/ragfair/find
[2026-07-30 12:40:04.120][Info][SPTarkov.Server.Logger.SptLoggerMiddleware] [客户端请求] /client/game/profile/items/moving
[2026-07-30 12:40:04.257][Error][SPTarkov.Server.Core.Helpers.InventoryHelper] [OOB] 物品：6a5f821098182e44945fed37；错误消息：Item: 6a5f821098182e44945fed37 at: 5, 37 size: 1x6 extends outside the containers bounds
[2026-07-30 12:40:04.260][Error][SPTarkov.Server.Core.Helpers.InventoryHelper] [OOB] 物品：6a5f821098182e44945fed37；错误消息：Item: 6a5f821098182e44945fed37 at: 5, 37 size: 1x6 extends outside the containers bounds
[2026-07-30 12:40:05.064][Info][SPTarkov.Server.Logger.SptLoggerMiddleware] [客户端请求] /fika/presence/set
[2026-07-30 12:40:11.593][Info][SPTarkov.Server.Logger.SptLoggerMiddleware] [客户端请求] /client/game/profile/items/moving
[2026-07-30 12:40:17.524][Info][SPTarkov.Server.Logger.SptLoggerMiddleware] [客户端请求] /launcher/profile/info
[2026-07-30 12:40:17.526][Info][SPTarkov.Server.Logger.SptLoggerMiddleware] [客户端请求] /launcher/server/version
[2026-07-30 12:40:20.106][Info][SPTarkov.Server.Logger.SptLoggerMiddleware] [客户端请求] /fika/update/ping
[2026-07-30 12:40:37.301][Info][SPTarkov.Server.Logger.SptLoggerMiddleware] [客户端请求] /launcher/profile/info
[2026-07-30 12:40:37.387][Info][SPTarkov.Server.Logger.SptLoggerMiddleware] [客户端请求] /launcher/server/version
[2026-07-30 12:40:49.045][Info][SPTarkov.Server.Logger.SptLoggerMiddleware] [客户端请求] /singleplayer/settings/bot/getBotBehaviours/
[2026-07-30 12:40:50.110][Info][SPTarkov.Server.Logger.SptLoggerMiddleware] [客户端请求] /fika/update/ping
[2026-07-30 12:41:13.949][Info][SPTarkov.Server.Logger.SptLoggerMiddleware] [客户端请求] /client/game/keepalive
[2026-07-30 12:41:17.535][Info][SPTarkov.Server.Logger.SptLoggerMiddleware] [客户端请求] /launcher/profile/info
[2026-07-30 12:41:17.538][Info][SPTarkov.Server.Logger.SptLoggerMiddleware] [客户端请求] /launcher/server/version
[2026-07-30 12:41:20.112][Info][SPTarkov.Server.Logger.SptLoggerMiddleware] [客户端请求] /fika/update/ping
[2026-07-30 12:41:37.304][Info][SPTarkov.Server.Logger.SptLoggerMiddleware] [客户端请求] /launcher/profile/info
[2026-07-30 12:41:37.389][Info][SPTarkov.Server.Logger.SptLoggerMiddleware] [客户端请求] /launcher/server/version
[2026-07-30 12:41:50.114][Info][SPTarkov.Server.Logger.SptLoggerMiddleware] [客户端请求] /fika/update/ping
[2026-07-30 12:42:17.531][Info][SPTarkov.Server.Logger.SptLoggerMiddleware] [客户端请求] /launcher/profile/info
[2026-07-30 12:42:17.534][Info][SPTarkov.Server.Logger.SptLoggerMiddleware] [客户端请求] /launcher/server/version
[2026-07-30 12:42:20.117][Info][SPTarkov.Server.Logger.SptLoggerMiddleware] [客户端请求] /fika/update/ping
[2026-07-30 12:42:31.795][Info][SPTarkov.Server.Logger.SptLoggerMiddleware] [客户端请求] /client/game/keepalive
[2026-07-30 12:42:37.286][Info][SPTarkov.Server.Logger.SptLoggerMiddleware] [客户端请求] /launcher/profile/info
[2026-07-30 12:42:37.371][Info][SPTarkov.Server.Logger.SptLoggerMiddleware] [客户端请求] /launcher/server/version
[2026-07-30 12:42:50.122][Info][SPTarkov.Server.Logger.SptLoggerMiddleware] [客户端请求] /fika/update/ping
[2026-07-30 12:42:52.906][Info][SPTarkov.Server.Logger.SptLoggerMiddleware] [客户端请求] /botplacementsystem/save
[2026-07-30 12:42:54.405][Info][SPTarkov.Server.Logger.SptLoggerMiddleware] [客户端请求] /client/match/local/end
[2026-07-30 12:42:54.589][Info][SPTarkov.Server.Logger.SptLoggerMiddleware] [客户端请求] /fika/raid/leave
[2026-07-30 12:42:54.592][Info][FikaServer.Services.MatchService] Coop session 68f79277575e002bfcf5a4a1 has ended HostShutdown
[2026-07-30 12:42:54.595][Info][FikaServer.Services.MatchService] Deleted match [68f79277575e002bfcf5a4a1]
[2026-07-30 12:43:00.566][Info][SPTarkov.Server.Logger.SptLoggerMiddleware] [WebSocket 请求] /notifierServer/getwebsocket/68f79277575e002bfcf5a4a1
[2026-07-30 12:43:00.567][Info][SPTarkov.Server.Core.Servers.Ws.SptWebSocketConnectionHandler] [WS] 玩家：JúnioR (68f79277575e002bfcf5a4a1) 20260730124300566 已连接
[2026-07-30 12:43:03.437][Info][SPTarkov.Server.Logger.SptLoggerMiddleware] [客户端请求] /client/game/profile/list
[2026-07-30 12:43:04.309][Info][SPTarkov.Server.Logger.SptLoggerMiddleware] [客户端请求] /client/game/profile/select
[2026-07-30 12:43:04.344][Info][SPTarkov.Server.Logger.SptLoggerMiddleware] [客户端请求] /client/profile/status
[2026-07-30 12:43:04.380][Info][SPTarkov.Server.Logger.SptLoggerMiddleware] [客户端请求] /client/quest/list
[2026-07-30 12:43:04.650][Info][SPTarkov.Server.Logger.SptLoggerMiddleware] [客户端请求] /client/achievement/statistic
[2026-07-30 12:43:04.674][Info][SPTarkov.Server.Logger.SptLoggerMiddleware] [客户端请求] /client/achievement/list
[2026-07-30 12:43:04.828][Info][SPTarkov.Server.Logger.SptLoggerMiddleware] [客户端请求] /client/repeatalbeQuests/activityPeriods
[2026-07-30 12:43:17.530][Info][SPTarkov.Server.Logger.SptLoggerMiddleware] [客户端请求] /launcher/profile/info
[2026-07-30 12:43:17.531][Info][SPTarkov.Server.Logger.SptLoggerMiddleware] [客户端请求] /launcher/server/version
[2026-07-30 12:43:25.114][Info][SPTarkov.Server.Logger.SptLoggerMiddleware] [客户端请求] /client/builds/weapon/save
[2026-07-30 12:43:27.309][Info][SPTarkov.Server.Logger.SptLoggerMiddleware] [客户端请求] /fika/presence/set
[2026-07-30 12:43:27.506][Info][SPTarkov.Server.Logger.SptLoggerMiddleware] [客户端请求] /client/trading/api/getTraderAssort/5935c25fb3acc3127c3d8cd9
[2026-07-30 12:43:27.512][Info][SPTarkov.Server.Logger.SptLoggerMiddleware] [客户端请求] /client/ragfair/find
[2026-07-30 12:43:27.526][Info][SPTarkov.Server.Logger.SptLoggerMiddleware] [客户端请求] /client/trading/api/getTraderAssort/58330581ace78e27b8b10cee
[2026-07-30 12:43:31.019][Info][SPTarkov.Server.Logger.SptLoggerMiddleware] [客户端请求] /client/ragfair/find
[2026-07-30 12:43:34.198][Info][SPTarkov.Server.Logger.SptLoggerMiddleware] [客户端请求] /client/game/profile/items/moving
[2026-07-30 12:43:34.206][Error][SPTarkov.Server.Core.Helpers.InventoryHelper] [OOB] 物品：6a5f821098182e44945fed37；错误消息：Item: 6a5f821098182e44945fed37 at: 5, 37 size: 1x6 extends outside the containers bounds
[2026-07-30 12:43:34.208][Error][SPTarkov.Server.Core.Helpers.InventoryHelper] [OOB] 物品：6a5f821098182e44945fed37；错误消息：Item: 6a5f821098182e44945fed37 at: 5, 37 size: 1x6 extends outside the containers bounds
[2026-07-30 12:43:34.253][Error][SPTarkov.Server.Core.Helpers.InventoryHelper] [OOB] 物品：6a5f821098182e44945fed37；错误消息：Item: 6a5f821098182e44945fed37 at: 5, 37 size: 1x6 extends outside the containers bounds
[2026-07-30 12:43:34.254][Error][SPTarkov.Server.Core.Helpers.InventoryHelper] [OOB] 物品：6a5f821098182e44945fed37；错误消息：Item: 6a5f821098182e44945fed37 at: 5, 37 size: 1x6 extends outside the containers bounds
[2026-07-30 12:43:34.292][Error][SPTarkov.Server.Core.Helpers.InventoryHelper] [OOB] 物品：6a5f821098182e44945fed37；错误消息：Item: 6a5f821098182e44945fed37 at: 5, 37 size: 1x6 extends outside the containers bounds
[2026-07-30 12:43:34.293][Error][SPTarkov.Server.Core.Helpers.InventoryHelper] [OOB] 物品：6a5f821098182e44945fed37；错误消息：Item: 6a5f821098182e44945fed37 at: 5, 37 size: 1x6 extends outside the containers bounds
[2026-07-30 12:43:34.334][Error][SPTarkov.Server.Core.Helpers.InventoryHelper] [OOB] 物品：6a5f821098182e44945fed37；错误消息：Item: 6a5f821098182e44945fed37 at: 5, 37 size: 1x6 extends outside the containers bounds
[2026-07-30 12:43:34.336][Error][SPTarkov.Server.Core.Helpers.InventoryHelper] [OOB] 物品：6a5f821098182e44945fed37；错误消息：Item: 6a5f821098182e44945fed37 at: 5, 37 size: 1x6 extends outside the containers bounds
[2026-07-30 12:43:34.411][Error][SPTarkov.Server.Core.Helpers.InventoryHelper] [OOB] 物品：6a5f821098182e44945fed37；错误消息：Item: 6a5f821098182e44945fed37 at: 5, 37 size: 1x6 extends outside the containers bounds
[2026-07-30 12:43:34.413][Error][SPTarkov.Server.Core.Helpers.InventoryHelper] [OOB] 物品：6a5f821098182e44945fed37；错误消息：Item: 6a5f821098182e44945fed37 at: 5, 37 size: 1x6 extends outside the containers bounds
[2026-07-30 12:43:34.453][Error][SPTarkov.Server.Core.Helpers.InventoryHelper] [OOB] 物品：6a5f821098182e44945fed37；错误消息：Item: 6a5f821098182e44945fed37 at: 5, 37 size: 1x6 extends outside the containers bounds
[2026-07-30 12:43:34.454][Error][SPTarkov.Server.Core.Helpers.InventoryHelper] [OOB] 物品：6a5f821098182e44945fed37；错误消息：Item: 6a5f821098182e44945fed37 at: 5, 37 size: 1x6 extends outside the containers bounds
[2026-07-30 12:43:34.490][Error][SPTarkov.Server.Core.Helpers.InventoryHelper] [OOB] 物品：6a5f821098182e44945fed37；错误消息：Item: 6a5f821098182e44945fed37 at: 5, 37 size: 1x6 extends outside the containers bounds
[2026-07-30 12:43:34.491][Error][SPTarkov.Server.Core.Helpers.InventoryHelper] [OOB] 物品：6a5f821098182e44945fed37；错误消息：Item: 6a5f821098182e44945fed37 at: 5, 37 size: 1x6 extends outside the containers bounds
[2026-07-30 12:43:34.523][Error][SPTarkov.Server.Core.Helpers.InventoryHelper] [OOB] 物品：6a5f821098182e44945fed37；错误消息：Item: 6a5f821098182e44945fed37 at: 5, 37 size: 1x6 extends outside the containers bounds
[2026-07-30 12:43:34.524][Error][SPTarkov.Server.Core.Helpers.InventoryHelper] [OOB] 物品：6a5f821098182e44945fed37；错误消息：Item: 6a5f821098182e44945fed37 at: 5, 37 size: 1x6 extends outside the containers bounds
[2026-07-30 12:43:37.297][Info][SPTarkov.Server.Logger.SptLoggerMiddleware] [客户端请求] /launcher/profile/info
[2026-07-30 12:43:37.382][Info][SPTarkov.Server.Logger.SptLoggerMiddleware] [客户端请求] /launcher/server/version
[2026-07-30 12:43:39.053][Info][SPTarkov.Server.Logger.SptLoggerMiddleware] [客户端请求] /fika/presence/set
[2026-07-30 12:43:39.251][Info][SPTarkov.Server.Logger.SptLoggerMiddleware] [客户端请求] /client/game/profile/items/moving
[2026-07-30 12:43:42.446][Info][SPTarkov.Server.Logger.SptLoggerMiddleware] [客户端请求] /client/trading/api/getTraderAssort/54cb50c76803fa8b248b4571
[2026-07-30 12:43:44.531][Info][SPTarkov.Server.Logger.SptLoggerMiddleware] [客户端请求] /client/trading/api/getTraderAssort/579dc571d53a0658a154fbec
[2026-07-30 12:43:45.627][Info][SPTarkov.Server.Logger.SptLoggerMiddleware] [客户端请求] /client/trading/api/getTraderAssort/5a7c2eca46aef81a7ca2145d
[2026-07-30 12:43:49.662][Info][SPTarkov.Server.Logger.SptLoggerMiddleware] [客户端请求] /client/game/profile/items/moving
[2026-07-30 12:43:50.548][Warn][SPTarkov.Server.Core.Utils.RagfairOfferHolder] Expired offerId: 6a6b3d61d1a37b36248d3c39 not found, skipping
[2026-07-30 12:43:50.548][Warn][SPTarkov.Server.Core.Utils.RagfairOfferHolder] Expired offerId: 6a6b463dd1a37b36248f626e not found, skipping
[2026-07-30 12:43:51.218][Info][SPTarkov.Server.Logger.SptLoggerMiddleware] [客户端请求] /client/game/profile/items/moving
[2026-07-30 12:43:55.239][Info][SPTarkov.Server.Logger.SptLoggerMiddleware] [客户端请求] /fika/presence/set
[2026-07-30 12:43:58.732][Info][SPTarkov.Server.Logger.SptLoggerMiddleware] [客户端请求] /client/ragfair/itemMarketPrice
[2026-07-30 12:43:58.739][Info][SPTarkov.Server.Logger.SptLoggerMiddleware] [客户端请求] /client/items/prices
[2026-07-30 12:44:03.160][Info][SPTarkov.Server.Logger.SptLoggerMiddleware] [客户端请求] /client/items
[2026-07-30 12:44:03.369][Info][SPTarkov.Server.Logger.SptLoggerMiddleware] [客户端请求] /client/ragfair/offerfees
[2026-07-30 12:44:03.597][Info][SPTarkov.Server.Logger.SptLoggerMiddleware] [客户端请求] /client/game/profile/items/moving
[2026-07-30 12:44:05.157][Info][SPTarkov.Server.Logger.SptLoggerMiddleware] [客户端请求] /client/items/prices
[2026-07-30 12:44:05.162][Info][SPTarkov.Server.Logger.SptLoggerMiddleware] [客户端请求] /client/ragfair/itemMarketPrice
[2026-07-30 12:44:06.940][Info][SPTarkov.Server.Logger.SptLoggerMiddleware] [客户端请求] /client/ragfair/offerfees
[2026-07-30 12:44:07.164][Info][SPTarkov.Server.Logger.SptLoggerMiddleware] [客户端请求] /client/game/profile/items/moving
[2026-07-30 12:44:07.631][Info][SPTarkov.Server.Logger.SptLoggerMiddleware] [客户端请求] /client/prestige/list
[2026-07-30 12:44:07.632][Info][SPTarkov.Server.Logger.SptLoggerMiddleware] [客户端请求] /client/settings
[2026-07-30 12:44:07.642][Info][SPTarkov.Server.Logger.SptLoggerMiddleware] [客户端请求] /client/globals
[2026-07-30 12:44:07.642][Info][SPTarkov.Server.Logger.SptLoggerMiddleware] [客户端请求] /client/trading/api/traderSettings
[2026-07-30 12:44:07.642][Info][SPTarkov.Server.Logger.SptLoggerMiddleware] [客户端请求] /client/customization
[2026-07-30 12:44:07.823][Info][SPTarkov.Server.Logger.SptLoggerMiddleware] [客户端请求] /client/customization/storage
[2026-07-30 12:44:08.043][Info][SPTarkov.Server.Logger.SptLoggerMiddleware] [客户端请求] /client/dialogue
[2026-07-30 12:44:08.050][Info][SPTarkov.Server.Logger.SptLoggerMiddleware] [客户端请求] /client/game/profile/list
[2026-07-30 12:44:08.391][Info][SPTarkov.Server.Logger.SptLoggerMiddleware] [客户端请求] /client/items/prices
[2026-07-30 12:44:08.394][Info][SPTarkov.Server.Logger.SptLoggerMiddleware] [客户端请求] /client/ragfair/itemMarketPrice
[2026-07-30 12:44:09.290][Info][SPTarkov.Server.Logger.SptLoggerMiddleware] [客户端请求] /client/game/profile/select
[2026-07-30 12:44:09.341][Info][SPTarkov.Server.Logger.SptLoggerMiddleware] [客户端请求] /client/profile/status
[2026-07-30 12:44:09.403][Info][SPTarkov.Server.Logger.SptLoggerMiddleware] [客户端请求] /client/handbook/templates
[2026-07-30 12:44:10.141][Info][SPTarkov.Server.Logger.SptLoggerMiddleware] [客户端请求] /client/ragfair/offerfees
[2026-07-30 12:44:10.375][Info][SPTarkov.Server.Logger.SptLoggerMiddleware] [客户端请求] /client/game/profile/items/moving
[2026-07-30 12:44:10.798][Info][SPTarkov.Server.Logger.SptLoggerMiddleware] [客户端请求] /client/builds/list
[2026-07-30 12:44:11.224][Info][SPTarkov.Server.Logger.SptLoggerMiddleware] [客户端请求] /botplacementsystem/load
[2026-07-30 12:44:11.232][Info][SPTarkov.Server.Logger.SptLoggerMiddleware] [客户端请求] /weaponcustomizer/load
[2026-07-30 12:44:11.725][Info][SPTarkov.Server.Logger.SptLoggerMiddleware] [客户端请求] /client/items/prices
[2026-07-30 12:44:11.730][Info][SPTarkov.Server.Logger.SptLoggerMiddleware] [客户端请求] /client/ragfair/itemMarketPrice
[2026-07-30 12:44:12.236][Info][SPTarkov.Server.Core.Servers.Ws.SptWebSocketConnectionHandler] [ws] player: JúnioR (68f79277575e002bfcf5a4a1) 20260730124300566 has disconnected
[2026-07-30 12:44:13.649][Info][SPTarkov.Server.Logger.SptLoggerMiddleware] [客户端请求] /client/ragfair/offerfees
[2026-07-30 12:44:13.877][Info][SPTarkov.Server.Logger.SptLoggerMiddleware] [客户端请求] /client/game/profile/items/moving
[2026-07-30 12:44:14.198][Info][SPTarkov.Server.Logger.SptLoggerMiddleware] [客户端请求] /client/notifier/channel/create
[2026-07-30 12:44:14.213][Info][SPTarkov.Server.Logger.SptLoggerMiddleware] [客户端请求] /client/locale/ch
[2026-07-30 12:44:14.213][Info][SPTarkov.Server.Logger.SptLoggerMiddleware] [客户端请求] /client/weather
[2026-07-30 12:44:14.213][Info][SPTarkov.Server.Logger.SptLoggerMiddleware] [客户端请求] /client/locations
[2026-07-30 12:44:14.216][Info][SPTarkov.Server.Logger.SptLoggerMiddleware] [客户端请求] /client/profile/status
[2026-07-30 12:44:14.239][Info][SPTarkov.Server.Logger.SptLoggerMiddleware] [客户端请求] /client/hideout/qte/list
[2026-07-30 12:44:14.240][Info][SPTarkov.Server.Logger.SptLoggerMiddleware] [客户端请求] /client/hideout/settings
[2026-07-30 12:44:14.240][Info][SPTarkov.Server.Logger.SptLoggerMiddleware] [客户端请求] /client/hideout/customization/offer/list
[2026-07-30 12:44:14.240][Info][SPTarkov.Server.Logger.SptLoggerMiddleware] [客户端请求] /client/hideout/production/recipes
[2026-07-30 12:44:14.240][Info][SPTarkov.Server.Logger.SptLoggerMiddleware] [客户端请求] /client/hideout/areas
[2026-07-30 12:44:14.256][Info][SPTarkov.Server.Logger.SptLoggerMiddleware] [WebSocket 请求] /notifierServer/getwebsocket/68f79277575e002bfcf5a4a1
[2026-07-30 12:44:14.257][Info][SPTarkov.Server.Core.Servers.Ws.SptWebSocketConnectionHandler] [WS] 玩家：JúnioR (68f79277575e002bfcf5a4a1) 20260730124414256 已连接
[2026-07-30 12:44:15.175][Info][SPTarkov.Server.Logger.SptLoggerMiddleware] [客户端请求] /client/items/prices
[2026-07-30 12:44:15.176][Info][SPTarkov.Server.Logger.SptLoggerMiddleware] [客户端请求] /client/ragfair/itemMarketPrice
[2026-07-30 12:44:17.140][Info][SPTarkov.Server.Logger.SptLoggerMiddleware] [客户端请求] /client/ragfair/offerfees
[2026-07-30 12:44:17.271][Info][SPTarkov.Server.Logger.SptLoggerMiddleware] [客户端请求] /client/friend/list
[2026-07-30 12:44:17.294][Info][SPTarkov.Server.Logger.SptLoggerMiddleware] [客户端请求] /client/match/group/current
[2026-07-30 12:44:17.294][Info][SPTarkov.Server.Logger.SptLoggerMiddleware] [客户端请求] /client/friend/request/list/inbox
[2026-07-30 12:44:17.294][Info][SPTarkov.Server.Logger.SptLoggerMiddleware] [客户端请求] /client/mail/dialog/list
[2026-07-30 12:44:17.294][Info][SPTarkov.Server.Logger.SptLoggerMiddleware] [客户端请求] /client/server/list
[2026-07-30 12:44:17.294][Info][SPTarkov.Server.Logger.SptLoggerMiddleware] [客户端请求] /client/quest/list
[2026-07-30 12:44:17.295][Info][SPTarkov.Server.Logger.SptLoggerMiddleware] [客户端请求] /client/friend/request/list/outbox
[2026-07-30 12:44:17.378][Info][SPTarkov.Server.Logger.SptLoggerMiddleware] [客户端请求] /client/game/profile/items/moving
[2026-07-30 12:44:17.536][Info][SPTarkov.Server.Logger.SptLoggerMiddleware] [客户端请求] /launcher/profile/info
[2026-07-30 12:44:17.538][Info][SPTarkov.Server.Logger.SptLoggerMiddleware] [客户端请求] /launcher/server/version
[2026-07-30 12:44:17.566][Info][SPTarkov.Server.Logger.SptLoggerMiddleware] [客户端请求] /client/achievement/statistic
[2026-07-30 12:44:17.630][Info][SPTarkov.Server.Logger.SptLoggerMiddleware] [客户端请求] /client/achievement/list
[2026-07-30 12:44:17.808][Info][SPTarkov.Server.Logger.SptLoggerMiddleware] [客户端请求] /client/repeatalbeQuests/activityPeriods
[2026-07-30 12:44:17.909][Info][SPTarkov.Server.Logger.SptLoggerMiddleware] [客户端请求] /client/survey
[2026-07-30 12:44:18.302][Info][SPTarkov.Server.Logger.SptLoggerMiddleware] [客户端请求] /fika/presence/set
[2026-07-30 12:44:18.470][Info][SPTarkov.Server.Logger.SptLoggerMiddleware] [客户端请求] /fika/presence/get
[2026-07-30 12:44:18.972][Info][SPTarkov.Server.Logger.SptLoggerMiddleware] [客户端请求] /client/ragfair/itemMarketPrice
[2026-07-30 12:44:18.977][Info][SPTarkov.Server.Logger.SptLoggerMiddleware] [客户端请求] /client/items/prices
[2026-07-30 12:44:20.641][Info][SPTarkov.Server.Logger.SptLoggerMiddleware] [客户端请求] /client/ragfair/offerfees
[2026-07-30 12:44:20.866][Info][SPTarkov.Server.Logger.SptLoggerMiddleware] [客户端请求] /client/game/profile/items/moving
[2026-07-30 12:44:24.988][Info][SPTarkov.Server.Logger.SptLoggerMiddleware] [客户端请求] /client/mail/dialog/getAllAttachments
[2026-07-30 12:44:28.316][Info][SPTarkov.Server.Logger.SptLoggerMiddleware] [客户端请求] /fika/presence/set
[2026-07-30 12:44:28.410][Info][SPTarkov.Server.Logger.SptLoggerMiddleware] [客户端请求] /fika/presence/get
[2026-07-30 12:44:28.515][Info][SPTarkov.Server.Logger.SptLoggerMiddleware] [客户端请求] /client/game/profile/items/moving
[2026-07-30 12:44:31.278][Info][SPTarkov.Server.Logger.SptLoggerMiddleware] [客户端请求] /fika/presence/set
[2026-07-30 12:44:31.478][Info][SPTarkov.Server.Logger.SptLoggerMiddleware] [客户端请求] /client/trading/api/getTraderAssort/58330581ace78e27b8b10cee
[2026-07-30 12:44:31.478][Info][SPTarkov.Server.Logger.SptLoggerMiddleware] [客户端请求] /client/ragfair/find
[2026-07-30 12:44:31.483][Info][SPTarkov.Server.Logger.SptLoggerMiddleware] [客户端请求] /client/trading/api/getTraderAssort/5935c25fb3acc3127c3d8cd9
[2026-07-30 12:44:33.287][Info][SPTarkov.Server.Logger.SptLoggerMiddleware] [客户端请求] /fika/presence/set
[2026-07-30 12:44:35.380][Info][SPTarkov.Server.Logger.SptLoggerMiddleware] [客户端请求] /client/ragfair/find
[2026-07-30 12:44:37.285][Info][SPTarkov.Server.Logger.SptLoggerMiddleware] [客户端请求] /launcher/profile/info
[2026-07-30 12:44:37.370][Info][SPTarkov.Server.Logger.SptLoggerMiddleware] [客户端请求] /launcher/server/version
[2026-07-30 12:44:37.864][Info][SPTarkov.Server.Logger.SptLoggerMiddleware] [客户端请求] /fika/presence/set
[2026-07-30 12:44:38.411][Info][SPTarkov.Server.Logger.SptLoggerMiddleware] [客户端请求] /fika/presence/get
[2026-07-30 12:44:39.504][Info][SPTarkov.Server.Logger.SptLoggerMiddleware] [客户端请求] /client/ragfair/itemMarketPrice
[2026-07-30 12:44:39.505][Info][SPTarkov.Server.Logger.SptLoggerMiddleware] [客户端请求] /client/items/prices
[2026-07-30 12:44:41.123][Info][SPTarkov.Server.Logger.SptLoggerMiddleware] [客户端请求] /client/ragfair/offerfees
[2026-07-30 12:44:41.351][Info][SPTarkov.Server.Logger.SptLoggerMiddleware] [客户端请求] /client/game/profile/items/moving
[2026-07-30 12:44:42.778][Info][SPTarkov.Server.Logger.SptLoggerMiddleware] [客户端请求] /client/ragfair/itemMarketPrice
[2026-07-30 12:44:42.781][Info][SPTarkov.Server.Logger.SptLoggerMiddleware] [客户端请求] /client/items/prices
[2026-07-30 12:44:47.230][Info][SPTarkov.Server.Logger.SptLoggerMiddleware] [客户端请求] /client/ragfair/offerfees
[2026-07-30 12:44:47.461][Info][SPTarkov.Server.Logger.SptLoggerMiddleware] [客户端请求] /client/game/profile/items/moving
[2026-07-30 12:44:48.411][Info][SPTarkov.Server.Logger.SptLoggerMiddleware] [客户端请求] /fika/presence/get
[2026-07-30 12:44:48.963][Info][SPTarkov.Server.Logger.SptLoggerMiddleware] [客户端请求] /client/items/prices
[2026-07-30 12:44:48.968][Info][SPTarkov.Server.Logger.SptLoggerMiddleware] [客户端请求] /client/ragfair/itemMarketPrice
[2026-07-30 12:44:51.546][Info][SPTarkov.Server.Logger.SptLoggerMiddleware] [客户端请求] /client/ragfair/offerfees
[2026-07-30 12:44:51.781][Info][SPTarkov.Server.Logger.SptLoggerMiddleware] [客户端请求] /client/game/profile/items/moving
[2026-07-30 12:44:53.203][Info][SPTarkov.Server.Logger.SptLoggerMiddleware] [客户端请求] /client/items/prices
[2026-07-30 12:44:53.210][Info][SPTarkov.Server.Logger.SptLoggerMiddleware] [客户端请求] /client/ragfair/itemMarketPrice
[2026-07-30 12:44:54.846][Info][SPTarkov.Server.Logger.SptLoggerMiddleware] [客户端请求] /client/ragfair/offerfees
[2026-07-30 12:44:55.071][Info][SPTarkov.Server.Logger.SptLoggerMiddleware] [客户端请求] /client/game/profile/items/moving
[2026-07-30 12:44:58.412][Info][SPTarkov.Server.Logger.SptLoggerMiddleware] [客户端请求] /fika/presence/get
[2026-07-30 12:45:08.414][Info][SPTarkov.Server.Logger.SptLoggerMiddleware] [客户端请求] /fika/presence/get
[2026-07-30 12:45:13.618][Info][SPTarkov.Server.Logger.SptLoggerMiddleware] [客户端请求] /client/mail/dialog/getAllAttachments
[2026-07-30 12:45:13.944][Info][SPTarkov.Server.Logger.SptLoggerMiddleware] [客户端请求] /client/game/profile/items/moving
[2026-07-30 12:45:17.523][Info][SPTarkov.Server.Logger.SptLoggerMiddleware] [客户端请求] /launcher/profile/info
[2026-07-30 12:45:17.525][Info][SPTarkov.Server.Logger.SptLoggerMiddleware] [客户端请求] /launcher/server/version
[2026-07-30 12:45:18.058][Info][SPTarkov.Server.Logger.SptLoggerMiddleware] [客户端请求] /fika/presence/set
[2026-07-30 12:45:18.258][Info][SPTarkov.Server.Logger.SptLoggerMiddleware] [客户端请求] /client/game/profile/items/moving
[2026-07-30 12:45:18.414][Info][SPTarkov.Server.Logger.SptLoggerMiddleware] [客户端请求] /fika/presence/get
[2026-07-30 12:45:28.415][Info][SPTarkov.Server.Logger.SptLoggerMiddleware] [客户端请求] /fika/presence/get
[2026-07-30 12:45:37.278][Info][SPTarkov.Server.Logger.SptLoggerMiddleware] [客户端请求] /launcher/profile/info
[2026-07-30 12:45:37.362][Info][SPTarkov.Server.Logger.SptLoggerMiddleware] [客户端请求] /launcher/server/version
[2026-07-30 12:45:38.416][Info][SPTarkov.Server.Logger.SptLoggerMiddleware] [客户端请求] /fika/presence/get
[2026-07-30 12:45:48.418][Info][SPTarkov.Server.Logger.SptLoggerMiddleware] [客户端请求] /fika/presence/get
[2026-07-30 12:45:53.018][Info][SPTarkov.Server.Logger.SptLoggerMiddleware] [客户端请求] /fika/presence/set
[2026-07-30 12:46:01.546][Info][SPTarkov.Server.Logger.SptLoggerMiddleware] [客户端请求] /fika/presence/set
[2026-07-30 12:46:01.602][Info][SPTarkov.Server.Logger.SptLoggerMiddleware] [客户端请求] /fika/presence/get
[2026-07-30 12:46:05.571][Info][SPTarkov.Server.Logger.SptLoggerMiddleware] [客户端请求] /fika/presence/set
[2026-07-30 12:46:10.169][Info][SPTarkov.Server.Logger.SptLoggerMiddleware] [客户端请求] /fika/presence/set
[2026-07-30 12:46:10.230][Info][SPTarkov.Server.Logger.SptLoggerMiddleware] [客户端请求] /fika/presence/get
[2026-07-30 12:46:14.930][Info][SPTarkov.Server.Logger.SptLoggerMiddleware] [客户端请求] /client/trading/api/getTraderAssort/5935c25fb3acc3127c3d8cd9
[2026-07-30 12:46:14.933][Info][SPTarkov.Server.Logger.SptLoggerMiddleware] [客户端请求] /client/trading/api/getTraderAssort/58330581ace78e27b8b10cee
[2026-07-30 12:46:14.939][Info][SPTarkov.Server.Logger.SptLoggerMiddleware] [客户端请求] /client/trading/api/getTraderAssort/54cb50c76803fa8b248b4571
[2026-07-30 12:46:17.532][Info][SPTarkov.Server.Logger.SptLoggerMiddleware] [客户端请求] /launcher/profile/info
[2026-07-30 12:46:17.534][Info][SPTarkov.Server.Logger.SptLoggerMiddleware] [客户端请求] /launcher/server/version
[2026-07-30 12:46:37.278][Info][SPTarkov.Server.Logger.SptLoggerMiddleware] [客户端请求] /launcher/profile/info
[2026-07-30 12:46:37.361][Info][SPTarkov.Server.Logger.SptLoggerMiddleware] [客户端请求] /launcher/server/version
[2026-07-30 12:46:37.970][Info][SPTarkov.Server.Logger.SptLoggerMiddleware] [客户端请求] /client/game/keepalive
[2026-07-30 12:46:47.742][Info][SPTarkov.Server.Logger.SptLoggerMiddleware] [客户端请求] /fika/presence/set
[2026-07-30 12:46:47.798][Info][SPTarkov.Server.Logger.SptLoggerMiddleware] [客户端请求] /fika/presence/get
[2026-07-30 12:47:03.349][Info][SPTarkov.Server.Logger.SptLoggerMiddleware] [客户端请求] /fika/presence/set
[2026-07-30 12:47:03.406][Info][SPTarkov.Server.Logger.SptLoggerMiddleware] [客户端请求] /fika/presence/get
[2026-07-30 12:47:05.846][Info][SPTarkov.Server.Logger.SptLoggerMiddleware] [客户端请求] /fika/presence/set
[2026-07-30 12:47:05.907][Info][SPTarkov.Server.Logger.SptLoggerMiddleware] [客户端请求] /fika/presence/get
[2026-07-30 12:47:10.674][Info][SPTarkov.Server.Logger.SptLoggerMiddleware] [客户端请求] /client/trading/api/getTraderAssort/5935c25fb3acc3127c3d8cd9
[2026-07-30 12:47:10.677][Info][SPTarkov.Server.Logger.SptLoggerMiddleware] [客户端请求] /client/trading/api/getTraderAssort/54cb50c76803fa8b248b4571
[2026-07-30 12:47:10.681][Info][SPTarkov.Server.Logger.SptLoggerMiddleware] [客户端请求] /client/trading/api/getTraderAssort/58330581ace78e27b8b10cee
[2026-07-30 12:47:12.048][Info][SPTarkov.Server.Logger.SptLoggerMiddleware] [客户端请求] /client/trading/api/getTraderAssort/579dc571d53a0658a154fbec
[2026-07-30 12:47:12.815][Info][SPTarkov.Server.Logger.SptLoggerMiddleware] [客户端请求] /client/items/prices/54cb57776803fa99248b456e
[2026-07-30 12:47:13.302][Info][SPTarkov.Server.Logger.SptLoggerMiddleware] [客户端请求] /client/trading/api/getTraderAssort/54cb57776803fa99248b456e
[2026-07-30 12:47:17.537][Info][SPTarkov.Server.Logger.SptLoggerMiddleware] [客户端请求] /launcher/profile/info
[2026-07-30 12:47:17.539][Info][SPTarkov.Server.Logger.SptLoggerMiddleware] [客户端请求] /launcher/server/version
[2026-07-30 12:47:18.831][Info][SPTarkov.Server.Logger.SptLoggerMiddleware] [客户端请求] /client/trading/api/getTraderAssort/5a7c2eca46aef81a7ca2145d
[2026-07-30 12:47:26.969][Info][SPTarkov.Server.Logger.SptLoggerMiddleware] [客户端请求] /fika/presence/set
[2026-07-30 12:47:27.026][Info][SPTarkov.Server.Logger.SptLoggerMiddleware] [客户端请求] /fika/presence/get
[2026-07-30 12:47:36.999][Info][SPTarkov.Server.Logger.SptLoggerMiddleware] [客户端请求] /fika/presence/get
[2026-07-30 12:47:37.274][Info][SPTarkov.Server.Logger.SptLoggerMiddleware] [客户端请求] /launcher/profile/info
[2026-07-30 12:47:37.358][Info][SPTarkov.Server.Logger.SptLoggerMiddleware] [客户端请求] /launcher/server/version
[2026-07-30 12:47:53.028][Info][SPTarkov.Server.Logger.SptLoggerMiddleware] [客户端请求] /client/trading/api/getTraderAssort/58330581ace78e27b8b10cee
[2026-07-30 12:47:53.048][Info][SPTarkov.Server.Logger.SptLoggerMiddleware] [客户端请求] /client/trading/api/getTraderAssort/54cb50c76803fa8b248b4571
[2026-07-30 12:47:53.048][Info][SPTarkov.Server.Logger.SptLoggerMiddleware] [客户端请求] /client/trading/api/getTraderAssort/5935c25fb3acc3127c3d8cd9
[2026-07-30 12:47:56.793][Info][SPTarkov.Server.Logger.SptLoggerMiddleware] [客户端请求] /fika/presence/set
[2026-07-30 12:48:17.532][Info][SPTarkov.Server.Logger.SptLoggerMiddleware] [客户端请求] /launcher/profile/info
[2026-07-30 12:48:17.534][Info][SPTarkov.Server.Logger.SptLoggerMiddleware] [客户端请求] /launcher/server/version
[2026-07-30 12:48:34.820][Info][SPTarkov.Server.Logger.SptLoggerMiddleware] [客户端请求] /singleplayer/settings/raid/menu
[2026-07-30 12:48:35.590][Info][SPTarkov.Server.Logger.SptLoggerMiddleware] [客户端请求] /client/insurance/items/list/cost
[2026-07-30 12:48:37.280][Info][SPTarkov.Server.Logger.SptLoggerMiddleware] [客户端请求] /launcher/profile/info
[2026-07-30 12:48:37.364][Info][SPTarkov.Server.Logger.SptLoggerMiddleware] [客户端请求] /launcher/server/version
[2026-07-30 12:48:58.023][Info][SPTarkov.Server.Logger.SptLoggerMiddleware] [客户端请求] /client/game/keepalive
[2026-07-30 12:49:17.535][Info][SPTarkov.Server.Logger.SptLoggerMiddleware] [客户端请求] /launcher/profile/info
[2026-07-30 12:49:17.537][Info][SPTarkov.Server.Logger.SptLoggerMiddleware] [客户端请求] /launcher/server/version
[2026-07-30 12:49:37.277][Info][SPTarkov.Server.Logger.SptLoggerMiddleware] [客户端请求] /launcher/profile/info
[2026-07-30 12:49:37.385][Info][SPTarkov.Server.Logger.SptLoggerMiddleware] [客户端请求] /launcher/server/version
[2026-07-30 12:50:17.530][Info][SPTarkov.Server.Logger.SptLoggerMiddleware] [客户端请求] /launcher/profile/info
[2026-07-30 12:50:17.532][Info][SPTarkov.Server.Logger.SptLoggerMiddleware] [客户端请求] /launcher/server/version
[2026-07-30 12:50:37.277][Info][SPTarkov.Server.Logger.SptLoggerMiddleware] [客户端请求] /launcher/profile/info
[2026-07-30 12:50:37.361][Info][SPTarkov.Server.Logger.SptLoggerMiddleware] [客户端请求] /launcher/server/version
[2026-07-30 12:50:55.793][Info][SPTarkov.Server.Logger.SptLoggerMiddleware] [客户端请求] /client/game/keepalive
[2026-07-30 12:51:17.530][Info][SPTarkov.Server.Logger.SptLoggerMiddleware] [客户端请求] /launcher/profile/info
[2026-07-30 12:51:17.531][Info][SPTarkov.Server.Logger.SptLoggerMiddleware] [客户端请求] /launcher/server/version
[2026-07-30 12:51:18.074][Info][SPTarkov.Server.Logger.SptLoggerMiddleware] [客户端请求] /client/game/keepalive
[2026-07-30 12:51:35.739][Info][SPTarkov.Server.Logger.SptLoggerMiddleware] [客户端请求] /fika/presence/set
[2026-07-30 12:51:35.752][Info][SPTarkov.Server.Logger.SptLoggerMiddleware] [客户端请求] /client/checkVersion
[2026-07-30 12:51:35.761][Info][SPTarkov.Server.Logger.SptLoggerMiddleware] [客户端请求] /fika/presence/get
[2026-07-30 12:51:37.266][Info][SPTarkov.Server.Logger.SptLoggerMiddleware] [客户端请求] /launcher/profile/info
[2026-07-30 12:51:37.350][Info][SPTarkov.Server.Logger.SptLoggerMiddleware] [客户端请求] /launcher/server/version
[2026-07-30 12:51:59.981][Info][SPTarkov.Server.Logger.SptLoggerMiddleware] [客户端请求] /fika/presence/set
[2026-07-30 12:52:00.000][Info][SPTarkov.Server.Logger.SptLoggerMiddleware] [客户端请求] /fika/presence/get
[2026-07-30 12:52:00.018][Info][SPTarkov.Server.Logger.SptLoggerMiddleware] [客户端请求] /client/game/profile/items/moving
[2026-07-30 12:52:03.953][Info][SPTarkov.Server.Logger.SptLoggerMiddleware] [客户端请求] /singleplayer/settings/raid/menu
[2026-07-30 12:52:05.684][Info][SPTarkov.Server.Logger.SptLoggerMiddleware] [客户端请求] /singleplayer/settings/raid/menu
[2026-07-30 12:52:06.277][Info][SPTarkov.Server.Logger.SptLoggerMiddleware] [客户端请求] /client/insurance/items/list/cost
[2026-07-30 12:52:09.664][Info][SPTarkov.Server.Logger.SptLoggerMiddleware] [客户端请求] /fika/headless/available
[2026-07-30 12:52:09.676][Info][SPTarkov.Server.Logger.SptLoggerMiddleware] [客户端请求] /fika/location/raids
[2026-07-30 12:52:09.722][Info][SPTarkov.Server.Logger.SptLoggerMiddleware] [客户端请求] /client/match/group/invite/cancel-all
[2026-07-30 12:52:09.723][Info][SPTarkov.Server.Logger.SptLoggerMiddleware] [客户端请求] /client/raid/configuration
[2026-07-30 12:52:09.763][Info][SPTarkov.Server.Logger.SptLoggerMiddleware] [客户端请求] /client/match/group/invite/cancel-all
[2026-07-30 12:52:10.992][Info][SPTarkov.Server.Logger.SptLoggerMiddleware] [客户端请求] /fika/raid/create
[2026-07-30 12:52:11.170][Info][SPTarkov.Server.Core.Generators.LocationLootGenerator] A total of: 2869 static items spawned
[2026-07-30 12:52:11.170][Info][SPTarkov.Server.Core.Generators.LocationLootGenerator] 共计972个静态容器已生成
[2026-07-30 12:52:13.124][Info][SPTarkov.Server.Core.Generators.LocationLootGenerator] 共计699个动态物品已生成
[2026-07-30 12:52:13.124][Info][SPTarkov.Server.Core.Generators.LocationLootGenerator] 已生成地点TarkovStreets
[2026-07-30 12:52:15.197][Info][SPTarkov.Server.Logger.SptLoggerMiddleware] [客户端请求] /client/raid/configuration
[2026-07-30 12:52:15.225][Info][SPTarkov.Server.Logger.SptLoggerMiddleware] [客户端请求] /fika/update/ping
[2026-07-30 12:52:15.288][Info][SPTarkov.Server.Logger.SptLoggerMiddleware] [客户端请求] /fika/update/sethost
[2026-07-30 12:52:15.292][Info][SPTarkov.Server.Logger.SptLoggerMiddleware] [客户端请求] /fika/update/setstatus
[2026-07-30 12:52:15.448][Info][SPTarkov.Server.Logger.SptLoggerMiddleware] [客户端请求] /client/match/group/exit_from_menu
[2026-07-30 12:52:17.525][Info][SPTarkov.Server.Logger.SptLoggerMiddleware] [客户端请求] /launcher/profile/info
[2026-07-30 12:52:17.527][Info][SPTarkov.Server.Logger.SptLoggerMiddleware] [客户端请求] /launcher/server/version
[2026-07-30 12:52:37.259][Info][SPTarkov.Server.Logger.SptLoggerMiddleware] [客户端请求] /launcher/profile/info
[2026-07-30 12:52:37.345][Info][SPTarkov.Server.Logger.SptLoggerMiddleware] [客户端请求] /launcher/server/version
[2026-07-30 12:52:45.227][Info][SPTarkov.Server.Logger.SptLoggerMiddleware] [客户端请求] /fika/update/ping
[2026-07-30 12:52:59.033][Info][SPTarkov.Server.Logger.SptLoggerMiddleware] [客户端请求] /launcher/server/connect
[2026-07-30 12:52:59.129][Info][SPTarkov.Server.Logger.SptLoggerMiddleware] [客户端请求] /launcher/ping
[2026-07-30 12:52:59.203][Info][SPTarkov.Server.Logger.SptLoggerMiddleware] [客户端请求] /launcher/server/version
[2026-07-30 12:52:59.282][Info][SPTarkov.Server.Logger.SptLoggerMiddleware] [客户端请求] /files/launcher/bg.png
[2026-07-30 12:53:02.179][Info][SPTarkov.Server.Logger.SptLoggerMiddleware] [客户端请求] /launcher/profile/login
[2026-07-30 12:53:02.325][Info][SPTarkov.Server.Logger.SptLoggerMiddleware] [客户端请求] /launcher/ping
[2026-07-30 12:53:02.333][Info][SPTarkov.Server.Logger.SptLoggerMiddleware] [客户端请求] /launcher/profile/get
[2026-07-30 12:53:02.528][Info][SPTarkov.Server.Logger.SptLoggerMiddleware] [客户端请求] /launcher/profile/info
[2026-07-30 12:53:02.676][Info][SPTarkov.Server.Logger.SptLoggerMiddleware] [客户端请求] /launcher/server/version
[2026-07-30 12:53:02.749][Info][SPTarkov.Server.Logger.SptLoggerMiddleware] [客户端请求] /launcher/server/loadedServerMods
[2026-07-30 12:53:02.781][Info][SPTarkov.Server.Logger.SptLoggerMiddleware] [客户端请求] /files/launcher/side_bear.png
[2026-07-30 12:53:02.825][Info][SPTarkov.Server.Logger.SptLoggerMiddleware] [客户端请求] /launcher/server/serverModsUsedByProfile
[2026-07-30 12:53:02.862][Info][SPTarkov.Server.Logger.SptLoggerMiddleware] [客户端请求] /launcher/profile/login
[2026-07-30 12:53:03.004][Info][SPTarkov.Server.Logger.SptLoggerMiddleware] [客户端请求] /launcher/profile/get
[2026-07-30 12:53:03.146][Info][SPTarkov.Server.Logger.SptLoggerMiddleware] [客户端请求] /launcher/profile/info
[2026-07-30 12:53:03.292][Info][SPTarkov.Server.Logger.SptLoggerMiddleware] [客户端请求] /launcher/server/version
[2026-07-30 12:53:04.048][Info][SPTarkov.Server.Logger.SptLoggerMiddleware] [客户端请求] /launcher/profile/login
[2026-07-30 12:53:04.190][Info][SPTarkov.Server.Logger.SptLoggerMiddleware] [客户端请求] /launcher/profile/get
[2026-07-30 12:53:04.333][Info][SPTarkov.Server.Logger.SptLoggerMiddleware] [客户端请求] /launcher/profile/info
[2026-07-30 12:53:04.477][Info][SPTarkov.Server.Logger.SptLoggerMiddleware] [客户端请求] /launcher/server/version
[2026-07-30 12:53:04.539][Info][SPTarkov.Server.Logger.SptLoggerMiddleware] [客户端请求] /launcher/server/version
[2026-07-30 12:53:15.231][Info][SPTarkov.Server.Logger.SptLoggerMiddleware] [客户端请求] /fika/update/ping
[2026-07-30 12:53:15.991][Info][SPTarkov.Server.Logger.SptLoggerMiddleware] [客户端请求] /client/game/keepalive
[2026-07-30 12:53:17.034][Info][SPTarkov.Server.Logger.SptLoggerMiddleware] [客户端请求] /singleplayer/bosstypes
[2026-07-30 12:53:17.534][Info][SPTarkov.Server.Logger.SptLoggerMiddleware] [客户端请求] /launcher/profile/info
[2026-07-30 12:53:17.536][Info][SPTarkov.Server.Logger.SptLoggerMiddleware] [客户端请求] /launcher/server/version
[2026-07-30 12:53:17.922][Info][SPTarkov.Server.Logger.SptLoggerMiddleware] [客户端请求] /fika/natpunchserver/config
[2026-07-30 12:53:18.621][Info][SPTarkov.Server.Logger.SptLoggerMiddleware] [客户端请求] /fika/client/config
[2026-07-30 12:53:18.717][Info][SPTarkov.Server.Logger.SptLoggerMiddleware] [客户端请求] /singleplayer/settings/bot/difficulties/
[2026-07-30 12:53:20.703][Info][SPTarkov.Server.Logger.SptLoggerMiddleware] [客户端请求] /singleplayer/settings/bot/difficulty/core/core
[2026-07-30 12:53:26.071][Info][SPTarkov.Server.Logger.SptLoggerMiddleware] [客户端请求] /singleplayer/settings/version
[2026-07-30 12:53:26.144][Info][SPTarkov.Server.Logger.SptLoggerMiddleware] [客户端请求] /singleplayer/release
[2026-07-30 12:53:26.224][Info][SPTarkov.Server.Logger.SptLoggerMiddleware] [客户端请求] /singleplayer/moddedTraders
[2026-07-30 12:53:26.297][Info][SPTarkov.Server.Logger.SptLoggerMiddleware] [客户端请求] /singleplayer/enableBSGlogging
[2026-07-30 12:53:27.159][Info][SPTarkov.Server.Logger.SptLoggerMiddleware] [客户端请求] /singleplayer/bundles
[2026-07-30 12:53:31.374][Info][SPTarkov.Server.Logger.SptLoggerMiddleware] [客户端请求] /fika/client/check/version
[2026-07-30 12:53:31.471][Info][SPTarkov.Server.Logger.SptLoggerMiddleware] [客户端请求] /fika/client/check/mods
[2026-07-30 12:53:37.258][Info][SPTarkov.Server.Logger.SptLoggerMiddleware] [客户端请求] /launcher/profile/info
[2026-07-30 12:53:37.341][Info][SPTarkov.Server.Logger.SptLoggerMiddleware] [客户端请求] /launcher/server/version
[2026-07-30 12:53:41.122][Info][SPTarkov.Server.Logger.SptLoggerMiddleware] [客户端请求] /client/getMetricsConfig
[2026-07-30 12:53:41.230][Info][SPTarkov.Server.Logger.SptLoggerMiddleware] [客户端请求] /singleplayer/settings/getRaidTime
[2026-07-30 12:53:41.292][Info][SPTarkov.Server.Logger.SptLoggerMiddleware] [客户端请求] /client/raid/configuration
[2026-07-30 12:53:41.368][Info][SPTarkov.Server.Logger.SptLoggerMiddleware] [客户端请求] /client/match/local/start
[2026-07-30 12:53:42.123][Info][SPTarkov.Server.Core.Servers.Ws.SptWebSocketConnectionHandler] [ws] player: JúnioR (68f79277575e002bfcf5a4a1) 20260730124414256 has disconnected
[2026-07-30 12:53:45.237][Info][SPTarkov.Server.Logger.SptLoggerMiddleware] [客户端请求] /fika/update/ping
[2026-07-30 12:53:45.492][Info][SPTarkov.Server.Logger.SptLoggerMiddleware] [客户端请求] /dynamicmaps/load
[2026-07-30 12:53:45.711][Info][SPTarkov.Server.Logger.SptLoggerMiddleware] [客户端请求] /singleplayer/settings/version
[2026-07-30 12:53:46.216][Info][SPTarkov.Server.Logger.SptLoggerMiddleware] [客户端请求] /client/menu/locale/ch
[2026-07-30 12:53:46.568][Info][SPTarkov.Server.Logger.SptLoggerMiddleware] [客户端请求] /client/game/mode
[2026-07-30 12:53:46.901][Info][SPTarkov.Server.Logger.SptLoggerMiddleware] [客户端请求] /client/game/start
[2026-07-30 12:53:46.902][Info][SPTarkov.Server.Core.Services.ProfileFixerService] Successfully removed orphaned quest: 6a6b251a528f855db0e33fc9 that doesn't exist in quest data
[2026-07-30 12:53:46.902][Info][SPTarkov.Server.Core.Services.ProfileFixerService] Successfully removed orphaned quest: 6a6b251a528f855db0e33fb8 that doesn't exist in quest data
[2026-07-30 12:53:46.902][Info][SPTarkov.Server.Core.Services.ProfileFixerService] Successfully removed orphaned quest: 6a6b251a528f855db0e33fa5 that doesn't exist in quest data
[2026-07-30 12:53:47.038][Info][SPTarkov.Server.Logger.SptLoggerMiddleware] [客户端请求] /singleplayer/clientmods
[2026-07-30 12:53:47.381][Info][SPTarkov.Server.Logger.SptLoggerMiddleware] [客户端请求] /client/game/version/validate
[2026-07-30 12:53:47.717][Info][SPTarkov.Server.Logger.SptLoggerMiddleware] [客户端请求] /client/languages
[2026-07-30 12:53:48.071][Info][SPTarkov.Server.Logger.SptLoggerMiddleware] [客户端请求] /client/game/config
[2026-07-30 12:53:48.425][Info][SPTarkov.Server.Logger.SptLoggerMiddleware] [客户端请求] /client/items
[2026-07-30 12:54:01.602][Info][SPTarkov.Server.Logger.SptLoggerMiddleware] [客户端请求] /fika/headless/available
[2026-07-30 12:54:01.661][Info][SPTarkov.Server.Logger.SptLoggerMiddleware] [客户端请求] /fika/location/raids
[2026-07-30 12:54:01.861][Info][SPTarkov.Server.Logger.SptLoggerMiddleware] [客户端请求] /client/match/group/invite/cancel-all
[2026-07-30 12:54:01.867][Info][SPTarkov.Server.Logger.SptLoggerMiddleware] [客户端请求] /client/raid/configuration
[2026-07-30 12:54:02.091][Info][SPTarkov.Server.Logger.SptLoggerMiddleware] [客户端请求] /client/match/group/invite/cancel-all
[2026-07-30 12:54:02.172][Info][SPTarkov.Server.Logger.SptLoggerMiddleware] [客户端请求] /client/customization
[2026-07-30 12:54:02.240][Info][SPTarkov.Server.Logger.SptLoggerMiddleware] [客户端请求] /client/globals
[2026-07-30 12:54:02.244][Info][SPTarkov.Server.Logger.SptLoggerMiddleware] [客户端请求] /client/trading/api/traderSettings
[2026-07-30 12:54:02.244][Info][SPTarkov.Server.Logger.SptLoggerMiddleware] [客户端请求] /client/prestige/list
[2026-07-30 12:54:02.249][Info][SPTarkov.Server.Logger.SptLoggerMiddleware] [客户端请求] /client/settings
[2026-07-30 12:54:03.147][Info][SPTarkov.Server.Logger.SptLoggerMiddleware] [客户端请求] /client/customization/storage
[2026-07-30 12:54:03.587][Info][SPTarkov.Server.Logger.SptLoggerMiddleware] [客户端请求] /client/dialogue
[2026-07-30 12:54:03.598][Info][SPTarkov.Server.Logger.SptLoggerMiddleware] [客户端请求] /client/game/profile/list
[2026-07-30 12:54:04.293][Info][SPTarkov.Server.Logger.SptLoggerMiddleware] [客户端请求] /client/match/group/invite/cancel-all
[2026-07-30 12:54:04.294][Info][SPTarkov.Server.Logger.SptLoggerMiddleware] [客户端请求] /client/match/group/exit_from_menu
[2026-07-30 12:54:04.375][Info][SPTarkov.Server.Logger.SptLoggerMiddleware] [客户端请求] /singleplayer/settings/raid/menu
[2026-07-30 12:54:05.741][Info][SPTarkov.Server.Logger.SptLoggerMiddleware] [客户端请求] /launcher/profile/info
[2026-07-30 12:54:05.886][Info][SPTarkov.Server.Logger.SptLoggerMiddleware] [客户端请求] /launcher/server/version
[2026-07-30 12:54:05.940][Info][SPTarkov.Server.Logger.SptLoggerMiddleware] [客户端请求] /client/game/profile/select
[2026-07-30 12:54:06.278][Info][SPTarkov.Server.Logger.SptLoggerMiddleware] [客户端请求] /client/profile/status
[2026-07-30 12:54:06.750][Info][SPTarkov.Server.Logger.SptLoggerMiddleware] [客户端请求] /client/handbook/templates
[2026-07-30 12:54:09.236][Info][SPTarkov.Server.Logger.SptLoggerMiddleware] [客户端请求] /client/builds/list
[2026-07-30 12:54:09.625][Info][SPTarkov.Server.Logger.SptLoggerMiddleware] [客户端请求] /weaponcustomizer/load
[2026-07-30 12:54:09.874][Info][SPTarkov.Server.Logger.SptLoggerMiddleware] [WebSocket 请求] /fika/notification/
[2026-07-30 12:54:09.878][Info][SPTarkov.Server.Logger.SptLoggerMiddleware] [客户端请求] /singleplayer/settings/raid/menu
[2026-07-30 12:54:10.942][Info][SPTarkov.Server.Logger.SptLoggerMiddleware] [客户端请求] /fika/headless/available
[2026-07-30 12:54:10.989][Info][SPTarkov.Server.Logger.SptLoggerMiddleware] [客户端请求] /fika/location/raids
[2026-07-30 12:54:11.743][Info][SPTarkov.Server.Logger.SptLoggerMiddleware] [客户端请求] /client/raid/configuration
[2026-07-30 12:54:11.747][Info][SPTarkov.Server.Logger.SptLoggerMiddleware] [客户端请求] /client/match/group/invite/cancel-all
[2026-07-30 12:54:11.960][Info][SPTarkov.Server.Logger.SptLoggerMiddleware] [客户端请求] /client/match/group/invite/cancel-all
[2026-07-30 12:54:12.094][Info][SPTarkov.Server.Logger.SptLoggerMiddleware] [客户端请求] /client/notifier/channel/create
[2026-07-30 12:54:12.102][Info][SPTarkov.Server.Logger.SptLoggerMiddleware] [客户端请求] /client/profile/status
[2026-07-30 12:54:12.106][Info][SPTarkov.Server.Logger.SptLoggerMiddleware] [客户端请求] /client/weather
[2026-07-30 12:54:12.111][Info][SPTarkov.Server.Logger.SptLoggerMiddleware] [客户端请求] /client/locale/ch
[2026-07-30 12:54:12.118][Info][SPTarkov.Server.Logger.SptLoggerMiddleware] [客户端请求] /client/locations
[2026-07-30 12:54:12.193][Info][SPTarkov.Server.Logger.SptLoggerMiddleware] [客户端请求] /client/hideout/areas
[2026-07-30 12:54:12.194][Info][SPTarkov.Server.Logger.SptLoggerMiddleware] [客户端请求] /client/hideout/qte/list
[2026-07-30 12:54:12.198][Info][SPTarkov.Server.Logger.SptLoggerMiddleware] [客户端请求] /client/hideout/settings
[2026-07-30 12:54:12.206][Info][SPTarkov.Server.Logger.SptLoggerMiddleware] [客户端请求] /client/hideout/production/recipes
[2026-07-30 12:54:12.206][Info][SPTarkov.Server.Logger.SptLoggerMiddleware] [客户端请求] /client/hideout/customization/offer/list
[2026-07-30 12:54:12.431][Info][SPTarkov.Server.Logger.SptLoggerMiddleware] [WebSocket 请求] /notifierServer/getwebsocket/69802d793401cb1dcc190aae
[2026-07-30 12:54:12.432][Info][SPTarkov.Server.Core.Servers.Ws.SptWebSocketConnectionHandler] [WS] 玩家：Maxryuki (69802d793401cb1dcc190aae) 20260730125412431 已连接
[2026-07-30 12:54:13.530][Info][SPTarkov.Server.Logger.SptLoggerMiddleware] [客户端请求] /fika/raid/gethost
[2026-07-30 12:54:15.241][Info][SPTarkov.Server.Logger.SptLoggerMiddleware] [客户端请求] /fika/update/ping
[2026-07-30 12:54:16.358][Info][SPTarkov.Server.Logger.SptLoggerMiddleware] [客户端请求] /singleplayer/log
[2026-07-30 12:54:16.358][Warn][SPTarkov.Server.Core.Controllers.ClientLogController] [Warning: SPT.Core] Validation failed
[2026-07-30 12:54:17.499][Info][SPTarkov.Server.Logger.SptLoggerMiddleware] [客户端请求] /fika/update/playerspawn
[2026-07-30 12:54:17.523][Info][SPTarkov.Server.Logger.SptLoggerMiddleware] [客户端请求] /launcher/profile/info
[2026-07-30 12:54:17.524][Info][SPTarkov.Server.Logger.SptLoggerMiddleware] [客户端请求] /launcher/server/version
[2026-07-30 12:54:18.360][Info][SPTarkov.Server.Logger.SptLoggerMiddleware] [客户端请求] /client/server/list
[2026-07-30 12:54:18.365][Info][SPTarkov.Server.Logger.SptLoggerMiddleware] [客户端请求] /client/match/group/current
[2026-07-30 12:54:18.372][Info][SPTarkov.Server.Logger.SptLoggerMiddleware] [客户端请求] /client/friend/list
[2026-07-30 12:54:18.373][Info][SPTarkov.Server.Logger.SptLoggerMiddleware] [客户端请求] /client/friend/request/list/inbox
[2026-07-30 12:54:18.378][Info][SPTarkov.Server.Logger.SptLoggerMiddleware] [客户端请求] /client/mail/dialog/list
[2026-07-30 12:54:18.380][Info][SPTarkov.Server.Logger.SptLoggerMiddleware] [客户端请求] /client/friend/request/list/outbox
[2026-07-30 12:54:18.387][Info][SPTarkov.Server.Logger.SptLoggerMiddleware] [客户端请求] /client/quest/list
[2026-07-30 12:54:18.905][Info][SPTarkov.Server.Logger.SptLoggerMiddleware] [客户端请求] /fika/raid/join
[2026-07-30 12:54:18.953][Info][SPTarkov.Server.Logger.SptLoggerMiddleware] [客户端请求] /fika/update/addplayer
[2026-07-30 12:54:19.690][Info][SPTarkov.Server.Logger.SptLoggerMiddleware] [客户端请求] /client/raid/configuration
[2026-07-30 12:54:20.076][Info][SPTarkov.Server.Logger.SptLoggerMiddleware] [客户端请求] /client/match/group/exit_from_menu
[2026-07-30 12:54:21.285][Info][SPTarkov.Server.Logger.SptLoggerMiddleware] [客户端请求] /client/achievement/statistic
[2026-07-30 12:54:21.636][Info][SPTarkov.Server.Logger.SptLoggerMiddleware] [客户端请求] /client/achievement/list
[2026-07-30 12:54:22.323][Info][SPTarkov.Server.Logger.SptLoggerMiddleware] [客户端请求] /client/repeatalbeQuests/activityPeriods
[2026-07-30 12:54:22.684][Info][SPTarkov.Server.Logger.SptLoggerMiddleware] [客户端请求] /client/survey
[2026-07-30 12:54:23.507][Info][SPTarkov.Server.Logger.SptLoggerMiddleware] [客户端请求] /fika/presence/get
[2026-07-30 12:54:27.955][Info][SPTarkov.Server.Logger.SptLoggerMiddleware] [客户端请求] /fika/presence/set
[2026-07-30 12:54:37.258][Info][SPTarkov.Server.Logger.SptLoggerMiddleware] [客户端请求] /launcher/profile/info
[2026-07-30 12:54:37.344][Info][SPTarkov.Server.Logger.SptLoggerMiddleware] [客户端请求] /launcher/server/version
[2026-07-30 12:54:44.285][Info][SPTarkov.Server.Logger.SptLoggerMiddleware] [客户端请求] /fika/presence/set
[2026-07-30 12:54:44.381][Info][SPTarkov.Server.Logger.SptLoggerMiddleware] [客户端请求] /fika/presence/get
[2026-07-30 12:54:44.585][Info][SPTarkov.Server.Logger.SptLoggerMiddleware] [客户端请求] /client/checkVersion
[2026-07-30 12:54:44.686][Info][SPTarkov.Server.Logger.SptLoggerMiddleware] [客户端请求] /client/game/profile/items/moving
[2026-07-30 12:54:45.245][Info][SPTarkov.Server.Logger.SptLoggerMiddleware] [客户端请求] /fika/update/ping
[2026-07-30 12:54:45.420][Info][SPTarkov.Server.Logger.SptLoggerMiddleware] [客户端请求] /fika/raid/gethost
[2026-07-30 12:54:46.850][Info][SPTarkov.Server.Logger.SptLoggerMiddleware] [客户端请求] /fika/presence/set
[2026-07-30 12:54:47.101][Info][SPTarkov.Server.Logger.SptLoggerMiddleware] [客户端请求] /fika/raid/join
[2026-07-30 12:54:47.182][Info][SPTarkov.Server.Logger.SptLoggerMiddleware] [客户端请求] /fika/update/addplayer
[2026-07-30 12:55:05.732][Info][SPTarkov.Server.Logger.SptLoggerMiddleware] [客户端请求] /launcher/profile/info
[2026-07-30 12:55:05.875][Info][SPTarkov.Server.Logger.SptLoggerMiddleware] [客户端请求] /launcher/server/version
[2026-07-30 12:55:15.248][Info][SPTarkov.Server.Logger.SptLoggerMiddleware] [客户端请求] /fika/update/ping
[2026-07-30 12:55:17.524][Info][SPTarkov.Server.Logger.SptLoggerMiddleware] [客户端请求] /launcher/profile/info
[2026-07-30 12:55:17.525][Info][SPTarkov.Server.Logger.SptLoggerMiddleware] [客户端请求] /launcher/server/version
[2026-07-30 12:55:37.255][Info][SPTarkov.Server.Logger.SptLoggerMiddleware] [客户端请求] /launcher/profile/info
[2026-07-30 12:55:37.339][Info][SPTarkov.Server.Logger.SptLoggerMiddleware] [客户端请求] /launcher/server/version
[2026-07-30 12:55:37.850][Info][SPTarkov.Server.Logger.SptLoggerMiddleware] [客户端请求] /client/getMetricsConfig
[2026-07-30 12:55:38.037][Info][SPTarkov.Server.Logger.SptLoggerMiddleware] [客户端请求] /singleplayer/settings/getRaidTime
[2026-07-30 12:55:38.590][Info][SPTarkov.Server.Core.Servers.Ws.SptWebSocketConnectionHandler] [ws] player: DawnCloud (69568f09db017222c89b1183) 20260730122539507 has disconnected
[2026-07-30 12:55:39.300][Info][SPTarkov.Server.Logger.SptLoggerMiddleware] [客户端请求] /client/raid/configuration
[2026-07-30 12:55:39.523][Info][SPTarkov.Server.Logger.SptLoggerMiddleware] [客户端请求] /client/match/local/start
[2026-07-30 12:55:41.060][Info][SPTarkov.Server.Logger.SptLoggerMiddleware] [客户端请求] /fika/raid/getsettings
[2026-07-30 12:55:45.254][Info][SPTarkov.Server.Logger.SptLoggerMiddleware] [客户端请求] /fika/update/ping
[2026-07-30 12:55:45.574][Info][SPTarkov.Server.Logger.SptLoggerMiddleware] [客户端请求] /fika/update/playerspawn
[2026-07-30 12:56:01.735][Info][SPTarkov.Server.Logger.SptLoggerMiddleware] [客户端请求] /client/game/keepalive
[2026-07-30 12:56:04.444][Info][SPTarkov.Server.Logger.SptLoggerMiddleware] [客户端请求] /client/getMetricsConfig
[2026-07-30 12:56:04.638][Info][SPTarkov.Server.Logger.SptLoggerMiddleware] [客户端请求] /singleplayer/settings/getRaidTime
[2026-07-30 12:56:04.767][Info][SPTarkov.Server.Core.Servers.Ws.SptWebSocketConnectionHandler] [ws] player: Maxryuki (69802d793401cb1dcc190aae) 20260730125412431 has disconnected
[2026-07-30 12:56:05.724][Info][SPTarkov.Server.Logger.SptLoggerMiddleware] [客户端请求] /launcher/profile/info
[2026-07-30 12:56:05.870][Info][SPTarkov.Server.Logger.SptLoggerMiddleware] [客户端请求] /launcher/server/version
[2026-07-30 12:56:05.983][Info][SPTarkov.Server.Logger.SptLoggerMiddleware] [客户端请求] /client/raid/configuration
[2026-07-30 12:56:06.324][Info][SPTarkov.Server.Logger.SptLoggerMiddleware] [客户端请求] /client/match/local/start
[2026-07-30 12:56:08.192][Info][SPTarkov.Server.Logger.SptLoggerMiddleware] [客户端请求] /fika/raid/getsettings
[2026-07-30 12:56:12.662][Info][SPTarkov.Server.Logger.SptLoggerMiddleware] [客户端请求] /fika/update/playerspawn
[2026-07-30 12:56:15.257][Info][SPTarkov.Server.Logger.SptLoggerMiddleware] [客户端请求] /fika/update/ping
[2026-07-30 12:56:17.540][Info][SPTarkov.Server.Logger.SptLoggerMiddleware] [客户端请求] /launcher/profile/info
[2026-07-30 12:56:17.542][Info][SPTarkov.Server.Logger.SptLoggerMiddleware] [客户端请求] /launcher/server/version
[2026-07-30 12:56:18.687][Info][SPTarkov.Server.Logger.SptLoggerMiddleware] [客户端请求] /fika/update/setstatus
[2026-07-30 12:56:20.011][Info][SPTarkov.Server.Logger.SptLoggerMiddleware] [客户端请求] /fika/raid/registerPlayer
[2026-07-30 12:56:20.100][Info][SPTarkov.Server.Logger.SptLoggerMiddleware] [客户端请求] /fika/raid/registerPlayer
[2026-07-30 12:56:24.654][Info][SPTarkov.Server.Logger.SptLoggerMiddleware] [客户端请求] /client/localGame/weather
[2026-07-30 12:56:25.409][Info][SPTarkov.Server.Logger.SptLoggerMiddleware] [客户端请求] /client/game/bot/generate
[2026-07-30 12:56:26.348][Info][SPTarkov.Server.Logger.SptLoggerMiddleware] [客户端请求] /weaponcustomizer/load
[2026-07-30 12:56:26.501][Info][SPTarkov.Server.Logger.SptLoggerMiddleware] [客户端请求] /weaponcustomizer/load
[2026-07-30 12:56:29.893][Info][SPTarkov.Server.Logger.SptLoggerMiddleware] [客户端请求] /singleplayer/settings/bot/maxCap/TarkovStreets
[2026-07-30 12:56:30.232][Info][SPTarkov.Server.Logger.SptLoggerMiddleware] [客户端请求] /weaponcustomizer/load
[2026-07-30 12:56:37.103][Info][SPTarkov.Server.Logger.SptLoggerMiddleware] [客户端请求] /weaponcustomizer/load
[2026-07-30 12:56:37.261][Info][SPTarkov.Server.Logger.SptLoggerMiddleware] [客户端请求] /launcher/profile/info
[2026-07-30 12:56:37.353][Info][SPTarkov.Server.Logger.SptLoggerMiddleware] [客户端请求] /launcher/server/version
[2026-07-30 12:56:45.261][Info][SPTarkov.Server.Logger.SptLoggerMiddleware] [客户端请求] /fika/update/ping
[2026-07-30 12:57:01.235][Info][SPTarkov.Server.Logger.SptLoggerMiddleware] [客户端请求] /client/game/bot/generate
[2026-07-30 12:57:01.256][Info][SPTarkov.Server.Logger.SptLoggerMiddleware] [客户端请求] /singleplayer/settings/bot/getBotBehaviours/
[2026-07-30 12:57:05.777][Info][SPTarkov.Server.Logger.SptLoggerMiddleware] [客户端请求] /launcher/profile/info
[2026-07-30 12:57:05.945][Info][SPTarkov.Server.Logger.SptLoggerMiddleware] [客户端请求] /launcher/server/version
[2026-07-30 12:57:15.268][Info][SPTarkov.Server.Logger.SptLoggerMiddleware] [客户端请求] /fika/update/ping
[2026-07-30 12:57:17.530][Info][SPTarkov.Server.Logger.SptLoggerMiddleware] [客户端请求] /launcher/profile/info
[2026-07-30 12:57:17.533][Info][SPTarkov.Server.Logger.SptLoggerMiddleware] [客户端请求] /launcher/server/version
[2026-07-30 12:57:37.263][Info][SPTarkov.Server.Logger.SptLoggerMiddleware] [客户端请求] /launcher/profile/info
[2026-07-30 12:57:37.353][Info][SPTarkov.Server.Logger.SptLoggerMiddleware] [客户端请求] /launcher/server/version
[2026-07-30 12:57:45.275][Info][SPTarkov.Server.Logger.SptLoggerMiddleware] [客户端请求] /fika/update/ping
[2026-07-30 12:58:00.299][Info][SPTarkov.Server.Logger.SptLoggerMiddleware] [客户端请求] /client/game/keepalive
[2026-07-30 12:58:05.726][Info][SPTarkov.Server.Logger.SptLoggerMiddleware] [客户端请求] /launcher/profile/info
[2026-07-30 12:58:05.875][Info][SPTarkov.Server.Logger.SptLoggerMiddleware] [客户端请求] /launcher/server/version
[2026-07-30 12:58:15.278][Info][SPTarkov.Server.Logger.SptLoggerMiddleware] [客户端请求] /fika/update/ping
[2026-07-30 12:58:17.532][Info][SPTarkov.Server.Logger.SptLoggerMiddleware] [客户端请求] /launcher/profile/info
[2026-07-30 12:58:17.535][Info][SPTarkov.Server.Logger.SptLoggerMiddleware] [客户端请求] /launcher/server/version
[2026-07-30 12:58:27.601][Info][SPTarkov.Server.Logger.SptLoggerMiddleware] [客户端请求] /client/game/keepalive
[2026-07-30 12:58:33.866][Info][SPTarkov.Server.Logger.SptLoggerMiddleware] [客户端请求] /client/game/bot/generate
[2026-07-30 12:58:37.254][Info][SPTarkov.Server.Logger.SptLoggerMiddleware] [客户端请求] /launcher/profile/info
[2026-07-30 12:58:37.339][Info][SPTarkov.Server.Logger.SptLoggerMiddleware] [客户端请求] /launcher/server/version
[2026-07-30 12:58:45.286][Info][SPTarkov.Server.Logger.SptLoggerMiddleware] [客户端请求] /fika/update/ping
[2026-07-30 12:59:05.717][Info][SPTarkov.Server.Logger.SptLoggerMiddleware] [客户端请求] /launcher/profile/info
[2026-07-30 12:59:05.871][Info][SPTarkov.Server.Logger.SptLoggerMiddleware] [客户端请求] /launcher/server/version
[2026-07-30 12:59:15.289][Info][SPTarkov.Server.Logger.SptLoggerMiddleware] [客户端请求] /fika/update/ping
[2026-07-30 12:59:17.532][Info][SPTarkov.Server.Logger.SptLoggerMiddleware] [客户端请求] /launcher/profile/info
[2026-07-30 12:59:17.535][Info][SPTarkov.Server.Logger.SptLoggerMiddleware] [客户端请求] /launcher/server/version
[2026-07-30 12:59:37.237][Info][SPTarkov.Server.Logger.SptLoggerMiddleware] [客户端请求] /launcher/profile/info
[2026-07-30 12:59:37.328][Info][SPTarkov.Server.Logger.SptLoggerMiddleware] [客户端请求] /launcher/server/version
[2026-07-30 12:59:45.292][Info][SPTarkov.Server.Logger.SptLoggerMiddleware] [客户端请求] /fika/update/ping
[2026-07-30 13:00:05.716][Info][SPTarkov.Server.Logger.SptLoggerMiddleware] [客户端请求] /launcher/profile/info
[2026-07-30 13:00:05.863][Info][SPTarkov.Server.Logger.SptLoggerMiddleware] [客户端请求] /launcher/server/version
[2026-07-30 13:00:15.296][Info][SPTarkov.Server.Logger.SptLoggerMiddleware] [客户端请求] /fika/update/ping
[2026-07-30 13:00:17.539][Info][SPTarkov.Server.Logger.SptLoggerMiddleware] [客户端请求] /launcher/profile/info
[2026-07-30 13:00:17.542][Info][SPTarkov.Server.Logger.SptLoggerMiddleware] [客户端请求] /launcher/server/version
[2026-07-30 13:00:20.514][Info][SPTarkov.Server.Logger.SptLoggerMiddleware] [客户端请求] /client/game/keepalive
[2026-07-30 13:00:37.241][Info][SPTarkov.Server.Logger.SptLoggerMiddleware] [客户端请求] /launcher/profile/info
[2026-07-30 13:00:37.326][Info][SPTarkov.Server.Logger.SptLoggerMiddleware] [客户端请求] /launcher/server/version
[2026-07-30 13:00:45.300][Info][SPTarkov.Server.Logger.SptLoggerMiddleware] [客户端请求] /fika/update/ping
[2026-07-30 13:00:47.925][Info][SPTarkov.Server.Logger.SptLoggerMiddleware] [客户端请求] /client/game/keepalive
[2026-07-30 13:00:53.951][Info][SPTarkov.Server.Logger.SptLoggerMiddleware] [客户端请求] /client/game/keepalive
[2026-07-30 13:01:05.704][Info][SPTarkov.Server.Logger.SptLoggerMiddleware] [客户端请求] /launcher/profile/info
[2026-07-30 13:01:05.878][Info][SPTarkov.Server.Logger.SptLoggerMiddleware] [客户端请求] /launcher/server/version
[2026-07-30 13:01:15.302][Info][SPTarkov.Server.Logger.SptLoggerMiddleware] [客户端请求] /fika/update/ping
[2026-07-30 13:01:17.539][Info][SPTarkov.Server.Logger.SptLoggerMiddleware] [客户端请求] /launcher/profile/info
[2026-07-30 13:01:17.541][Info][SPTarkov.Server.Logger.SptLoggerMiddleware] [客户端请求] /launcher/server/version
[2026-07-30 13:01:37.236][Info][SPTarkov.Server.Logger.SptLoggerMiddleware] [客户端请求] /launcher/profile/info
[2026-07-30 13:01:37.321][Info][SPTarkov.Server.Logger.SptLoggerMiddleware] [客户端请求] /launcher/server/version
[2026-07-30 13:01:45.305][Info][SPTarkov.Server.Logger.SptLoggerMiddleware] [客户端请求] /fika/update/ping
[2026-07-30 13:02:05.698][Info][SPTarkov.Server.Logger.SptLoggerMiddleware] [客户端请求] /launcher/profile/info
[2026-07-30 13:02:05.849][Info][SPTarkov.Server.Logger.SptLoggerMiddleware] [客户端请求] /launcher/server/version
[2026-07-30 13:02:15.308][Info][SPTarkov.Server.Logger.SptLoggerMiddleware] [客户端请求] /fika/update/ping
[2026-07-30 13:02:17.536][Info][SPTarkov.Server.Logger.SptLoggerMiddleware] [客户端请求] /launcher/profile/info
[2026-07-30 13:02:17.538][Info][SPTarkov.Server.Logger.SptLoggerMiddleware] [客户端请求] /launcher/server/version
[2026-07-30 13:02:37.241][Info][SPTarkov.Server.Logger.SptLoggerMiddleware] [客户端请求] /launcher/profile/info
[2026-07-30 13:02:37.325][Info][SPTarkov.Server.Logger.SptLoggerMiddleware] [客户端请求] /launcher/server/version
[2026-07-30 13:02:40.775][Info][SPTarkov.Server.Logger.SptLoggerMiddleware] [客户端请求] /client/game/keepalive
[2026-07-30 13:02:45.310][Info][SPTarkov.Server.Logger.SptLoggerMiddleware] [客户端请求] /fika/update/ping
[2026-07-30 13:03:05.687][Info][SPTarkov.Server.Logger.SptLoggerMiddleware] [客户端请求] /launcher/profile/info
[2026-07-30 13:03:05.833][Info][SPTarkov.Server.Logger.SptLoggerMiddleware] [客户端请求] /launcher/server/version
[2026-07-30 13:03:08.231][Info][SPTarkov.Server.Logger.SptLoggerMiddleware] [客户端请求] /client/game/keepalive
[2026-07-30 13:03:14.061][Info][SPTarkov.Server.Logger.SptLoggerMiddleware] [客户端请求] /client/game/keepalive
[2026-07-30 13:03:15.313][Info][SPTarkov.Server.Logger.SptLoggerMiddleware] [客户端请求] /fika/update/ping
[2026-07-30 13:03:17.535][Info][SPTarkov.Server.Logger.SptLoggerMiddleware] [客户端请求] /launcher/profile/info
[2026-07-30 13:03:17.541][Info][SPTarkov.Server.Logger.SptLoggerMiddleware] [客户端请求] /launcher/server/version
[2026-07-30 13:03:37.232][Info][SPTarkov.Server.Logger.SptLoggerMiddleware] [客户端请求] /launcher/profile/info
[2026-07-30 13:03:37.318][Info][SPTarkov.Server.Logger.SptLoggerMiddleware] [客户端请求] /launcher/server/version
[2026-07-30 13:03:45.316][Info][SPTarkov.Server.Logger.SptLoggerMiddleware] [客户端请求] /fika/update/ping
[2026-07-30 13:04:05.688][Info][SPTarkov.Server.Logger.SptLoggerMiddleware] [客户端请求] /launcher/profile/info
[2026-07-30 13:04:05.835][Info][SPTarkov.Server.Logger.SptLoggerMiddleware] [客户端请求] /launcher/server/version
[2026-07-30 13:04:15.320][Info][SPTarkov.Server.Logger.SptLoggerMiddleware] [客户端请求] /fika/update/ping
[2026-07-30 13:04:17.524][Info][SPTarkov.Server.Logger.SptLoggerMiddleware] [客户端请求] /launcher/profile/info
[2026-07-30 13:04:17.527][Info][SPTarkov.Server.Logger.SptLoggerMiddleware] [客户端请求] /launcher/server/version
[2026-07-30 13:04:37.225][Info][SPTarkov.Server.Logger.SptLoggerMiddleware] [客户端请求] /launcher/profile/info
[2026-07-30 13:04:37.308][Info][SPTarkov.Server.Logger.SptLoggerMiddleware] [客户端请求] /launcher/server/version
[2026-07-30 13:04:45.325][Info][SPTarkov.Server.Logger.SptLoggerMiddleware] [客户端请求] /fika/update/ping
[2026-07-30 13:05:01.009][Info][SPTarkov.Server.Logger.SptLoggerMiddleware] [客户端请求] /client/game/keepalive
[2026-07-30 13:05:05.683][Info][SPTarkov.Server.Logger.SptLoggerMiddleware] [客户端请求] /launcher/profile/info
[2026-07-30 13:05:05.827][Info][SPTarkov.Server.Logger.SptLoggerMiddleware] [客户端请求] /launcher/server/version
[2026-07-30 13:05:15.330][Info][SPTarkov.Server.Logger.SptLoggerMiddleware] [客户端请求] /fika/update/ping
[2026-07-30 13:05:17.538][Info][SPTarkov.Server.Logger.SptLoggerMiddleware] [客户端请求] /launcher/profile/info
[2026-07-30 13:05:17.540][Info][SPTarkov.Server.Logger.SptLoggerMiddleware] [客户端请求] /launcher/server/version
[2026-07-30 13:05:28.563][Info][SPTarkov.Server.Logger.SptLoggerMiddleware] [客户端请求] /client/game/keepalive
[2026-07-30 13:05:34.183][Info][SPTarkov.Server.Logger.SptLoggerMiddleware] [客户端请求] /client/game/keepalive
[2026-07-30 13:05:37.227][Info][SPTarkov.Server.Logger.SptLoggerMiddleware] [客户端请求] /launcher/profile/info
[2026-07-30 13:05:37.317][Info][SPTarkov.Server.Logger.SptLoggerMiddleware] [客户端请求] /launcher/server/version
[2026-07-30 13:05:45.335][Info][SPTarkov.Server.Logger.SptLoggerMiddleware] [客户端请求] /fika/update/ping
[2026-07-30 13:06:05.668][Info][SPTarkov.Server.Logger.SptLoggerMiddleware] [客户端请求] /launcher/profile/info
[2026-07-30 13:06:05.813][Info][SPTarkov.Server.Logger.SptLoggerMiddleware] [客户端请求] /launcher/server/version
[2026-07-30 13:06:15.338][Info][SPTarkov.Server.Logger.SptLoggerMiddleware] [客户端请求] /fika/update/ping
[2026-07-30 13:06:17.530][Info][SPTarkov.Server.Logger.SptLoggerMiddleware] [客户端请求] /launcher/profile/info
[2026-07-30 13:06:17.531][Info][SPTarkov.Server.Logger.SptLoggerMiddleware] [客户端请求] /launcher/server/version
[2026-07-30 13:06:37.225][Info][SPTarkov.Server.Logger.SptLoggerMiddleware] [客户端请求] /launcher/profile/info
[2026-07-30 13:06:37.316][Info][SPTarkov.Server.Logger.SptLoggerMiddleware] [客户端请求] /launcher/server/version
[2026-07-30 13:06:45.345][Info][SPTarkov.Server.Logger.SptLoggerMiddleware] [客户端请求] /fika/update/ping
[2026-07-30 13:07:05.672][Info][SPTarkov.Server.Logger.SptLoggerMiddleware] [客户端请求] /launcher/profile/info
[2026-07-30 13:07:05.828][Info][SPTarkov.Server.Logger.SptLoggerMiddleware] [客户端请求] /launcher/server/version
[2026-07-30 13:07:15.348][Info][SPTarkov.Server.Logger.SptLoggerMiddleware] [客户端请求] /fika/update/ping
[2026-07-30 13:07:17.527][Info][SPTarkov.Server.Logger.SptLoggerMiddleware] [客户端请求] /launcher/profile/info
[2026-07-30 13:07:17.530][Info][SPTarkov.Server.Logger.SptLoggerMiddleware] [客户端请求] /launcher/server/version
[2026-07-30 13:07:21.226][Info][SPTarkov.Server.Logger.SptLoggerMiddleware] [客户端请求] /client/game/keepalive
[2026-07-30 13:07:37.227][Info][SPTarkov.Server.Logger.SptLoggerMiddleware] [客户端请求] /launcher/profile/info
[2026-07-30 13:07:37.314][Info][SPTarkov.Server.Logger.SptLoggerMiddleware] [客户端请求] /launcher/server/version
[2026-07-30 13:07:45.356][Info][SPTarkov.Server.Logger.SptLoggerMiddleware] [客户端请求] /fika/update/ping
[2026-07-30 13:07:48.886][Info][SPTarkov.Server.Logger.SptLoggerMiddleware] [客户端请求] /client/game/keepalive
[2026-07-30 13:07:54.300][Info][SPTarkov.Server.Logger.SptLoggerMiddleware] [客户端请求] /client/game/keepalive
[2026-07-30 13:08:05.669][Info][SPTarkov.Server.Logger.SptLoggerMiddleware] [客户端请求] /launcher/profile/info
[2026-07-30 13:08:05.818][Info][SPTarkov.Server.Logger.SptLoggerMiddleware] [客户端请求] /launcher/server/version
[2026-07-30 13:08:15.361][Info][SPTarkov.Server.Logger.SptLoggerMiddleware] [客户端请求] /fika/update/ping
[2026-07-30 13:08:17.527][Info][SPTarkov.Server.Logger.SptLoggerMiddleware] [客户端请求] /launcher/profile/info
[2026-07-30 13:08:17.529][Info][SPTarkov.Server.Logger.SptLoggerMiddleware] [客户端请求] /launcher/server/version
[2026-07-30 13:08:37.223][Info][SPTarkov.Server.Logger.SptLoggerMiddleware] [客户端请求] /launcher/profile/info
[2026-07-30 13:08:37.308][Info][SPTarkov.Server.Logger.SptLoggerMiddleware] [客户端请求] /launcher/server/version
[2026-07-30 13:08:45.365][Info][SPTarkov.Server.Logger.SptLoggerMiddleware] [客户端请求] /fika/update/ping
[2026-07-30 13:09:05.653][Info][SPTarkov.Server.Logger.SptLoggerMiddleware] [客户端请求] /launcher/profile/info
[2026-07-30 13:09:05.802][Info][SPTarkov.Server.Logger.SptLoggerMiddleware] [客户端请求] /launcher/server/version
[2026-07-30 13:09:15.369][Info][SPTarkov.Server.Logger.SptLoggerMiddleware] [客户端请求] /fika/update/ping
[2026-07-30 13:09:17.530][Info][SPTarkov.Server.Logger.SptLoggerMiddleware] [客户端请求] /launcher/profile/info
[2026-07-30 13:09:17.533][Info][SPTarkov.Server.Logger.SptLoggerMiddleware] [客户端请求] /launcher/server/version
[2026-07-30 13:09:37.225][Info][SPTarkov.Server.Logger.SptLoggerMiddleware] [客户端请求] /launcher/profile/info
[2026-07-30 13:09:37.309][Info][SPTarkov.Server.Logger.SptLoggerMiddleware] [客户端请求] /launcher/server/version
[2026-07-30 13:09:41.445][Info][SPTarkov.Server.Logger.SptLoggerMiddleware] [客户端请求] /client/game/keepalive
[2026-07-30 13:09:45.372][Info][SPTarkov.Server.Logger.SptLoggerMiddleware] [客户端请求] /fika/update/ping
[2026-07-30 13:10:05.649][Info][SPTarkov.Server.Logger.SptLoggerMiddleware] [客户端请求] /launcher/profile/info
[2026-07-30 13:10:05.791][Info][SPTarkov.Server.Logger.SptLoggerMiddleware] [客户端请求] /launcher/server/version
[2026-07-30 13:10:09.208][Info][SPTarkov.Server.Logger.SptLoggerMiddleware] [客户端请求] /client/game/keepalive
[2026-07-30 13:10:14.369][Info][SPTarkov.Server.Logger.SptLoggerMiddleware] [客户端请求] /client/game/keepalive
[2026-07-30 13:10:15.375][Info][SPTarkov.Server.Logger.SptLoggerMiddleware] [客户端请求] /fika/update/ping
[2026-07-30 13:10:17.531][Info][SPTarkov.Server.Logger.SptLoggerMiddleware] [客户端请求] /launcher/profile/info
[2026-07-30 13:10:17.533][Info][SPTarkov.Server.Logger.SptLoggerMiddleware] [客户端请求] /launcher/server/version
[2026-07-30 13:10:37.211][Info][SPTarkov.Server.Logger.SptLoggerMiddleware] [客户端请求] /launcher/profile/info
[2026-07-30 13:10:37.295][Info][SPTarkov.Server.Logger.SptLoggerMiddleware] [客户端请求] /launcher/server/version
[2026-07-30 13:10:45.377][Info][SPTarkov.Server.Logger.SptLoggerMiddleware] [客户端请求] /fika/update/ping
[2026-07-30 13:11:05.640][Info][SPTarkov.Server.Logger.SptLoggerMiddleware] [客户端请求] /launcher/profile/info
[2026-07-30 13:11:05.786][Info][SPTarkov.Server.Logger.SptLoggerMiddleware] [客户端请求] /launcher/server/version
[2026-07-30 13:11:15.381][Info][SPTarkov.Server.Logger.SptLoggerMiddleware] [客户端请求] /fika/update/ping
[2026-07-30 13:11:17.528][Info][SPTarkov.Server.Logger.SptLoggerMiddleware] [客户端请求] /launcher/profile/info
[2026-07-30 13:11:17.530][Info][SPTarkov.Server.Logger.SptLoggerMiddleware] [客户端请求] /launcher/server/version
[2026-07-30 13:11:25.369][Info][SPTarkov.Server.Logger.SptLoggerMiddleware] [客户端请求] /client/game/bot/generate
[2026-07-30 13:11:29.414][Info][SPTarkov.Server.Logger.SptLoggerMiddleware] [客户端请求] /client/game/bot/generate
[2026-07-30 13:11:37.211][Info][SPTarkov.Server.Logger.SptLoggerMiddleware] [客户端请求] /launcher/profile/info
[2026-07-30 13:11:37.308][Info][SPTarkov.Server.Logger.SptLoggerMiddleware] [客户端请求] /launcher/server/version
[2026-07-30 13:11:45.385][Info][SPTarkov.Server.Logger.SptLoggerMiddleware] [客户端请求] /fika/update/ping
[2026-07-30 13:12:01.656][Info][SPTarkov.Server.Logger.SptLoggerMiddleware] [客户端请求] /client/game/keepalive
[2026-07-30 13:12:05.639][Info][SPTarkov.Server.Logger.SptLoggerMiddleware] [客户端请求] /launcher/profile/info
[2026-07-30 13:12:05.782][Info][SPTarkov.Server.Logger.SptLoggerMiddleware] [客户端请求] /launcher/server/version
[2026-07-30 13:12:15.388][Info][SPTarkov.Server.Logger.SptLoggerMiddleware] [客户端请求] /fika/update/ping
[2026-07-30 13:12:17.525][Info][SPTarkov.Server.Logger.SptLoggerMiddleware] [客户端请求] /launcher/profile/info
[2026-07-30 13:12:17.528][Info][SPTarkov.Server.Logger.SptLoggerMiddleware] [客户端请求] /launcher/server/version
[2026-07-30 13:12:24.513][Info][SPTarkov.Server.Logger.SptLoggerMiddleware] [客户端请求] /client/game/bot/generate
[2026-07-30 13:12:29.530][Info][SPTarkov.Server.Logger.SptLoggerMiddleware] [客户端请求] /client/game/keepalive
[2026-07-30 13:12:37.212][Info][SPTarkov.Server.Logger.SptLoggerMiddleware] [客户端请求] /launcher/profile/info
[2026-07-30 13:12:37.309][Info][SPTarkov.Server.Logger.SptLoggerMiddleware] [客户端请求] /launcher/server/version
[2026-07-30 13:12:45.391][Info][SPTarkov.Server.Logger.SptLoggerMiddleware] [客户端请求] /fika/update/ping
[2026-07-30 13:13:05.639][Info][SPTarkov.Server.Logger.SptLoggerMiddleware] [客户端请求] /launcher/profile/info
[2026-07-30 13:13:05.785][Info][SPTarkov.Server.Logger.SptLoggerMiddleware] [客户端请求] /launcher/server/version
[2026-07-30 13:13:15.394][Info][SPTarkov.Server.Logger.SptLoggerMiddleware] [客户端请求] /fika/update/ping
[2026-07-30 13:13:15.704][Info][SPTarkov.Server.Logger.SptLoggerMiddleware] [客户端请求] /client/game/bot/generate
[2026-07-30 13:13:17.527][Info][SPTarkov.Server.Logger.SptLoggerMiddleware] [客户端请求] /launcher/profile/info
[2026-07-30 13:13:17.529][Info][SPTarkov.Server.Logger.SptLoggerMiddleware] [客户端请求] /launcher/server/version
[2026-07-30 13:13:37.210][Info][SPTarkov.Server.Logger.SptLoggerMiddleware] [客户端请求] /launcher/profile/info
[2026-07-30 13:13:37.299][Info][SPTarkov.Server.Logger.SptLoggerMiddleware] [客户端请求] /launcher/server/version
[2026-07-30 13:13:45.397][Info][SPTarkov.Server.Logger.SptLoggerMiddleware] [客户端请求] /fika/update/ping
[2026-07-30 13:14:05.640][Info][SPTarkov.Server.Logger.SptLoggerMiddleware] [客户端请求] /launcher/profile/info
[2026-07-30 13:14:05.784][Info][SPTarkov.Server.Logger.SptLoggerMiddleware] [客户端请求] /launcher/server/version
[2026-07-30 13:14:15.400][Info][SPTarkov.Server.Logger.SptLoggerMiddleware] [客户端请求] /fika/update/ping
[2026-07-30 13:14:17.536][Info][SPTarkov.Server.Logger.SptLoggerMiddleware] [客户端请求] /launcher/profile/info
[2026-07-30 13:14:17.539][Info][SPTarkov.Server.Logger.SptLoggerMiddleware] [客户端请求] /launcher/server/version
[2026-07-30 13:14:21.898][Info][SPTarkov.Server.Logger.SptLoggerMiddleware] [客户端请求] /client/game/keepalive
[2026-07-30 13:14:37.198][Info][SPTarkov.Server.Logger.SptLoggerMiddleware] [客户端请求] /launcher/profile/info
[2026-07-30 13:14:37.282][Info][SPTarkov.Server.Logger.SptLoggerMiddleware] [客户端请求] /launcher/server/version
[2026-07-30 13:14:45.403][Info][SPTarkov.Server.Logger.SptLoggerMiddleware] [客户端请求] /fika/update/ping
[2026-07-30 13:14:46.474][Info][SPTarkov.Server.Logger.SptLoggerMiddleware] [客户端请求] /client/game/bot/generate
[2026-07-30 13:14:49.855][Info][SPTarkov.Server.Logger.SptLoggerMiddleware] [客户端请求] /client/game/keepalive
[2026-07-30 13:14:51.412][Info][SPTarkov.Server.Logger.SptLoggerMiddleware] [客户端请求] /client/game/bot/generate
[2026-07-30 13:14:53.962][Info][SPTarkov.Server.Logger.SptLoggerMiddleware] [客户端请求] /singleplayer/settings/bot/getBotBehaviours/
[2026-07-30 13:15:05.646][Info][SPTarkov.Server.Logger.SptLoggerMiddleware] [客户端请求] /launcher/profile/info
[2026-07-30 13:15:05.815][Info][SPTarkov.Server.Logger.SptLoggerMiddleware] [客户端请求] /launcher/server/version
[2026-07-30 13:15:15.405][Info][SPTarkov.Server.Logger.SptLoggerMiddleware] [客户端请求] /fika/update/ping
[2026-07-30 13:15:17.528][Info][SPTarkov.Server.Logger.SptLoggerMiddleware] [客户端请求] /launcher/profile/info
[2026-07-30 13:15:17.531][Info][SPTarkov.Server.Logger.SptLoggerMiddleware] [客户端请求] /launcher/server/version
[2026-07-30 13:15:37.199][Info][SPTarkov.Server.Logger.SptLoggerMiddleware] [客户端请求] /launcher/profile/info
[2026-07-30 13:15:37.284][Info][SPTarkov.Server.Logger.SptLoggerMiddleware] [客户端请求] /launcher/server/version
[2026-07-30 13:15:41.759][Info][SPTarkov.Server.Logger.SptLoggerMiddleware] [客户端请求] /client/game/bot/generate
[2026-07-30 13:15:45.408][Info][SPTarkov.Server.Logger.SptLoggerMiddleware] [客户端请求] /fika/update/ping
[2026-07-30 13:16:05.633][Info][SPTarkov.Server.Logger.SptLoggerMiddleware] [客户端请求] /launcher/profile/info
[2026-07-30 13:16:05.780][Info][SPTarkov.Server.Logger.SptLoggerMiddleware] [客户端请求] /launcher/server/version
[2026-07-30 13:16:15.411][Info][SPTarkov.Server.Logger.SptLoggerMiddleware] [客户端请求] /fika/update/ping
[2026-07-30 13:16:17.529][Info][SPTarkov.Server.Logger.SptLoggerMiddleware] [客户端请求] /launcher/profile/info
[2026-07-30 13:16:17.531][Info][SPTarkov.Server.Logger.SptLoggerMiddleware] [客户端请求] /launcher/server/version
[2026-07-30 13:16:37.200][Info][SPTarkov.Server.Logger.SptLoggerMiddleware] [客户端请求] /launcher/profile/info
[2026-07-30 13:16:37.294][Info][SPTarkov.Server.Logger.SptLoggerMiddleware] [客户端请求] /launcher/server/version
[2026-07-30 13:16:42.163][Info][SPTarkov.Server.Logger.SptLoggerMiddleware] [客户端请求] /client/game/keepalive
[2026-07-30 13:16:45.414][Info][SPTarkov.Server.Logger.SptLoggerMiddleware] [客户端请求] /fika/update/ping
[2026-07-30 13:17:05.616][Info][SPTarkov.Server.Logger.SptLoggerMiddleware] [客户端请求] /launcher/profile/info
[2026-07-30 13:17:05.770][Info][SPTarkov.Server.Logger.SptLoggerMiddleware] [客户端请求] /launcher/server/version
[2026-07-30 13:17:10.173][Info][SPTarkov.Server.Logger.SptLoggerMiddleware] [客户端请求] /client/game/keepalive
[2026-07-30 13:17:15.416][Info][SPTarkov.Server.Logger.SptLoggerMiddleware] [客户端请求] /fika/update/ping
[2026-07-30 13:17:17.526][Info][SPTarkov.Server.Logger.SptLoggerMiddleware] [客户端请求] /launcher/profile/info
[2026-07-30 13:17:17.528][Info][SPTarkov.Server.Logger.SptLoggerMiddleware] [客户端请求] /launcher/server/version
[2026-07-30 13:17:37.196][Info][SPTarkov.Server.Logger.SptLoggerMiddleware] [客户端请求] /launcher/profile/info
[2026-07-30 13:17:37.285][Info][SPTarkov.Server.Logger.SptLoggerMiddleware] [客户端请求] /launcher/server/version
[2026-07-30 13:17:45.419][Info][SPTarkov.Server.Logger.SptLoggerMiddleware] [客户端请求] /fika/update/ping
[2026-07-30 13:18:02.032][Info][SPTarkov.Server.Logger.SptLoggerMiddleware] [客户端请求] /client/game/keepalive
[2026-07-30 13:18:05.615][Info][SPTarkov.Server.Logger.SptLoggerMiddleware] [客户端请求] /launcher/profile/info
[2026-07-30 13:18:05.765][Info][SPTarkov.Server.Logger.SptLoggerMiddleware] [客户端请求] /launcher/server/version
[2026-07-30 13:18:15.421][Info][SPTarkov.Server.Logger.SptLoggerMiddleware] [客户端请求] /fika/update/ping
[2026-07-30 13:18:17.525][Info][SPTarkov.Server.Logger.SptLoggerMiddleware] [客户端请求] /launcher/profile/info
[2026-07-30 13:18:17.527][Info][SPTarkov.Server.Logger.SptLoggerMiddleware] [客户端请求] /launcher/server/version
[2026-07-30 13:18:37.191][Info][SPTarkov.Server.Logger.SptLoggerMiddleware] [客户端请求] /launcher/profile/info
[2026-07-30 13:18:37.285][Info][SPTarkov.Server.Logger.SptLoggerMiddleware] [客户端请求] /launcher/server/version
[2026-07-30 13:18:45.424][Info][SPTarkov.Server.Logger.SptLoggerMiddleware] [客户端请求] /fika/update/ping
[2026-07-30 13:19:02.415][Info][SPTarkov.Server.Logger.SptLoggerMiddleware] [客户端请求] /client/game/keepalive
[2026-07-30 13:19:05.603][Info][SPTarkov.Server.Logger.SptLoggerMiddleware] [客户端请求] /launcher/profile/info
[2026-07-30 13:19:05.753][Info][SPTarkov.Server.Logger.SptLoggerMiddleware] [客户端请求] /launcher/server/version
[2026-07-30 13:19:15.426][Info][SPTarkov.Server.Logger.SptLoggerMiddleware] [客户端请求] /fika/update/ping
[2026-07-30 13:19:17.532][Info][SPTarkov.Server.Logger.SptLoggerMiddleware] [客户端请求] /launcher/profile/info
[2026-07-30 13:19:17.535][Info][SPTarkov.Server.Logger.SptLoggerMiddleware] [客户端请求] /launcher/server/version
[2026-07-30 13:19:30.518][Info][SPTarkov.Server.Logger.SptLoggerMiddleware] [客户端请求] /client/game/keepalive
[2026-07-30 13:19:37.193][Info][SPTarkov.Server.Logger.SptLoggerMiddleware] [客户端请求] /launcher/profile/info
[2026-07-30 13:19:37.276][Info][SPTarkov.Server.Logger.SptLoggerMiddleware] [客户端请求] /launcher/server/version
[2026-07-30 13:19:45.429][Info][SPTarkov.Server.Logger.SptLoggerMiddleware] [客户端请求] /fika/update/ping
[2026-07-30 13:20:05.615][Info][SPTarkov.Server.Logger.SptLoggerMiddleware] [客户端请求] /launcher/profile/info
[2026-07-30 13:20:05.763][Info][SPTarkov.Server.Logger.SptLoggerMiddleware] [客户端请求] /launcher/server/version
[2026-07-30 13:20:15.431][Info][SPTarkov.Server.Logger.SptLoggerMiddleware] [客户端请求] /fika/update/ping
[2026-07-30 13:20:17.525][Info][SPTarkov.Server.Logger.SptLoggerMiddleware] [客户端请求] /launcher/profile/info
[2026-07-30 13:20:17.526][Info][SPTarkov.Server.Logger.SptLoggerMiddleware] [客户端请求] /launcher/server/version
[2026-07-30 13:20:22.130][Info][SPTarkov.Server.Logger.SptLoggerMiddleware] [客户端请求] /client/game/keepalive
[2026-07-30 13:20:37.190][Info][SPTarkov.Server.Logger.SptLoggerMiddleware] [客户端请求] /launcher/profile/info
[2026-07-30 13:20:37.275][Info][SPTarkov.Server.Logger.SptLoggerMiddleware] [客户端请求] /launcher/server/version
[2026-07-30 13:20:45.435][Info][SPTarkov.Server.Logger.SptLoggerMiddleware] [客户端请求] /fika/update/ping
[2026-07-30 13:21:05.594][Info][SPTarkov.Server.Logger.SptLoggerMiddleware] [客户端请求] /launcher/profile/info
[2026-07-30 13:21:05.740][Info][SPTarkov.Server.Logger.SptLoggerMiddleware] [客户端请求] /launcher/server/version
[2026-07-30 13:21:11.811][Info][SPTarkov.Server.Logger.SptLoggerMiddleware] [客户端请求] /client/game/bot/generate
[2026-07-30 13:21:12.914][Info][SPTarkov.Server.Logger.SptLoggerMiddleware] [客户端请求] /client/game/bot/generate
[2026-07-30 13:21:15.437][Info][SPTarkov.Server.Logger.SptLoggerMiddleware] [客户端请求] /fika/update/ping
[2026-07-30 13:21:17.537][Info][SPTarkov.Server.Logger.SptLoggerMiddleware] [客户端请求] /launcher/profile/info
[2026-07-30 13:21:17.539][Info][SPTarkov.Server.Logger.SptLoggerMiddleware] [客户端请求] /launcher/server/version
[2026-07-30 13:21:22.616][Info][SPTarkov.Server.Logger.SptLoggerMiddleware] [客户端请求] /client/game/keepalive
[2026-07-30 13:21:37.184][Info][SPTarkov.Server.Logger.SptLoggerMiddleware] [客户端请求] /launcher/profile/info
[2026-07-30 13:21:37.272][Info][SPTarkov.Server.Logger.SptLoggerMiddleware] [客户端请求] /launcher/server/version
[2026-07-30 13:21:45.442][Info][SPTarkov.Server.Logger.SptLoggerMiddleware] [客户端请求] /fika/update/ping
[2026-07-30 13:21:50.828][Info][SPTarkov.Server.Logger.SptLoggerMiddleware] [客户端请求] /client/game/keepalive
[2026-07-30 13:22:03.431][Info][SPTarkov.Server.Logger.SptLoggerMiddleware] [客户端请求] /client/game/bot/generate
[2026-07-30 13:22:05.583][Info][SPTarkov.Server.Logger.SptLoggerMiddleware] [客户端请求] /launcher/profile/info
[2026-07-30 13:22:05.732][Info][SPTarkov.Server.Logger.SptLoggerMiddleware] [客户端请求] /launcher/server/version
[2026-07-30 13:22:10.752][Info][SPTarkov.Server.Logger.SptLoggerMiddleware] [客户端请求] /client/airdrop/loot
[2026-07-30 13:22:15.445][Info][SPTarkov.Server.Logger.SptLoggerMiddleware] [客户端请求] /fika/update/ping
[2026-07-30 13:22:17.526][Info][SPTarkov.Server.Logger.SptLoggerMiddleware] [客户端请求] /launcher/profile/info
[2026-07-30 13:22:17.528][Info][SPTarkov.Server.Logger.SptLoggerMiddleware] [客户端请求] /launcher/server/version
[2026-07-30 13:22:37.181][Info][SPTarkov.Server.Logger.SptLoggerMiddleware] [客户端请求] /launcher/profile/info
[2026-07-30 13:22:37.266][Info][SPTarkov.Server.Logger.SptLoggerMiddleware] [客户端请求] /launcher/server/version
[2026-07-30 13:22:45.447][Info][SPTarkov.Server.Logger.SptLoggerMiddleware] [客户端请求] /fika/update/ping
[2026-07-30 13:22:58.829][Info][SPTarkov.Server.Logger.SptLoggerMiddleware] [客户端请求] /client/game/bot/generate
[2026-07-30 13:23:05.588][Info][SPTarkov.Server.Logger.SptLoggerMiddleware] [客户端请求] /launcher/profile/info
[2026-07-30 13:23:05.736][Info][SPTarkov.Server.Logger.SptLoggerMiddleware] [客户端请求] /launcher/server/version
[2026-07-30 13:23:15.450][Info][SPTarkov.Server.Logger.SptLoggerMiddleware] [客户端请求] /fika/update/ping
[2026-07-30 13:23:17.537][Info][SPTarkov.Server.Logger.SptLoggerMiddleware] [客户端请求] /launcher/profile/info
[2026-07-30 13:23:17.539][Info][SPTarkov.Server.Logger.SptLoggerMiddleware] [客户端请求] /launcher/server/version
[2026-07-30 13:23:37.176][Info][SPTarkov.Server.Logger.SptLoggerMiddleware] [客户端请求] /launcher/profile/info
[2026-07-30 13:23:37.265][Info][SPTarkov.Server.Logger.SptLoggerMiddleware] [客户端请求] /launcher/server/version
[2026-07-30 13:23:42.847][Info][SPTarkov.Server.Logger.SptLoggerMiddleware] [客户端请求] /client/game/keepalive
[2026-07-30 13:23:45.453][Info][SPTarkov.Server.Logger.SptLoggerMiddleware] [客户端请求] /fika/update/ping
[2026-07-30 13:24:05.583][Info][SPTarkov.Server.Logger.SptLoggerMiddleware] [客户端请求] /launcher/profile/info
[2026-07-30 13:24:05.728][Info][SPTarkov.Server.Logger.SptLoggerMiddleware] [客户端请求] /launcher/server/version
[2026-07-30 13:24:11.136][Info][SPTarkov.Server.Logger.SptLoggerMiddleware] [客户端请求] /client/game/keepalive
[2026-07-30 13:24:15.456][Info][SPTarkov.Server.Logger.SptLoggerMiddleware] [客户端请求] /fika/update/ping
[2026-07-30 13:24:17.526][Info][SPTarkov.Server.Logger.SptLoggerMiddleware] [客户端请求] /launcher/profile/info
[2026-07-30 13:24:17.527][Info][SPTarkov.Server.Logger.SptLoggerMiddleware] [客户端请求] /launcher/server/version
[2026-07-30 13:24:37.168][Info][SPTarkov.Server.Logger.SptLoggerMiddleware] [客户端请求] /launcher/profile/info
[2026-07-30 13:24:37.253][Info][SPTarkov.Server.Logger.SptLoggerMiddleware] [客户端请求] /launcher/server/version
[2026-07-30 13:24:45.459][Info][SPTarkov.Server.Logger.SptLoggerMiddleware] [客户端请求] /fika/update/ping
[2026-07-30 13:25:05.573][Info][SPTarkov.Server.Logger.SptLoggerMiddleware] [客户端请求] /launcher/profile/info
[2026-07-30 13:25:05.717][Info][SPTarkov.Server.Logger.SptLoggerMiddleware] [客户端请求] /launcher/server/version
[2026-07-30 13:25:15.462][Info][SPTarkov.Server.Logger.SptLoggerMiddleware] [客户端请求] /fika/update/ping
[2026-07-30 13:25:17.527][Info][SPTarkov.Server.Logger.SptLoggerMiddleware] [客户端请求] /launcher/profile/info
[2026-07-30 13:25:17.529][Info][SPTarkov.Server.Logger.SptLoggerMiddleware] [客户端请求] /launcher/server/version
[2026-07-30 13:25:19.051][Info][SPTarkov.Server.Logger.SptLoggerMiddleware] [客户端请求] /client/game/keepalive
[2026-07-30 13:25:37.175][Info][SPTarkov.Server.Logger.SptLoggerMiddleware] [客户端请求] /launcher/profile/info
[2026-07-30 13:25:37.265][Info][SPTarkov.Server.Logger.SptLoggerMiddleware] [客户端请求] /launcher/server/version
[2026-07-30 13:25:45.464][Info][SPTarkov.Server.Logger.SptLoggerMiddleware] [客户端请求] /fika/update/ping
[2026-07-30 13:26:03.064][Info][SPTarkov.Server.Logger.SptLoggerMiddleware] [客户端请求] /client/game/keepalive
[2026-07-30 13:26:05.564][Info][SPTarkov.Server.Logger.SptLoggerMiddleware] [客户端请求] /launcher/profile/info
[2026-07-30 13:26:05.708][Info][SPTarkov.Server.Logger.SptLoggerMiddleware] [客户端请求] /launcher/server/version
[2026-07-30 13:26:15.468][Info][SPTarkov.Server.Logger.SptLoggerMiddleware] [客户端请求] /fika/update/ping
[2026-07-30 13:26:17.538][Info][SPTarkov.Server.Logger.SptLoggerMiddleware] [客户端请求] /launcher/profile/info
[2026-07-30 13:26:17.540][Info][SPTarkov.Server.Logger.SptLoggerMiddleware] [客户端请求] /launcher/server/version
[2026-07-30 13:26:31.445][Info][SPTarkov.Server.Logger.SptLoggerMiddleware] [客户端请求] /client/game/keepalive
[2026-07-30 13:26:37.171][Info][SPTarkov.Server.Logger.SptLoggerMiddleware] [客户端请求] /launcher/profile/info
[2026-07-30 13:26:37.257][Info][SPTarkov.Server.Logger.SptLoggerMiddleware] [客户端请求] /launcher/server/version
[2026-07-30 13:26:45.471][Info][SPTarkov.Server.Logger.SptLoggerMiddleware] [客户端请求] /fika/update/ping
[2026-07-30 13:26:53.710][Info][SPTarkov.Server.Logger.SptLoggerMiddleware] [客户端请求] /client/game/bot/generate
[2026-07-30 13:26:56.752][Info][SPTarkov.Server.Logger.SptLoggerMiddleware] [客户端请求] /client/game/bot/generate
[2026-07-30 13:27:05.563][Info][SPTarkov.Server.Logger.SptLoggerMiddleware] [客户端请求] /launcher/profile/info
[2026-07-30 13:27:05.720][Info][SPTarkov.Server.Logger.SptLoggerMiddleware] [客户端请求] /launcher/server/version
[2026-07-30 13:27:15.474][Info][SPTarkov.Server.Logger.SptLoggerMiddleware] [客户端请求] /fika/update/ping
[2026-07-30 13:27:17.530][Info][SPTarkov.Server.Logger.SptLoggerMiddleware] [客户端请求] /launcher/profile/info
[2026-07-30 13:27:17.531][Info][SPTarkov.Server.Logger.SptLoggerMiddleware] [客户端请求] /launcher/server/version
[2026-07-30 13:27:37.165][Info][SPTarkov.Server.Logger.SptLoggerMiddleware] [客户端请求] /launcher/profile/info
[2026-07-30 13:27:37.250][Info][SPTarkov.Server.Logger.SptLoggerMiddleware] [客户端请求] /launcher/server/version
[2026-07-30 13:27:45.477][Info][SPTarkov.Server.Logger.SptLoggerMiddleware] [客户端请求] /fika/update/ping
[2026-07-30 13:27:47.430][Info][SPTarkov.Server.Logger.SptLoggerMiddleware] [客户端请求] /client/game/bot/generate
[2026-07-30 13:27:50.510][Info][SPTarkov.Server.Logger.SptLoggerMiddleware] [客户端请求] /fika/update/playerdied
[2026-07-30 13:27:53.755][Info][SPTarkov.Server.Logger.SptLoggerMiddleware] [客户端请求] /client/game/bot/generate
[2026-07-30 13:28:05.557][Info][SPTarkov.Server.Logger.SptLoggerMiddleware] [客户端请求] /launcher/profile/info
[2026-07-30 13:28:05.705][Info][SPTarkov.Server.Logger.SptLoggerMiddleware] [客户端请求] /launcher/server/version
[2026-07-30 13:28:15.480][Info][SPTarkov.Server.Logger.SptLoggerMiddleware] [客户端请求] /fika/update/ping
[2026-07-30 13:28:17.531][Info][SPTarkov.Server.Logger.SptLoggerMiddleware] [客户端请求] /launcher/profile/info
[2026-07-30 13:28:17.533][Info][SPTarkov.Server.Logger.SptLoggerMiddleware] [客户端请求] /launcher/server/version
[2026-07-30 13:28:23.276][Info][SPTarkov.Server.Logger.SptLoggerMiddleware] [客户端请求] /client/game/keepalive
[2026-07-30 13:28:37.164][Info][SPTarkov.Server.Logger.SptLoggerMiddleware] [客户端请求] /launcher/profile/info
[2026-07-30 13:28:37.249][Info][SPTarkov.Server.Logger.SptLoggerMiddleware] [客户端请求] /launcher/server/version
[2026-07-30 13:28:37.967][Info][SPTarkov.Server.Logger.SptLoggerMiddleware] [客户端请求] /client/game/bot/generate
[2026-07-30 13:28:45.485][Info][SPTarkov.Server.Logger.SptLoggerMiddleware] [客户端请求] /fika/update/ping
[2026-07-30 13:28:51.783][Info][SPTarkov.Server.Logger.SptLoggerMiddleware] [客户端请求] /client/game/keepalive
[2026-07-30 13:28:55.896][Info][SPTarkov.Server.Logger.SptLoggerMiddleware] [客户端请求] /client/match/local/end
[2026-07-30 13:28:56.220][Info][SPTarkov.Server.Logger.SptLoggerMiddleware] [客户端请求] /fika/raid/leave
[2026-07-30 13:29:05.551][Info][SPTarkov.Server.Logger.SptLoggerMiddleware] [客户端请求] /launcher/profile/info
[2026-07-30 13:29:05.704][Info][SPTarkov.Server.Logger.SptLoggerMiddleware] [客户端请求] /launcher/server/version
[2026-07-30 13:29:08.245][Info][SPTarkov.Server.Logger.SptLoggerMiddleware] [WebSocket 请求] /notifierServer/getwebsocket/69568f09db017222c89b1183
[2026-07-30 13:29:08.251][Info][SPTarkov.Server.Core.Servers.Ws.SptWebSocketConnectionHandler] [WS] 玩家：DawnCloud (69568f09db017222c89b1183) 20260730132908250 已连接
[2026-07-30 13:29:15.488][Info][SPTarkov.Server.Logger.SptLoggerMiddleware] [客户端请求] /fika/update/ping
[2026-07-30 13:29:16.823][Info][SPTarkov.Server.Logger.SptLoggerMiddleware] [客户端请求] /client/game/profile/list
[2026-07-30 13:29:17.527][Info][SPTarkov.Server.Logger.SptLoggerMiddleware] [客户端请求] /launcher/profile/info
[2026-07-30 13:29:17.529][Info][SPTarkov.Server.Logger.SptLoggerMiddleware] [客户端请求] /launcher/server/version
[2026-07-30 13:29:18.342][Info][SPTarkov.Server.Logger.SptLoggerMiddleware] [客户端请求] /client/game/profile/select
[2026-07-30 13:29:18.568][Info][SPTarkov.Server.Logger.SptLoggerMiddleware] [客户端请求] /client/profile/status
[2026-07-30 13:29:18.797][Info][SPTarkov.Server.Logger.SptLoggerMiddleware] [客户端请求] /client/quest/list
[2026-07-30 13:29:19.884][Info][SPTarkov.Server.Logger.SptLoggerMiddleware] [客户端请求] /client/achievement/statistic
[2026-07-30 13:29:20.106][Info][SPTarkov.Server.Logger.SptLoggerMiddleware] [客户端请求] /client/achievement/list
[2026-07-30 13:29:20.577][Info][SPTarkov.Server.Logger.SptLoggerMiddleware] [客户端请求] /client/repeatalbeQuests/activityPeriods
[2026-07-30 13:29:37.163][Info][SPTarkov.Server.Logger.SptLoggerMiddleware] [客户端请求] /launcher/profile/info
[2026-07-30 13:29:37.270][Info][SPTarkov.Server.Logger.SptLoggerMiddleware] [客户端请求] /launcher/server/version
[2026-07-30 13:29:45.491][Info][SPTarkov.Server.Logger.SptLoggerMiddleware] [客户端请求] /fika/update/ping
[2026-07-30 13:29:51.108][Info][SPTarkov.Server.Logger.SptLoggerMiddleware] [客户端请求] /client/game/profile/items/moving
[2026-07-30 13:30:01.301][Info][SPTarkov.Server.Logger.SptLoggerMiddleware] [客户端请求] /client/items
[2026-07-30 13:30:05.551][Info][SPTarkov.Server.Logger.SptLoggerMiddleware] [客户端请求] /launcher/profile/info
[2026-07-30 13:30:05.694][Info][SPTarkov.Server.Logger.SptLoggerMiddleware] [客户端请求] /launcher/server/version
[2026-07-30 13:30:10.806][Info][SPTarkov.Server.Logger.SptLoggerMiddleware] [客户端请求] /client/customization
[2026-07-30 13:30:10.813][Info][SPTarkov.Server.Logger.SptLoggerMiddleware] [客户端请求] /client/settings
[2026-07-30 13:30:10.814][Info][SPTarkov.Server.Logger.SptLoggerMiddleware] [客户端请求] /client/trading/api/traderSettings
[2026-07-30 13:30:10.821][Info][SPTarkov.Server.Logger.SptLoggerMiddleware] [客户端请求] /client/globals
[2026-07-30 13:30:10.827][Info][SPTarkov.Server.Logger.SptLoggerMiddleware] [客户端请求] /client/prestige/list
[2026-07-30 13:30:11.271][Info][SPTarkov.Server.Logger.SptLoggerMiddleware] [客户端请求] /client/customization/storage
[2026-07-30 13:30:11.804][Info][SPTarkov.Server.Logger.SptLoggerMiddleware] [客户端请求] /client/dialogue
[2026-07-30 13:30:11.809][Info][SPTarkov.Server.Logger.SptLoggerMiddleware] [客户端请求] /client/game/profile/list
[2026-07-30 13:30:13.177][Info][SPTarkov.Server.Logger.SptLoggerMiddleware] [客户端请求] /client/game/profile/select
[2026-07-30 13:30:13.400][Info][SPTarkov.Server.Logger.SptLoggerMiddleware] [客户端请求] /client/profile/status
[2026-07-30 13:30:13.641][Info][SPTarkov.Server.Logger.SptLoggerMiddleware] [客户端请求] /client/handbook/templates
[2026-07-30 13:30:15.493][Info][SPTarkov.Server.Logger.SptLoggerMiddleware] [客户端请求] /fika/update/ping
[2026-07-30 13:30:16.995][Info][SPTarkov.Server.Logger.SptLoggerMiddleware] [客户端请求] /client/builds/list
[2026-07-30 13:30:17.523][Info][SPTarkov.Server.Logger.SptLoggerMiddleware] [客户端请求] /launcher/profile/info
[2026-07-30 13:30:17.525][Info][SPTarkov.Server.Logger.SptLoggerMiddleware] [客户端请求] /launcher/server/version
[2026-07-30 13:30:19.027][Info][SPTarkov.Server.Core.Servers.Ws.SptWebSocketConnectionHandler] [ws] player: DawnCloud (69568f09db017222c89b1183) 20260730132908250 has disconnected
[2026-07-30 13:30:20.636][Info][SPTarkov.Server.Logger.SptLoggerMiddleware] [客户端请求] /client/notifier/channel/create
[2026-07-30 13:30:20.640][Info][SPTarkov.Server.Logger.SptLoggerMiddleware] [客户端请求] /client/locations
[2026-07-30 13:30:20.644][Info][SPTarkov.Server.Logger.SptLoggerMiddleware] [客户端请求] /client/profile/status
[2026-07-30 13:30:20.649][Info][SPTarkov.Server.Logger.SptLoggerMiddleware] [客户端请求] /client/weather
[2026-07-30 13:30:20.653][Info][SPTarkov.Server.Logger.SptLoggerMiddleware] [客户端请求] /client/locale/ch
[2026-07-30 13:30:20.707][Info][SPTarkov.Server.Logger.SptLoggerMiddleware] [客户端请求] /client/hideout/qte/list
[2026-07-30 13:30:20.710][Info][SPTarkov.Server.Logger.SptLoggerMiddleware] [客户端请求] /client/hideout/settings
[2026-07-30 13:30:20.720][Info][SPTarkov.Server.Logger.SptLoggerMiddleware] [客户端请求] /client/hideout/production/recipes
[2026-07-30 13:30:20.720][Info][SPTarkov.Server.Logger.SptLoggerMiddleware] [客户端请求] /client/hideout/customization/offer/list
[2026-07-30 13:30:20.726][Info][SPTarkov.Server.Logger.SptLoggerMiddleware] [客户端请求] /client/hideout/areas
[2026-07-30 13:30:20.861][Info][SPTarkov.Server.Logger.SptLoggerMiddleware] [WebSocket 请求] /notifierServer/getwebsocket/69568f09db017222c89b1183
[2026-07-30 13:30:20.861][Info][SPTarkov.Server.Core.Servers.Ws.SptWebSocketConnectionHandler] [WS] 玩家：DawnCloud (69568f09db017222c89b1183) 20260730133020861 已连接
[2026-07-30 13:30:26.365][Info][SPTarkov.Server.Logger.SptLoggerMiddleware] [客户端请求] /client/friend/request/list/inbox
[2026-07-30 13:30:26.371][Info][SPTarkov.Server.Logger.SptLoggerMiddleware] [客户端请求] /client/friend/list
[2026-07-30 13:30:26.371][Info][SPTarkov.Server.Logger.SptLoggerMiddleware] [客户端请求] /client/friend/request/list/outbox
[2026-07-30 13:30:26.378][Info][SPTarkov.Server.Logger.SptLoggerMiddleware] [客户端请求] /client/server/list
[2026-07-30 13:30:26.386][Info][SPTarkov.Server.Logger.SptLoggerMiddleware] [客户端请求] /client/quest/list
[2026-07-30 13:30:26.386][Info][SPTarkov.Server.Logger.SptLoggerMiddleware] [客户端请求] /client/mail/dialog/list
[2026-07-30 13:30:26.390][Info][SPTarkov.Server.Logger.SptLoggerMiddleware] [客户端请求] /client/match/group/current
[2026-07-30 13:30:27.223][Info][SPTarkov.Server.Logger.SptLoggerMiddleware] [客户端请求] /client/achievement/statistic
[2026-07-30 13:30:27.472][Info][SPTarkov.Server.Logger.SptLoggerMiddleware] [客户端请求] /client/achievement/list
[2026-07-30 13:30:28.007][Info][SPTarkov.Server.Logger.SptLoggerMiddleware] [客户端请求] /client/repeatalbeQuests/activityPeriods
[2026-07-30 13:30:28.257][Info][SPTarkov.Server.Logger.SptLoggerMiddleware] [客户端请求] /client/survey
[2026-07-30 13:30:28.771][Info][SPTarkov.Server.Logger.SptLoggerMiddleware] [客户端请求] /fika/presence/set
[2026-07-30 13:30:28.893][Info][SPTarkov.Server.Logger.SptLoggerMiddleware] [客户端请求] /fika/presence/get
[2026-07-30 13:30:32.627][Info][SPTarkov.Server.Logger.SptLoggerMiddleware] [客户端请求] /fika/presence/set
[2026-07-30 13:30:37.148][Info][SPTarkov.Server.Logger.SptLoggerMiddleware] [客户端请求] /launcher/profile/info
[2026-07-30 13:30:37.234][Info][SPTarkov.Server.Logger.SptLoggerMiddleware] [客户端请求] /launcher/server/version
[2026-07-30 13:30:45.497][Info][SPTarkov.Server.Logger.SptLoggerMiddleware] [客户端请求] /fika/update/ping
[2026-07-30 13:30:51.430][Info][SPTarkov.Server.Logger.SptLoggerMiddleware] [客户端请求] /client/game/profile/items/moving
[2026-07-30 13:30:58.237][Info][SPTarkov.Server.Logger.SptLoggerMiddleware] [客户端请求] /client/game/keepalive
[2026-07-30 13:31:05.533][Info][SPTarkov.Server.Logger.SptLoggerMiddleware] [客户端请求] /launcher/profile/info
[2026-07-30 13:31:05.679][Info][SPTarkov.Server.Logger.SptLoggerMiddleware] [客户端请求] /launcher/server/version
[2026-07-30 13:31:05.729][Info][SPTarkov.Server.Logger.SptLoggerMiddleware] [客户端请求] /client/game/profile/items/moving
[2026-07-30 13:31:12.093][Info][SPTarkov.Server.Logger.SptLoggerMiddleware] [客户端请求] /client/game/keepalive
[2026-07-30 13:31:15.500][Info][SPTarkov.Server.Logger.SptLoggerMiddleware] [客户端请求] /fika/update/ping
[2026-07-30 13:31:17.522][Info][SPTarkov.Server.Logger.SptLoggerMiddleware] [客户端请求] /launcher/profile/info
[2026-07-30 13:31:17.524][Info][SPTarkov.Server.Logger.SptLoggerMiddleware] [客户端请求] /launcher/server/version
[2026-07-30 13:31:19.188][Info][SPTarkov.Server.Logger.SptLoggerMiddleware] [客户端请求] /fika/presence/set
[2026-07-30 13:31:19.397][Info][SPTarkov.Server.Logger.SptLoggerMiddleware] [客户端请求] /client/game/profile/items/moving
[2026-07-30 13:31:19.400][Info][SPTarkov.Server.Logger.SptLoggerMiddleware] [客户端请求] /client/checkVersion
[2026-07-30 13:31:19.405][Info][SPTarkov.Server.Logger.SptLoggerMiddleware] [客户端请求] /client/ragfair/find
[2026-07-30 13:31:19.409][Info][SPTarkov.Server.Logger.SptLoggerMiddleware] [客户端请求] /client/items/prices/58330581ace78e27b8b10cee
[2026-07-30 13:31:19.413][Info][SPTarkov.Server.Logger.SptLoggerMiddleware] [客户端请求] /client/items/prices/5935c25fb3acc3127c3d8cd9
[2026-07-30 13:31:19.922][Info][SPTarkov.Server.Logger.SptLoggerMiddleware] [客户端请求] /client/trading/api/getTraderAssort/5935c25fb3acc3127c3d8cd9
[2026-07-30 13:31:19.925][Info][SPTarkov.Server.Logger.SptLoggerMiddleware] [客户端请求] /client/trading/api/getTraderAssort/58330581ace78e27b8b10cee
[2026-07-30 13:31:21.968][Info][SPTarkov.Server.Logger.SptLoggerMiddleware] [客户端请求] /client/ragfair/find
[2026-07-30 13:31:37.154][Info][SPTarkov.Server.Logger.SptLoggerMiddleware] [客户端请求] /launcher/profile/info
[2026-07-30 13:31:37.240][Info][SPTarkov.Server.Logger.SptLoggerMiddleware] [客户端请求] /launcher/server/version
[2026-07-30 13:31:45.503][Info][SPTarkov.Server.Logger.SptLoggerMiddleware] [客户端请求] /fika/update/ping
[2026-07-30 13:31:45.723][Info][SPTarkov.Server.Logger.SptLoggerMiddleware] [客户端请求] /fika/presence/set
[2026-07-30 13:31:47.720][Info][SPTarkov.Server.Logger.SptLoggerMiddleware] [客户端请求] /client/trading/api/getTraderAssort/5935c25fb3acc3127c3d8cd9
[2026-07-30 13:31:47.726][Info][SPTarkov.Server.Logger.SptLoggerMiddleware] [客户端请求] /client/trading/api/getTraderAssort/58330581ace78e27b8b10cee
[2026-07-30 13:31:47.743][Info][SPTarkov.Server.Logger.SptLoggerMiddleware] [客户端请求] /client/ragfair/find
[2026-07-30 13:31:59.265][Info][SPTarkov.Server.Logger.SptLoggerMiddleware] [客户端请求] /client/ragfair/find
[2026-07-30 13:32:05.540][Info][SPTarkov.Server.Logger.SptLoggerMiddleware] [客户端请求] /launcher/profile/info
[2026-07-30 13:32:05.686][Info][SPTarkov.Server.Logger.SptLoggerMiddleware] [客户端请求] /launcher/server/version
[2026-07-30 13:32:12.473][Info][SPTarkov.Server.Logger.SptLoggerMiddleware] [客户端请求] /client/game/profile/items/moving
[2026-07-30 13:32:12.480][Error][SPTarkov.Server.Core.Helpers.InventoryHelper] [OOB] 物品：6a5f821098182e44945fed37；错误消息：Item: 6a5f821098182e44945fed37 at: 5, 37 size: 1x6 extends outside the containers bounds
[2026-07-30 13:32:12.482][Error][SPTarkov.Server.Core.Helpers.InventoryHelper] [OOB] 物品：6a5f821098182e44945fed37；错误消息：Item: 6a5f821098182e44945fed37 at: 5, 37 size: 1x6 extends outside the containers bounds
[2026-07-30 13:32:13.312][Info][SPTarkov.Server.Logger.SptLoggerMiddleware] [客户端请求] /fika/presence/set
[2026-07-30 13:32:15.509][Info][SPTarkov.Server.Logger.SptLoggerMiddleware] [客户端请求] /fika/update/ping
[2026-07-30 13:32:17.532][Info][SPTarkov.Server.Logger.SptLoggerMiddleware] [客户端请求] /launcher/profile/info
[2026-07-30 13:32:17.533][Info][SPTarkov.Server.Logger.SptLoggerMiddleware] [客户端请求] /launcher/server/version
[2026-07-30 13:32:37.146][Info][SPTarkov.Server.Logger.SptLoggerMiddleware] [客户端请求] /launcher/profile/info
[2026-07-30 13:32:37.241][Info][SPTarkov.Server.Logger.SptLoggerMiddleware] [客户端请求] /launcher/server/version
[2026-07-30 13:32:45.512][Info][SPTarkov.Server.Logger.SptLoggerMiddleware] [客户端请求] /fika/update/ping
[2026-07-30 13:32:48.111][Info][SPTarkov.Server.Logger.SptLoggerMiddleware] [客户端请求] /client/game/profile/items/moving
[2026-07-30 13:32:55.228][Info][SPTarkov.Server.Logger.SptLoggerMiddleware] [客户端请求] /fika/presence/set
[2026-07-30 13:32:55.430][Info][SPTarkov.Server.Logger.SptLoggerMiddleware] [客户端请求] /client/game/profile/items/moving
[2026-07-30 13:33:05.530][Info][SPTarkov.Server.Logger.SptLoggerMiddleware] [客户端请求] /launcher/profile/info
[2026-07-30 13:33:05.672][Info][SPTarkov.Server.Logger.SptLoggerMiddleware] [客户端请求] /launcher/server/version
[2026-07-30 13:33:15.516][Info][SPTarkov.Server.Logger.SptLoggerMiddleware] [客户端请求] /fika/update/ping
[2026-07-30 13:33:17.525][Info][SPTarkov.Server.Logger.SptLoggerMiddleware] [客户端请求] /launcher/profile/info
[2026-07-30 13:33:17.527][Info][SPTarkov.Server.Logger.SptLoggerMiddleware] [客户端请求] /launcher/server/version
[2026-07-30 13:33:18.303][Info][SPTarkov.Server.Logger.SptLoggerMiddleware] [客户端请求] /client/game/keepalive
[2026-07-30 13:33:32.419][Info][SPTarkov.Server.Logger.SptLoggerMiddleware] [客户端请求] /client/game/keepalive
[2026-07-30 13:33:37.140][Info][SPTarkov.Server.Logger.SptLoggerMiddleware] [客户端请求] /launcher/profile/info
[2026-07-30 13:33:37.231][Info][SPTarkov.Server.Logger.SptLoggerMiddleware] [客户端请求] /launcher/server/version
[2026-07-30 13:33:45.519][Info][SPTarkov.Server.Logger.SptLoggerMiddleware] [客户端请求] /fika/update/ping
[2026-07-30 13:33:55.691][Info][SPTarkov.Server.Logger.SptLoggerMiddleware] [客户端请求] /client/game/profile/items/moving
[2026-07-30 13:34:04.641][Info][SPTarkov.Server.Logger.SptLoggerMiddleware] [客户端请求] /singleplayer/settings/bot/getBotBehaviours/
[2026-07-30 13:34:05.515][Info][SPTarkov.Server.Logger.SptLoggerMiddleware] [客户端请求] /launcher/profile/info
[2026-07-30 13:34:05.663][Info][SPTarkov.Server.Logger.SptLoggerMiddleware] [客户端请求] /launcher/server/version
[2026-07-30 13:34:06.867][Info][SPTarkov.Server.Logger.SptLoggerMiddleware] [客户端请求] /client/items/prices
[2026-07-30 13:34:06.883][Info][SPTarkov.Server.Logger.SptLoggerMiddleware] [客户端请求] /client/ragfair/itemMarketPrice
[2026-07-30 13:34:08.600][Info][SPTarkov.Server.Logger.SptLoggerMiddleware] [客户端请求] /client/ragfair/offerfees
[2026-07-30 13:34:08.853][Info][SPTarkov.Server.Logger.SptLoggerMiddleware] [客户端请求] /client/game/profile/items/moving
[2026-07-30 13:34:10.626][Info][SPTarkov.Server.Logger.SptLoggerMiddleware] [客户端请求] /client/ragfair/itemMarketPrice
[2026-07-30 13:34:10.629][Info][SPTarkov.Server.Logger.SptLoggerMiddleware] [客户端请求] /client/items/prices
[2026-07-30 13:34:12.224][Info][SPTarkov.Server.Logger.SptLoggerMiddleware] [客户端请求] /client/ragfair/offerfees
[2026-07-30 13:34:15.523][Info][SPTarkov.Server.Logger.SptLoggerMiddleware] [客户端请求] /fika/update/ping
[2026-07-30 13:34:15.744][Info][SPTarkov.Server.Logger.SptLoggerMiddleware] [客户端请求] /client/mail/dialog/view
[2026-07-30 13:34:17.023][Info][SPTarkov.Server.Logger.SptLoggerMiddleware] [客户端请求] /client/mail/dialog/view
[2026-07-30 13:34:17.297][Info][SPTarkov.Server.Logger.SptLoggerMiddleware] [客户端请求] /client/match/local/end
[2026-07-30 13:34:17.532][Info][SPTarkov.Server.Logger.SptLoggerMiddleware] [客户端请求] /launcher/profile/info
[2026-07-30 13:34:17.534][Info][SPTarkov.Server.Logger.SptLoggerMiddleware] [客户端请求] /launcher/server/version
[2026-07-30 13:34:17.596][Info][SPTarkov.Server.Logger.SptLoggerMiddleware] [客户端请求] /client/mail/dialog/getAllAttachments
[2026-07-30 13:34:18.097][Info][SPTarkov.Server.Logger.SptLoggerMiddleware] [客户端请求] /fika/raid/leave
[2026-07-30 13:34:24.995][Info][SPTarkov.Server.Logger.SptLoggerMiddleware] [客户端请求] /fika/presence/set
[2026-07-30 13:34:25.200][Info][SPTarkov.Server.Logger.SptLoggerMiddleware] [客户端请求] /client/game/profile/items/moving
[2026-07-30 13:34:26.384][Info][SPTarkov.Server.Logger.SptLoggerMiddleware] [WebSocket 请求] /notifierServer/getwebsocket/69802d793401cb1dcc190aae
[2026-07-30 13:34:26.385][Info][SPTarkov.Server.Core.Servers.Ws.SptWebSocketConnectionHandler] [WS] 玩家：Maxryuki (69802d793401cb1dcc190aae) 20260730133426385 已连接
[2026-07-30 13:34:27.377][Info][SPTarkov.Server.Logger.SptLoggerMiddleware] [客户端请求] /client/items/prices
[2026-07-30 13:34:27.378][Info][SPTarkov.Server.Logger.SptLoggerMiddleware] [客户端请求] /client/ragfair/itemMarketPrice
[2026-07-30 13:34:29.196][Info][SPTarkov.Server.Logger.SptLoggerMiddleware] [客户端请求] /client/ragfair/offerfees
[2026-07-30 13:34:29.438][Info][SPTarkov.Server.Logger.SptLoggerMiddleware] [客户端请求] /client/game/profile/items/moving
[2026-07-30 13:34:30.390][Info][SPTarkov.Server.Logger.SptLoggerMiddleware] [客户端请求] /botplacementsystem/save
[2026-07-30 13:34:32.064][Info][SPTarkov.Server.Logger.SptLoggerMiddleware] [客户端请求] /client/match/local/end
[2026-07-30 13:34:32.204][Info][SPTarkov.Server.Logger.SptLoggerMiddleware] [客户端请求] /fika/raid/leave
[2026-07-30 13:34:32.204][Info][FikaServer.Services.MatchService] Coop session 68f79277575e002bfcf5a4a1 has ended HostShutdown
[2026-07-30 13:34:32.210][Info][FikaServer.Services.MatchService] Deleted match [68f79277575e002bfcf5a4a1]
[2026-07-30 13:34:34.492][Info][SPTarkov.Server.Logger.SptLoggerMiddleware] [客户端请求] /client/game/profile/list
[2026-07-30 13:34:37.141][Info][SPTarkov.Server.Logger.SptLoggerMiddleware] [客户端请求] /launcher/profile/info
[2026-07-30 13:34:37.227][Info][SPTarkov.Server.Logger.SptLoggerMiddleware] [客户端请求] /launcher/server/version
[2026-07-30 13:34:37.663][Info][SPTarkov.Server.Logger.SptLoggerMiddleware] [客户端请求] /client/game/profile/select
[2026-07-30 13:34:37.973][Info][SPTarkov.Server.Logger.SptLoggerMiddleware] [客户端请求] /client/profile/status
[2026-07-30 13:34:38.308][Info][SPTarkov.Server.Logger.SptLoggerMiddleware] [客户端请求] /client/quest/list
[2026-07-30 13:34:39.095][Info][SPTarkov.Server.Logger.SptLoggerMiddleware] [客户端请求] /client/ragfair/itemMarketPrice
[2026-07-30 13:34:39.098][Info][SPTarkov.Server.Logger.SptLoggerMiddleware] [客户端请求] /client/items/prices
[2026-07-30 13:34:40.634][Info][SPTarkov.Server.Logger.SptLoggerMiddleware] [WebSocket 请求] /notifierServer/getwebsocket/68f79277575e002bfcf5a4a1
[2026-07-30 13:34:40.635][Info][SPTarkov.Server.Core.Servers.Ws.SptWebSocketConnectionHandler] [WS] 玩家：JúnioR (68f79277575e002bfcf5a4a1) 20260730133440635 已连接
[2026-07-30 13:34:41.677][Info][SPTarkov.Server.Logger.SptLoggerMiddleware] [客户端请求] /client/achievement/statistic
[2026-07-30 13:34:41.681][Info][SPTarkov.Server.Logger.SptLoggerMiddleware] [客户端请求] /client/ragfair/offerfees
[2026-07-30 13:34:41.925][Info][SPTarkov.Server.Logger.SptLoggerMiddleware] [客户端请求] /client/game/profile/items/moving
[2026-07-30 13:34:41.998][Info][SPTarkov.Server.Logger.SptLoggerMiddleware] [客户端请求] /client/achievement/list
[2026-07-30 13:34:42.730][Info][SPTarkov.Server.Logger.SptLoggerMiddleware] [客户端请求] /client/repeatalbeQuests/activityPeriods
[2026-07-30 13:34:42.738][Info][SPTarkov.Server.Logger.SptLoggerMiddleware] [客户端请求] /client/game/profile/items/moving
[2026-07-30 13:34:50.909][Info][SPTarkov.Server.Logger.SptLoggerMiddleware] [客户端请求] /client/game/profile/list
[2026-07-30 13:34:52.003][Info][SPTarkov.Server.Logger.SptLoggerMiddleware] [客户端请求] /client/game/profile/select
[2026-07-30 13:34:52.032][Info][SPTarkov.Server.Logger.SptLoggerMiddleware] [客户端请求] /client/profile/status
[2026-07-30 13:34:52.071][Info][SPTarkov.Server.Logger.SptLoggerMiddleware] [客户端请求] /client/quest/list
[2026-07-30 13:34:52.405][Info][SPTarkov.Server.Logger.SptLoggerMiddleware] [客户端请求] /client/achievement/statistic
[2026-07-30 13:34:52.432][Info][SPTarkov.Server.Logger.SptLoggerMiddleware] [客户端请求] /client/achievement/list
[2026-07-30 13:34:52.585][Info][SPTarkov.Server.Logger.SptLoggerMiddleware] [客户端请求] /client/repeatalbeQuests/activityPeriods
[2026-07-30 13:34:55.026][Info][SPTarkov.Server.Logger.SptLoggerMiddleware] [客户端请求] /client/mail/dialog/getAllAttachments
[2026-07-30 13:35:00.874][Info][SPTarkov.Server.Logger.SptLoggerMiddleware] [客户端请求] /fika/presence/set
[2026-07-30 13:35:01.073][Info][SPTarkov.Server.Logger.SptLoggerMiddleware] [客户端请求] /client/game/profile/items/moving
[2026-07-30 13:35:05.513][Info][SPTarkov.Server.Logger.SptLoggerMiddleware] [客户端请求] /launcher/profile/info
[2026-07-30 13:35:05.660][Info][SPTarkov.Server.Logger.SptLoggerMiddleware] [客户端请求] /launcher/server/version
[2026-07-30 13:35:10.396][Info][SPTarkov.Server.Logger.SptLoggerMiddleware] [客户端请求] /client/items
[2026-07-30 13:35:12.850][Info][SPTarkov.Server.Logger.SptLoggerMiddleware] [客户端请求] /client/items/prices
[2026-07-30 13:35:12.854][Info][SPTarkov.Server.Logger.SptLoggerMiddleware] [客户端请求] /client/ragfair/itemMarketPrice
[2026-07-30 13:35:13.788][Info][SPTarkov.Server.Logger.SptLoggerMiddleware] [客户端请求] /client/items
[2026-07-30 13:35:14.589][Info][SPTarkov.Server.Logger.SptLoggerMiddleware] [客户端请求] /client/ragfair/offerfees
[2026-07-30 13:35:14.837][Info][SPTarkov.Server.Logger.SptLoggerMiddleware] [客户端请求] /client/game/profile/items/moving
[2026-07-30 13:35:16.755][Info][SPTarkov.Server.Logger.SptLoggerMiddleware] [客户端请求] /client/items/prices
[2026-07-30 13:35:16.758][Info][SPTarkov.Server.Logger.SptLoggerMiddleware] [客户端请求] /client/ragfair/itemMarketPrice
[2026-07-30 13:35:17.524][Info][SPTarkov.Server.Logger.SptLoggerMiddleware] [客户端请求] /launcher/profile/info
[2026-07-30 13:35:17.525][Info][SPTarkov.Server.Logger.SptLoggerMiddleware] [客户端请求] /launcher/server/version
[2026-07-30 13:35:18.663][Info][SPTarkov.Server.Logger.SptLoggerMiddleware] [客户端请求] /client/ragfair/offerfees
[2026-07-30 13:35:18.752][Info][SPTarkov.Server.Logger.SptLoggerMiddleware] [客户端请求] /client/customization
[2026-07-30 13:35:18.770][Info][SPTarkov.Server.Logger.SptLoggerMiddleware] [客户端请求] /client/trading/api/traderSettings
[2026-07-30 13:35:18.770][Info][SPTarkov.Server.Logger.SptLoggerMiddleware] [客户端请求] /client/globals
[2026-07-30 13:35:18.770][Info][SPTarkov.Server.Logger.SptLoggerMiddleware] [客户端请求] /client/settings
[2026-07-30 13:35:18.770][Info][SPTarkov.Server.Logger.SptLoggerMiddleware] [客户端请求] /client/prestige/list
[2026-07-30 13:35:19.185][Info][SPTarkov.Server.Logger.SptLoggerMiddleware] [客户端请求] /client/customization/storage
[2026-07-30 13:35:19.236][Info][SPTarkov.Server.Logger.SptLoggerMiddleware] [客户端请求] /client/dialogue
[2026-07-30 13:35:19.241][Info][SPTarkov.Server.Logger.SptLoggerMiddleware] [客户端请求] /client/game/profile/list
[2026-07-30 13:35:21.725][Info][SPTarkov.Server.Logger.SptLoggerMiddleware] [客户端请求] /client/game/profile/select
[2026-07-30 13:35:21.794][Info][SPTarkov.Server.Logger.SptLoggerMiddleware] [客户端请求] /client/profile/status
[2026-07-30 13:35:21.855][Info][SPTarkov.Server.Logger.SptLoggerMiddleware] [客户端请求] /client/handbook/templates
[2026-07-30 13:35:23.185][Info][SPTarkov.Server.Logger.SptLoggerMiddleware] [客户端请求] /client/builds/list
[2026-07-30 13:35:23.390][Info][SPTarkov.Server.Logger.SptLoggerMiddleware] [客户端请求] /botplacementsystem/load
[2026-07-30 13:35:23.397][Info][SPTarkov.Server.Logger.SptLoggerMiddleware] [客户端请求] /weaponcustomizer/load
[2026-07-30 13:35:23.477][Info][SPTarkov.Server.Logger.SptLoggerMiddleware] [客户端请求] /client/settings
[2026-07-30 13:35:23.486][Info][SPTarkov.Server.Logger.SptLoggerMiddleware] [客户端请求] /client/trading/api/traderSettings
[2026-07-30 13:35:23.492][Info][SPTarkov.Server.Logger.SptLoggerMiddleware] [客户端请求] /client/globals
[2026-07-30 13:35:23.496][Info][SPTarkov.Server.Logger.SptLoggerMiddleware] [客户端请求] /client/customization
[2026-07-30 13:35:23.501][Info][SPTarkov.Server.Logger.SptLoggerMiddleware] [客户端请求] /client/prestige/list
[2026-07-30 13:35:24.036][Info][SPTarkov.Server.Core.Servers.Ws.SptWebSocketConnectionHandler] [ws] player: JúnioR (68f79277575e002bfcf5a4a1) 20260730133440635 has disconnected
[2026-07-30 13:35:24.357][Info][SPTarkov.Server.Logger.SptLoggerMiddleware] [客户端请求] /client/customization/storage
[2026-07-30 13:35:24.962][Info][SPTarkov.Server.Logger.SptLoggerMiddleware] [客户端请求] /client/game/profile/list
[2026-07-30 13:35:24.970][Info][SPTarkov.Server.Logger.SptLoggerMiddleware] [客户端请求] /client/dialogue
[2026-07-30 13:35:25.834][Info][SPTarkov.Server.Logger.SptLoggerMiddleware] [客户端请求] /client/notifier/channel/create
[2026-07-30 13:35:25.845][Info][SPTarkov.Server.Logger.SptLoggerMiddleware] [客户端请求] /client/weather
[2026-07-30 13:35:25.845][Info][SPTarkov.Server.Logger.SptLoggerMiddleware] [客户端请求] /client/profile/status
[2026-07-30 13:35:25.846][Info][SPTarkov.Server.Logger.SptLoggerMiddleware] [客户端请求] /client/locale/ch
[2026-07-30 13:35:25.882][Info][SPTarkov.Server.Logger.SptLoggerMiddleware] [客户端请求] /client/locations
[2026-07-30 13:35:25.889][Info][SPTarkov.Server.Logger.SptLoggerMiddleware] [WebSocket 请求] /notifierServer/getwebsocket/68f79277575e002bfcf5a4a1
[2026-07-30 13:35:25.890][Info][SPTarkov.Server.Core.Servers.Ws.SptWebSocketConnectionHandler] [WS] 玩家：JúnioR (68f79277575e002bfcf5a4a1) 20260730133525890 已连接
[2026-07-30 13:35:25.964][Info][SPTarkov.Server.Logger.SptLoggerMiddleware] [客户端请求] /client/hideout/production/recipes
[2026-07-30 13:35:25.964][Info][SPTarkov.Server.Logger.SptLoggerMiddleware] [客户端请求] /client/hideout/areas
[2026-07-30 13:35:25.964][Info][SPTarkov.Server.Logger.SptLoggerMiddleware] [客户端请求] /client/hideout/settings
[2026-07-30 13:35:25.965][Info][SPTarkov.Server.Logger.SptLoggerMiddleware] [客户端请求] /client/hideout/qte/list
[2026-07-30 13:35:25.969][Info][SPTarkov.Server.Logger.SptLoggerMiddleware] [客户端请求] /client/hideout/customization/offer/list
[2026-07-30 13:35:27.360][Info][SPTarkov.Server.Logger.SptLoggerMiddleware] [客户端请求] /client/game/profile/select
[2026-07-30 13:35:27.734][Info][SPTarkov.Server.Logger.SptLoggerMiddleware] [客户端请求] /client/profile/status
[2026-07-30 13:35:28.125][Info][SPTarkov.Server.Logger.SptLoggerMiddleware] [客户端请求] /client/handbook/templates
[2026-07-30 13:35:30.582][Info][SPTarkov.Server.Logger.SptLoggerMiddleware] [客户端请求] /client/builds/list
[2026-07-30 13:35:30.752][Info][SPTarkov.Server.Logger.SptLoggerMiddleware] [客户端请求] /client/match/group/current
[2026-07-30 13:35:30.770][Info][SPTarkov.Server.Logger.SptLoggerMiddleware] [客户端请求] /client/server/list
[2026-07-30 13:35:30.770][Info][SPTarkov.Server.Logger.SptLoggerMiddleware] [客户端请求] /client/mail/dialog/list
[2026-07-30 13:35:30.770][Info][SPTarkov.Server.Logger.SptLoggerMiddleware] [客户端请求] /client/quest/list
[2026-07-30 13:35:30.770][Info][SPTarkov.Server.Logger.SptLoggerMiddleware] [客户端请求] /client/friend/list
[2026-07-30 13:35:30.770][Info][SPTarkov.Server.Logger.SptLoggerMiddleware] [客户端请求] /client/friend/request/list/inbox
[2026-07-30 13:35:30.776][Info][SPTarkov.Server.Logger.SptLoggerMiddleware] [客户端请求] /client/friend/request/list/outbox
[2026-07-30 13:35:30.920][Info][SPTarkov.Server.Logger.SptLoggerMiddleware] [客户端请求] /weaponcustomizer/load
[2026-07-30 13:35:31.050][Info][SPTarkov.Server.Logger.SptLoggerMiddleware] [客户端请求] /client/achievement/statistic
[2026-07-30 13:35:31.113][Info][SPTarkov.Server.Logger.SptLoggerMiddleware] [客户端请求] /client/achievement/list
[2026-07-30 13:35:31.298][Info][SPTarkov.Server.Logger.SptLoggerMiddleware] [客户端请求] /client/repeatalbeQuests/activityPeriods
[2026-07-30 13:35:31.399][Info][SPTarkov.Server.Logger.SptLoggerMiddleware] [客户端请求] /client/survey
[2026-07-30 13:35:31.791][Info][SPTarkov.Server.Logger.SptLoggerMiddleware] [客户端请求] /fika/presence/set
[2026-07-30 13:35:31.957][Info][SPTarkov.Server.Logger.SptLoggerMiddleware] [客户端请求] /fika/presence/get
[2026-07-30 13:35:33.021][Info][SPTarkov.Server.Core.Servers.Ws.SptWebSocketConnectionHandler] [ws] player: Maxryuki (69802d793401cb1dcc190aae) 20260730133426385 has disconnected
[2026-07-30 13:35:34.267][Info][SPTarkov.Server.Logger.SptLoggerMiddleware] [客户端请求] /client/notifier/channel/create
[2026-07-30 13:35:34.274][Info][SPTarkov.Server.Logger.SptLoggerMiddleware] [客户端请求] /client/locations
[2026-07-30 13:35:34.279][Info][SPTarkov.Server.Logger.SptLoggerMiddleware] [客户端请求] /client/locale/ch
[2026-07-30 13:35:34.282][Info][SPTarkov.Server.Logger.SptLoggerMiddleware] [客户端请求] /client/weather
[2026-07-30 13:35:34.286][Info][SPTarkov.Server.Logger.SptLoggerMiddleware] [客户端请求] /client/profile/status
[2026-07-30 13:35:34.295][Info][SPTarkov.Server.Logger.SptLoggerMiddleware] [客户端请求] /client/hideout/settings
[2026-07-30 13:35:34.299][Info][SPTarkov.Server.Logger.SptLoggerMiddleware] [客户端请求] /client/hideout/areas
[2026-07-30 13:35:34.303][Info][SPTarkov.Server.Logger.SptLoggerMiddleware] [客户端请求] /client/hideout/customization/offer/list
[2026-07-30 13:35:34.304][Info][SPTarkov.Server.Logger.SptLoggerMiddleware] [客户端请求] /client/hideout/qte/list
[2026-07-30 13:35:34.311][Info][SPTarkov.Server.Logger.SptLoggerMiddleware] [客户端请求] /client/hideout/production/recipes
[2026-07-30 13:35:34.602][Info][SPTarkov.Server.Logger.SptLoggerMiddleware] [WebSocket 请求] /notifierServer/getwebsocket/69802d793401cb1dcc190aae
[2026-07-30 13:35:34.603][Info][SPTarkov.Server.Core.Servers.Ws.SptWebSocketConnectionHandler] [WS] 玩家：Maxryuki (69802d793401cb1dcc190aae) 20260730133534602 已连接
[2026-07-30 13:35:36.641][Info][SPTarkov.Server.Logger.SptLoggerMiddleware] [客户端请求] /client/game/profile/items/moving
[2026-07-30 13:35:37.146][Info][SPTarkov.Server.Logger.SptLoggerMiddleware] [客户端请求] /launcher/profile/info
[2026-07-30 13:35:37.231][Info][SPTarkov.Server.Logger.SptLoggerMiddleware] [客户端请求] /launcher/server/version
[2026-07-30 13:35:41.184][Info][SPTarkov.Server.Logger.SptLoggerMiddleware] [客户端请求] /client/server/list
[2026-07-30 13:35:41.193][Info][SPTarkov.Server.Logger.SptLoggerMiddleware] [客户端请求] /client/match/group/current
[2026-07-30 13:35:41.197][Info][SPTarkov.Server.Logger.SptLoggerMiddleware] [客户端请求] /client/mail/dialog/list
[2026-07-30 13:35:41.202][Info][SPTarkov.Server.Logger.SptLoggerMiddleware] [客户端请求] /client/friend/request/list/inbox
[2026-07-30 13:35:41.203][Info][SPTarkov.Server.Logger.SptLoggerMiddleware] [客户端请求] /client/friend/request/list/outbox
[2026-07-30 13:35:41.208][Info][SPTarkov.Server.Logger.SptLoggerMiddleware] [客户端请求] /client/friend/list
[2026-07-30 13:35:41.210][Info][SPTarkov.Server.Logger.SptLoggerMiddleware] [客户端请求] /client/quest/list
[2026-07-30 13:35:41.897][Info][SPTarkov.Server.Logger.SptLoggerMiddleware] [客户端请求] /fika/presence/get
[2026-07-30 13:35:43.330][Info][SPTarkov.Server.Logger.SptLoggerMiddleware] [客户端请求] /fika/presence/set
[2026-07-30 13:35:43.529][Info][SPTarkov.Server.Logger.SptLoggerMiddleware] [客户端请求] /client/ragfair/find
[2026-07-30 13:35:43.533][Info][SPTarkov.Server.Logger.SptLoggerMiddleware] [客户端请求] /client/trading/api/getTraderAssort/58330581ace78e27b8b10cee
[2026-07-30 13:35:43.539][Info][SPTarkov.Server.Logger.SptLoggerMiddleware] [客户端请求] /client/trading/api/getTraderAssort/5935c25fb3acc3127c3d8cd9
[2026-07-30 13:35:43.952][Info][SPTarkov.Server.Logger.SptLoggerMiddleware] [客户端请求] /client/achievement/statistic
[2026-07-30 13:35:44.306][Info][SPTarkov.Server.Logger.SptLoggerMiddleware] [客户端请求] /client/achievement/list
[2026-07-30 13:35:44.936][Info][SPTarkov.Server.Logger.SptLoggerMiddleware] [客户端请求] /client/repeatalbeQuests/activityPeriods
[2026-07-30 13:35:45.289][Info][SPTarkov.Server.Logger.SptLoggerMiddleware] [客户端请求] /client/survey
[2026-07-30 13:35:45.853][Info][SPTarkov.Server.Logger.SptLoggerMiddleware] [客户端请求] /fika/presence/set
[2026-07-30 13:35:46.304][Info][SPTarkov.Server.Logger.SptLoggerMiddleware] [客户端请求] /fika/presence/get
[2026-07-30 13:35:47.503][Info][SPTarkov.Server.Logger.SptLoggerMiddleware] [客户端请求] /client/ragfair/find
[2026-07-30 13:35:51.401][Info][SPTarkov.Server.Logger.SptLoggerMiddleware] [客户端请求] /client/game/profile/items/moving
[2026-07-30 13:35:51.455][Error][SPTarkov.Server.Core.Helpers.InventoryHelper] [OOB] 物品：6a5f821098182e44945fed37；错误消息：Item: 6a5f821098182e44945fed37 at: 5, 37 size: 1x6 extends outside the containers bounds
[2026-07-30 13:35:51.464][Error][SPTarkov.Server.Core.Helpers.InventoryHelper] [OOB] 物品：6a5f821098182e44945fed37；错误消息：Item: 6a5f821098182e44945fed37 at: 5, 37 size: 1x6 extends outside the containers bounds
[2026-07-30 13:35:51.516][Error][SPTarkov.Server.Core.Helpers.InventoryHelper] [OOB] 物品：6a5f821098182e44945fed37；错误消息：Item: 6a5f821098182e44945fed37 at: 5, 37 size: 1x6 extends outside the containers bounds
[2026-07-30 13:35:51.518][Error][SPTarkov.Server.Core.Helpers.InventoryHelper] [OOB] 物品：6a5f821098182e44945fed37；错误消息：Item: 6a5f821098182e44945fed37 at: 5, 37 size: 1x6 extends outside the containers bounds
[2026-07-30 13:35:51.550][Error][SPTarkov.Server.Core.Helpers.InventoryHelper] [OOB] 物品：6a5f821098182e44945fed37；错误消息：Item: 6a5f821098182e44945fed37 at: 5, 37 size: 1x6 extends outside the containers bounds
[2026-07-30 13:35:51.552][Error][SPTarkov.Server.Core.Helpers.InventoryHelper] [OOB] 物品：6a5f821098182e44945fed37；错误消息：Item: 6a5f821098182e44945fed37 at: 5, 37 size: 1x6 extends outside the containers bounds
[2026-07-30 13:35:51.586][Error][SPTarkov.Server.Core.Helpers.InventoryHelper] [OOB] 物品：6a5f821098182e44945fed37；错误消息：Item: 6a5f821098182e44945fed37 at: 5, 37 size: 1x6 extends outside the containers bounds
[2026-07-30 13:35:51.587][Error][SPTarkov.Server.Core.Helpers.InventoryHelper] [OOB] 物品：6a5f821098182e44945fed37；错误消息：Item: 6a5f821098182e44945fed37 at: 5, 37 size: 1x6 extends outside the containers bounds
[2026-07-30 13:35:51.631][Error][SPTarkov.Server.Core.Helpers.InventoryHelper] [OOB] 物品：6a5f821098182e44945fed37；错误消息：Item: 6a5f821098182e44945fed37 at: 5, 37 size: 1x6 extends outside the containers bounds
[2026-07-30 13:35:51.634][Error][SPTarkov.Server.Core.Helpers.InventoryHelper] [OOB] 物品：6a5f821098182e44945fed37；错误消息：Item: 6a5f821098182e44945fed37 at: 5, 37 size: 1x6 extends outside the containers bounds
[2026-07-30 13:35:51.684][Error][SPTarkov.Server.Core.Helpers.InventoryHelper] [OOB] 物品：6a5f821098182e44945fed37；错误消息：Item: 6a5f821098182e44945fed37 at: 5, 37 size: 1x6 extends outside the containers bounds
[2026-07-30 13:35:51.686][Error][SPTarkov.Server.Core.Helpers.InventoryHelper] [OOB] 物品：6a5f821098182e44945fed37；错误消息：Item: 6a5f821098182e44945fed37 at: 5, 37 size: 1x6 extends outside the containers bounds
[2026-07-30 13:35:51.897][Info][SPTarkov.Server.Logger.SptLoggerMiddleware] [客户端请求] /fika/presence/get
[2026-07-30 13:35:53.549][Info][SPTarkov.Server.Logger.SptLoggerMiddleware] [客户端请求] /fika/presence/set
[2026-07-30 13:35:56.323][Info][SPTarkov.Server.Logger.SptLoggerMiddleware] [客户端请求] /client/checkVersion
[2026-07-30 13:35:56.335][Info][SPTarkov.Server.Logger.SptLoggerMiddleware] [客户端请求] /client/items/prices/58330581ace78e27b8b10cee
[2026-07-30 13:35:56.338][Info][SPTarkov.Server.Logger.SptLoggerMiddleware] [客户端请求] /client/items/prices/54cb50c76803fa8b248b4571
[2026-07-30 13:35:56.343][Info][SPTarkov.Server.Logger.SptLoggerMiddleware] [客户端请求] /client/items/prices/5935c25fb3acc3127c3d8cd9
[2026-07-30 13:35:57.094][Info][SPTarkov.Server.Logger.SptLoggerMiddleware] [客户端请求] /fika/presence/set
[2026-07-30 13:35:57.286][Info][SPTarkov.Server.Logger.SptLoggerMiddleware] [客户端请求] /client/trading/api/getTraderAssort/58330581ace78e27b8b10cee
[2026-07-30 13:35:57.290][Info][SPTarkov.Server.Logger.SptLoggerMiddleware] [客户端请求] /client/trading/api/getTraderAssort/54cb50c76803fa8b248b4571
[2026-07-30 13:35:57.325][Info][SPTarkov.Server.Logger.SptLoggerMiddleware] [客户端请求] /client/trading/api/getTraderAssort/5935c25fb3acc3127c3d8cd9
[2026-07-30 13:35:57.564][Info][SPTarkov.Server.Logger.SptLoggerMiddleware] [客户端请求] /fika/presence/set
[2026-07-30 13:35:59.567][Info][SPTarkov.Server.Logger.SptLoggerMiddleware] [客户端请求] /client/game/profile/items/moving
[2026-07-30 13:36:01.242][Info][SPTarkov.Server.Logger.SptLoggerMiddleware] [客户端请求] /client/items/prices/54cb57776803fa99248b456e
[2026-07-30 13:36:02.070][Info][SPTarkov.Server.Logger.SptLoggerMiddleware] [客户端请求] /client/trading/api/getTraderAssort/54cb57776803fa99248b456e
[2026-07-30 13:36:04.867][Info][SPTarkov.Server.Logger.SptLoggerMiddleware] [客户端请求] /client/items/prices/579dc571d53a0658a154fbec
[2026-07-30 13:36:05.513][Info][SPTarkov.Server.Logger.SptLoggerMiddleware] [客户端请求] /launcher/profile/info
[2026-07-30 13:36:05.632][Info][SPTarkov.Server.Logger.SptLoggerMiddleware] [客户端请求] /client/trading/api/getTraderAssort/579dc571d53a0658a154fbec
[2026-07-30 13:36:05.657][Info][SPTarkov.Server.Logger.SptLoggerMiddleware] [客户端请求] /launcher/server/version
[2026-07-30 13:36:08.111][Info][SPTarkov.Server.Logger.SptLoggerMiddleware] [客户端请求] /client/game/profile/items/moving
[2026-07-30 13:36:09.389][Info][SPTarkov.Server.Logger.SptLoggerMiddleware] [客户端请求] /client/items/prices/5ac3b934156ae10c4430e83c
[2026-07-30 13:36:10.224][Info][SPTarkov.Server.Logger.SptLoggerMiddleware] [客户端请求] /client/trading/api/getTraderAssort/5ac3b934156ae10c4430e83c
[2026-07-30 13:36:10.619][Info][SPTarkov.Server.Logger.SptLoggerMiddleware] [客户端请求] /fika/senditem/availablereceivers
[2026-07-30 13:36:10.897][Info][SPTarkov.Server.Logger.SptLoggerMiddleware] [客户端请求] /fika/presence/set
[2026-07-30 13:36:11.096][Info][SPTarkov.Server.Logger.SptLoggerMiddleware] [客户端请求] /client/game/profile/items/moving
[2026-07-30 13:36:11.891][Info][SPTarkov.Server.Logger.SptLoggerMiddleware] [客户端请求] /client/items/prices/5a7c2eca46aef81a7ca2145d
[2026-07-30 13:36:12.677][Info][SPTarkov.Server.Logger.SptLoggerMiddleware] [客户端请求] /client/trading/api/getTraderAssort/5a7c2eca46aef81a7ca2145d
[2026-07-30 13:36:13.269][Info][SPTarkov.Server.Logger.SptLoggerMiddleware] [客户端请求] /client/game/profile/items/moving
[2026-07-30 13:36:13.278][Info][FikaServer.Controllers.SendItemController] 1 items are going to sessionID: 69568f09db017222c89b1183
[2026-07-30 13:36:14.227][Info][SPTarkov.Server.Logger.SptLoggerMiddleware] [客户端请求] /client/items/prices/5c0647fdd443bc2504c2d371
[2026-07-30 13:36:14.733][Info][SPTarkov.Server.Logger.SptLoggerMiddleware] [客户端请求] /client/items/prices/6617beeaa9cfa777ca915b7c
[2026-07-30 13:36:15.035][Info][SPTarkov.Server.Logger.SptLoggerMiddleware] [客户端请求] /client/trading/api/getTraderAssort/5c0647fdd443bc2504c2d371
[2026-07-30 13:36:15.517][Info][SPTarkov.Server.Logger.SptLoggerMiddleware] [客户端请求] /client/trading/api/getTraderAssort/6617beeaa9cfa777ca915b7c
[2026-07-30 13:36:17.533][Info][SPTarkov.Server.Logger.SptLoggerMiddleware] [客户端请求] /launcher/profile/info
[2026-07-30 13:36:17.535][Info][SPTarkov.Server.Logger.SptLoggerMiddleware] [客户端请求] /launcher/server/version
[2026-07-30 13:36:17.554][Info][SPTarkov.Server.Logger.SptLoggerMiddleware] [客户端请求] /fika/presence/set
[2026-07-30 13:36:17.644][Info][SPTarkov.Server.Logger.SptLoggerMiddleware] [客户端请求] /fika/presence/get
[2026-07-30 13:36:22.689][Info][SPTarkov.Server.Logger.SptLoggerMiddleware] [客户端请求] /client/game/profile/items/moving
[2026-07-30 13:36:23.676][Info][SPTarkov.Server.Logger.SptLoggerMiddleware] [客户端请求] /client/items/prices
[2026-07-30 13:36:23.689][Info][SPTarkov.Server.Logger.SptLoggerMiddleware] [客户端请求] /client/ragfair/itemMarketPrice
[2026-07-30 13:36:25.044][Info][SPTarkov.Server.Logger.SptLoggerMiddleware] [客户端请求] /client/ragfair/offerfees
[2026-07-30 13:36:25.411][Info][SPTarkov.Server.Logger.SptLoggerMiddleware] [客户端请求] /client/game/profile/items/moving
[2026-07-30 13:36:27.288][Info][SPTarkov.Server.Logger.SptLoggerMiddleware] [客户端请求] /fika/presence/set
[2026-07-30 13:36:27.585][Info][SPTarkov.Server.Logger.SptLoggerMiddleware] [客户端请求] /client/trading/api/getTraderAssort/5935c25fb3acc3127c3d8cd9
[2026-07-30 13:36:27.596][Info][SPTarkov.Server.Logger.SptLoggerMiddleware] [客户端请求] /client/trading/api/getTraderAssort/58330581ace78e27b8b10cee
[2026-07-30 13:36:27.641][Info][SPTarkov.Server.Logger.SptLoggerMiddleware] [客户端请求] /client/ragfair/find
[2026-07-30 13:36:29.490][Info][SPTarkov.Server.Logger.SptLoggerMiddleware] [客户端请求] /fika/presence/set
[2026-07-30 13:36:29.693][Info][SPTarkov.Server.Logger.SptLoggerMiddleware] [客户端请求] /client/game/profile/items/moving
[2026-07-30 13:36:30.005][Info][SPTarkov.Server.Logger.SptLoggerMiddleware] [客户端请求] /client/items/prices
[2026-07-30 13:36:30.017][Info][SPTarkov.Server.Logger.SptLoggerMiddleware] [客户端请求] /client/ragfair/itemMarketPrice
[2026-07-30 13:36:31.236][Info][SPTarkov.Server.Logger.SptLoggerMiddleware] [客户端请求] /client/ragfair/offerfees
[2026-07-30 13:36:31.586][Info][SPTarkov.Server.Logger.SptLoggerMiddleware] [客户端请求] /client/game/profile/items/moving
[2026-07-30 13:36:32.738][Info][SPTarkov.Server.Logger.SptLoggerMiddleware] [客户端请求] /client/ragfair/itemMarketPrice
[2026-07-30 13:36:32.747][Info][SPTarkov.Server.Logger.SptLoggerMiddleware] [客户端请求] /client/items/prices
[2026-07-30 13:36:33.904][Info][SPTarkov.Server.Logger.SptLoggerMiddleware] [客户端请求] /client/ragfair/offerfees
[2026-07-30 13:36:34.248][Info][SPTarkov.Server.Logger.SptLoggerMiddleware] [客户端请求] /client/game/profile/items/moving
[2026-07-30 13:36:35.334][Info][SPTarkov.Server.Logger.SptLoggerMiddleware] [客户端请求] /client/ragfair/itemMarketPrice
[2026-07-30 13:36:35.346][Info][SPTarkov.Server.Logger.SptLoggerMiddleware] [客户端请求] /client/items/prices
[2026-07-30 13:36:36.583][Info][SPTarkov.Server.Logger.SptLoggerMiddleware] [客户端请求] /client/ragfair/offerfees
[2026-07-30 13:36:36.929][Info][SPTarkov.Server.Logger.SptLoggerMiddleware] [客户端请求] /client/game/profile/items/moving
[2026-07-30 13:36:37.147][Info][SPTarkov.Server.Logger.SptLoggerMiddleware] [客户端请求] /launcher/profile/info
[2026-07-30 13:36:37.232][Info][SPTarkov.Server.Logger.SptLoggerMiddleware] [客户端请求] /launcher/server/version
[2026-07-30 13:36:41.775][Info][SPTarkov.Server.Logger.SptLoggerMiddleware] [客户端请求] /client/items/prices
[2026-07-30 13:36:41.784][Info][SPTarkov.Server.Logger.SptLoggerMiddleware] [客户端请求] /client/ragfair/itemMarketPrice
[2026-07-30 13:36:42.857][Info][SPTarkov.Server.Logger.SptLoggerMiddleware] [客户端请求] /client/ragfair/offerfees
[2026-07-30 13:36:43.201][Info][SPTarkov.Server.Logger.SptLoggerMiddleware] [客户端请求] /client/game/profile/items/moving
[2026-07-30 13:36:43.644][Info][SPTarkov.Server.Logger.SptLoggerMiddleware] [客户端请求] /fika/senditem/availablereceivers
[2026-07-30 13:36:44.681][Info][SPTarkov.Server.Logger.SptLoggerMiddleware] [客户端请求] /client/game/profile/items/moving
[2026-07-30 13:36:44.682][Info][FikaServer.Controllers.SendItemController] 1 items are going to sessionID: 69568f09db017222c89b1183
[2026-07-30 13:36:55.963][Info][SPTarkov.Server.Logger.SptLoggerMiddleware] [客户端请求] /client/game/profile/items/moving
[2026-07-30 13:37:05.501][Info][SPTarkov.Server.Logger.SptLoggerMiddleware] [客户端请求] /launcher/profile/info
[2026-07-30 13:37:05.649][Info][SPTarkov.Server.Logger.SptLoggerMiddleware] [客户端请求] /launcher/server/version
[2026-07-30 13:37:17.531][Info][SPTarkov.Server.Logger.SptLoggerMiddleware] [客户端请求] /launcher/profile/info
[2026-07-30 13:37:17.533][Info][SPTarkov.Server.Logger.SptLoggerMiddleware] [客户端请求] /launcher/server/version
[2026-07-30 13:37:35.293][Info][SPTarkov.Server.Logger.SptLoggerMiddleware] [客户端请求] /fika/senditem/availablereceivers
[2026-07-30 13:37:36.017][Info][SPTarkov.Server.Logger.SptLoggerMiddleware] [客户端请求] /client/game/profile/items/moving
[2026-07-30 13:37:36.017][Info][FikaServer.Controllers.SendItemController] 1 items are going to sessionID: 69568f09db017222c89b1183
[2026-07-30 13:37:37.140][Info][SPTarkov.Server.Logger.SptLoggerMiddleware] [客户端请求] /launcher/profile/info
[2026-07-30 13:37:37.225][Info][SPTarkov.Server.Logger.SptLoggerMiddleware] [客户端请求] /launcher/server/version
[2026-07-30 13:37:39.605][Info][SPTarkov.Server.Logger.SptLoggerMiddleware] [客户端请求] /fika/senditem/availablereceivers
[2026-07-30 13:37:40.425][Info][SPTarkov.Server.Logger.SptLoggerMiddleware] [客户端请求] /client/game/profile/items/moving
[2026-07-30 13:37:40.426][Info][FikaServer.Controllers.SendItemController] 1 items are going to sessionID: 69568f09db017222c89b1183
[2026-07-30 13:37:41.733][Info][SPTarkov.Server.Logger.SptLoggerMiddleware] [客户端请求] /fika/senditem/availablereceivers
[2026-07-30 13:37:42.322][Info][SPTarkov.Server.Logger.SptLoggerMiddleware] [客户端请求] /client/game/profile/items/moving
[2026-07-30 13:37:42.322][Info][FikaServer.Controllers.SendItemController] 1 items are going to sessionID: 69568f09db017222c89b1183
[2026-07-30 13:37:43.185][Info][SPTarkov.Server.Logger.SptLoggerMiddleware] [客户端请求] /client/game/profile/items/moving
[2026-07-30 13:37:49.140][Info][SPTarkov.Server.Logger.SptLoggerMiddleware] [客户端请求] /client/ragfair/itemMarketPrice
[2026-07-30 13:37:49.143][Info][SPTarkov.Server.Logger.SptLoggerMiddleware] [客户端请求] /client/items/prices
[2026-07-30 13:37:50.834][Info][SPTarkov.Server.Logger.SptLoggerMiddleware] [客户端请求] /client/ragfair/offerfees
[2026-07-30 13:37:51.183][Info][SPTarkov.Server.Logger.SptLoggerMiddleware] [客户端请求] /client/game/profile/items/moving
[2026-07-30 13:38:05.497][Info][SPTarkov.Server.Logger.SptLoggerMiddleware] [客户端请求] /launcher/profile/info
[2026-07-30 13:38:05.639][Info][SPTarkov.Server.Logger.SptLoggerMiddleware] [客户端请求] /launcher/server/version
[2026-07-30 13:38:07.427][Info][SPTarkov.Server.Logger.SptLoggerMiddleware] [客户端请求] /client/ragfair/itemMarketPrice
[2026-07-30 13:38:07.435][Info][SPTarkov.Server.Logger.SptLoggerMiddleware] [客户端请求] /client/items/prices
[2026-07-30 13:38:08.494][Info][SPTarkov.Server.Logger.SptLoggerMiddleware] [客户端请求] /client/items/prices/5935c25fb3acc3127c3d8cd9
[2026-07-30 13:38:08.510][Info][SPTarkov.Server.Logger.SptLoggerMiddleware] [客户端请求] /client/items/prices/54cb50c76803fa8b248b4571
[2026-07-30 13:38:08.510][Info][SPTarkov.Server.Logger.SptLoggerMiddleware] [客户端请求] /client/checkVersion
[2026-07-30 13:38:08.510][Info][SPTarkov.Server.Logger.SptLoggerMiddleware] [客户端请求] /client/items/prices/58330581ace78e27b8b10cee
[2026-07-30 13:38:08.511][Info][SPTarkov.Server.Logger.SptLoggerMiddleware] [客户端请求] /client/game/profile/items/moving
[2026-07-30 13:38:08.617][Info][SPTarkov.Server.Logger.SptLoggerMiddleware] [客户端请求] /client/trading/api/getTraderAssort/5935c25fb3acc3127c3d8cd9
[2026-07-30 13:38:08.618][Info][SPTarkov.Server.Logger.SptLoggerMiddleware] [客户端请求] /client/trading/api/getTraderAssort/54cb50c76803fa8b248b4571
[2026-07-30 13:38:08.649][Info][SPTarkov.Server.Logger.SptLoggerMiddleware] [客户端请求] /client/trading/api/getTraderAssort/58330581ace78e27b8b10cee
[2026-07-30 13:38:09.152][Info][SPTarkov.Server.Logger.SptLoggerMiddleware] [客户端请求] /client/items/prices/6617beeaa9cfa777ca915b7c
[2026-07-30 13:38:09.248][Info][SPTarkov.Server.Logger.SptLoggerMiddleware] [客户端请求] /client/trading/api/getTraderAssort/6617beeaa9cfa777ca915b7c
[2026-07-30 13:38:12.404][Info][SPTarkov.Server.Logger.SptLoggerMiddleware] [客户端请求] /client/trading/api/getTraderAssort/5935c25fb3acc3127c3d8cd9
[2026-07-30 13:38:12.432][Info][SPTarkov.Server.Logger.SptLoggerMiddleware] [客户端请求] /client/trading/api/getTraderAssort/58330581ace78e27b8b10cee
[2026-07-30 13:38:12.432][Info][SPTarkov.Server.Logger.SptLoggerMiddleware] [客户端请求] /client/trading/api/getTraderAssort/54cb50c76803fa8b248b4571
[2026-07-30 13:38:12.432][Info][SPTarkov.Server.Logger.SptLoggerMiddleware] [客户端请求] /client/game/profile/items/moving
[2026-07-30 13:38:14.232][Info][SPTarkov.Server.Logger.SptLoggerMiddleware] [客户端请求] /fika/presence/set
[2026-07-30 13:38:14.538][Info][SPTarkov.Server.Logger.SptLoggerMiddleware] [客户端请求] /client/ragfair/find
[2026-07-30 13:38:17.376][Info][SPTarkov.Server.Logger.SptLoggerMiddleware] [客户端请求] /client/ragfair/find
[2026-07-30 13:38:17.534][Info][SPTarkov.Server.Logger.SptLoggerMiddleware] [客户端请求] /launcher/profile/info
[2026-07-30 13:38:17.536][Info][SPTarkov.Server.Logger.SptLoggerMiddleware] [客户端请求] /launcher/server/version
[2026-07-30 13:38:20.388][Info][SPTarkov.Server.Logger.SptLoggerMiddleware] [客户端请求] /client/game/profile/items/moving
[2026-07-30 13:38:21.514][Info][SPTarkov.Server.Logger.SptLoggerMiddleware] [客户端请求] /fika/presence/set
[2026-07-30 13:38:22.321][Info][SPTarkov.Server.Logger.SptLoggerMiddleware] [客户端请求] /client/ragfair/find
[2026-07-30 13:38:26.264][Info][SPTarkov.Server.Logger.SptLoggerMiddleware] [客户端请求] /client/ragfair/find
[2026-07-30 13:38:28.763][Info][SPTarkov.Server.Logger.SptLoggerMiddleware] [客户端请求] /client/ragfair/find
[2026-07-30 13:38:29.417][Info][SPTarkov.Server.Logger.SptLoggerMiddleware] [客户端请求] /client/ragfair/find
[2026-07-30 13:38:30.096][Info][SPTarkov.Server.Logger.SptLoggerMiddleware] [客户端请求] /client/ragfair/find
[2026-07-30 13:38:30.760][Info][SPTarkov.Server.Logger.SptLoggerMiddleware] [客户端请求] /client/ragfair/find
[2026-07-30 13:38:31.498][Info][SPTarkov.Server.Logger.SptLoggerMiddleware] [客户端请求] /client/ragfair/find
[2026-07-30 13:38:32.335][Info][SPTarkov.Server.Logger.SptLoggerMiddleware] [客户端请求] /client/ragfair/find
[2026-07-30 13:38:34.308][Info][SPTarkov.Server.Logger.SptLoggerMiddleware] [客户端请求] /fika/presence/set
[2026-07-30 13:38:34.385][Info][SPTarkov.Server.Logger.SptLoggerMiddleware] [客户端请求] /fika/presence/get
[2026-07-30 13:38:35.356][Info][SPTarkov.Server.Logger.SptLoggerMiddleware] [客户端请求] /client/game/profile/items/moving
[2026-07-30 13:38:36.784][Info][SPTarkov.Server.Logger.SptLoggerMiddleware] [客户端请求] /client/mail/dialog/view
[2026-07-30 13:38:37.130][Info][SPTarkov.Server.Logger.SptLoggerMiddleware] [客户端请求] /launcher/profile/info
[2026-07-30 13:38:37.217][Info][SPTarkov.Server.Logger.SptLoggerMiddleware] [客户端请求] /launcher/server/version
[2026-07-30 13:38:37.533][Info][SPTarkov.Server.Logger.SptLoggerMiddleware] [客户端请求] /client/game/profile/items/moving
[2026-07-30 13:38:37.771][Info][SPTarkov.Server.Logger.SptLoggerMiddleware] [客户端请求] /client/mail/dialog/getAllAttachments
[2026-07-30 13:38:38.317][Info][SPTarkov.Server.Logger.SptLoggerMiddleware] [客户端请求] /client/trading/api/getTraderAssort/54cb50c76803fa8b248b4571
[2026-07-30 13:38:38.335][Info][SPTarkov.Server.Logger.SptLoggerMiddleware] [客户端请求] /client/trading/api/getTraderAssort/5935c25fb3acc3127c3d8cd9
[2026-07-30 13:38:38.336][Info][SPTarkov.Server.Logger.SptLoggerMiddleware] [客户端请求] /client/trading/api/getTraderAssort/58330581ace78e27b8b10cee
[2026-07-30 13:38:39.448][Info][SPTarkov.Server.Logger.SptLoggerMiddleware] [客户端请求] /fika/presence/set
[2026-07-30 13:38:42.709][Info][SPTarkov.Server.Logger.SptLoggerMiddleware] [客户端请求] /fika/presence/set
[2026-07-30 13:38:42.773][Info][SPTarkov.Server.Logger.SptLoggerMiddleware] [客户端请求] /fika/presence/get
[2026-07-30 13:38:42.956][Info][SPTarkov.Server.Logger.SptLoggerMiddleware] [客户端请求] /client/game/profile/items/moving
[2026-07-30 13:38:48.518][Info][SPTarkov.Server.Logger.SptLoggerMiddleware] [客户端请求] /client/ragfair/itemMarketPrice
[2026-07-30 13:38:48.521][Info][SPTarkov.Server.Logger.SptLoggerMiddleware] [客户端请求] /client/items/prices
[2026-07-30 13:38:50.090][Info][SPTarkov.Server.Logger.SptLoggerMiddleware] [客户端请求] /client/ragfair/offerfees
[2026-07-30 13:38:50.350][Info][SPTarkov.Server.Logger.SptLoggerMiddleware] [客户端请求] /client/game/profile/items/moving
[2026-07-30 13:38:53.544][Info][SPTarkov.Server.Logger.SptLoggerMiddleware] [客户端请求] /client/ragfair/itemMarketPrice
[2026-07-30 13:38:53.549][Info][SPTarkov.Server.Logger.SptLoggerMiddleware] [客户端请求] /client/items/prices
[2026-07-30 13:38:54.984][Info][SPTarkov.Server.Logger.SptLoggerMiddleware] [客户端请求] /fika/senditem/availablereceivers
[2026-07-30 13:38:55.788][Info][SPTarkov.Server.Logger.SptLoggerMiddleware] [客户端请求] /client/game/profile/items/moving
[2026-07-30 13:38:55.789][Info][FikaServer.Controllers.SendItemController] 1 items are going to sessionID: 69568f09db017222c89b1183
[2026-07-30 13:38:56.962][Info][SPTarkov.Server.Logger.SptLoggerMiddleware] [客户端请求] /fika/senditem/availablereceivers
[2026-07-30 13:38:57.767][Info][SPTarkov.Server.Logger.SptLoggerMiddleware] [客户端请求] /client/game/profile/items/moving
[2026-07-30 13:38:57.767][Info][FikaServer.Controllers.SendItemController] 1 items are going to sessionID: 69568f09db017222c89b1183
[2026-07-30 13:38:58.749][Info][SPTarkov.Server.Logger.SptLoggerMiddleware] [客户端请求] /fika/senditem/availablereceivers
[2026-07-30 13:38:59.222][Info][SPTarkov.Server.Logger.SptLoggerMiddleware] [客户端请求] /client/game/profile/items/moving
[2026-07-30 13:38:59.223][Info][FikaServer.Controllers.SendItemController] 1 items are going to sessionID: 69568f09db017222c89b1183
[2026-07-30 13:39:04.818][Info][SPTarkov.Server.Logger.SptLoggerMiddleware] [客户端请求] /client/ragfair/itemMarketPrice
[2026-07-30 13:39:04.823][Info][SPTarkov.Server.Logger.SptLoggerMiddleware] [客户端请求] /client/items/prices
[2026-07-30 13:39:05.492][Info][SPTarkov.Server.Logger.SptLoggerMiddleware] [客户端请求] /launcher/profile/info
[2026-07-30 13:39:05.637][Info][SPTarkov.Server.Logger.SptLoggerMiddleware] [客户端请求] /launcher/server/version
[2026-07-30 13:39:06.585][Info][SPTarkov.Server.Logger.SptLoggerMiddleware] [客户端请求] /client/ragfair/offerfees
[2026-07-30 13:39:06.837][Info][SPTarkov.Server.Logger.SptLoggerMiddleware] [客户端请求] /client/game/profile/items/moving
[2026-07-30 13:39:08.428][Info][SPTarkov.Server.Logger.SptLoggerMiddleware] [客户端请求] /client/ragfair/itemMarketPrice
[2026-07-30 13:39:08.431][Info][SPTarkov.Server.Logger.SptLoggerMiddleware] [客户端请求] /client/items/prices
[2026-07-30 13:39:08.757][Info][SPTarkov.Server.Logger.SptLoggerMiddleware] [客户端请求] /client/game/profile/items/moving
[2026-07-30 13:39:09.992][Info][SPTarkov.Server.Logger.SptLoggerMiddleware] [客户端请求] /client/ragfair/offerfees
[2026-07-30 13:39:10.240][Info][SPTarkov.Server.Logger.SptLoggerMiddleware] [客户端请求] /client/game/profile/items/moving
[2026-07-30 13:39:12.114][Info][SPTarkov.Server.Logger.SptLoggerMiddleware] [客户端请求] /client/ragfair/itemMarketPrice
[2026-07-30 13:39:12.122][Info][SPTarkov.Server.Logger.SptLoggerMiddleware] [客户端请求] /client/items/prices
[2026-07-30 13:39:13.689][Info][SPTarkov.Server.Logger.SptLoggerMiddleware] [客户端请求] /client/ragfair/offerfees
[2026-07-30 13:39:13.987][Info][SPTarkov.Server.Logger.SptLoggerMiddleware] [客户端请求] /client/game/profile/items/moving
[2026-07-30 13:39:14.128][Info][SPTarkov.Server.Logger.SptLoggerMiddleware] [客户端请求] /client/game/profile/items/moving
[2026-07-30 13:39:14.128][Info][SPTarkov.Server.Logger.SptLoggerMiddleware] [客户端请求] /client/trading/api/getTraderAssort/5935c25fb3acc3127c3d8cd9
[2026-07-30 13:39:14.128][Info][SPTarkov.Server.Logger.SptLoggerMiddleware] [客户端请求] /client/trading/api/getTraderAssort/54cb50c76803fa8b248b4571
[2026-07-30 13:39:14.128][Info][SPTarkov.Server.Logger.SptLoggerMiddleware] [客户端请求] /client/trading/api/getTraderAssort/58330581ace78e27b8b10cee
[2026-07-30 13:39:15.252][Info][SPTarkov.Server.Logger.SptLoggerMiddleware] [客户端请求] /client/items/prices
[2026-07-30 13:39:15.257][Info][SPTarkov.Server.Logger.SptLoggerMiddleware] [客户端请求] /client/ragfair/itemMarketPrice
[2026-07-30 13:39:16.702][Info][SPTarkov.Server.Logger.SptLoggerMiddleware] [客户端请求] /client/ragfair/offerfees
[2026-07-30 13:39:17.015][Info][SPTarkov.Server.Logger.SptLoggerMiddleware] [客户端请求] /client/game/profile/items/moving
[2026-07-30 13:39:17.536][Info][SPTarkov.Server.Logger.SptLoggerMiddleware] [客户端请求] /launcher/profile/info
[2026-07-30 13:39:17.538][Info][SPTarkov.Server.Logger.SptLoggerMiddleware] [客户端请求] /launcher/server/version
[2026-07-30 13:39:19.154][Info][SPTarkov.Server.Logger.SptLoggerMiddleware] [客户端请求] /client/game/profile/items/moving
[2026-07-30 13:39:20.387][Info][SPTarkov.Server.Logger.SptLoggerMiddleware] [客户端请求] /fika/presence/set
[2026-07-30 13:39:20.398][Info][SPTarkov.Server.Logger.SptLoggerMiddleware] [客户端请求] /fika/presence/get
[2026-07-30 13:39:24.939][Info][SPTarkov.Server.Logger.SptLoggerMiddleware] [客户端请求] /singleplayer/settings/raid/menu
[2026-07-30 13:39:25.450][Info][SPTarkov.Server.Logger.SptLoggerMiddleware] [客户端请求] /client/insurance/items/list/cost
[2026-07-30 13:39:28.413][Info][SPTarkov.Server.Logger.SptLoggerMiddleware] [客户端请求] /fika/headless/available
[2026-07-30 13:39:28.422][Info][SPTarkov.Server.Logger.SptLoggerMiddleware] [客户端请求] /fika/location/raids
[2026-07-30 13:39:28.467][Info][SPTarkov.Server.Logger.SptLoggerMiddleware] [客户端请求] /client/match/group/invite/cancel-all
[2026-07-30 13:39:28.471][Info][SPTarkov.Server.Logger.SptLoggerMiddleware] [客户端请求] /client/raid/configuration
[2026-07-30 13:39:28.586][Info][SPTarkov.Server.Logger.SptLoggerMiddleware] [客户端请求] /client/match/group/invite/cancel-all
[2026-07-30 13:39:29.718][Info][SPTarkov.Server.Logger.SptLoggerMiddleware] [客户端请求] /fika/raid/create
[2026-07-30 13:39:29.838][Info][SPTarkov.Server.Core.Generators.LocationLootGenerator] A total of: 3027 static items spawned
[2026-07-30 13:39:29.839][Info][SPTarkov.Server.Core.Generators.LocationLootGenerator] 共计993个静态容器已生成
[2026-07-30 13:39:31.079][Info][SPTarkov.Server.Logger.SptLoggerMiddleware] [客户端请求] /client/game/profile/items/moving
[2026-07-30 13:39:31.695][Info][SPTarkov.Server.Core.Generators.LocationLootGenerator] 共计399个动态物品已生成
[2026-07-30 13:39:31.695][Info][SPTarkov.Server.Core.Generators.LocationLootGenerator] 已生成地点TarkovStreets
[2026-07-30 13:39:31.836][Info][SPTarkov.Server.Logger.SptLoggerMiddleware] [客户端请求] /client/game/profile/items/moving
[2026-07-30 13:39:32.357][Info][SPTarkov.Server.Logger.SptLoggerMiddleware] [客户端请求] /client/game/profile/items/moving
[2026-07-30 13:39:33.672][Info][SPTarkov.Server.Logger.SptLoggerMiddleware] [客户端请求] /client/raid/configuration
[2026-07-30 13:39:33.701][Info][SPTarkov.Server.Logger.SptLoggerMiddleware] [客户端请求] /fika/update/ping
[2026-07-30 13:39:33.770][Info][SPTarkov.Server.Logger.SptLoggerMiddleware] [客户端请求] /fika/update/sethost
[2026-07-30 13:39:33.774][Info][SPTarkov.Server.Logger.SptLoggerMiddleware] [客户端请求] /fika/update/setstatus
[2026-07-30 13:39:33.942][Info][SPTarkov.Server.Logger.SptLoggerMiddleware] [客户端请求] /client/match/group/exit_from_menu
[2026-07-30 13:39:35.434][Info][SPTarkov.Server.Logger.SptLoggerMiddleware] [客户端请求] /client/game/profile/items/moving
[2026-07-30 13:39:37.130][Info][SPTarkov.Server.Logger.SptLoggerMiddleware] [客户端请求] /launcher/profile/info
[2026-07-30 13:39:37.217][Info][SPTarkov.Server.Logger.SptLoggerMiddleware] [客户端请求] /launcher/server/version
[2026-07-30 13:39:37.881][Info][SPTarkov.Server.Logger.SptLoggerMiddleware] [客户端请求] /client/game/profile/items/moving
[2026-07-30 13:39:43.794][Info][SPTarkov.Server.Logger.SptLoggerMiddleware] [客户端请求] /fika/presence/set
[2026-07-30 13:39:44.145][Info][SPTarkov.Server.Logger.SptLoggerMiddleware] [客户端请求] /client/trading/api/getTraderAssort/5935c25fb3acc3127c3d8cd9
[2026-07-30 13:39:44.155][Info][SPTarkov.Server.Logger.SptLoggerMiddleware] [客户端请求] /client/trading/api/getTraderAssort/58330581ace78e27b8b10cee
[2026-07-30 13:39:44.158][Info][SPTarkov.Server.Logger.SptLoggerMiddleware] [客户端请求] /client/ragfair/find
[2026-07-30 13:39:45.180][Info][SPTarkov.Server.Logger.SptLoggerMiddleware] [客户端请求] /client/ragfair/find
[2026-07-30 13:39:46.903][Info][SPTarkov.Server.Logger.SptLoggerMiddleware] [客户端请求] /client/game/profile/items/moving
[2026-07-30 13:39:49.991][Info][SPTarkov.Server.Logger.SptLoggerMiddleware] [客户端请求] /client/game/profile/items/moving
[2026-07-30 13:39:54.473][Info][SPTarkov.Server.Logger.SptLoggerMiddleware] [客户端请求] /client/game/profile/items/moving
[2026-07-30 13:39:57.770][Info][SPTarkov.Server.Logger.SptLoggerMiddleware] [客户端请求] /client/game/profile/items/moving
[2026-07-30 13:39:59.927][Info][SPTarkov.Server.Logger.SptLoggerMiddleware] [客户端请求] /fika/presence/set
[2026-07-30 13:40:00.266][Info][SPTarkov.Server.Logger.SptLoggerMiddleware] [客户端请求] /client/ragfair/find
[2026-07-30 13:40:01.212][Info][SPTarkov.Server.Logger.SptLoggerMiddleware] [客户端请求] /client/ragfair/find
[2026-07-30 13:40:03.247][Info][SPTarkov.Server.Logger.SptLoggerMiddleware] [客户端请求] /client/game/profile/items/moving
[2026-07-30 13:40:03.704][Info][SPTarkov.Server.Logger.SptLoggerMiddleware] [客户端请求] /fika/update/ping
[2026-07-30 13:40:05.491][Info][SPTarkov.Server.Logger.SptLoggerMiddleware] [客户端请求] /launcher/profile/info
[2026-07-30 13:40:05.592][Info][SPTarkov.Server.Logger.SptLoggerMiddleware] [客户端请求] /client/game/profile/items/moving
[2026-07-30 13:40:05.636][Info][SPTarkov.Server.Logger.SptLoggerMiddleware] [客户端请求] /launcher/server/version
[2026-07-30 13:40:06.653][Info][SPTarkov.Server.Logger.SptLoggerMiddleware] [客户端请求] /fika/presence/set
[2026-07-30 13:40:06.761][Info][SPTarkov.Server.Logger.SptLoggerMiddleware] [客户端请求] /fika/presence/get
[2026-07-30 13:40:07.592][Info][SPTarkov.Server.Logger.SptLoggerMiddleware] [客户端请求] /client/ragfair/itemMarketPrice
[2026-07-30 13:40:07.596][Info][SPTarkov.Server.Logger.SptLoggerMiddleware] [客户端请求] /client/items/prices
[2026-07-30 13:40:08.427][Info][SPTarkov.Server.Logger.SptLoggerMiddleware] [客户端请求] /client/mail/dialog/view
[2026-07-30 13:40:08.862][Info][SPTarkov.Server.Logger.SptLoggerMiddleware] [客户端请求] /client/mail/dialog/view
[2026-07-30 13:40:09.137][Info][SPTarkov.Server.Logger.SptLoggerMiddleware] [客户端请求] /client/mail/dialog/view
[2026-07-30 13:40:09.467][Info][SPTarkov.Server.Logger.SptLoggerMiddleware] [客户端请求] /client/ragfair/offerfees
[2026-07-30 13:40:09.726][Info][SPTarkov.Server.Logger.SptLoggerMiddleware] [客户端请求] /client/game/profile/items/moving
[2026-07-30 13:40:09.823][Info][SPTarkov.Server.Logger.SptLoggerMiddleware] [客户端请求] /client/mail/dialog/getAllAttachments
[2026-07-30 13:40:11.287][Info][SPTarkov.Server.Logger.SptLoggerMiddleware] [客户端请求] /fika/presence/set
[2026-07-30 13:40:11.381][Info][SPTarkov.Server.Logger.SptLoggerMiddleware] [客户端请求] /fika/presence/get
[2026-07-30 13:40:11.512][Info][SPTarkov.Server.Logger.SptLoggerMiddleware] [客户端请求] /client/items/prices
[2026-07-30 13:40:11.520][Info][SPTarkov.Server.Logger.SptLoggerMiddleware] [客户端请求] /client/ragfair/itemMarketPrice
[2026-07-30 13:40:11.689][Info][SPTarkov.Server.Logger.SptLoggerMiddleware] [客户端请求] /client/game/profile/items/moving
[2026-07-30 13:40:13.243][Info][SPTarkov.Server.Logger.SptLoggerMiddleware] [客户端请求] /client/ragfair/offerfees
[2026-07-30 13:40:17.526][Info][SPTarkov.Server.Logger.SptLoggerMiddleware] [客户端请求] /launcher/profile/info
[2026-07-30 13:40:17.528][Info][SPTarkov.Server.Logger.SptLoggerMiddleware] [客户端请求] /launcher/server/version
[2026-07-30 13:40:21.349][Info][SPTarkov.Server.Logger.SptLoggerMiddleware] [客户端请求] /client/game/profile/items/moving
[2026-07-30 13:40:21.731][Info][SPTarkov.Server.Logger.SptLoggerMiddleware] [客户端请求] /client/game/profile/items/moving
[2026-07-30 13:40:22.082][Info][SPTarkov.Server.Logger.SptLoggerMiddleware] [客户端请求] /client/game/profile/items/moving
[2026-07-30 13:40:33.709][Info][SPTarkov.Server.Logger.SptLoggerMiddleware] [客户端请求] /fika/update/ping
[2026-07-30 13:40:34.399][Info][SPTarkov.Server.Logger.SptLoggerMiddleware] [客户端请求] /client/game/profile/items/moving
[2026-07-30 13:40:37.132][Info][SPTarkov.Server.Logger.SptLoggerMiddleware] [客户端请求] /launcher/profile/info
[2026-07-30 13:40:37.215][Info][SPTarkov.Server.Logger.SptLoggerMiddleware] [客户端请求] /launcher/server/version
[2026-07-30 13:40:40.217][Info][SPTarkov.Server.Logger.SptLoggerMiddleware] [客户端请求] /client/mail/dialog/getAllAttachments
[2026-07-30 13:40:42.676][Info][SPTarkov.Server.Logger.SptLoggerMiddleware] [客户端请求] /fika/presence/set
[2026-07-30 13:40:42.992][Info][SPTarkov.Server.Logger.SptLoggerMiddleware] [客户端请求] /client/game/profile/items/moving
[2026-07-30 13:41:00.709][Info][SPTarkov.Server.Logger.SptLoggerMiddleware] [客户端请求] /client/getMetricsConfig
[2026-07-30 13:41:00.857][Info][SPTarkov.Server.Logger.SptLoggerMiddleware] [客户端请求] /singleplayer/settings/getRaidTime
[2026-07-30 13:41:00.920][Info][SPTarkov.Server.Logger.SptLoggerMiddleware] [客户端请求] /client/raid/configuration
[2026-07-30 13:41:00.986][Info][SPTarkov.Server.Logger.SptLoggerMiddleware] [客户端请求] /client/match/local/start
[2026-07-30 13:41:01.249][Info][SPTarkov.Server.Core.Servers.Ws.SptWebSocketConnectionHandler] [ws] player: JúnioR (68f79277575e002bfcf5a4a1) 20260730133525890 has disconnected
[2026-07-30 13:41:01.907][Info][SPTarkov.Server.Logger.SptLoggerMiddleware] [客户端请求] /client/ragfair/itemMarketPrice
[2026-07-30 13:41:01.911][Info][SPTarkov.Server.Logger.SptLoggerMiddleware] [客户端请求] /client/items/prices
[2026-07-30 13:41:03.713][Info][SPTarkov.Server.Logger.SptLoggerMiddleware] [客户端请求] /fika/update/ping
[2026-07-30 13:41:05.482][Info][SPTarkov.Server.Logger.SptLoggerMiddleware] [客户端请求] /launcher/profile/info
[2026-07-30 13:41:05.630][Info][SPTarkov.Server.Logger.SptLoggerMiddleware] [客户端请求] /launcher/server/version
[2026-07-30 13:41:06.184][Info][SPTarkov.Server.Logger.SptLoggerMiddleware] [客户端请求] /client/game/profile/items/moving
[2026-07-30 13:41:07.906][Info][SPTarkov.Server.Logger.SptLoggerMiddleware] [客户端请求] /client/items/prices
[2026-07-30 13:41:07.916][Info][SPTarkov.Server.Logger.SptLoggerMiddleware] [客户端请求] /client/ragfair/itemMarketPrice
[2026-07-30 13:41:09.210][Info][SPTarkov.Server.Logger.SptLoggerMiddleware] [客户端请求] /client/ragfair/offerfees
[2026-07-30 13:41:09.594][Info][SPTarkov.Server.Logger.SptLoggerMiddleware] [客户端请求] /client/game/profile/items/moving
[2026-07-30 13:41:12.439][Info][SPTarkov.Server.Logger.SptLoggerMiddleware] [客户端请求] /client/ragfair/itemMarketPrice
[2026-07-30 13:41:12.446][Info][SPTarkov.Server.Logger.SptLoggerMiddleware] [客户端请求] /client/items/prices
[2026-07-30 13:41:14.013][Info][SPTarkov.Server.Logger.SptLoggerMiddleware] [客户端请求] /client/ragfair/offerfees
[2026-07-30 13:41:14.283][Info][SPTarkov.Server.Logger.SptLoggerMiddleware] [客户端请求] /client/game/profile/items/moving
[2026-07-30 13:41:16.127][Info][SPTarkov.Server.Logger.SptLoggerMiddleware] [客户端请求] /client/game/profile/items/moving
[2026-07-30 13:41:16.138][Info][SPTarkov.Server.Logger.SptLoggerMiddleware] [客户端请求] /client/game/profile/items/moving
[2026-07-30 13:41:17.534][Info][SPTarkov.Server.Logger.SptLoggerMiddleware] [客户端请求] /launcher/profile/info
[2026-07-30 13:41:17.539][Info][SPTarkov.Server.Logger.SptLoggerMiddleware] [客户端请求] /launcher/server/version
[2026-07-30 13:41:27.550][Info][SPTarkov.Server.Logger.SptLoggerMiddleware] [客户端请求] /client/game/profile/items/moving
[2026-07-30 13:41:33.717][Info][SPTarkov.Server.Logger.SptLoggerMiddleware] [客户端请求] /fika/update/ping
[2026-07-30 13:41:34.737][Info][SPTarkov.Server.Logger.SptLoggerMiddleware] [客户端请求] /fika/presence/set
[2026-07-30 13:41:34.943][Info][SPTarkov.Server.Logger.SptLoggerMiddleware] [客户端请求] /client/trading/api/getTraderAssort/5935c25fb3acc3127c3d8cd9
[2026-07-30 13:41:34.969][Info][SPTarkov.Server.Logger.SptLoggerMiddleware] [客户端请求] /client/ragfair/find
[2026-07-30 13:41:34.969][Info][SPTarkov.Server.Logger.SptLoggerMiddleware] [客户端请求] /client/trading/api/getTraderAssort/58330581ace78e27b8b10cee
[2026-07-30 13:41:37.126][Info][SPTarkov.Server.Logger.SptLoggerMiddleware] [客户端请求] /launcher/profile/info
[2026-07-30 13:41:37.214][Info][SPTarkov.Server.Logger.SptLoggerMiddleware] [客户端请求] /launcher/server/version
[2026-07-30 13:41:38.025][Info][SPTarkov.Server.Logger.SptLoggerMiddleware] [客户端请求] /fika/update/playerspawn
[2026-07-30 13:41:41.769][Info][SPTarkov.Server.Logger.SptLoggerMiddleware] [客户端请求] /client/ragfair/find
[2026-07-30 13:41:45.391][Info][SPTarkov.Server.Logger.SptLoggerMiddleware] [客户端请求] /client/ragfair/find
[2026-07-30 13:41:48.449][Info][SPTarkov.Server.Logger.SptLoggerMiddleware] [客户端请求] /client/items/prices
[2026-07-30 13:41:48.459][Info][SPTarkov.Server.Logger.SptLoggerMiddleware] [客户端请求] /client/ragfair/itemMarketPrice
[2026-07-30 13:41:50.231][Info][SPTarkov.Server.Logger.SptLoggerMiddleware] [客户端请求] /client/ragfair/find
[2026-07-30 13:41:50.425][Info][SPTarkov.Server.Logger.SptLoggerMiddleware] [客户端请求] /client/ragfair/offerfees
[2026-07-30 13:41:50.770][Info][SPTarkov.Server.Logger.SptLoggerMiddleware] [客户端请求] /client/game/profile/items/moving
[2026-07-30 13:41:52.320][Info][SPTarkov.Server.Logger.SptLoggerMiddleware] [客户端请求] /client/game/profile/items/moving
[2026-07-30 13:41:55.028][Info][SPTarkov.Server.Logger.SptLoggerMiddleware] [客户端请求] /client/items/prices
[2026-07-30 13:41:55.032][Info][SPTarkov.Server.Logger.SptLoggerMiddleware] [客户端请求] /client/ragfair/itemMarketPrice
[2026-07-30 13:41:56.325][Info][SPTarkov.Server.Logger.SptLoggerMiddleware] [客户端请求] /client/ragfair/offerfees
[2026-07-30 13:41:56.693][Info][SPTarkov.Server.Logger.SptLoggerMiddleware] [客户端请求] /client/game/profile/items/moving
[2026-07-30 13:41:58.617][Info][SPTarkov.Server.Logger.SptLoggerMiddleware] [客户端请求] /client/items/prices
[2026-07-30 13:41:58.621][Info][SPTarkov.Server.Logger.SptLoggerMiddleware] [客户端请求] /client/ragfair/itemMarketPrice
[2026-07-30 13:42:00.042][Info][SPTarkov.Server.Logger.SptLoggerMiddleware] [客户端请求] /client/ragfair/offerfees
[2026-07-30 13:42:00.397][Info][SPTarkov.Server.Logger.SptLoggerMiddleware] [客户端请求] /client/game/profile/items/moving
[2026-07-30 13:42:01.394][Info][SPTarkov.Server.Logger.SptLoggerMiddleware] [客户端请求] /client/game/profile/items/moving
[2026-07-30 13:42:02.000][Info][SPTarkov.Server.Logger.SptLoggerMiddleware] [客户端请求] /client/items/prices
[2026-07-30 13:42:02.008][Info][SPTarkov.Server.Logger.SptLoggerMiddleware] [客户端请求] /client/ragfair/itemMarketPrice
[2026-07-30 13:42:02.143][Info][SPTarkov.Server.Logger.SptLoggerMiddleware] [客户端请求] /fika/presence/set
[2026-07-30 13:42:03.443][Info][SPTarkov.Server.Logger.SptLoggerMiddleware] [客户端请求] /client/ragfair/offerfees
[2026-07-30 13:42:03.722][Info][SPTarkov.Server.Logger.SptLoggerMiddleware] [客户端请求] /fika/update/ping
[2026-07-30 13:42:03.802][Info][SPTarkov.Server.Logger.SptLoggerMiddleware] [客户端请求] /client/game/profile/items/moving
[2026-07-30 13:42:05.479][Info][SPTarkov.Server.Logger.SptLoggerMiddleware] [客户端请求] /launcher/profile/info
[2026-07-30 13:42:05.622][Info][SPTarkov.Server.Logger.SptLoggerMiddleware] [客户端请求] /launcher/server/version
[2026-07-30 13:42:06.703][Info][SPTarkov.Server.Logger.SptLoggerMiddleware] [客户端请求] /client/items/prices
[2026-07-30 13:42:06.707][Info][SPTarkov.Server.Logger.SptLoggerMiddleware] [客户端请求] /client/ragfair/itemMarketPrice
[2026-07-30 13:42:07.996][Info][SPTarkov.Server.Logger.SptLoggerMiddleware] [客户端请求] /client/ragfair/offerfees
[2026-07-30 13:42:08.360][Info][SPTarkov.Server.Logger.SptLoggerMiddleware] [客户端请求] /client/game/profile/items/moving
[2026-07-30 13:42:09.754][Info][SPTarkov.Server.Logger.SptLoggerMiddleware] [客户端请求] /client/items/prices
[2026-07-30 13:42:09.772][Info][SPTarkov.Server.Logger.SptLoggerMiddleware] [客户端请求] /client/ragfair/itemMarketPrice
[2026-07-30 13:42:11.683][Info][SPTarkov.Server.Logger.SptLoggerMiddleware] [客户端请求] /client/ragfair/offerfees
[2026-07-30 13:42:12.050][Info][SPTarkov.Server.Logger.SptLoggerMiddleware] [客户端请求] /client/game/profile/items/moving
[2026-07-30 13:42:13.569][Info][SPTarkov.Server.Logger.SptLoggerMiddleware] [客户端请求] /client/items/prices
[2026-07-30 13:42:13.586][Info][SPTarkov.Server.Logger.SptLoggerMiddleware] [客户端请求] /client/ragfair/itemMarketPrice
[2026-07-30 13:42:15.230][Info][SPTarkov.Server.Logger.SptLoggerMiddleware] [客户端请求] /client/ragfair/offerfees
[2026-07-30 13:42:15.585][Info][SPTarkov.Server.Logger.SptLoggerMiddleware] [客户端请求] /client/game/profile/items/moving
[2026-07-30 13:42:17.526][Info][SPTarkov.Server.Logger.SptLoggerMiddleware] [客户端请求] /launcher/profile/info
[2026-07-30 13:42:17.528][Info][SPTarkov.Server.Logger.SptLoggerMiddleware] [客户端请求] /launcher/server/version
[2026-07-30 13:42:20.776][Info][SPTarkov.Server.Logger.SptLoggerMiddleware] [客户端请求] /client/items/prices
[2026-07-30 13:42:20.796][Info][SPTarkov.Server.Logger.SptLoggerMiddleware] [客户端请求] /client/ragfair/itemMarketPrice
[2026-07-30 13:42:21.768][Info][SPTarkov.Server.Logger.SptLoggerMiddleware] [客户端请求] /client/ragfair/offerfees
[2026-07-30 13:42:22.125][Info][SPTarkov.Server.Logger.SptLoggerMiddleware] [客户端请求] /client/game/profile/items/moving
[2026-07-30 13:42:22.791][Info][SPTarkov.Server.Logger.SptLoggerMiddleware] [客户端请求] /fika/presence/set
[2026-07-30 13:42:22.895][Info][SPTarkov.Server.Logger.SptLoggerMiddleware] [客户端请求] /fika/presence/get
[2026-07-30 13:42:24.041][Info][SPTarkov.Server.Logger.SptLoggerMiddleware] [客户端请求] /fika/raid/gethost
[2026-07-30 13:42:25.671][Info][SPTarkov.Server.Logger.SptLoggerMiddleware] [客户端请求] /fika/raid/join
[2026-07-30 13:42:25.745][Info][SPTarkov.Server.Logger.SptLoggerMiddleware] [客户端请求] /fika/update/addplayer
[2026-07-30 13:42:33.725][Info][SPTarkov.Server.Logger.SptLoggerMiddleware] [客户端请求] /fika/update/ping
[2026-07-30 13:42:35.013][Info][SPTarkov.Server.Logger.SptLoggerMiddleware] [客户端请求] /fika/presence/set
[2026-07-30 13:42:35.231][Info][SPTarkov.Server.Logger.SptLoggerMiddleware] [客户端请求] /client/trading/api/getTraderAssort/5935c25fb3acc3127c3d8cd9
[2026-07-30 13:42:35.233][Info][SPTarkov.Server.Logger.SptLoggerMiddleware] [客户端请求] /client/game/profile/items/moving
[2026-07-30 13:42:35.238][Info][SPTarkov.Server.Logger.SptLoggerMiddleware] [客户端请求] /client/ragfair/find
[2026-07-30 13:42:35.245][Info][SPTarkov.Server.Logger.SptLoggerMiddleware] [客户端请求] /client/trading/api/getTraderAssort/58330581ace78e27b8b10cee
[2026-07-30 13:42:37.127][Info][SPTarkov.Server.Logger.SptLoggerMiddleware] [客户端请求] /launcher/profile/info
[2026-07-30 13:42:37.213][Info][SPTarkov.Server.Logger.SptLoggerMiddleware] [客户端请求] /launcher/server/version
[2026-07-30 13:42:41.953][Info][SPTarkov.Server.Logger.SptLoggerMiddleware] [客户端请求] /client/ragfair/find
[2026-07-30 13:42:43.197][Info][SPTarkov.Server.Logger.SptLoggerMiddleware] [客户端请求] /fika/presence/set
[2026-07-30 13:42:46.687][Info][SPTarkov.Server.Logger.SptLoggerMiddleware] [客户端请求] /fika/presence/set
[2026-07-30 13:42:46.901][Info][SPTarkov.Server.Logger.SptLoggerMiddleware] [客户端请求] /client/ragfair/find
[2026-07-30 13:42:49.824][Info][SPTarkov.Server.Logger.SptLoggerMiddleware] [客户端请求] /fika/presence/set
[2026-07-30 13:42:50.035][Info][SPTarkov.Server.Logger.SptLoggerMiddleware] [客户端请求] /client/ragfair/find
[2026-07-30 13:43:03.221][Info][SPTarkov.Server.Logger.SptLoggerMiddleware] [客户端请求] /client/game/profile/items/moving
[2026-07-30 13:43:03.729][Info][SPTarkov.Server.Logger.SptLoggerMiddleware] [客户端请求] /fika/update/ping
[2026-07-30 13:43:03.942][Info][SPTarkov.Server.Logger.SptLoggerMiddleware] [客户端请求] /fika/presence/set
[2026-07-30 13:43:05.470][Info][SPTarkov.Server.Logger.SptLoggerMiddleware] [客户端请求] /launcher/profile/info
[2026-07-30 13:43:05.619][Info][SPTarkov.Server.Logger.SptLoggerMiddleware] [客户端请求] /launcher/server/version
[2026-07-30 13:43:17.531][Info][SPTarkov.Server.Logger.SptLoggerMiddleware] [客户端请求] /launcher/profile/info
[2026-07-30 13:43:17.533][Info][SPTarkov.Server.Logger.SptLoggerMiddleware] [客户端请求] /launcher/server/version
[2026-07-30 13:43:21.252][Info][SPTarkov.Server.Logger.SptLoggerMiddleware] [客户端请求] /client/game/keepalive
[2026-07-30 13:43:33.732][Info][SPTarkov.Server.Logger.SptLoggerMiddleware] [客户端请求] /fika/update/ping
[2026-07-30 13:43:37.115][Info][SPTarkov.Server.Logger.SptLoggerMiddleware] [客户端请求] /launcher/profile/info
[2026-07-30 13:43:37.200][Info][SPTarkov.Server.Logger.SptLoggerMiddleware] [客户端请求] /launcher/server/version
[2026-07-30 13:43:44.862][Info][SPTarkov.Server.Logger.SptLoggerMiddleware] [客户端请求] /client/getMetricsConfig
[2026-07-30 13:43:45.071][Info][SPTarkov.Server.Logger.SptLoggerMiddleware] [客户端请求] /singleplayer/settings/getRaidTime
[2026-07-30 13:43:45.790][Info][SPTarkov.Server.Core.Servers.Ws.SptWebSocketConnectionHandler] [ws] player: Maxryuki (69802d793401cb1dcc190aae) 20260730133534602 has disconnected
[2026-07-30 13:43:46.416][Info][SPTarkov.Server.Logger.SptLoggerMiddleware] [客户端请求] /client/raid/configuration
[2026-07-30 13:43:46.752][Info][SPTarkov.Server.Logger.SptLoggerMiddleware] [客户端请求] /client/match/local/start
[2026-07-30 13:43:48.783][Info][SPTarkov.Server.Logger.SptLoggerMiddleware] [客户端请求] /fika/raid/getsettings
[2026-07-30 13:43:49.952][Info][SPTarkov.Server.Logger.SptLoggerMiddleware] [客户端请求] /client/game/profile/items/moving
[2026-07-30 13:43:53.052][Info][SPTarkov.Server.Logger.SptLoggerMiddleware] [客户端请求] /fika/update/playerspawn
[2026-07-30 13:43:56.210][Info][SPTarkov.Server.Logger.SptLoggerMiddleware] [客户端请求] /client/game/profile/items/moving
[2026-07-30 13:43:59.107][Info][SPTarkov.Server.Logger.SptLoggerMiddleware] [客户端请求] /client/mail/dialog/view
[2026-07-30 13:44:00.217][Info][SPTarkov.Server.Logger.SptLoggerMiddleware] [客户端请求] /client/mail/dialog/getAllAttachments
[2026-07-30 13:44:03.735][Info][SPTarkov.Server.Logger.SptLoggerMiddleware] [客户端请求] /fika/update/ping
[2026-07-30 13:44:05.464][Info][SPTarkov.Server.Logger.SptLoggerMiddleware] [客户端请求] /launcher/profile/info
[2026-07-30 13:44:05.614][Info][SPTarkov.Server.Logger.SptLoggerMiddleware] [客户端请求] /launcher/server/version
[2026-07-30 13:44:10.218][Info][SPTarkov.Server.Logger.SptLoggerMiddleware] [客户端请求] /fika/presence/set
[2026-07-30 13:44:10.473][Info][SPTarkov.Server.Logger.SptLoggerMiddleware] [客户端请求] /client/game/profile/items/moving
[2026-07-30 13:44:17.524][Info][SPTarkov.Server.Logger.SptLoggerMiddleware] [客户端请求] /launcher/profile/info
[2026-07-30 13:44:17.527][Info][SPTarkov.Server.Logger.SptLoggerMiddleware] [客户端请求] /launcher/server/version
[2026-07-30 13:44:25.926][Info][SPTarkov.Server.Logger.SptLoggerMiddleware] [客户端请求] /fika/presence/set
[2026-07-30 13:44:25.987][Info][SPTarkov.Server.Logger.SptLoggerMiddleware] [客户端请求] /fika/presence/get
[2026-07-30 13:44:32.473][Info][SPTarkov.Server.Logger.SptLoggerMiddleware] [客户端请求] /singleplayer/settings/raid/menu
[2026-07-30 13:44:33.062][Info][SPTarkov.Server.Logger.SptLoggerMiddleware] [客户端请求] /client/insurance/items/list/cost
[2026-07-30 13:44:33.742][Info][SPTarkov.Server.Logger.SptLoggerMiddleware] [客户端请求] /fika/update/ping
[2026-07-30 13:44:37.108][Info][SPTarkov.Server.Logger.SptLoggerMiddleware] [客户端请求] /launcher/profile/info
[2026-07-30 13:44:37.193][Info][SPTarkov.Server.Logger.SptLoggerMiddleware] [客户端请求] /launcher/server/version
[2026-07-30 13:45:03.746][Info][SPTarkov.Server.Logger.SptLoggerMiddleware] [客户端请求] /fika/update/ping
[2026-07-30 13:45:05.469][Info][SPTarkov.Server.Logger.SptLoggerMiddleware] [客户端请求] /launcher/profile/info
[2026-07-30 13:45:05.616][Info][SPTarkov.Server.Logger.SptLoggerMiddleware] [客户端请求] /launcher/server/version
[2026-07-30 13:45:15.677][Info][SPTarkov.Server.Logger.SptLoggerMiddleware] [客户端请求] /client/game/profile/items/moving
[2026-07-30 13:45:16.632][Info][SPTarkov.Server.Logger.SptLoggerMiddleware] [客户端请求] /fika/headless/available
[2026-07-30 13:45:16.687][Info][SPTarkov.Server.Logger.SptLoggerMiddleware] [客户端请求] /fika/location/raids
[2026-07-30 13:45:16.911][Info][SPTarkov.Server.Logger.SptLoggerMiddleware] [客户端请求] /client/match/group/invite/cancel-all
[2026-07-30 13:45:16.916][Info][SPTarkov.Server.Logger.SptLoggerMiddleware] [客户端请求] /client/raid/configuration
[2026-07-30 13:45:17.140][Info][SPTarkov.Server.Logger.SptLoggerMiddleware] [客户端请求] /client/match/group/invite/cancel-all
[2026-07-30 13:45:17.525][Info][SPTarkov.Server.Logger.SptLoggerMiddleware] [客户端请求] /launcher/profile/info
[2026-07-30 13:45:17.529][Info][SPTarkov.Server.Logger.SptLoggerMiddleware] [客户端请求] /launcher/server/version
[2026-07-30 13:45:18.859][Info][SPTarkov.Server.Logger.SptLoggerMiddleware] [客户端请求] /fika/raid/gethost
[2026-07-30 13:45:20.516][Info][SPTarkov.Server.Logger.SptLoggerMiddleware] [客户端请求] /fika/raid/join
[2026-07-30 13:45:20.560][Info][SPTarkov.Server.Logger.SptLoggerMiddleware] [客户端请求] /fika/update/addplayer
[2026-07-30 13:45:21.277][Info][SPTarkov.Server.Logger.SptLoggerMiddleware] [客户端请求] /client/raid/configuration
[2026-07-30 13:45:21.832][Info][SPTarkov.Server.Logger.SptLoggerMiddleware] [客户端请求] /client/match/group/exit_from_menu
[2026-07-30 13:45:33.750][Info][SPTarkov.Server.Logger.SptLoggerMiddleware] [客户端请求] /fika/update/ping
[2026-07-30 13:45:37.116][Info][SPTarkov.Server.Logger.SptLoggerMiddleware] [客户端请求] /launcher/profile/info
[2026-07-30 13:45:37.206][Info][SPTarkov.Server.Logger.SptLoggerMiddleware] [客户端请求] /launcher/server/version
[2026-07-30 13:45:41.311][Info][SPTarkov.Server.Logger.SptLoggerMiddleware] [客户端请求] /client/game/keepalive
[2026-07-30 13:45:45.902][Info][SPTarkov.Server.Logger.SptLoggerMiddleware] [客户端请求] /fika/update/setstatus
[2026-07-30 13:45:47.655][Info][SPTarkov.Server.Logger.SptLoggerMiddleware] [客户端请求] /fika/raid/registerPlayer
[2026-07-30 13:45:52.372][Info][SPTarkov.Server.Logger.SptLoggerMiddleware] [客户端请求] /client/localGame/weather
[2026-07-30 13:45:53.163][Info][SPTarkov.Server.Logger.SptLoggerMiddleware] [客户端请求] /client/game/bot/generate
[2026-07-30 13:45:53.449][Info][SPTarkov.Server.Logger.SptLoggerMiddleware] [客户端请求] /weaponcustomizer/load
[2026-07-30 13:45:57.991][Info][SPTarkov.Server.Logger.SptLoggerMiddleware] [客户端请求] /singleplayer/settings/bot/maxCap/TarkovStreets
[2026-07-30 13:46:03.755][Info][SPTarkov.Server.Logger.SptLoggerMiddleware] [客户端请求] /fika/update/ping
[2026-07-30 13:46:05.475][Info][SPTarkov.Server.Logger.SptLoggerMiddleware] [客户端请求] /launcher/profile/info
[2026-07-30 13:46:05.623][Info][SPTarkov.Server.Logger.SptLoggerMiddleware] [客户端请求] /launcher/server/version
[2026-07-30 13:46:05.658][Info][SPTarkov.Server.Logger.SptLoggerMiddleware] [客户端请求] /weaponcustomizer/load
[2026-07-30 13:46:07.889][Info][SPTarkov.Server.Logger.SptLoggerMiddleware] [客户端请求] /client/game/keepalive
[2026-07-30 13:46:17.526][Info][SPTarkov.Server.Logger.SptLoggerMiddleware] [客户端请求] /launcher/profile/info
[2026-07-30 13:46:17.528][Info][SPTarkov.Server.Logger.SptLoggerMiddleware] [客户端请求] /launcher/server/version
[2026-07-30 13:46:33.758][Info][SPTarkov.Server.Logger.SptLoggerMiddleware] [客户端请求] /fika/update/ping
[2026-07-30 13:46:37.125][Info][SPTarkov.Server.Logger.SptLoggerMiddleware] [客户端请求] /launcher/profile/info
[2026-07-30 13:46:37.229][Info][SPTarkov.Server.Logger.SptLoggerMiddleware] [客户端请求] /launcher/server/version
[2026-07-30 13:47:03.762][Info][SPTarkov.Server.Logger.SptLoggerMiddleware] [客户端请求] /fika/update/ping
[2026-07-30 13:47:05.466][Info][SPTarkov.Server.Logger.SptLoggerMiddleware] [客户端请求] /launcher/profile/info
[2026-07-30 13:47:05.614][Info][SPTarkov.Server.Logger.SptLoggerMiddleware] [客户端请求] /launcher/server/version
[2026-07-30 13:47:13.830][Info][SPTarkov.Server.Logger.SptLoggerMiddleware] [客户端请求] /client/getMetricsConfig
[2026-07-30 13:47:14.267][Info][SPTarkov.Server.Logger.SptLoggerMiddleware] [客户端请求] /singleplayer/settings/getRaidTime
[2026-07-30 13:47:15.069][Info][SPTarkov.Server.Core.Servers.Ws.SptWebSocketConnectionHandler] [ws] player: DawnCloud (69568f09db017222c89b1183) 20260730133020861 has disconnected
[2026-07-30 13:47:15.559][Info][SPTarkov.Server.Logger.SptLoggerMiddleware] [客户端请求] /client/raid/configuration
[2026-07-30 13:47:15.828][Info][SPTarkov.Server.Logger.SptLoggerMiddleware] [客户端请求] /client/match/local/start
[2026-07-30 13:47:17.538][Info][SPTarkov.Server.Logger.SptLoggerMiddleware] [客户端请求] /launcher/profile/info
[2026-07-30 13:47:17.540][Info][SPTarkov.Server.Logger.SptLoggerMiddleware] [客户端请求] /launcher/server/version
[2026-07-30 13:47:22.851][Info][SPTarkov.Server.Logger.SptLoggerMiddleware] [客户端请求] /fika/raid/getsettings
[2026-07-30 13:47:33.766][Info][SPTarkov.Server.Logger.SptLoggerMiddleware] [客户端请求] /fika/update/ping
[2026-07-30 13:47:37.124][Info][SPTarkov.Server.Logger.SptLoggerMiddleware] [客户端请求] /launcher/profile/info
[2026-07-30 13:47:37.222][Info][SPTarkov.Server.Logger.SptLoggerMiddleware] [客户端请求] /launcher/server/version
[2026-07-30 13:47:37.441][Info][SPTarkov.Server.Logger.SptLoggerMiddleware] [客户端请求] /fika/update/playerspawn
[2026-07-30 13:47:38.147][Info][SPTarkov.Server.Logger.SptLoggerMiddleware] [客户端请求] /weaponcustomizer/load
[2026-07-30 13:47:38.161][Info][SPTarkov.Server.Logger.SptLoggerMiddleware] [客户端请求] /weaponcustomizer/load
[2026-07-30 13:47:40.876][Info][SPTarkov.Server.Logger.SptLoggerMiddleware] [客户端请求] /fika/raid/registerPlayer
[2026-07-30 13:48:03.769][Info][SPTarkov.Server.Logger.SptLoggerMiddleware] [客户端请求] /fika/update/ping
[2026-07-30 13:48:05.476][Info][SPTarkov.Server.Logger.SptLoggerMiddleware] [客户端请求] /launcher/profile/info
[2026-07-30 13:48:05.629][Info][SPTarkov.Server.Logger.SptLoggerMiddleware] [客户端请求] /launcher/server/version
[2026-07-30 13:48:13.935][Info][SPTarkov.Server.Logger.SptLoggerMiddleware] [客户端请求] /client/game/keepalive
[2026-07-30 13:48:17.535][Info][SPTarkov.Server.Logger.SptLoggerMiddleware] [客户端请求] /launcher/profile/info
[2026-07-30 13:48:17.538][Info][SPTarkov.Server.Logger.SptLoggerMiddleware] [客户端请求] /launcher/server/version
[2026-07-30 13:48:22.544][Info][SPTarkov.Server.Logger.SptLoggerMiddleware] [客户端请求] /client/game/bot/generate
[2026-07-30 13:48:26.306][Info][SPTarkov.Server.Logger.SptLoggerMiddleware] [客户端请求] /client/game/bot/generate
[2026-07-30 13:48:28.206][Info][SPTarkov.Server.Logger.SptLoggerMiddleware] [客户端请求] /client/game/keepalive
[2026-07-30 13:48:33.772][Info][SPTarkov.Server.Logger.SptLoggerMiddleware] [客户端请求] /fika/update/ping
[2026-07-30 13:48:37.116][Info][SPTarkov.Server.Logger.SptLoggerMiddleware] [客户端请求] /launcher/profile/info
[2026-07-30 13:48:37.223][Info][SPTarkov.Server.Logger.SptLoggerMiddleware] [客户端请求] /launcher/server/version
[2026-07-30 13:49:03.776][Info][SPTarkov.Server.Logger.SptLoggerMiddleware] [客户端请求] /fika/update/ping
[2026-07-30 13:49:05.479][Info][SPTarkov.Server.Logger.SptLoggerMiddleware] [客户端请求] /launcher/profile/info
[2026-07-30 13:49:05.636][Info][SPTarkov.Server.Logger.SptLoggerMiddleware] [客户端请求] /launcher/server/version
[2026-07-30 13:49:17.529][Info][SPTarkov.Server.Logger.SptLoggerMiddleware] [客户端请求] /launcher/profile/info
[2026-07-30 13:49:17.530][Info][SPTarkov.Server.Logger.SptLoggerMiddleware] [客户端请求] /launcher/server/version
[2026-07-30 13:49:33.780][Info][SPTarkov.Server.Logger.SptLoggerMiddleware] [客户端请求] /fika/update/ping
[2026-07-30 13:49:36.732][Info][SPTarkov.Server.Logger.SptLoggerMiddleware] [客户端请求] /client/game/keepalive
[2026-07-30 13:49:37.108][Info][SPTarkov.Server.Logger.SptLoggerMiddleware] [客户端请求] /launcher/profile/info
[2026-07-30 13:49:37.195][Info][SPTarkov.Server.Logger.SptLoggerMiddleware] [客户端请求] /launcher/server/version
[2026-07-30 13:50:03.784][Info][SPTarkov.Server.Logger.SptLoggerMiddleware] [客户端请求] /fika/update/ping
[2026-07-30 13:50:05.438][Info][SPTarkov.Server.Logger.SptLoggerMiddleware] [客户端请求] /launcher/profile/info
[2026-07-30 13:50:05.584][Info][SPTarkov.Server.Logger.SptLoggerMiddleware] [客户端请求] /launcher/server/version
[2026-07-30 13:50:17.527][Info][SPTarkov.Server.Logger.SptLoggerMiddleware] [客户端请求] /launcher/profile/info
[2026-07-30 13:50:17.529][Info][SPTarkov.Server.Logger.SptLoggerMiddleware] [客户端请求] /launcher/server/version
[2026-07-30 13:50:33.787][Info][SPTarkov.Server.Logger.SptLoggerMiddleware] [客户端请求] /fika/update/ping
[2026-07-30 13:50:37.101][Info][SPTarkov.Server.Logger.SptLoggerMiddleware] [客户端请求] /launcher/profile/info
[2026-07-30 13:50:37.189][Info][SPTarkov.Server.Logger.SptLoggerMiddleware] [客户端请求] /launcher/server/version
[2026-07-30 13:50:46.408][Info][SPTarkov.Server.Logger.SptLoggerMiddleware] [客户端请求] /client/game/keepalive
[2026-07-30 13:50:48.554][Info][SPTarkov.Server.Logger.SptLoggerMiddleware] [客户端请求] /client/game/keepalive
[2026-07-30 13:51:03.791][Info][SPTarkov.Server.Logger.SptLoggerMiddleware] [客户端请求] /fika/update/ping
[2026-07-30 13:51:05.439][Info][SPTarkov.Server.Logger.SptLoggerMiddleware] [客户端请求] /launcher/profile/info
[2026-07-30 13:51:05.592][Info][SPTarkov.Server.Logger.SptLoggerMiddleware] [客户端请求] /launcher/server/version
[2026-07-30 13:51:17.533][Info][SPTarkov.Server.Logger.SptLoggerMiddleware] [客户端请求] /launcher/profile/info
[2026-07-30 13:51:17.535][Info][SPTarkov.Server.Logger.SptLoggerMiddleware] [客户端请求] /launcher/server/version
[2026-07-30 13:51:33.797][Info][SPTarkov.Server.Logger.SptLoggerMiddleware] [客户端请求] /fika/update/ping
[2026-07-30 13:51:37.098][Info][SPTarkov.Server.Logger.SptLoggerMiddleware] [客户端请求] /launcher/profile/info
[2026-07-30 13:51:37.186][Info][SPTarkov.Server.Logger.SptLoggerMiddleware] [客户端请求] /launcher/server/version
[2026-07-30 13:51:56.925][Info][SPTarkov.Server.Logger.SptLoggerMiddleware] [客户端请求] /client/game/keepalive
[2026-07-30 13:52:03.801][Info][SPTarkov.Server.Logger.SptLoggerMiddleware] [客户端请求] /fika/update/ping
[2026-07-30 13:52:05.428][Info][SPTarkov.Server.Logger.SptLoggerMiddleware] [客户端请求] /launcher/profile/info
[2026-07-30 13:52:05.575][Info][SPTarkov.Server.Logger.SptLoggerMiddleware] [客户端请求] /launcher/server/version
[2026-07-30 13:52:17.536][Info][SPTarkov.Server.Logger.SptLoggerMiddleware] [客户端请求] /launcher/profile/info
[2026-07-30 13:52:17.537][Info][SPTarkov.Server.Logger.SptLoggerMiddleware] [客户端请求] /launcher/server/version
[2026-07-30 13:52:33.804][Info][SPTarkov.Server.Logger.SptLoggerMiddleware] [客户端请求] /fika/update/ping
[2026-07-30 13:52:37.097][Info][SPTarkov.Server.Logger.SptLoggerMiddleware] [客户端请求] /launcher/profile/info
[2026-07-30 13:52:37.204][Info][SPTarkov.Server.Logger.SptLoggerMiddleware] [客户端请求] /launcher/server/version
[2026-07-30 13:53:03.808][Info][SPTarkov.Server.Logger.SptLoggerMiddleware] [客户端请求] /fika/update/ping
[2026-07-30 13:53:05.424][Info][SPTarkov.Server.Logger.SptLoggerMiddleware] [客户端请求] /launcher/profile/info
[2026-07-30 13:53:05.572][Info][SPTarkov.Server.Logger.SptLoggerMiddleware] [客户端请求] /launcher/server/version
[2026-07-30 13:53:06.497][Info][SPTarkov.Server.Logger.SptLoggerMiddleware] [客户端请求] /client/game/keepalive
[2026-07-30 13:53:08.877][Info][SPTarkov.Server.Logger.SptLoggerMiddleware] [客户端请求] /client/game/keepalive
[2026-07-30 13:53:17.534][Info][SPTarkov.Server.Logger.SptLoggerMiddleware] [客户端请求] /launcher/profile/info
[2026-07-30 13:53:17.536][Info][SPTarkov.Server.Logger.SptLoggerMiddleware] [客户端请求] /launcher/server/version
[2026-07-30 13:53:33.811][Info][SPTarkov.Server.Logger.SptLoggerMiddleware] [客户端请求] /fika/update/ping
[2026-07-30 13:53:37.090][Info][SPTarkov.Server.Logger.SptLoggerMiddleware] [客户端请求] /launcher/profile/info
[2026-07-30 13:53:37.177][Info][SPTarkov.Server.Logger.SptLoggerMiddleware] [客户端请求] /launcher/server/version
[2026-07-30 13:54:03.815][Info][SPTarkov.Server.Logger.SptLoggerMiddleware] [客户端请求] /fika/update/ping
[2026-07-30 13:54:05.422][Info][SPTarkov.Server.Logger.SptLoggerMiddleware] [客户端请求] /launcher/profile/info
[2026-07-30 13:54:05.569][Info][SPTarkov.Server.Logger.SptLoggerMiddleware] [客户端请求] /launcher/server/version
[2026-07-30 13:54:17.147][Info][SPTarkov.Server.Logger.SptLoggerMiddleware] [客户端请求] /client/game/keepalive
[2026-07-30 13:54:17.530][Info][SPTarkov.Server.Logger.SptLoggerMiddleware] [客户端请求] /launcher/profile/info
[2026-07-30 13:54:17.533][Info][SPTarkov.Server.Logger.SptLoggerMiddleware] [客户端请求] /launcher/server/version
[2026-07-30 13:54:33.818][Info][SPTarkov.Server.Logger.SptLoggerMiddleware] [客户端请求] /fika/update/ping
[2026-07-30 13:54:37.086][Info][SPTarkov.Server.Logger.SptLoggerMiddleware] [客户端请求] /launcher/profile/info
[2026-07-30 13:54:37.172][Info][SPTarkov.Server.Logger.SptLoggerMiddleware] [客户端请求] /launcher/server/version
[2026-07-30 13:55:03.823][Info][SPTarkov.Server.Logger.SptLoggerMiddleware] [客户端请求] /fika/update/ping
[2026-07-30 13:55:05.416][Info][SPTarkov.Server.Logger.SptLoggerMiddleware] [客户端请求] /launcher/profile/info
[2026-07-30 13:55:05.562][Info][SPTarkov.Server.Logger.SptLoggerMiddleware] [客户端请求] /launcher/server/version
[2026-07-30 13:55:17.534][Info][SPTarkov.Server.Logger.SptLoggerMiddleware] [客户端请求] /launcher/profile/info
[2026-07-30 13:55:17.537][Info][SPTarkov.Server.Logger.SptLoggerMiddleware] [客户端请求] /launcher/server/version
[2026-07-30 13:55:26.622][Info][SPTarkov.Server.Logger.SptLoggerMiddleware] [客户端请求] /client/game/keepalive
[2026-07-30 13:55:29.211][Info][SPTarkov.Server.Logger.SptLoggerMiddleware] [客户端请求] /client/game/keepalive
[2026-07-30 13:55:33.825][Info][SPTarkov.Server.Logger.SptLoggerMiddleware] [客户端请求] /fika/update/ping
[2026-07-30 13:55:37.085][Info][SPTarkov.Server.Logger.SptLoggerMiddleware] [客户端请求] /launcher/profile/info
[2026-07-30 13:55:37.172][Info][SPTarkov.Server.Logger.SptLoggerMiddleware] [客户端请求] /launcher/server/version
[2026-07-30 13:56:03.829][Info][SPTarkov.Server.Logger.SptLoggerMiddleware] [客户端请求] /fika/update/ping
[2026-07-30 13:56:05.408][Info][SPTarkov.Server.Logger.SptLoggerMiddleware] [客户端请求] /launcher/profile/info
[2026-07-30 13:56:05.553][Info][SPTarkov.Server.Logger.SptLoggerMiddleware] [客户端请求] /launcher/server/version
[2026-07-30 13:56:17.539][Info][SPTarkov.Server.Logger.SptLoggerMiddleware] [客户端请求] /launcher/profile/info
[2026-07-30 13:56:17.541][Info][SPTarkov.Server.Logger.SptLoggerMiddleware] [客户端请求] /launcher/server/version
[2026-07-30 13:56:33.831][Info][SPTarkov.Server.Logger.SptLoggerMiddleware] [客户端请求] /fika/update/ping
[2026-07-30 13:56:37.083][Info][SPTarkov.Server.Logger.SptLoggerMiddleware] [客户端请求] /launcher/profile/info
[2026-07-30 13:56:37.166][Info][SPTarkov.Server.Logger.SptLoggerMiddleware] [客户端请求] /launcher/server/version
[2026-07-30 13:56:37.385][Info][SPTarkov.Server.Logger.SptLoggerMiddleware] [客户端请求] /client/game/keepalive
[2026-07-30 13:57:03.833][Info][SPTarkov.Server.Logger.SptLoggerMiddleware] [客户端请求] /fika/update/ping
[2026-07-30 13:57:05.394][Info][SPTarkov.Server.Logger.SptLoggerMiddleware] [客户端请求] /launcher/profile/info
[2026-07-30 13:57:05.540][Info][SPTarkov.Server.Logger.SptLoggerMiddleware] [客户端请求] /launcher/server/version
[2026-07-30 13:57:17.523][Info][SPTarkov.Server.Logger.SptLoggerMiddleware] [客户端请求] /launcher/profile/info
[2026-07-30 13:57:17.525][Info][SPTarkov.Server.Logger.SptLoggerMiddleware] [客户端请求] /launcher/server/version
[2026-07-30 13:57:33.837][Info][SPTarkov.Server.Logger.SptLoggerMiddleware] [客户端请求] /fika/update/ping
[2026-07-30 13:57:37.086][Info][SPTarkov.Server.Logger.SptLoggerMiddleware] [客户端请求] /launcher/profile/info
[2026-07-30 13:57:37.178][Info][SPTarkov.Server.Logger.SptLoggerMiddleware] [客户端请求] /launcher/server/version
[2026-07-30 13:57:46.707][Info][SPTarkov.Server.Logger.SptLoggerMiddleware] [客户端请求] /client/game/keepalive
[2026-07-30 13:57:49.531][Info][SPTarkov.Server.Logger.SptLoggerMiddleware] [客户端请求] /client/game/keepalive
[2026-07-30 13:58:03.840][Info][SPTarkov.Server.Logger.SptLoggerMiddleware] [客户端请求] /fika/update/ping
[2026-07-30 13:58:05.386][Info][SPTarkov.Server.Logger.SptLoggerMiddleware] [客户端请求] /launcher/profile/info
[2026-07-30 13:58:05.534][Info][SPTarkov.Server.Logger.SptLoggerMiddleware] [客户端请求] /launcher/server/version
[2026-07-30 13:58:17.529][Info][SPTarkov.Server.Logger.SptLoggerMiddleware] [客户端请求] /launcher/profile/info
[2026-07-30 13:58:17.530][Info][SPTarkov.Server.Logger.SptLoggerMiddleware] [客户端请求] /launcher/server/version
[2026-07-30 13:58:33.844][Info][SPTarkov.Server.Logger.SptLoggerMiddleware] [客户端请求] /fika/update/ping
[2026-07-30 13:58:37.070][Info][SPTarkov.Server.Logger.SptLoggerMiddleware] [客户端请求] /launcher/profile/info
[2026-07-30 13:58:37.157][Info][SPTarkov.Server.Logger.SptLoggerMiddleware] [客户端请求] /launcher/server/version
[2026-07-30 13:58:57.617][Info][SPTarkov.Server.Logger.SptLoggerMiddleware] [客户端请求] /client/game/keepalive
[2026-07-30 13:59:03.846][Info][SPTarkov.Server.Logger.SptLoggerMiddleware] [客户端请求] /fika/update/ping
[2026-07-30 13:59:05.396][Info][SPTarkov.Server.Logger.SptLoggerMiddleware] [客户端请求] /launcher/profile/info
[2026-07-30 13:59:05.543][Info][SPTarkov.Server.Logger.SptLoggerMiddleware] [客户端请求] /launcher/server/version
[2026-07-30 13:59:17.536][Info][SPTarkov.Server.Logger.SptLoggerMiddleware] [客户端请求] /launcher/profile/info
[2026-07-30 13:59:17.540][Info][SPTarkov.Server.Logger.SptLoggerMiddleware] [客户端请求] /launcher/server/version
[2026-07-30 13:59:33.852][Info][SPTarkov.Server.Logger.SptLoggerMiddleware] [客户端请求] /fika/update/ping
[2026-07-30 13:59:37.067][Info][SPTarkov.Server.Logger.SptLoggerMiddleware] [客户端请求] /launcher/profile/info
[2026-07-30 13:59:37.154][Info][SPTarkov.Server.Logger.SptLoggerMiddleware] [客户端请求] /launcher/server/version
[2026-07-30 14:00:03.858][Info][SPTarkov.Server.Logger.SptLoggerMiddleware] [客户端请求] /fika/update/ping
[2026-07-30 14:00:05.381][Info][SPTarkov.Server.Logger.SptLoggerMiddleware] [客户端请求] /launcher/profile/info
[2026-07-30 14:00:05.528][Info][SPTarkov.Server.Logger.SptLoggerMiddleware] [客户端请求] /launcher/server/version
[2026-07-30 14:00:06.785][Info][SPTarkov.Server.Logger.SptLoggerMiddleware] [客户端请求] /client/game/keepalive
[2026-07-30 14:00:09.887][Info][SPTarkov.Server.Logger.SptLoggerMiddleware] [客户端请求] /client/game/keepalive
[2026-07-30 14:00:17.525][Info][SPTarkov.Server.Logger.SptLoggerMiddleware] [客户端请求] /launcher/profile/info
[2026-07-30 14:00:17.527][Info][SPTarkov.Server.Logger.SptLoggerMiddleware] [客户端请求] /launcher/server/version
[2026-07-30 14:00:33.861][Info][SPTarkov.Server.Logger.SptLoggerMiddleware] [客户端请求] /fika/update/ping
[2026-07-30 14:00:37.069][Info][SPTarkov.Server.Logger.SptLoggerMiddleware] [客户端请求] /launcher/profile/info
[2026-07-30 14:00:37.154][Info][SPTarkov.Server.Logger.SptLoggerMiddleware] [客户端请求] /launcher/server/version
[2026-07-30 14:00:50.555][Info][SPTarkov.Server.Logger.SptLoggerMiddleware] [客户端请求] /client/airdrop/loot
[2026-07-30 14:01:03.864][Info][SPTarkov.Server.Logger.SptLoggerMiddleware] [客户端请求] /fika/update/ping
[2026-07-30 14:01:05.373][Info][SPTarkov.Server.Logger.SptLoggerMiddleware] [客户端请求] /launcher/profile/info
[2026-07-30 14:01:05.520][Info][SPTarkov.Server.Logger.SptLoggerMiddleware] [客户端请求] /launcher/server/version
[2026-07-30 14:01:17.536][Info][SPTarkov.Server.Logger.SptLoggerMiddleware] [客户端请求] /launcher/profile/info
[2026-07-30 14:01:17.538][Info][SPTarkov.Server.Logger.SptLoggerMiddleware] [客户端请求] /launcher/server/version
[2026-07-30 14:01:17.842][Info][SPTarkov.Server.Logger.SptLoggerMiddleware] [客户端请求] /client/game/keepalive
[2026-07-30 14:01:33.867][Info][SPTarkov.Server.Logger.SptLoggerMiddleware] [客户端请求] /fika/update/ping
[2026-07-30 14:01:37.070][Info][SPTarkov.Server.Logger.SptLoggerMiddleware] [客户端请求] /launcher/profile/info
[2026-07-30 14:01:37.156][Info][SPTarkov.Server.Logger.SptLoggerMiddleware] [客户端请求] /launcher/server/version
[2026-07-30 14:02:03.870][Info][SPTarkov.Server.Logger.SptLoggerMiddleware] [客户端请求] /fika/update/ping
[2026-07-30 14:02:05.378][Info][SPTarkov.Server.Logger.SptLoggerMiddleware] [客户端请求] /launcher/profile/info
[2026-07-30 14:02:05.527][Info][SPTarkov.Server.Logger.SptLoggerMiddleware] [客户端请求] /launcher/server/version
[2026-07-30 14:02:17.525][Info][SPTarkov.Server.Logger.SptLoggerMiddleware] [客户端请求] /launcher/profile/info
[2026-07-30 14:02:17.531][Info][SPTarkov.Server.Logger.SptLoggerMiddleware] [客户端请求] /launcher/server/version
[2026-07-30 14:02:30.255][Info][SPTarkov.Server.Logger.SptLoggerMiddleware] [客户端请求] /client/game/keepalive
[2026-07-30 14:02:33.873][Info][SPTarkov.Server.Logger.SptLoggerMiddleware] [客户端请求] /fika/update/ping
[2026-07-30 14:02:37.072][Info][SPTarkov.Server.Logger.SptLoggerMiddleware] [客户端请求] /launcher/profile/info
[2026-07-30 14:02:37.173][Info][SPTarkov.Server.Logger.SptLoggerMiddleware] [客户端请求] /launcher/server/version
[2026-07-30 14:03:03.876][Info][SPTarkov.Server.Logger.SptLoggerMiddleware] [客户端请求] /fika/update/ping
[2026-07-30 14:03:05.371][Info][SPTarkov.Server.Logger.SptLoggerMiddleware] [客户端请求] /launcher/profile/info
[2026-07-30 14:03:05.519][Info][SPTarkov.Server.Logger.SptLoggerMiddleware] [客户端请求] /launcher/server/version
[2026-07-30 14:03:10.677][Info][SPTarkov.Server.Logger.SptLoggerMiddleware] [客户端请求] /client/game/keepalive
[2026-07-30 14:03:17.536][Info][SPTarkov.Server.Logger.SptLoggerMiddleware] [客户端请求] /launcher/profile/info
[2026-07-30 14:03:17.538][Info][SPTarkov.Server.Logger.SptLoggerMiddleware] [客户端请求] /launcher/server/version
[2026-07-30 14:03:33.878][Info][SPTarkov.Server.Logger.SptLoggerMiddleware] [客户端请求] /fika/update/ping
[2026-07-30 14:03:37.058][Info][SPTarkov.Server.Logger.SptLoggerMiddleware] [客户端请求] /launcher/profile/info
[2026-07-30 14:03:37.146][Info][SPTarkov.Server.Logger.SptLoggerMiddleware] [客户端请求] /launcher/server/version
[2026-07-30 14:03:38.094][Info][SPTarkov.Server.Logger.SptLoggerMiddleware] [客户端请求] /client/game/keepalive
[2026-07-30 14:04:03.881][Info][SPTarkov.Server.Logger.SptLoggerMiddleware] [客户端请求] /fika/update/ping
[2026-07-30 14:04:05.354][Info][SPTarkov.Server.Logger.SptLoggerMiddleware] [客户端请求] /launcher/profile/info
[2026-07-30 14:04:05.500][Info][SPTarkov.Server.Logger.SptLoggerMiddleware] [客户端请求] /launcher/server/version
[2026-07-30 14:04:17.530][Info][SPTarkov.Server.Logger.SptLoggerMiddleware] [客户端请求] /launcher/profile/info
[2026-07-30 14:04:17.531][Info][SPTarkov.Server.Logger.SptLoggerMiddleware] [客户端请求] /launcher/server/version
[2026-07-30 14:04:33.883][Info][SPTarkov.Server.Logger.SptLoggerMiddleware] [客户端请求] /fika/update/ping
[2026-07-30 14:04:37.059][Info][SPTarkov.Server.Logger.SptLoggerMiddleware] [客户端请求] /launcher/profile/info
[2026-07-30 14:04:37.144][Info][SPTarkov.Server.Logger.SptLoggerMiddleware] [客户端请求] /launcher/server/version
[2026-07-30 14:04:50.588][Info][SPTarkov.Server.Logger.SptLoggerMiddleware] [客户端请求] /client/game/keepalive
[2026-07-30 14:05:03.886][Info][SPTarkov.Server.Logger.SptLoggerMiddleware] [客户端请求] /fika/update/ping
[2026-07-30 14:05:05.362][Info][SPTarkov.Server.Logger.SptLoggerMiddleware] [客户端请求] /launcher/profile/info
[2026-07-30 14:05:05.516][Info][SPTarkov.Server.Logger.SptLoggerMiddleware] [客户端请求] /launcher/server/version
[2026-07-30 14:05:17.533][Info][SPTarkov.Server.Logger.SptLoggerMiddleware] [客户端请求] /launcher/profile/info
[2026-07-30 14:05:17.535][Info][SPTarkov.Server.Logger.SptLoggerMiddleware] [客户端请求] /launcher/server/version
[2026-07-30 14:05:30.781][Info][SPTarkov.Server.Logger.SptLoggerMiddleware] [客户端请求] /client/game/keepalive
[2026-07-30 14:05:33.888][Info][SPTarkov.Server.Logger.SptLoggerMiddleware] [客户端请求] /fika/update/ping
[2026-07-30 14:05:37.050][Info][SPTarkov.Server.Logger.SptLoggerMiddleware] [客户端请求] /launcher/profile/info
[2026-07-30 14:05:37.138][Info][SPTarkov.Server.Logger.SptLoggerMiddleware] [客户端请求] /launcher/server/version
[2026-07-30 14:05:44.716][Info][SPTarkov.Server.Logger.SptLoggerMiddleware] [客户端请求] /singleplayer/settings/bot/getBotBehaviours/
[2026-07-30 14:05:58.383][Info][SPTarkov.Server.Logger.SptLoggerMiddleware] [客户端请求] /client/game/keepalive
[2026-07-30 14:06:03.891][Info][SPTarkov.Server.Logger.SptLoggerMiddleware] [客户端请求] /fika/update/ping
[2026-07-30 14:06:05.347][Info][SPTarkov.Server.Logger.SptLoggerMiddleware] [客户端请求] /launcher/profile/info
[2026-07-30 14:06:05.494][Info][SPTarkov.Server.Logger.SptLoggerMiddleware] [客户端请求] /launcher/server/version
[2026-07-30 14:06:17.528][Info][SPTarkov.Server.Logger.SptLoggerMiddleware] [客户端请求] /launcher/profile/info
[2026-07-30 14:06:17.530][Info][SPTarkov.Server.Logger.SptLoggerMiddleware] [客户端请求] /launcher/server/version
[2026-07-30 14:06:33.893][Info][SPTarkov.Server.Logger.SptLoggerMiddleware] [客户端请求] /fika/update/ping
[2026-07-30 14:06:37.046][Info][SPTarkov.Server.Logger.SptLoggerMiddleware] [客户端请求] /launcher/profile/info
[2026-07-30 14:06:37.133][Info][SPTarkov.Server.Logger.SptLoggerMiddleware] [客户端请求] /launcher/server/version
[2026-07-30 14:07:03.897][Info][SPTarkov.Server.Logger.SptLoggerMiddleware] [客户端请求] /fika/update/ping
[2026-07-30 14:07:05.349][Info][SPTarkov.Server.Logger.SptLoggerMiddleware] [客户端请求] /launcher/profile/info
[2026-07-30 14:07:05.507][Info][SPTarkov.Server.Logger.SptLoggerMiddleware] [客户端请求] /launcher/server/version
[2026-07-30 14:07:10.909][Info][SPTarkov.Server.Logger.SptLoggerMiddleware] [客户端请求] /client/game/keepalive
[2026-07-30 14:07:17.538][Info][SPTarkov.Server.Logger.SptLoggerMiddleware] [客户端请求] /launcher/profile/info
[2026-07-30 14:07:17.540][Info][SPTarkov.Server.Logger.SptLoggerMiddleware] [客户端请求] /launcher/server/version
[2026-07-30 14:07:33.899][Info][SPTarkov.Server.Logger.SptLoggerMiddleware] [客户端请求] /fika/update/ping
[2026-07-30 14:07:37.041][Info][SPTarkov.Server.Logger.SptLoggerMiddleware] [客户端请求] /launcher/profile/info
[2026-07-30 14:07:37.127][Info][SPTarkov.Server.Logger.SptLoggerMiddleware] [客户端请求] /launcher/server/version
[2026-07-30 14:07:50.841][Info][SPTarkov.Server.Logger.SptLoggerMiddleware] [客户端请求] /client/game/keepalive
[2026-07-30 14:08:03.903][Info][SPTarkov.Server.Logger.SptLoggerMiddleware] [客户端请求] /fika/update/ping
[2026-07-30 14:08:05.334][Info][SPTarkov.Server.Logger.SptLoggerMiddleware] [客户端请求] /launcher/profile/info
[2026-07-30 14:08:05.476][Info][SPTarkov.Server.Logger.SptLoggerMiddleware] [客户端请求] /launcher/server/version
[2026-07-30 14:08:17.539][Info][SPTarkov.Server.Logger.SptLoggerMiddleware] [客户端请求] /launcher/profile/info
[2026-07-30 14:08:17.541][Info][SPTarkov.Server.Logger.SptLoggerMiddleware] [客户端请求] /launcher/server/version
[2026-07-30 14:08:18.596][Info][SPTarkov.Server.Logger.SptLoggerMiddleware] [客户端请求] /client/game/keepalive
[2026-07-30 14:08:33.906][Info][SPTarkov.Server.Logger.SptLoggerMiddleware] [客户端请求] /fika/update/ping
[2026-07-30 14:08:37.046][Info][SPTarkov.Server.Logger.SptLoggerMiddleware] [客户端请求] /launcher/profile/info
[2026-07-30 14:08:37.135][Info][SPTarkov.Server.Logger.SptLoggerMiddleware] [客户端请求] /launcher/server/version
[2026-07-30 14:09:03.910][Info][SPTarkov.Server.Logger.SptLoggerMiddleware] [客户端请求] /fika/update/ping
[2026-07-30 14:09:05.340][Info][SPTarkov.Server.Logger.SptLoggerMiddleware] [客户端请求] /launcher/profile/info
[2026-07-30 14:09:05.493][Info][SPTarkov.Server.Logger.SptLoggerMiddleware] [客户端请求] /launcher/server/version
[2026-07-30 14:09:17.530][Info][SPTarkov.Server.Logger.SptLoggerMiddleware] [客户端请求] /launcher/profile/info
[2026-07-30 14:09:17.533][Info][SPTarkov.Server.Logger.SptLoggerMiddleware] [客户端请求] /launcher/server/version
[2026-07-30 14:09:31.242][Info][SPTarkov.Server.Logger.SptLoggerMiddleware] [客户端请求] /client/game/keepalive
[2026-07-30 14:09:33.912][Info][SPTarkov.Server.Logger.SptLoggerMiddleware] [客户端请求] /fika/update/ping
[2026-07-30 14:09:37.044][Info][SPTarkov.Server.Logger.SptLoggerMiddleware] [客户端请求] /launcher/profile/info
[2026-07-30 14:09:37.128][Info][SPTarkov.Server.Logger.SptLoggerMiddleware] [客户端请求] /launcher/server/version
[2026-07-30 14:10:03.915][Info][SPTarkov.Server.Logger.SptLoggerMiddleware] [客户端请求] /fika/update/ping
[2026-07-30 14:10:05.322][Info][SPTarkov.Server.Logger.SptLoggerMiddleware] [客户端请求] /launcher/profile/info
[2026-07-30 14:10:05.467][Info][SPTarkov.Server.Logger.SptLoggerMiddleware] [客户端请求] /launcher/server/version
[2026-07-30 14:10:10.885][Info][SPTarkov.Server.Logger.SptLoggerMiddleware] [客户端请求] /client/game/keepalive
[2026-07-30 14:10:17.523][Info][SPTarkov.Server.Logger.SptLoggerMiddleware] [客户端请求] /launcher/profile/info
[2026-07-30 14:10:17.525][Info][SPTarkov.Server.Logger.SptLoggerMiddleware] [客户端请求] /launcher/server/version
[2026-07-30 14:10:33.919][Info][SPTarkov.Server.Logger.SptLoggerMiddleware] [客户端请求] /fika/update/ping
[2026-07-30 14:10:37.041][Info][SPTarkov.Server.Logger.SptLoggerMiddleware] [客户端请求] /launcher/profile/info
[2026-07-30 14:10:37.129][Info][SPTarkov.Server.Logger.SptLoggerMiddleware] [客户端请求] /launcher/server/version
[2026-07-30 14:10:38.851][Info][SPTarkov.Server.Logger.SptLoggerMiddleware] [客户端请求] /client/game/keepalive
[2026-07-30 14:11:03.922][Info][SPTarkov.Server.Logger.SptLoggerMiddleware] [客户端请求] /fika/update/ping
[2026-07-30 14:11:05.328][Info][SPTarkov.Server.Logger.SptLoggerMiddleware] [客户端请求] /launcher/profile/info
[2026-07-30 14:11:05.471][Info][SPTarkov.Server.Logger.SptLoggerMiddleware] [客户端请求] /launcher/server/version
[2026-07-30 14:11:17.532][Info][SPTarkov.Server.Logger.SptLoggerMiddleware] [客户端请求] /launcher/profile/info
[2026-07-30 14:11:17.534][Info][SPTarkov.Server.Logger.SptLoggerMiddleware] [客户端请求] /launcher/server/version
[2026-07-30 14:11:33.925][Info][SPTarkov.Server.Logger.SptLoggerMiddleware] [客户端请求] /fika/update/ping
[2026-07-30 14:11:37.040][Info][SPTarkov.Server.Logger.SptLoggerMiddleware] [客户端请求] /launcher/profile/info
[2026-07-30 14:11:37.128][Info][SPTarkov.Server.Logger.SptLoggerMiddleware] [客户端请求] /launcher/server/version
[2026-07-30 14:11:51.667][Info][SPTarkov.Server.Logger.SptLoggerMiddleware] [客户端请求] /client/game/keepalive
[2026-07-30 14:12:03.932][Info][SPTarkov.Server.Logger.SptLoggerMiddleware] [客户端请求] /fika/update/ping
[2026-07-30 14:12:05.318][Info][SPTarkov.Server.Logger.SptLoggerMiddleware] [客户端请求] /launcher/profile/info
[2026-07-30 14:12:05.464][Info][SPTarkov.Server.Logger.SptLoggerMiddleware] [客户端请求] /launcher/server/version
[2026-07-30 14:12:17.535][Info][SPTarkov.Server.Logger.SptLoggerMiddleware] [客户端请求] /launcher/profile/info
[2026-07-30 14:12:17.537][Info][SPTarkov.Server.Logger.SptLoggerMiddleware] [客户端请求] /launcher/server/version
[2026-07-30 14:12:30.931][Info][SPTarkov.Server.Logger.SptLoggerMiddleware] [客户端请求] /client/game/keepalive
[2026-07-30 14:12:33.934][Info][SPTarkov.Server.Logger.SptLoggerMiddleware] [客户端请求] /fika/update/ping
[2026-07-30 14:12:37.027][Info][SPTarkov.Server.Logger.SptLoggerMiddleware] [客户端请求] /launcher/profile/info
[2026-07-30 14:12:37.117][Info][SPTarkov.Server.Logger.SptLoggerMiddleware] [客户端请求] /launcher/server/version
[2026-07-30 14:12:59.062][Info][SPTarkov.Server.Logger.SptLoggerMiddleware] [客户端请求] /client/game/keepalive
[2026-07-30 14:13:03.937][Info][SPTarkov.Server.Logger.SptLoggerMiddleware] [客户端请求] /fika/update/ping
[2026-07-30 14:13:05.305][Info][SPTarkov.Server.Logger.SptLoggerMiddleware] [客户端请求] /launcher/profile/info
[2026-07-30 14:13:05.451][Info][SPTarkov.Server.Logger.SptLoggerMiddleware] [客户端请求] /launcher/server/version
[2026-07-30 14:13:17.528][Info][SPTarkov.Server.Logger.SptLoggerMiddleware] [客户端请求] /launcher/profile/info
[2026-07-30 14:13:17.530][Info][SPTarkov.Server.Logger.SptLoggerMiddleware] [客户端请求] /launcher/server/version
[2026-07-30 14:13:33.940][Info][SPTarkov.Server.Logger.SptLoggerMiddleware] [客户端请求] /fika/update/ping
[2026-07-30 14:13:37.042][Info][SPTarkov.Server.Logger.SptLoggerMiddleware] [客户端请求] /launcher/profile/info
[2026-07-30 14:13:37.127][Info][SPTarkov.Server.Logger.SptLoggerMiddleware] [客户端请求] /launcher/server/version
[2026-07-30 14:14:03.942][Info][SPTarkov.Server.Logger.SptLoggerMiddleware] [客户端请求] /fika/update/ping
[2026-07-30 14:14:05.306][Info][SPTarkov.Server.Logger.SptLoggerMiddleware] [客户端请求] /launcher/profile/info
[2026-07-30 14:14:05.452][Info][SPTarkov.Server.Logger.SptLoggerMiddleware] [客户端请求] /launcher/server/version
[2026-07-30 14:14:11.973][Info][SPTarkov.Server.Logger.SptLoggerMiddleware] [客户端请求] /client/game/keepalive
[2026-07-30 14:14:17.533][Info][SPTarkov.Server.Logger.SptLoggerMiddleware] [客户端请求] /launcher/profile/info
[2026-07-30 14:14:17.536][Info][SPTarkov.Server.Logger.SptLoggerMiddleware] [客户端请求] /launcher/server/version
[2026-07-30 14:14:33.945][Info][SPTarkov.Server.Logger.SptLoggerMiddleware] [客户端请求] /fika/update/ping
[2026-07-30 14:14:37.030][Info][SPTarkov.Server.Logger.SptLoggerMiddleware] [客户端请求] /launcher/profile/info
[2026-07-30 14:14:37.116][Info][SPTarkov.Server.Logger.SptLoggerMiddleware] [客户端请求] /launcher/server/version
[2026-07-30 14:14:50.986][Info][SPTarkov.Server.Logger.SptLoggerMiddleware] [客户端请求] /client/game/keepalive
[2026-07-30 14:15:03.948][Info][SPTarkov.Server.Logger.SptLoggerMiddleware] [客户端请求] /fika/update/ping
[2026-07-30 14:15:05.302][Info][SPTarkov.Server.Logger.SptLoggerMiddleware] [客户端请求] /launcher/profile/info
[2026-07-30 14:15:05.450][Info][SPTarkov.Server.Logger.SptLoggerMiddleware] [客户端请求] /launcher/server/version
[2026-07-30 14:15:17.524][Info][SPTarkov.Server.Logger.SptLoggerMiddleware] [客户端请求] /launcher/profile/info
[2026-07-30 14:15:17.527][Info][SPTarkov.Server.Logger.SptLoggerMiddleware] [客户端请求] /launcher/server/version
[2026-07-30 14:15:19.285][Info][SPTarkov.Server.Logger.SptLoggerMiddleware] [客户端请求] /client/game/keepalive
[2026-07-30 14:15:33.952][Info][SPTarkov.Server.Logger.SptLoggerMiddleware] [客户端请求] /fika/update/ping
[2026-07-30 14:15:37.028][Info][SPTarkov.Server.Logger.SptLoggerMiddleware] [客户端请求] /launcher/profile/info
[2026-07-30 14:15:37.113][Info][SPTarkov.Server.Logger.SptLoggerMiddleware] [客户端请求] /launcher/server/version
[2026-07-30 14:16:03.955][Info][SPTarkov.Server.Logger.SptLoggerMiddleware] [客户端请求] /fika/update/ping
[2026-07-30 14:16:05.295][Info][SPTarkov.Server.Logger.SptLoggerMiddleware] [客户端请求] /launcher/profile/info
[2026-07-30 14:16:05.442][Info][SPTarkov.Server.Logger.SptLoggerMiddleware] [客户端请求] /launcher/server/version
[2026-07-30 14:16:17.538][Info][SPTarkov.Server.Logger.SptLoggerMiddleware] [客户端请求] /launcher/profile/info
[2026-07-30 14:16:17.540][Info][SPTarkov.Server.Logger.SptLoggerMiddleware] [客户端请求] /launcher/server/version
[2026-07-30 14:16:32.285][Info][SPTarkov.Server.Logger.SptLoggerMiddleware] [客户端请求] /client/game/keepalive
[2026-07-30 14:16:33.957][Info][SPTarkov.Server.Logger.SptLoggerMiddleware] [客户端请求] /fika/update/ping
[2026-07-30 14:16:37.023][Info][SPTarkov.Server.Logger.SptLoggerMiddleware] [客户端请求] /launcher/profile/info
[2026-07-30 14:16:37.115][Info][SPTarkov.Server.Logger.SptLoggerMiddleware] [客户端请求] /launcher/server/version
[2026-07-30 14:17:03.962][Info][SPTarkov.Server.Logger.SptLoggerMiddleware] [客户端请求] /fika/update/ping
[2026-07-30 14:17:05.287][Info][SPTarkov.Server.Logger.SptLoggerMiddleware] [客户端请求] /launcher/profile/info
[2026-07-30 14:17:05.433][Info][SPTarkov.Server.Logger.SptLoggerMiddleware] [客户端请求] /launcher/server/version
[2026-07-30 14:17:11.027][Info][SPTarkov.Server.Logger.SptLoggerMiddleware] [客户端请求] /client/game/keepalive
[2026-07-30 14:17:17.525][Info][SPTarkov.Server.Logger.SptLoggerMiddleware] [客户端请求] /launcher/profile/info
[2026-07-30 14:17:17.527][Info][SPTarkov.Server.Logger.SptLoggerMiddleware] [客户端请求] /launcher/server/version
[2026-07-30 14:17:33.965][Info][SPTarkov.Server.Logger.SptLoggerMiddleware] [客户端请求] /fika/update/ping
[2026-07-30 14:17:35.562][Info][SPTarkov.Server.Logger.SptLoggerMiddleware] [客户端请求] /client/match/local/end
[2026-07-30 14:17:36.359][Info][SPTarkov.Server.Logger.SptLoggerMiddleware] [客户端请求] /fika/raid/leave
[2026-07-30 14:17:37.017][Info][SPTarkov.Server.Logger.SptLoggerMiddleware] [客户端请求] /launcher/profile/info
[2026-07-30 14:17:37.103][Info][SPTarkov.Server.Logger.SptLoggerMiddleware] [客户端请求] /launcher/server/version
[2026-07-30 14:17:39.742][Info][SPTarkov.Server.Logger.SptLoggerMiddleware] [客户端请求] /client/game/keepalive
[2026-07-30 14:17:39.800][Info][SPTarkov.Server.Logger.SptLoggerMiddleware] [客户端请求] /client/match/local/end
[2026-07-30 14:17:40.192][Info][SPTarkov.Server.Logger.SptLoggerMiddleware] [客户端请求] /fika/raid/leave
[2026-07-30 14:17:46.492][Info][SPTarkov.Server.Logger.SptLoggerMiddleware] [WebSocket 请求] /notifierServer/getwebsocket/69802d793401cb1dcc190aae
[2026-07-30 14:17:46.503][Info][SPTarkov.Server.Core.Servers.Ws.SptWebSocketConnectionHandler] [WS] 玩家：Maxryuki (69802d793401cb1dcc190aae) 20260730141746500 已连接
[2026-07-30 14:17:55.422][Info][SPTarkov.Server.Logger.SptLoggerMiddleware] [客户端请求] /client/game/profile/list
[2026-07-30 14:17:58.018][Info][SPTarkov.Server.Logger.SptLoggerMiddleware] [客户端请求] /client/game/profile/select
[2026-07-30 14:17:58.349][Info][SPTarkov.Server.Logger.SptLoggerMiddleware] [客户端请求] /client/profile/status
[2026-07-30 14:17:58.679][Info][SPTarkov.Server.Logger.SptLoggerMiddleware] [客户端请求] /client/quest/list
[2026-07-30 14:18:02.861][Info][SPTarkov.Server.Logger.SptLoggerMiddleware] [客户端请求] /client/achievement/statistic
[2026-07-30 14:18:03.171][Info][SPTarkov.Server.Logger.SptLoggerMiddleware] [客户端请求] /client/achievement/list
[2026-07-30 14:18:03.743][Info][SPTarkov.Server.Logger.SptLoggerMiddleware] [客户端请求] /client/repeatalbeQuests/activityPeriods
[2026-07-30 14:18:03.967][Info][SPTarkov.Server.Logger.SptLoggerMiddleware] [客户端请求] /fika/update/ping
[2026-07-30 14:18:05.287][Info][SPTarkov.Server.Logger.SptLoggerMiddleware] [客户端请求] /launcher/profile/info
[2026-07-30 14:18:05.439][Info][SPTarkov.Server.Logger.SptLoggerMiddleware] [客户端请求] /launcher/server/version
[2026-07-30 14:18:10.662][Info][SPTarkov.Server.Logger.SptLoggerMiddleware] [客户端请求] /botplacementsystem/save
[2026-07-30 14:18:12.273][Info][SPTarkov.Server.Logger.SptLoggerMiddleware] [客户端请求] /client/match/local/end
[2026-07-30 14:18:12.444][Info][SPTarkov.Server.Logger.SptLoggerMiddleware] [客户端请求] /fika/raid/leave
[2026-07-30 14:18:12.446][Info][FikaServer.Services.MatchService] Coop session 68f79277575e002bfcf5a4a1 has ended HostShutdown
[2026-07-30 14:18:12.448][Info][FikaServer.Services.MatchService] Deleted match [68f79277575e002bfcf5a4a1]
[2026-07-30 14:18:17.528][Info][SPTarkov.Server.Logger.SptLoggerMiddleware] [客户端请求] /launcher/profile/info
[2026-07-30 14:18:17.531][Info][SPTarkov.Server.Logger.SptLoggerMiddleware] [客户端请求] /launcher/server/version
[2026-07-30 14:18:18.727][Info][SPTarkov.Server.Logger.SptLoggerMiddleware] [客户端请求] /client/game/profile/list
[2026-07-30 14:18:19.356][Info][SPTarkov.Server.Logger.SptLoggerMiddleware] [客户端请求] /client/game/profile/items/moving
[2026-07-30 14:18:20.714][Info][SPTarkov.Server.Logger.SptLoggerMiddleware] [客户端请求] /client/game/profile/select
[2026-07-30 14:18:20.937][Info][SPTarkov.Server.Logger.SptLoggerMiddleware] [客户端请求] /client/profile/status
[2026-07-30 14:18:21.161][Info][SPTarkov.Server.Logger.SptLoggerMiddleware] [客户端请求] /client/quest/list
[2026-07-30 14:18:21.522][Info][SPTarkov.Server.Logger.SptLoggerMiddleware] [WebSocket 请求] /notifierServer/getwebsocket/68f79277575e002bfcf5a4a1
[2026-07-30 14:18:21.523][Info][SPTarkov.Server.Core.Servers.Ws.SptWebSocketConnectionHandler] [WS] 玩家：JúnioR (68f79277575e002bfcf5a4a1) 20260730141821523 已连接
[2026-07-30 14:18:22.180][Info][SPTarkov.Server.Logger.SptLoggerMiddleware] [客户端请求] /client/achievement/statistic
[2026-07-30 14:18:22.401][Info][SPTarkov.Server.Logger.SptLoggerMiddleware] [客户端请求] /client/achievement/list
[2026-07-30 14:18:22.956][Info][SPTarkov.Server.Logger.SptLoggerMiddleware] [客户端请求] /client/repeatalbeQuests/activityPeriods
[2026-07-30 14:18:32.136][Info][SPTarkov.Server.Logger.SptLoggerMiddleware] [客户端请求] /client/game/profile/list
[2026-07-30 14:18:32.553][Info][SPTarkov.Server.Logger.SptLoggerMiddleware] [客户端请求] /client/items
[2026-07-30 14:18:33.409][Info][SPTarkov.Server.Logger.SptLoggerMiddleware] [客户端请求] /client/game/profile/select
[2026-07-30 14:18:33.450][Info][SPTarkov.Server.Logger.SptLoggerMiddleware] [客户端请求] /client/profile/status
[2026-07-30 14:18:33.488][Info][SPTarkov.Server.Logger.SptLoggerMiddleware] [客户端请求] /client/quest/list
[2026-07-30 14:18:33.836][Info][SPTarkov.Server.Logger.SptLoggerMiddleware] [客户端请求] /client/achievement/statistic
[2026-07-30 14:18:33.867][Info][SPTarkov.Server.Logger.SptLoggerMiddleware] [客户端请求] /client/achievement/list
[2026-07-30 14:18:34.052][Info][SPTarkov.Server.Logger.SptLoggerMiddleware] [客户端请求] /client/repeatalbeQuests/activityPeriods
[2026-07-30 14:18:37.019][Info][SPTarkov.Server.Logger.SptLoggerMiddleware] [客户端请求] /launcher/profile/info
[2026-07-30 14:18:37.102][Info][SPTarkov.Server.Logger.SptLoggerMiddleware] [客户端请求] /launcher/server/version
[2026-07-30 14:18:44.191][Info][SPTarkov.Server.Logger.SptLoggerMiddleware] [客户端请求] /client/customization
[2026-07-30 14:18:44.209][Info][SPTarkov.Server.Logger.SptLoggerMiddleware] [客户端请求] /client/globals
[2026-07-30 14:18:44.212][Info][SPTarkov.Server.Logger.SptLoggerMiddleware] [客户端请求] /client/trading/api/traderSettings
[2026-07-30 14:18:44.220][Info][SPTarkov.Server.Logger.SptLoggerMiddleware] [客户端请求] /client/prestige/list
[2026-07-30 14:18:44.220][Info][SPTarkov.Server.Logger.SptLoggerMiddleware] [客户端请求] /client/settings
[2026-07-30 14:18:44.979][Info][SPTarkov.Server.Logger.SptLoggerMiddleware] [客户端请求] /client/customization/storage
[2026-07-30 14:18:45.638][Info][SPTarkov.Server.Logger.SptLoggerMiddleware] [客户端请求] /client/game/profile/list
[2026-07-30 14:18:45.649][Info][SPTarkov.Server.Logger.SptLoggerMiddleware] [客户端请求] /client/dialogue
[2026-07-30 14:18:47.897][Info][SPTarkov.Server.Logger.SptLoggerMiddleware] [客户端请求] /client/game/profile/select
[2026-07-30 14:18:48.259][Info][SPTarkov.Server.Logger.SptLoggerMiddleware] [客户端请求] /client/profile/status
[2026-07-30 14:18:48.611][Info][SPTarkov.Server.Logger.SptLoggerMiddleware] [客户端请求] /client/handbook/templates
[2026-07-30 14:18:50.816][Info][SPTarkov.Server.Logger.SptLoggerMiddleware] [客户端请求] /client/builds/list
[2026-07-30 14:18:52.339][Info][SPTarkov.Server.Logger.SptLoggerMiddleware] [客户端请求] /weaponcustomizer/load
[2026-07-30 14:18:53.231][Info][SPTarkov.Server.Core.Servers.Ws.SptWebSocketConnectionHandler] [ws] player: Maxryuki (69802d793401cb1dcc190aae) 20260730141746500 has disconnected
[2026-07-30 14:18:54.337][Info][SPTarkov.Server.Logger.SptLoggerMiddleware] [客户端请求] /client/notifier/channel/create
[2026-07-30 14:18:54.344][Info][SPTarkov.Server.Logger.SptLoggerMiddleware] [客户端请求] /client/weather
[2026-07-30 14:18:54.349][Info][SPTarkov.Server.Logger.SptLoggerMiddleware] [客户端请求] /client/profile/status
[2026-07-30 14:18:54.352][Info][SPTarkov.Server.Logger.SptLoggerMiddleware] [客户端请求] /client/locations
[2026-07-30 14:18:54.357][Info][SPTarkov.Server.Logger.SptLoggerMiddleware] [客户端请求] /client/locale/ch
[2026-07-30 14:18:54.361][Info][SPTarkov.Server.Logger.SptLoggerMiddleware] [客户端请求] /client/hideout/qte/list
[2026-07-30 14:18:54.365][Info][SPTarkov.Server.Logger.SptLoggerMiddleware] [客户端请求] /client/hideout/areas
[2026-07-30 14:18:54.370][Info][SPTarkov.Server.Logger.SptLoggerMiddleware] [客户端请求] /client/hideout/settings
[2026-07-30 14:18:54.376][Info][SPTarkov.Server.Logger.SptLoggerMiddleware] [客户端请求] /client/hideout/production/recipes
[2026-07-30 14:18:54.390][Info][SPTarkov.Server.Logger.SptLoggerMiddleware] [客户端请求] /client/hideout/customization/offer/list
[2026-07-30 14:18:54.770][Info][SPTarkov.Server.Logger.SptLoggerMiddleware] [WebSocket 请求] /notifierServer/getwebsocket/69802d793401cb1dcc190aae
[2026-07-30 14:18:54.771][Info][SPTarkov.Server.Core.Servers.Ws.SptWebSocketConnectionHandler] [WS] 玩家：Maxryuki (69802d793401cb1dcc190aae) 20260730141854771 已连接
[2026-07-30 14:19:00.397][Info][SPTarkov.Server.Logger.SptLoggerMiddleware] [客户端请求] /client/items
[2026-07-30 14:19:03.160][Info][SPTarkov.Server.Logger.SptLoggerMiddleware] [客户端请求] /client/server/list
[2026-07-30 14:19:03.173][Info][SPTarkov.Server.Logger.SptLoggerMiddleware] [客户端请求] /client/friend/request/list/inbox
[2026-07-30 14:19:03.174][Info][SPTarkov.Server.Logger.SptLoggerMiddleware] [客户端请求] /client/friend/list
[2026-07-30 14:19:03.179][Info][SPTarkov.Server.Logger.SptLoggerMiddleware] [客户端请求] /client/friend/request/list/outbox
[2026-07-30 14:19:03.183][Info][SPTarkov.Server.Logger.SptLoggerMiddleware] [客户端请求] /client/quest/list
[2026-07-30 14:19:03.186][Info][SPTarkov.Server.Logger.SptLoggerMiddleware] [客户端请求] /client/mail/dialog/list
[2026-07-30 14:19:03.190][Info][SPTarkov.Server.Logger.SptLoggerMiddleware] [客户端请求] /client/match/group/current
[2026-07-30 14:19:04.560][Info][SPTarkov.Server.Logger.SptLoggerMiddleware] [客户端请求] /client/items
[2026-07-30 14:19:05.282][Info][SPTarkov.Server.Logger.SptLoggerMiddleware] [客户端请求] /launcher/profile/info
[2026-07-30 14:19:05.425][Info][SPTarkov.Server.Logger.SptLoggerMiddleware] [客户端请求] /launcher/server/version
[2026-07-30 14:19:05.458][Info][SPTarkov.Server.Logger.SptLoggerMiddleware] [客户端请求] /client/customization
[2026-07-30 14:19:05.473][Info][SPTarkov.Server.Logger.SptLoggerMiddleware] [客户端请求] /client/prestige/list
[2026-07-30 14:19:05.473][Info][SPTarkov.Server.Logger.SptLoggerMiddleware] [客户端请求] /client/globals
[2026-07-30 14:19:05.473][Info][SPTarkov.Server.Logger.SptLoggerMiddleware] [客户端请求] /client/settings
[2026-07-30 14:19:05.474][Info][SPTarkov.Server.Logger.SptLoggerMiddleware] [客户端请求] /client/trading/api/traderSettings
[2026-07-30 14:19:05.679][Info][SPTarkov.Server.Logger.SptLoggerMiddleware] [客户端请求] /client/customization/storage
[2026-07-30 14:19:06.010][Info][SPTarkov.Server.Logger.SptLoggerMiddleware] [客户端请求] /client/game/profile/list
[2026-07-30 14:19:06.026][Info][SPTarkov.Server.Logger.SptLoggerMiddleware] [客户端请求] /client/dialogue
[2026-07-30 14:19:06.163][Info][SPTarkov.Server.Logger.SptLoggerMiddleware] [客户端请求] /client/achievement/statistic
[2026-07-30 14:19:06.532][Info][SPTarkov.Server.Logger.SptLoggerMiddleware] [客户端请求] /client/achievement/list
[2026-07-30 14:19:07.202][Info][SPTarkov.Server.Logger.SptLoggerMiddleware] [客户端请求] /client/repeatalbeQuests/activityPeriods
[2026-07-30 14:19:07.415][Info][SPTarkov.Server.Logger.SptLoggerMiddleware] [客户端请求] /client/game/profile/select
[2026-07-30 14:19:07.484][Info][SPTarkov.Server.Logger.SptLoggerMiddleware] [客户端请求] /client/profile/status
[2026-07-30 14:19:07.534][Info][SPTarkov.Server.Logger.SptLoggerMiddleware] [客户端请求] /client/survey
[2026-07-30 14:19:07.559][Info][SPTarkov.Server.Logger.SptLoggerMiddleware] [客户端请求] /client/handbook/templates
[2026-07-30 14:19:08.079][Info][SPTarkov.Server.Logger.SptLoggerMiddleware] [客户端请求] /fika/presence/set
[2026-07-30 14:19:08.303][Info][SPTarkov.Server.Logger.SptLoggerMiddleware] [客户端请求] /fika/presence/get
[2026-07-30 14:19:08.840][Info][SPTarkov.Server.Logger.SptLoggerMiddleware] [客户端请求] /client/notifier/channel/create
[2026-07-30 14:19:09.103][Info][SPTarkov.Server.Logger.SptLoggerMiddleware] [客户端请求] /client/builds/list
[2026-07-30 14:19:09.124][Info][SPTarkov.Server.Logger.SptLoggerMiddleware] [WebSocket 请求] /notifierServer/getwebsocket/69568f09db017222c89b1183
[2026-07-30 14:19:09.125][Info][SPTarkov.Server.Core.Servers.Ws.SptWebSocketConnectionHandler] [WS] 玩家：DawnCloud (69568f09db017222c89b1183) 20260730141909124 已连接
[2026-07-30 14:19:09.297][Info][SPTarkov.Server.Logger.SptLoggerMiddleware] [客户端请求] /botplacementsystem/load
[2026-07-30 14:19:09.303][Info][SPTarkov.Server.Logger.SptLoggerMiddleware] [客户端请求] /weaponcustomizer/load
[2026-07-30 14:19:09.999][Info][SPTarkov.Server.Core.Servers.Ws.SptWebSocketConnectionHandler] [ws] player: JúnioR (68f79277575e002bfcf5a4a1) 20260730141821523 has disconnected
[2026-07-30 14:19:11.674][Info][SPTarkov.Server.Logger.SptLoggerMiddleware] [客户端请求] /client/profile/status
[2026-07-30 14:19:11.674][Info][SPTarkov.Server.Logger.SptLoggerMiddleware] [客户端请求] /client/locations
[2026-07-30 14:19:11.674][Info][SPTarkov.Server.Logger.SptLoggerMiddleware] [客户端请求] /client/notifier/channel/create
[2026-07-30 14:19:11.680][Info][SPTarkov.Server.Logger.SptLoggerMiddleware] [客户端请求] /client/locale/ch
[2026-07-30 14:19:11.689][Info][SPTarkov.Server.Logger.SptLoggerMiddleware] [客户端请求] /client/weather
[2026-07-30 14:19:11.711][Info][SPTarkov.Server.Logger.SptLoggerMiddleware] [客户端请求] /client/hideout/customization/offer/list
[2026-07-30 14:19:11.711][Info][SPTarkov.Server.Logger.SptLoggerMiddleware] [客户端请求] /client/hideout/settings
[2026-07-30 14:19:11.711][Info][SPTarkov.Server.Logger.SptLoggerMiddleware] [客户端请求] /client/hideout/qte/list
[2026-07-30 14:19:11.712][Info][SPTarkov.Server.Logger.SptLoggerMiddleware] [客户端请求] /client/hideout/production/recipes
[2026-07-30 14:19:11.712][Info][SPTarkov.Server.Logger.SptLoggerMiddleware] [客户端请求] /client/hideout/areas
[2026-07-30 14:19:11.752][Info][SPTarkov.Server.Logger.SptLoggerMiddleware] [WebSocket 请求] /notifierServer/getwebsocket/68f79277575e002bfcf5a4a1
[2026-07-30 14:19:11.755][Info][SPTarkov.Server.Core.Servers.Ws.SptWebSocketConnectionHandler] [WS] 玩家：JúnioR (68f79277575e002bfcf5a4a1) 20260730141911753 已连接
[2026-07-30 14:19:14.023][Info][SPTarkov.Server.Logger.SptLoggerMiddleware] [客户端请求] /client/customization
[2026-07-30 14:19:14.030][Info][SPTarkov.Server.Logger.SptLoggerMiddleware] [客户端请求] /client/trading/api/traderSettings
[2026-07-30 14:19:14.032][Info][SPTarkov.Server.Logger.SptLoggerMiddleware] [客户端请求] /client/prestige/list
[2026-07-30 14:19:14.039][Info][SPTarkov.Server.Logger.SptLoggerMiddleware] [客户端请求] /client/globals
[2026-07-30 14:19:14.043][Info][SPTarkov.Server.Logger.SptLoggerMiddleware] [客户端请求] /client/settings
[2026-07-30 14:19:14.590][Info][SPTarkov.Server.Logger.SptLoggerMiddleware] [客户端请求] /client/customization/storage
[2026-07-30 14:19:15.053][Info][SPTarkov.Server.Logger.SptLoggerMiddleware] [客户端请求] /client/dialogue
[2026-07-30 14:19:15.057][Info][SPTarkov.Server.Logger.SptLoggerMiddleware] [客户端请求] /client/game/profile/list
[2026-07-30 14:19:15.833][Info][SPTarkov.Server.Logger.SptLoggerMiddleware] [客户端请求] /fika/presence/set
[2026-07-30 14:19:16.456][Info][SPTarkov.Server.Logger.SptLoggerMiddleware] [客户端请求] /client/game/profile/select
[2026-07-30 14:19:16.678][Info][SPTarkov.Server.Logger.SptLoggerMiddleware] [客户端请求] /client/profile/status
[2026-07-30 14:19:16.920][Info][SPTarkov.Server.Logger.SptLoggerMiddleware] [客户端请求] /client/handbook/templates
[2026-07-30 14:19:17.523][Info][SPTarkov.Server.Logger.SptLoggerMiddleware] [客户端请求] /launcher/profile/info
[2026-07-30 14:19:17.525][Info][SPTarkov.Server.Logger.SptLoggerMiddleware] [客户端请求] /launcher/server/version
[2026-07-30 14:19:17.788][Info][SPTarkov.Server.Logger.SptLoggerMiddleware] [客户端请求] /client/match/group/current
[2026-07-30 14:19:17.789][Info][SPTarkov.Server.Logger.SptLoggerMiddleware] [客户端请求] /client/server/list
[2026-07-30 14:19:17.789][Info][SPTarkov.Server.Logger.SptLoggerMiddleware] [客户端请求] /client/friend/list
[2026-07-30 14:19:17.789][Info][SPTarkov.Server.Logger.SptLoggerMiddleware] [客户端请求] /client/friend/request/list/outbox
[2026-07-30 14:19:17.789][Info][SPTarkov.Server.Logger.SptLoggerMiddleware] [客户端请求] /client/friend/request/list/inbox
[2026-07-30 14:19:17.789][Info][SPTarkov.Server.Logger.SptLoggerMiddleware] [客户端请求] /client/quest/list
[2026-07-30 14:19:17.790][Info][SPTarkov.Server.Logger.SptLoggerMiddleware] [客户端请求] /client/mail/dialog/list
[2026-07-30 14:19:18.034][Info][SPTarkov.Server.Logger.SptLoggerMiddleware] [客户端请求] /client/achievement/statistic
[2026-07-30 14:19:18.098][Info][SPTarkov.Server.Logger.SptLoggerMiddleware] [客户端请求] /client/achievement/list
[2026-07-30 14:19:18.270][Info][SPTarkov.Server.Logger.SptLoggerMiddleware] [客户端请求] /client/repeatalbeQuests/activityPeriods
[2026-07-30 14:19:18.373][Info][SPTarkov.Server.Logger.SptLoggerMiddleware] [客户端请求] /client/survey
[2026-07-30 14:19:18.746][Info][SPTarkov.Server.Logger.SptLoggerMiddleware] [客户端请求] /fika/presence/set
[2026-07-30 14:19:18.900][Info][SPTarkov.Server.Logger.SptLoggerMiddleware] [客户端请求] /fika/presence/get
[2026-07-30 14:19:19.124][Info][SPTarkov.Server.Logger.SptLoggerMiddleware] [客户端请求] /client/builds/list
[2026-07-30 14:19:19.790][Info][SPTarkov.Server.Logger.SptLoggerMiddleware] [客户端请求] /client/game/profile/items/moving
[2026-07-30 14:19:20.248][Info][SPTarkov.Server.Core.Servers.Ws.SptWebSocketConnectionHandler] [ws] player: DawnCloud (69568f09db017222c89b1183) 20260730141909124 has disconnected
[2026-07-30 14:19:22.744][Info][SPTarkov.Server.Logger.SptLoggerMiddleware] [客户端请求] /client/notifier/channel/create
[2026-07-30 14:19:22.747][Info][SPTarkov.Server.Logger.SptLoggerMiddleware] [客户端请求] /client/locale/ch
[2026-07-30 14:19:22.764][Info][SPTarkov.Server.Logger.SptLoggerMiddleware] [客户端请求] /client/locations
[2026-07-30 14:19:22.775][Info][SPTarkov.Server.Logger.SptLoggerMiddleware] [客户端请求] /client/profile/status
[2026-07-30 14:19:22.775][Info][SPTarkov.Server.Logger.SptLoggerMiddleware] [客户端请求] /client/weather
[2026-07-30 14:19:22.810][Info][SPTarkov.Server.Logger.SptLoggerMiddleware] [客户端请求] /client/hideout/qte/list
[2026-07-30 14:19:22.810][Info][SPTarkov.Server.Logger.SptLoggerMiddleware] [客户端请求] /client/hideout/settings
[2026-07-30 14:19:22.810][Info][SPTarkov.Server.Logger.SptLoggerMiddleware] [客户端请求] /client/hideout/production/recipes
[2026-07-30 14:19:22.821][Info][SPTarkov.Server.Logger.SptLoggerMiddleware] [客户端请求] /client/hideout/customization/offer/list
[2026-07-30 14:19:22.821][Info][SPTarkov.Server.Logger.SptLoggerMiddleware] [客户端请求] /client/hideout/areas
[2026-07-30 14:19:23.020][Info][SPTarkov.Server.Logger.SptLoggerMiddleware] [WebSocket 请求] /notifierServer/getwebsocket/69568f09db017222c89b1183
[2026-07-30 14:19:23.021][Info][SPTarkov.Server.Core.Servers.Ws.SptWebSocketConnectionHandler] [WS] 玩家：DawnCloud (69568f09db017222c89b1183) 20260730141923020 已连接
[2026-07-30 14:19:28.841][Info][SPTarkov.Server.Logger.SptLoggerMiddleware] [客户端请求] /fika/presence/get
[2026-07-30 14:19:29.306][Info][SPTarkov.Server.Logger.SptLoggerMiddleware] [客户端请求] /client/server/list
[2026-07-30 14:19:29.310][Info][SPTarkov.Server.Logger.SptLoggerMiddleware] [客户端请求] /client/match/group/current
[2026-07-30 14:19:29.312][Info][SPTarkov.Server.Logger.SptLoggerMiddleware] [客户端请求] /client/friend/request/list/inbox
[2026-07-30 14:19:29.318][Info][SPTarkov.Server.Logger.SptLoggerMiddleware] [客户端请求] /client/mail/dialog/list
[2026-07-30 14:19:29.320][Info][SPTarkov.Server.Logger.SptLoggerMiddleware] [客户端请求] /client/friend/list
[2026-07-30 14:19:29.326][Info][SPTarkov.Server.Logger.SptLoggerMiddleware] [客户端请求] /client/quest/list
[2026-07-30 14:19:29.329][Info][SPTarkov.Server.Logger.SptLoggerMiddleware] [客户端请求] /client/friend/request/list/outbox
[2026-07-30 14:19:30.155][Info][SPTarkov.Server.Logger.SptLoggerMiddleware] [客户端请求] /client/achievement/statistic
[2026-07-30 14:19:30.370][Info][SPTarkov.Server.Logger.SptLoggerMiddleware] [客户端请求] /client/achievement/list
[2026-07-30 14:19:30.857][Info][SPTarkov.Server.Logger.SptLoggerMiddleware] [客户端请求] /client/repeatalbeQuests/activityPeriods
[2026-07-30 14:19:31.075][Info][SPTarkov.Server.Logger.SptLoggerMiddleware] [客户端请求] /client/survey
[2026-07-30 14:19:31.691][Info][SPTarkov.Server.Logger.SptLoggerMiddleware] [客户端请求] /fika/presence/set
[2026-07-30 14:19:31.722][Info][SPTarkov.Server.Logger.SptLoggerMiddleware] [客户端请求] /client/ragfair/itemMarketPrice
[2026-07-30 14:19:31.730][Info][SPTarkov.Server.Logger.SptLoggerMiddleware] [客户端请求] /client/items/prices
[2026-07-30 14:19:31.856][Info][SPTarkov.Server.Logger.SptLoggerMiddleware] [客户端请求] /fika/presence/get
[2026-07-30 14:19:33.139][Info][SPTarkov.Server.Logger.SptLoggerMiddleware] [客户端请求] /client/ragfair/offerfees
[2026-07-30 14:19:33.493][Info][SPTarkov.Server.Logger.SptLoggerMiddleware] [客户端请求] /client/game/profile/items/moving
[2026-07-30 14:19:34.275][Info][SPTarkov.Server.Logger.SptLoggerMiddleware] [客户端请求] /fika/presence/set
[2026-07-30 14:19:36.168][Info][SPTarkov.Server.Logger.SptLoggerMiddleware] [客户端请求] /client/items/prices
[2026-07-30 14:19:36.172][Info][SPTarkov.Server.Logger.SptLoggerMiddleware] [客户端请求] /client/ragfair/itemMarketPrice
[2026-07-30 14:19:37.009][Info][SPTarkov.Server.Logger.SptLoggerMiddleware] [客户端请求] /launcher/profile/info
[2026-07-30 14:19:37.094][Info][SPTarkov.Server.Logger.SptLoggerMiddleware] [客户端请求] /launcher/server/version
[2026-07-30 14:19:37.433][Info][SPTarkov.Server.Logger.SptLoggerMiddleware] [客户端请求] /client/ragfair/offerfees
[2026-07-30 14:19:37.783][Info][SPTarkov.Server.Logger.SptLoggerMiddleware] [客户端请求] /client/game/profile/items/moving
[2026-07-30 14:19:39.204][Info][SPTarkov.Server.Logger.SptLoggerMiddleware] [客户端请求] /client/items/prices
[2026-07-30 14:19:39.215][Info][SPTarkov.Server.Logger.SptLoggerMiddleware] [客户端请求] /client/ragfair/itemMarketPrice
[2026-07-30 14:19:40.503][Info][SPTarkov.Server.Logger.SptLoggerMiddleware] [客户端请求] /client/ragfair/offerfees
[2026-07-30 14:19:40.851][Info][SPTarkov.Server.Logger.SptLoggerMiddleware] [客户端请求] /client/game/profile/items/moving
[2026-07-30 14:19:42.080][Info][SPTarkov.Server.Logger.SptLoggerMiddleware] [客户端请求] /client/ragfair/itemMarketPrice
[2026-07-30 14:19:42.083][Info][SPTarkov.Server.Logger.SptLoggerMiddleware] [客户端请求] /client/items/prices
[2026-07-30 14:19:43.896][Info][SPTarkov.Server.Logger.SptLoggerMiddleware] [客户端请求] /client/ragfair/offerfees
[2026-07-30 14:19:44.135][Info][SPTarkov.Server.Logger.SptLoggerMiddleware] [客户端请求] /client/game/profile/items/moving
[2026-07-30 14:19:44.506][Info][SPTarkov.Server.Logger.SptLoggerMiddleware] [客户端请求] /client/items/prices
[2026-07-30 14:19:44.515][Info][SPTarkov.Server.Logger.SptLoggerMiddleware] [客户端请求] /client/ragfair/itemMarketPrice
[2026-07-30 14:19:48.084][Info][SPTarkov.Server.Logger.SptLoggerMiddleware] [客户端请求] /client/ragfair/offerfees
[2026-07-30 14:19:48.431][Info][SPTarkov.Server.Logger.SptLoggerMiddleware] [客户端请求] /client/game/profile/items/moving
[2026-07-30 14:20:05.273][Info][SPTarkov.Server.Logger.SptLoggerMiddleware] [客户端请求] /launcher/profile/info
[2026-07-30 14:20:05.418][Info][SPTarkov.Server.Logger.SptLoggerMiddleware] [客户端请求] /launcher/server/version
[2026-07-30 14:20:05.622][Info][SPTarkov.Server.Logger.SptLoggerMiddleware] [客户端请求] /client/ragfair/itemMarketPrice
[2026-07-30 14:20:05.625][Info][SPTarkov.Server.Logger.SptLoggerMiddleware] [客户端请求] /client/items/prices
[2026-07-30 14:20:11.009][Info][SPTarkov.Server.Logger.SptLoggerMiddleware] [客户端请求] /client/game/profile/items/moving
[2026-07-30 14:20:12.513][Info][SPTarkov.Server.Logger.SptLoggerMiddleware] [客户端请求] /client/items/prices
[2026-07-30 14:20:12.517][Info][SPTarkov.Server.Logger.SptLoggerMiddleware] [客户端请求] /client/ragfair/itemMarketPrice
[2026-07-30 14:20:17.534][Info][SPTarkov.Server.Logger.SptLoggerMiddleware] [客户端请求] /launcher/profile/info
[2026-07-30 14:20:17.536][Info][SPTarkov.Server.Logger.SptLoggerMiddleware] [客户端请求] /launcher/server/version
[2026-07-30 14:20:18.131][Info][SPTarkov.Server.Logger.SptLoggerMiddleware] [客户端请求] /client/ragfair/itemMarketPrice
[2026-07-30 14:20:18.142][Info][SPTarkov.Server.Logger.SptLoggerMiddleware] [客户端请求] /client/items/prices
[2026-07-30 14:20:20.159][Info][SPTarkov.Server.Logger.SptLoggerMiddleware] [客户端请求] /client/ragfair/offerfees
[2026-07-30 14:20:20.401][Info][SPTarkov.Server.Logger.SptLoggerMiddleware] [客户端请求] /client/game/profile/items/moving
[2026-07-30 14:20:22.629][Info][SPTarkov.Server.Logger.SptLoggerMiddleware] [客户端请求] /client/items/prices
[2026-07-30 14:20:22.647][Info][SPTarkov.Server.Logger.SptLoggerMiddleware] [客户端请求] /client/ragfair/itemMarketPrice
[2026-07-30 14:20:24.217][Info][SPTarkov.Server.Logger.SptLoggerMiddleware] [客户端请求] /client/ragfair/itemMarketPrice
[2026-07-30 14:20:24.220][Info][SPTarkov.Server.Logger.SptLoggerMiddleware] [客户端请求] /client/items/prices
[2026-07-30 14:20:24.564][Info][SPTarkov.Server.Logger.SptLoggerMiddleware] [客户端请求] /client/ragfair/offerfees
[2026-07-30 14:20:24.915][Info][SPTarkov.Server.Logger.SptLoggerMiddleware] [客户端请求] /client/game/profile/items/moving
[2026-07-30 14:20:26.138][Info][SPTarkov.Server.Logger.SptLoggerMiddleware] [客户端请求] /client/ragfair/offerfees
[2026-07-30 14:20:26.391][Info][SPTarkov.Server.Logger.SptLoggerMiddleware] [客户端请求] /client/game/profile/items/moving
[2026-07-30 14:20:29.282][Info][SPTarkov.Server.Logger.SptLoggerMiddleware] [客户端请求] /client/items/prices
[2026-07-30 14:20:29.287][Info][SPTarkov.Server.Logger.SptLoggerMiddleware] [客户端请求] /client/ragfair/itemMarketPrice
[2026-07-30 14:20:30.282][Info][SPTarkov.Server.Logger.SptLoggerMiddleware] [客户端请求] /client/game/profile/items/moving
[2026-07-30 14:20:30.404][Info][SPTarkov.Server.Logger.SptLoggerMiddleware] [客户端请求] /client/game/profile/items/moving
[2026-07-30 14:20:31.063][Info][SPTarkov.Server.Logger.SptLoggerMiddleware] [客户端请求] /client/ragfair/offerfees
[2026-07-30 14:20:31.339][Info][SPTarkov.Server.Logger.SptLoggerMiddleware] [客户端请求] /client/game/profile/items/moving
[2026-07-30 14:20:32.671][Info][SPTarkov.Server.Logger.SptLoggerMiddleware] [客户端请求] /fika/presence/set
[2026-07-30 14:20:32.690][Info][SPTarkov.Server.Logger.SptLoggerMiddleware] [客户端请求] /fika/presence/get
[2026-07-30 14:20:32.710][Info][SPTarkov.Server.Logger.SptLoggerMiddleware] [客户端请求] /client/checkVersion
[2026-07-30 14:20:36.150][Info][SPTarkov.Server.Logger.SptLoggerMiddleware] [客户端请求] /singleplayer/settings/raid/menu
[2026-07-30 14:20:36.644][Info][SPTarkov.Server.Logger.SptLoggerMiddleware] [客户端请求] /client/insurance/items/list/cost
[2026-07-30 14:20:36.663][Info][SPTarkov.Server.Logger.SptLoggerMiddleware] [客户端请求] /client/items/prices
[2026-07-30 14:20:36.666][Info][SPTarkov.Server.Logger.SptLoggerMiddleware] [客户端请求] /client/ragfair/itemMarketPrice
[2026-07-30 14:20:37.008][Info][SPTarkov.Server.Logger.SptLoggerMiddleware] [客户端请求] /launcher/profile/info
[2026-07-30 14:20:37.093][Info][SPTarkov.Server.Logger.SptLoggerMiddleware] [客户端请求] /launcher/server/version
[2026-07-30 14:20:38.347][Info][SPTarkov.Server.Logger.SptLoggerMiddleware] [客户端请求] /client/ragfair/offerfees
[2026-07-30 14:20:38.582][Info][SPTarkov.Server.Logger.SptLoggerMiddleware] [客户端请求] /client/game/profile/items/moving
[2026-07-30 14:20:39.465][Info][SPTarkov.Server.Logger.SptLoggerMiddleware] [客户端请求] /fika/headless/available
[2026-07-30 14:20:39.475][Info][SPTarkov.Server.Logger.SptLoggerMiddleware] [客户端请求] /fika/location/raids
[2026-07-30 14:20:39.511][Info][SPTarkov.Server.Logger.SptLoggerMiddleware] [客户端请求] /client/raid/configuration
[2026-07-30 14:20:39.511][Info][SPTarkov.Server.Logger.SptLoggerMiddleware] [客户端请求] /client/match/group/invite/cancel-all
[2026-07-30 14:20:39.590][Info][SPTarkov.Server.Logger.SptLoggerMiddleware] [客户端请求] /client/match/group/invite/cancel-all
[2026-07-30 14:20:40.759][Info][SPTarkov.Server.Logger.SptLoggerMiddleware] [客户端请求] /client/items/prices/5935c25fb3acc3127c3d8cd9
[2026-07-30 14:20:40.766][Info][SPTarkov.Server.Logger.SptLoggerMiddleware] [客户端请求] /client/checkVersion
[2026-07-30 14:20:40.773][Info][SPTarkov.Server.Logger.SptLoggerMiddleware] [客户端请求] /client/items/prices/54cb50c76803fa8b248b4571
[2026-07-30 14:20:40.777][Info][SPTarkov.Server.Logger.SptLoggerMiddleware] [客户端请求] /client/items/prices/58330581ace78e27b8b10cee
[2026-07-30 14:20:40.781][Info][SPTarkov.Server.Logger.SptLoggerMiddleware] [客户端请求] /client/game/profile/items/moving
[2026-07-30 14:20:40.794][Info][SPTarkov.Server.Logger.SptLoggerMiddleware] [客户端请求] /fika/raid/create
[2026-07-30 14:20:40.924][Info][SPTarkov.Server.Core.Generators.LocationLootGenerator] A total of: 2823 static items spawned
[2026-07-30 14:20:40.925][Info][SPTarkov.Server.Core.Generators.LocationLootGenerator] 共计970个静态容器已生成
[2026-07-30 14:20:41.566][Info][SPTarkov.Server.Logger.SptLoggerMiddleware] [客户端请求] /client/trading/api/getTraderAssort/5935c25fb3acc3127c3d8cd9
[2026-07-30 14:20:41.862][Info][SPTarkov.Server.Logger.SptLoggerMiddleware] [客户端请求] /client/trading/api/getTraderAssort/54cb50c76803fa8b248b4571
[2026-07-30 14:20:42.005][Info][SPTarkov.Server.Logger.SptLoggerMiddleware] [客户端请求] /client/trading/api/getTraderAssort/58330581ace78e27b8b10cee
[2026-07-30 14:20:42.886][Info][SPTarkov.Server.Core.Generators.LocationLootGenerator] 共计457个动态物品已生成
[2026-07-30 14:20:42.886][Info][SPTarkov.Server.Core.Generators.LocationLootGenerator] 已生成地点TarkovStreets
[2026-07-30 14:20:44.251][Info][SPTarkov.Server.Logger.SptLoggerMiddleware] [客户端请求] /client/game/profile/items/moving
[2026-07-30 14:20:44.405][Info][SPTarkov.Server.Logger.SptLoggerMiddleware] [客户端请求] /client/items/prices
[2026-07-30 14:20:44.410][Info][SPTarkov.Server.Logger.SptLoggerMiddleware] [客户端请求] /client/ragfair/itemMarketPrice
[2026-07-30 14:20:44.850][Info][SPTarkov.Server.Logger.SptLoggerMiddleware] [客户端请求] /client/raid/configuration
[2026-07-30 14:20:44.877][Info][SPTarkov.Server.Logger.SptLoggerMiddleware] [客户端请求] /fika/update/ping
[2026-07-30 14:20:44.946][Info][SPTarkov.Server.Logger.SptLoggerMiddleware] [客户端请求] /fika/update/sethost
[2026-07-30 14:20:44.951][Info][SPTarkov.Server.Logger.SptLoggerMiddleware] [客户端请求] /fika/update/setstatus
[2026-07-30 14:20:45.127][Info][SPTarkov.Server.Logger.SptLoggerMiddleware] [客户端请求] /client/match/group/exit_from_menu
[2026-07-30 14:20:46.164][Info][SPTarkov.Server.Logger.SptLoggerMiddleware] [客户端请求] /client/ragfair/offerfees
[2026-07-30 14:20:46.398][Info][SPTarkov.Server.Logger.SptLoggerMiddleware] [客户端请求] /client/game/profile/items/moving
[2026-07-30 14:20:47.709][Info][SPTarkov.Server.Logger.SptLoggerMiddleware] [客户端请求] /client/game/profile/items/moving
[2026-07-30 14:20:48.838][Info][SPTarkov.Server.Logger.SptLoggerMiddleware] [客户端请求] /client/game/profile/items/moving
[2026-07-30 14:20:53.843][Info][SPTarkov.Server.Logger.SptLoggerMiddleware] [客户端请求] /client/game/profile/items/moving
[2026-07-30 14:20:55.857][Info][SPTarkov.Server.Logger.SptLoggerMiddleware] [客户端请求] /client/items/prices/5ac3b934156ae10c4430e83c
[2026-07-30 14:20:57.112][Info][SPTarkov.Server.Logger.SptLoggerMiddleware] [客户端请求] /client/trading/api/getTraderAssort/5ac3b934156ae10c4430e83c
[2026-07-30 14:20:57.188][Info][SPTarkov.Server.Logger.SptLoggerMiddleware] [客户端请求] /client/items/prices/5c0647fdd443bc2504c2d371
[2026-07-30 14:20:57.983][Info][SPTarkov.Server.Logger.SptLoggerMiddleware] [客户端请求] /client/trading/api/getTraderAssort/5c0647fdd443bc2504c2d371
[2026-07-30 14:20:58.407][Info][SPTarkov.Server.Logger.SptLoggerMiddleware] [客户端请求] /client/items/prices/6617beeaa9cfa777ca915b7c
[2026-07-30 14:20:59.191][Info][SPTarkov.Server.Logger.SptLoggerMiddleware] [客户端请求] /client/trading/api/getTraderAssort/6617beeaa9cfa777ca915b7c
[2026-07-30 14:21:03.308][Info][SPTarkov.Server.Logger.SptLoggerMiddleware] [客户端请求] /client/items/prices/579dc571d53a0658a154fbec
[2026-07-30 14:21:04.090][Info][SPTarkov.Server.Logger.SptLoggerMiddleware] [客户端请求] /client/trading/api/getTraderAssort/579dc571d53a0658a154fbec
[2026-07-30 14:21:05.263][Info][SPTarkov.Server.Logger.SptLoggerMiddleware] [客户端请求] /launcher/profile/info
[2026-07-30 14:21:05.408][Info][SPTarkov.Server.Logger.SptLoggerMiddleware] [客户端请求] /launcher/server/version
[2026-07-30 14:21:05.408][Info][SPTarkov.Server.Logger.SptLoggerMiddleware] [客户端请求] /client/items/prices/54cb57776803fa99248b456e
[2026-07-30 14:21:06.209][Info][SPTarkov.Server.Logger.SptLoggerMiddleware] [客户端请求] /client/trading/api/getTraderAssort/54cb57776803fa99248b456e
[2026-07-30 14:21:07.102][Info][SPTarkov.Server.Logger.SptLoggerMiddleware] [客户端请求] /client/trading/api/getTraderAssort/54cb50c76803fa8b248b4571
[2026-07-30 14:21:14.881][Info][SPTarkov.Server.Logger.SptLoggerMiddleware] [客户端请求] /fika/update/ping
[2026-07-30 14:21:17.527][Info][SPTarkov.Server.Logger.SptLoggerMiddleware] [客户端请求] /launcher/profile/info
[2026-07-30 14:21:17.528][Info][SPTarkov.Server.Logger.SptLoggerMiddleware] [客户端请求] /launcher/server/version
[2026-07-30 14:21:24.609][Info][SPTarkov.Server.Logger.SptLoggerMiddleware] [客户端请求] /client/ragfair/itemMarketPrice
[2026-07-30 14:21:24.613][Info][SPTarkov.Server.Logger.SptLoggerMiddleware] [客户端请求] /client/items/prices
[2026-07-30 14:21:26.138][Info][SPTarkov.Server.Logger.SptLoggerMiddleware] [客户端请求] /client/ragfair/offerfees
[2026-07-30 14:21:26.379][Info][SPTarkov.Server.Logger.SptLoggerMiddleware] [客户端请求] /client/game/profile/items/moving
[2026-07-30 14:21:35.553][Info][SPTarkov.Server.Logger.SptLoggerMiddleware] [客户端请求] /client/ragfair/itemMarketPrice
[2026-07-30 14:21:35.554][Info][SPTarkov.Server.Logger.SptLoggerMiddleware] [客户端请求] /client/items/prices
[2026-07-30 14:21:37.065][Info][SPTarkov.Server.Logger.SptLoggerMiddleware] [客户端请求] /launcher/profile/info
[2026-07-30 14:21:37.153][Info][SPTarkov.Server.Logger.SptLoggerMiddleware] [客户端请求] /launcher/server/version
[2026-07-30 14:21:37.311][Info][SPTarkov.Server.Logger.SptLoggerMiddleware] [客户端请求] /client/ragfair/offerfees
[2026-07-30 14:21:37.564][Info][SPTarkov.Server.Logger.SptLoggerMiddleware] [客户端请求] /client/game/profile/items/moving
[2026-07-30 14:21:39.959][Info][SPTarkov.Server.Logger.SptLoggerMiddleware] [客户端请求] /client/game/profile/items/moving
[2026-07-30 14:21:44.886][Info][SPTarkov.Server.Logger.SptLoggerMiddleware] [客户端请求] /fika/update/ping
[2026-07-30 14:21:51.872][Info][SPTarkov.Server.Logger.SptLoggerMiddleware] [客户端请求] /client/mail/dialog/view
[2026-07-30 14:21:52.469][Info][SPTarkov.Server.Logger.SptLoggerMiddleware] [客户端请求] /client/mail/dialog/view
[2026-07-30 14:21:53.095][Info][SPTarkov.Server.Logger.SptLoggerMiddleware] [客户端请求] /client/mail/dialog/view
[2026-07-30 14:21:53.366][Info][SPTarkov.Server.Logger.SptLoggerMiddleware] [客户端请求] /client/mail/dialog/getAllAttachments
[2026-07-30 14:21:53.744][Info][SPTarkov.Server.Logger.SptLoggerMiddleware] [客户端请求] /client/game/profile/items/moving
[2026-07-30 14:21:54.099][Info][SPTarkov.Server.Logger.SptLoggerMiddleware] [客户端请求] /client/mail/dialog/view
[2026-07-30 14:21:54.933][Info][SPTarkov.Server.Logger.SptLoggerMiddleware] [客户端请求] /client/trading/api/getTraderAssort/58330581ace78e27b8b10cee
[2026-07-30 14:21:54.939][Info][SPTarkov.Server.Logger.SptLoggerMiddleware] [客户端请求] /client/game/profile/items/moving
[2026-07-30 14:21:54.958][Info][SPTarkov.Server.Logger.SptLoggerMiddleware] [客户端请求] /client/trading/api/getTraderAssort/54cb50c76803fa8b248b4571
[2026-07-30 14:21:54.958][Info][SPTarkov.Server.Logger.SptLoggerMiddleware] [客户端请求] /client/trading/api/getTraderAssort/5935c25fb3acc3127c3d8cd9
[2026-07-30 14:21:55.443][Info][SPTarkov.Server.Logger.SptLoggerMiddleware] [客户端请求] /client/mail/dialog/getAllAttachments
[2026-07-30 14:21:55.712][Info][SPTarkov.Server.Logger.SptLoggerMiddleware] [客户端请求] /client/game/profile/items/moving
[2026-07-30 14:21:56.049][Info][SPTarkov.Server.Logger.SptLoggerMiddleware] [客户端请求] /client/mail/dialog/view
[2026-07-30 14:21:56.445][Info][SPTarkov.Server.Logger.SptLoggerMiddleware] [客户端请求] /client/mail/dialog/view
[2026-07-30 14:21:56.833][Info][SPTarkov.Server.Logger.SptLoggerMiddleware] [客户端请求] /client/mail/dialog/getAllAttachments
[2026-07-30 14:21:58.745][Info][SPTarkov.Server.Logger.SptLoggerMiddleware] [客户端请求] /client/game/profile/items/moving
[2026-07-30 14:22:00.786][Info][SPTarkov.Server.Logger.SptLoggerMiddleware] [客户端请求] /fika/presence/set
[2026-07-30 14:22:01.110][Info][SPTarkov.Server.Logger.SptLoggerMiddleware] [客户端请求] /client/ragfair/find
[2026-07-30 14:22:03.402][Info][SPTarkov.Server.Logger.SptLoggerMiddleware] [客户端请求] /client/mail/dialog/getAllAttachments
[2026-07-30 14:22:03.613][Info][SPTarkov.Server.Logger.SptLoggerMiddleware] [客户端请求] /fika/presence/set
[2026-07-30 14:22:03.811][Info][SPTarkov.Server.Logger.SptLoggerMiddleware] [客户端请求] /client/game/profile/items/moving
[2026-07-30 14:22:04.737][Info][SPTarkov.Server.Logger.SptLoggerMiddleware] [客户端请求] /client/game/profile/items/moving
[2026-07-30 14:22:05.265][Info][SPTarkov.Server.Logger.SptLoggerMiddleware] [客户端请求] /launcher/profile/info
[2026-07-30 14:22:05.409][Info][SPTarkov.Server.Logger.SptLoggerMiddleware] [客户端请求] /launcher/server/version
[2026-07-30 14:22:05.451][Info][SPTarkov.Server.Logger.SptLoggerMiddleware] [客户端请求] /fika/presence/get
[2026-07-30 14:22:05.632][Info][SPTarkov.Server.Logger.SptLoggerMiddleware] [客户端请求] /client/checkVersion
[2026-07-30 14:22:06.808][Info][SPTarkov.Server.Logger.SptLoggerMiddleware] [客户端请求] /fika/presence/set
[2026-07-30 14:22:08.599][Info][SPTarkov.Server.Logger.SptLoggerMiddleware] [客户端请求] /fika/presence/set
[2026-07-30 14:22:10.107][Info][SPTarkov.Server.Logger.SptLoggerMiddleware] [客户端请求] /fika/presence/get
[2026-07-30 14:22:11.674][Info][SPTarkov.Server.Logger.SptLoggerMiddleware] [客户端请求] /client/items/prices/58330581ace78e27b8b10cee
[2026-07-30 14:22:11.675][Info][SPTarkov.Server.Logger.SptLoggerMiddleware] [客户端请求] /client/items/prices/54cb50c76803fa8b248b4571
[2026-07-30 14:22:11.681][Info][SPTarkov.Server.Logger.SptLoggerMiddleware] [客户端请求] /client/items/prices/5935c25fb3acc3127c3d8cd9
[2026-07-30 14:22:12.508][Info][SPTarkov.Server.Logger.SptLoggerMiddleware] [客户端请求] /client/trading/api/getTraderAssort/54cb50c76803fa8b248b4571
[2026-07-30 14:22:12.511][Info][SPTarkov.Server.Logger.SptLoggerMiddleware] [客户端请求] /client/trading/api/getTraderAssort/5935c25fb3acc3127c3d8cd9
[2026-07-30 14:22:12.529][Info][SPTarkov.Server.Logger.SptLoggerMiddleware] [客户端请求] /client/trading/api/getTraderAssort/58330581ace78e27b8b10cee
[2026-07-30 14:22:13.003][Info][SPTarkov.Server.Logger.SptLoggerMiddleware] [客户端请求] /fika/presence/set
[2026-07-30 14:22:13.058][Info][SPTarkov.Server.Logger.SptLoggerMiddleware] [客户端请求] /fika/presence/get
[2026-07-30 14:22:14.046][Info][SPTarkov.Server.Logger.SptLoggerMiddleware] [客户端请求] /client/getMetricsConfig
[2026-07-30 14:22:14.179][Info][SPTarkov.Server.Logger.SptLoggerMiddleware] [客户端请求] /singleplayer/settings/getRaidTime
[2026-07-30 14:22:14.247][Info][SPTarkov.Server.Logger.SptLoggerMiddleware] [客户端请求] /client/raid/configuration
[2026-07-30 14:22:14.315][Info][SPTarkov.Server.Logger.SptLoggerMiddleware] [客户端请求] /client/match/local/start
[2026-07-30 14:22:14.890][Info][SPTarkov.Server.Logger.SptLoggerMiddleware] [客户端请求] /fika/update/ping
[2026-07-30 14:22:14.937][Info][SPTarkov.Server.Core.Servers.Ws.SptWebSocketConnectionHandler] [ws] player: JúnioR (68f79277575e002bfcf5a4a1) 20260730141911753 has disconnected
[2026-07-30 14:22:17.323][Info][SPTarkov.Server.Logger.SptLoggerMiddleware] [客户端请求] /fika/presence/set
[2026-07-30 14:22:17.530][Info][SPTarkov.Server.Logger.SptLoggerMiddleware] [客户端请求] /launcher/profile/info
[2026-07-30 14:22:17.531][Info][SPTarkov.Server.Logger.SptLoggerMiddleware] [客户端请求] /launcher/server/version
[2026-07-30 14:22:17.752][Info][SPTarkov.Server.Logger.SptLoggerMiddleware] [客户端请求] /client/ragfair/itemMarketPrice
[2026-07-30 14:22:17.763][Info][SPTarkov.Server.Logger.SptLoggerMiddleware] [客户端请求] /client/items/prices
[2026-07-30 14:22:19.219][Info][SPTarkov.Server.Logger.SptLoggerMiddleware] [客户端请求] /client/ragfair/offerfees
[2026-07-30 14:22:19.568][Info][SPTarkov.Server.Logger.SptLoggerMiddleware] [客户端请求] /client/game/profile/items/moving
[2026-07-30 14:22:36.997][Info][SPTarkov.Server.Logger.SptLoggerMiddleware] [客户端请求] /launcher/profile/info
[2026-07-30 14:22:37.083][Info][SPTarkov.Server.Logger.SptLoggerMiddleware] [客户端请求] /launcher/server/version
[2026-07-30 14:22:40.382][Info][SPTarkov.Server.Logger.SptLoggerMiddleware] [客户端请求] /fika/presence/set
[2026-07-30 14:22:40.439][Info][SPTarkov.Server.Logger.SptLoggerMiddleware] [客户端请求] /fika/presence/get
[2026-07-30 14:22:40.622][Info][SPTarkov.Server.Logger.SptLoggerMiddleware] [客户端请求] /client/game/profile/items/moving
[2026-07-30 14:22:43.689][Info][SPTarkov.Server.Logger.SptLoggerMiddleware] [客户端请求] /fika/presence/set
[2026-07-30 14:22:44.899][Info][SPTarkov.Server.Logger.SptLoggerMiddleware] [客户端请求] /fika/update/ping
[2026-07-30 14:22:52.299][Info][SPTarkov.Server.Logger.SptLoggerMiddleware] [客户端请求] /fika/update/playerspawn
[2026-07-30 14:23:05.258][Info][SPTarkov.Server.Logger.SptLoggerMiddleware] [客户端请求] /launcher/profile/info
[2026-07-30 14:23:05.401][Info][SPTarkov.Server.Logger.SptLoggerMiddleware] [客户端请求] /launcher/server/version
[2026-07-30 14:23:06.602][Info][SPTarkov.Server.Logger.SptLoggerMiddleware] [客户端请求] /fika/presence/set
[2026-07-30 14:23:06.691][Info][SPTarkov.Server.Logger.SptLoggerMiddleware] [客户端请求] /fika/presence/get
[2026-07-30 14:23:08.202][Info][SPTarkov.Server.Logger.SptLoggerMiddleware] [客户端请求] /fika/raid/gethost
[2026-07-30 14:23:09.864][Info][SPTarkov.Server.Logger.SptLoggerMiddleware] [客户端请求] /fika/raid/join
[2026-07-30 14:23:09.939][Info][SPTarkov.Server.Logger.SptLoggerMiddleware] [客户端请求] /fika/update/addplayer
[2026-07-30 14:23:14.904][Info][SPTarkov.Server.Logger.SptLoggerMiddleware] [客户端请求] /fika/update/ping
[2026-07-30 14:23:17.528][Info][SPTarkov.Server.Logger.SptLoggerMiddleware] [客户端请求] /launcher/profile/info
[2026-07-30 14:23:17.531][Info][SPTarkov.Server.Logger.SptLoggerMiddleware] [客户端请求] /launcher/server/version
[2026-07-30 14:23:37.007][Info][SPTarkov.Server.Logger.SptLoggerMiddleware] [客户端请求] /launcher/profile/info
[2026-07-30 14:23:37.096][Info][SPTarkov.Server.Logger.SptLoggerMiddleware] [客户端请求] /launcher/server/version
[2026-07-30 14:23:42.849][Info][SPTarkov.Server.Logger.SptLoggerMiddleware] [客户端请求] /fika/presence/set
[2026-07-30 14:23:42.910][Info][SPTarkov.Server.Logger.SptLoggerMiddleware] [客户端请求] /fika/presence/get
[2026-07-30 14:23:44.909][Info][SPTarkov.Server.Logger.SptLoggerMiddleware] [客户端请求] /fika/update/ping
[2026-07-30 14:23:57.632][Info][SPTarkov.Server.Logger.SptLoggerMiddleware] [客户端请求] /singleplayer/settings/raid/menu
[2026-07-30 14:23:58.424][Info][SPTarkov.Server.Logger.SptLoggerMiddleware] [客户端请求] /client/insurance/items/list/cost
[2026-07-30 14:24:05.277][Info][SPTarkov.Server.Logger.SptLoggerMiddleware] [客户端请求] /launcher/profile/info
[2026-07-30 14:24:05.449][Info][SPTarkov.Server.Logger.SptLoggerMiddleware] [客户端请求] /launcher/server/version
[2026-07-30 14:24:05.784][Info][SPTarkov.Server.Logger.SptLoggerMiddleware] [客户端请求] /fika/headless/available
[2026-07-30 14:24:05.842][Info][SPTarkov.Server.Logger.SptLoggerMiddleware] [客户端请求] /fika/location/raids
[2026-07-30 14:24:06.044][Info][SPTarkov.Server.Logger.SptLoggerMiddleware] [客户端请求] /client/match/group/invite/cancel-all
[2026-07-30 14:24:06.049][Info][SPTarkov.Server.Logger.SptLoggerMiddleware] [客户端请求] /client/raid/configuration
[2026-07-30 14:24:06.257][Info][SPTarkov.Server.Logger.SptLoggerMiddleware] [客户端请求] /client/match/group/invite/cancel-all
[2026-07-30 14:24:10.826][Info][SPTarkov.Server.Logger.SptLoggerMiddleware] [客户端请求] /fika/location/raids
[2026-07-30 14:24:14.914][Info][SPTarkov.Server.Logger.SptLoggerMiddleware] [客户端请求] /fika/update/ping
[2026-07-30 14:24:15.800][Info][SPTarkov.Server.Logger.SptLoggerMiddleware] [客户端请求] /fika/raid/gethost
[2026-07-30 14:24:17.449][Info][SPTarkov.Server.Logger.SptLoggerMiddleware] [客户端请求] /fika/raid/join
[2026-07-30 14:24:17.492][Info][SPTarkov.Server.Logger.SptLoggerMiddleware] [客户端请求] /fika/update/addplayer
[2026-07-30 14:24:17.534][Info][SPTarkov.Server.Logger.SptLoggerMiddleware] [客户端请求] /launcher/profile/info
[2026-07-30 14:24:17.536][Info][SPTarkov.Server.Logger.SptLoggerMiddleware] [客户端请求] /launcher/server/version
[2026-07-30 14:24:18.156][Info][SPTarkov.Server.Logger.SptLoggerMiddleware] [客户端请求] /client/raid/configuration
[2026-07-30 14:24:18.518][Info][SPTarkov.Server.Logger.SptLoggerMiddleware] [客户端请求] /client/match/group/exit_from_menu
[2026-07-30 14:24:27.257][Info][SPTarkov.Server.Logger.SptLoggerMiddleware] [客户端请求] /client/getMetricsConfig
[2026-07-30 14:24:27.473][Info][SPTarkov.Server.Logger.SptLoggerMiddleware] [客户端请求] /singleplayer/settings/getRaidTime
[2026-07-30 14:24:27.629][Info][SPTarkov.Server.Core.Servers.Ws.SptWebSocketConnectionHandler] [ws] player: Maxryuki (69802d793401cb1dcc190aae) 20260730141854771 has disconnected
[2026-07-30 14:24:28.836][Info][SPTarkov.Server.Logger.SptLoggerMiddleware] [客户端请求] /client/raid/configuration
[2026-07-30 14:24:29.175][Info][SPTarkov.Server.Logger.SptLoggerMiddleware] [客户端请求] /client/match/local/start
[2026-07-30 14:24:32.093][Info][SPTarkov.Server.Logger.SptLoggerMiddleware] [客户端请求] /fika/raid/getsettings
[2026-07-30 14:24:34.586][Info][SPTarkov.Server.Logger.SptLoggerMiddleware] [客户端请求] /client/game/keepalive
[2026-07-30 14:24:36.367][Info][SPTarkov.Server.Logger.SptLoggerMiddleware] [客户端请求] /fika/update/playerspawn
[2026-07-30 14:24:37.001][Info][SPTarkov.Server.Logger.SptLoggerMiddleware] [客户端请求] /launcher/profile/info
[2026-07-30 14:24:37.085][Info][SPTarkov.Server.Logger.SptLoggerMiddleware] [客户端请求] /launcher/server/version
[2026-07-30 14:24:44.341][Info][SPTarkov.Server.Logger.SptLoggerMiddleware] [客户端请求] /fika/update/setstatus
[2026-07-30 14:24:44.922][Info][SPTarkov.Server.Logger.SptLoggerMiddleware] [客户端请求] /fika/update/ping
[2026-07-30 14:24:45.909][Info][SPTarkov.Server.Logger.SptLoggerMiddleware] [客户端请求] /fika/raid/registerPlayer
[2026-07-30 14:24:50.796][Info][SPTarkov.Server.Logger.SptLoggerMiddleware] [客户端请求] /client/localGame/weather
[2026-07-30 14:24:51.805][Info][SPTarkov.Server.Logger.SptLoggerMiddleware] [客户端请求] /client/game/bot/generate
[2026-07-30 14:24:52.278][Info][SPTarkov.Server.Logger.SptLoggerMiddleware] [客户端请求] /weaponcustomizer/load
[2026-07-30 14:24:56.557][Info][SPTarkov.Server.Logger.SptLoggerMiddleware] [客户端请求] /weaponcustomizer/load
[2026-07-30 14:25:04.133][Info][SPTarkov.Server.Logger.SptLoggerMiddleware] [客户端请求] /client/game/bot/generate
[2026-07-30 14:25:04.759][Info][SPTarkov.Server.Logger.SptLoggerMiddleware] [客户端请求] /singleplayer/settings/bot/maxCap/TarkovStreets
[2026-07-30 14:25:05.286][Info][SPTarkov.Server.Logger.SptLoggerMiddleware] [客户端请求] /launcher/profile/info
[2026-07-30 14:25:05.489][Info][SPTarkov.Server.Logger.SptLoggerMiddleware] [客户端请求] /launcher/server/version
[2026-07-30 14:25:14.927][Info][SPTarkov.Server.Logger.SptLoggerMiddleware] [客户端请求] /fika/update/ping
[2026-07-30 14:25:17.524][Info][SPTarkov.Server.Logger.SptLoggerMiddleware] [客户端请求] /launcher/profile/info
[2026-07-30 14:25:17.527][Info][SPTarkov.Server.Logger.SptLoggerMiddleware] [客户端请求] /launcher/server/version
[2026-07-30 14:25:37.010][Info][SPTarkov.Server.Logger.SptLoggerMiddleware] [客户端请求] /launcher/profile/info
[2026-07-30 14:25:37.118][Info][SPTarkov.Server.Logger.SptLoggerMiddleware] [客户端请求] /launcher/server/version
[2026-07-30 14:25:44.932][Info][SPTarkov.Server.Logger.SptLoggerMiddleware] [客户端请求] /fika/update/ping
[2026-07-30 14:25:58.309][Info][SPTarkov.Server.Logger.SptLoggerMiddleware] [客户端请求] /client/getMetricsConfig
[2026-07-30 14:25:59.277][Info][SPTarkov.Server.Logger.SptLoggerMiddleware] [客户端请求] /singleplayer/settings/getRaidTime
[2026-07-30 14:25:59.717][Info][SPTarkov.Server.Core.Servers.Ws.SptWebSocketConnectionHandler] [ws] player: DawnCloud (69568f09db017222c89b1183) 20260730141923020 has disconnected
[2026-07-30 14:26:00.665][Info][SPTarkov.Server.Logger.SptLoggerMiddleware] [客户端请求] /client/raid/configuration
[2026-07-30 14:26:00.912][Info][SPTarkov.Server.Logger.SptLoggerMiddleware] [客户端请求] /client/match/local/start
[2026-07-30 14:26:05.235][Info][SPTarkov.Server.Logger.SptLoggerMiddleware] [客户端请求] /launcher/profile/info
[2026-07-30 14:26:05.379][Info][SPTarkov.Server.Logger.SptLoggerMiddleware] [客户端请求] /launcher/server/version
[2026-07-30 14:26:05.675][Info][SPTarkov.Server.Logger.SptLoggerMiddleware] [客户端请求] /fika/raid/getsettings
[2026-07-30 14:26:10.067][Info][SPTarkov.Server.Logger.SptLoggerMiddleware] [客户端请求] /fika/update/playerspawn
[2026-07-30 14:26:10.706][Info][SPTarkov.Server.Logger.SptLoggerMiddleware] [客户端请求] /weaponcustomizer/load
[2026-07-30 14:26:10.789][Info][SPTarkov.Server.Logger.SptLoggerMiddleware] [客户端请求] /weaponcustomizer/load
[2026-07-30 14:26:14.048][Info][SPTarkov.Server.Logger.SptLoggerMiddleware] [客户端请求] /fika/raid/registerPlayer
[2026-07-30 14:26:14.936][Info][SPTarkov.Server.Logger.SptLoggerMiddleware] [客户端请求] /fika/update/ping
[2026-07-30 14:26:17.533][Info][SPTarkov.Server.Logger.SptLoggerMiddleware] [客户端请求] /launcher/profile/info
[2026-07-30 14:26:17.535][Info][SPTarkov.Server.Logger.SptLoggerMiddleware] [客户端请求] /launcher/server/version
[2026-07-30 14:26:36.987][Info][SPTarkov.Server.Logger.SptLoggerMiddleware] [客户端请求] /launcher/profile/info
[2026-07-30 14:26:37.076][Info][SPTarkov.Server.Logger.SptLoggerMiddleware] [客户端请求] /launcher/server/version
[2026-07-30 14:26:44.942][Info][SPTarkov.Server.Logger.SptLoggerMiddleware] [客户端请求] /fika/update/ping
[2026-07-30 14:26:50.381][Info][SPTarkov.Server.Logger.SptLoggerMiddleware] [客户端请求] /client/game/keepalive
[2026-07-30 14:26:58.328][Info][SPTarkov.Server.Logger.SptLoggerMiddleware] [客户端请求] /client/game/bot/generate
[2026-07-30 14:26:58.347][Info][SPTarkov.Server.Logger.SptLoggerMiddleware] [客户端请求] /singleplayer/settings/bot/getBotBehaviours/
[2026-07-30 14:26:58.970][Info][SPTarkov.Server.Logger.SptLoggerMiddleware] [客户端请求] /client/game/bot/generate
[2026-07-30 14:27:05.250][Info][SPTarkov.Server.Logger.SptLoggerMiddleware] [客户端请求] /launcher/profile/info
[2026-07-30 14:27:05.400][Info][SPTarkov.Server.Logger.SptLoggerMiddleware] [客户端请求] /launcher/server/version
[2026-07-30 14:27:14.949][Info][SPTarkov.Server.Logger.SptLoggerMiddleware] [客户端请求] /fika/update/ping
[2026-07-30 14:27:17.524][Info][SPTarkov.Server.Logger.SptLoggerMiddleware] [客户端请求] /launcher/profile/info
[2026-07-30 14:27:17.526][Info][SPTarkov.Server.Logger.SptLoggerMiddleware] [客户端请求] /launcher/server/version
[2026-07-30 14:27:37.003][Info][SPTarkov.Server.Logger.SptLoggerMiddleware] [客户端请求] /launcher/profile/info
[2026-07-30 14:27:37.115][Info][SPTarkov.Server.Logger.SptLoggerMiddleware] [客户端请求] /launcher/server/version
[2026-07-30 14:27:44.953][Info][SPTarkov.Server.Logger.SptLoggerMiddleware] [客户端请求] /fika/update/ping
[2026-07-30 14:28:05.234][Info][SPTarkov.Server.Logger.SptLoggerMiddleware] [客户端请求] /launcher/profile/info
[2026-07-30 14:28:05.382][Info][SPTarkov.Server.Logger.SptLoggerMiddleware] [客户端请求] /launcher/server/version
[2026-07-30 14:28:14.960][Info][SPTarkov.Server.Logger.SptLoggerMiddleware] [客户端请求] /fika/update/ping
[2026-07-30 14:28:17.538][Info][SPTarkov.Server.Logger.SptLoggerMiddleware] [客户端请求] /launcher/profile/info
[2026-07-30 14:28:17.541][Info][SPTarkov.Server.Logger.SptLoggerMiddleware] [客户端请求] /launcher/server/version
[2026-07-30 14:28:21.947][Info][SPTarkov.Server.Logger.SptLoggerMiddleware] [客户端请求] /client/game/keepalive
[2026-07-30 14:28:36.992][Info][SPTarkov.Server.Logger.SptLoggerMiddleware] [客户端请求] /launcher/profile/info
[2026-07-30 14:28:37.078][Info][SPTarkov.Server.Logger.SptLoggerMiddleware] [客户端请求] /launcher/server/version
[2026-07-30 14:28:44.966][Info][SPTarkov.Server.Logger.SptLoggerMiddleware] [客户端请求] /fika/update/ping
[2026-07-30 14:29:05.225][Info][SPTarkov.Server.Logger.SptLoggerMiddleware] [客户端请求] /launcher/profile/info
[2026-07-30 14:29:05.375][Info][SPTarkov.Server.Logger.SptLoggerMiddleware] [客户端请求] /launcher/server/version
[2026-07-30 14:29:10.720][Info][SPTarkov.Server.Logger.SptLoggerMiddleware] [客户端请求] /client/game/keepalive
[2026-07-30 14:29:14.969][Info][SPTarkov.Server.Logger.SptLoggerMiddleware] [客户端请求] /fika/update/ping
[2026-07-30 14:29:17.530][Info][SPTarkov.Server.Logger.SptLoggerMiddleware] [客户端请求] /launcher/profile/info
[2026-07-30 14:29:17.532][Info][SPTarkov.Server.Logger.SptLoggerMiddleware] [客户端请求] /launcher/server/version
[2026-07-30 14:29:19.407][Info][SPTarkov.Server.Logger.SptLoggerMiddleware] [客户端请求] /client/game/keepalive
[2026-07-30 14:29:36.978][Info][SPTarkov.Server.Logger.SptLoggerMiddleware] [客户端请求] /launcher/profile/info
[2026-07-30 14:29:37.068][Info][SPTarkov.Server.Logger.SptLoggerMiddleware] [客户端请求] /launcher/server/version
[2026-07-30 14:29:44.973][Info][SPTarkov.Server.Logger.SptLoggerMiddleware] [客户端请求] /fika/update/ping
[2026-07-30 14:30:05.230][Info][SPTarkov.Server.Logger.SptLoggerMiddleware] [客户端请求] /launcher/profile/info
[2026-07-30 14:30:05.383][Info][SPTarkov.Server.Logger.SptLoggerMiddleware] [客户端请求] /launcher/server/version
[2026-07-30 14:30:14.978][Info][SPTarkov.Server.Logger.SptLoggerMiddleware] [客户端请求] /fika/update/ping
[2026-07-30 14:30:17.525][Info][SPTarkov.Server.Logger.SptLoggerMiddleware] [客户端请求] /launcher/profile/info
[2026-07-30 14:30:17.529][Info][SPTarkov.Server.Logger.SptLoggerMiddleware] [客户端请求] /launcher/server/version
[2026-07-30 14:30:36.981][Info][SPTarkov.Server.Logger.SptLoggerMiddleware] [客户端请求] /launcher/profile/info
[2026-07-30 14:30:37.067][Info][SPTarkov.Server.Logger.SptLoggerMiddleware] [客户端请求] /launcher/server/version
[2026-07-30 14:30:42.161][Info][SPTarkov.Server.Logger.SptLoggerMiddleware] [客户端请求] /client/game/keepalive
[2026-07-30 14:30:44.981][Info][SPTarkov.Server.Logger.SptLoggerMiddleware] [客户端请求] /fika/update/ping
[2026-07-30 14:31:05.211][Info][SPTarkov.Server.Logger.SptLoggerMiddleware] [客户端请求] /launcher/profile/info
[2026-07-30 14:31:05.363][Info][SPTarkov.Server.Logger.SptLoggerMiddleware] [客户端请求] /launcher/server/version
[2026-07-30 14:31:14.984][Info][SPTarkov.Server.Logger.SptLoggerMiddleware] [客户端请求] /fika/update/ping
[2026-07-30 14:31:17.531][Info][SPTarkov.Server.Logger.SptLoggerMiddleware] [客户端请求] /launcher/profile/info
[2026-07-30 14:31:17.532][Info][SPTarkov.Server.Logger.SptLoggerMiddleware] [客户端请求] /launcher/server/version
[2026-07-30 14:31:31.069][Info][SPTarkov.Server.Logger.SptLoggerMiddleware] [客户端请求] /client/game/keepalive
[2026-07-30 14:31:36.982][Info][SPTarkov.Server.Logger.SptLoggerMiddleware] [客户端请求] /launcher/profile/info
[2026-07-30 14:31:37.069][Info][SPTarkov.Server.Logger.SptLoggerMiddleware] [客户端请求] /launcher/server/version
[2026-07-30 14:31:39.494][Info][SPTarkov.Server.Logger.SptLoggerMiddleware] [客户端请求] /client/game/keepalive
[2026-07-30 14:31:44.995][Info][SPTarkov.Server.Logger.SptLoggerMiddleware] [客户端请求] /fika/update/ping
[2026-07-30 14:32:05.215][Info][SPTarkov.Server.Logger.SptLoggerMiddleware] [客户端请求] /launcher/profile/info
[2026-07-30 14:32:05.362][Info][SPTarkov.Server.Logger.SptLoggerMiddleware] [客户端请求] /launcher/server/version
[2026-07-30 14:32:15.000][Info][SPTarkov.Server.Logger.SptLoggerMiddleware] [客户端请求] /fika/update/ping
[2026-07-30 14:32:17.530][Info][SPTarkov.Server.Logger.SptLoggerMiddleware] [客户端请求] /launcher/profile/info
[2026-07-30 14:32:17.533][Info][SPTarkov.Server.Logger.SptLoggerMiddleware] [客户端请求] /launcher/server/version
[2026-07-30 14:32:36.974][Info][SPTarkov.Server.Logger.SptLoggerMiddleware] [客户端请求] /launcher/profile/info
[2026-07-30 14:32:37.060][Info][SPTarkov.Server.Logger.SptLoggerMiddleware] [客户端请求] /launcher/server/version
[2026-07-30 14:32:45.003][Info][SPTarkov.Server.Logger.SptLoggerMiddleware] [客户端请求] /fika/update/ping
[2026-07-30 14:33:02.370][Info][SPTarkov.Server.Logger.SptLoggerMiddleware] [客户端请求] /client/game/keepalive
[2026-07-30 14:33:05.207][Info][SPTarkov.Server.Logger.SptLoggerMiddleware] [客户端请求] /launcher/profile/info
[2026-07-30 14:33:05.356][Info][SPTarkov.Server.Logger.SptLoggerMiddleware] [客户端请求] /launcher/server/version
[2026-07-30 14:33:15.007][Info][SPTarkov.Server.Logger.SptLoggerMiddleware] [客户端请求] /fika/update/ping
[2026-07-30 14:33:17.531][Info][SPTarkov.Server.Logger.SptLoggerMiddleware] [客户端请求] /launcher/profile/info
[2026-07-30 14:33:17.534][Info][SPTarkov.Server.Logger.SptLoggerMiddleware] [客户端请求] /launcher/server/version
[2026-07-30 14:33:36.964][Info][SPTarkov.Server.Logger.SptLoggerMiddleware] [客户端请求] /launcher/profile/info
[2026-07-30 14:33:37.050][Info][SPTarkov.Server.Logger.SptLoggerMiddleware] [客户端请求] /launcher/server/version
[2026-07-30 14:33:45.010][Info][SPTarkov.Server.Logger.SptLoggerMiddleware] [客户端请求] /fika/update/ping
[2026-07-30 14:33:51.403][Info][SPTarkov.Server.Logger.SptLoggerMiddleware] [客户端请求] /client/game/keepalive
[2026-07-30 14:33:59.583][Info][SPTarkov.Server.Logger.SptLoggerMiddleware] [客户端请求] /client/game/keepalive
[2026-07-30 14:34:05.196][Info][SPTarkov.Server.Logger.SptLoggerMiddleware] [客户端请求] /launcher/profile/info
[2026-07-30 14:34:05.341][Info][SPTarkov.Server.Logger.SptLoggerMiddleware] [客户端请求] /launcher/server/version
[2026-07-30 14:34:15.015][Info][SPTarkov.Server.Logger.SptLoggerMiddleware] [客户端请求] /fika/update/ping
[2026-07-30 14:34:17.524][Info][SPTarkov.Server.Logger.SptLoggerMiddleware] [客户端请求] /launcher/profile/info
[2026-07-30 14:34:17.526][Info][SPTarkov.Server.Logger.SptLoggerMiddleware] [客户端请求] /launcher/server/version
[2026-07-30 14:34:36.970][Info][SPTarkov.Server.Logger.SptLoggerMiddleware] [客户端请求] /launcher/profile/info
[2026-07-30 14:34:37.059][Info][SPTarkov.Server.Logger.SptLoggerMiddleware] [客户端请求] /launcher/server/version
[2026-07-30 14:34:45.019][Info][SPTarkov.Server.Logger.SptLoggerMiddleware] [客户端请求] /fika/update/ping
[2026-07-30 14:35:05.194][Info][SPTarkov.Server.Logger.SptLoggerMiddleware] [客户端请求] /launcher/profile/info
[2026-07-30 14:35:05.346][Info][SPTarkov.Server.Logger.SptLoggerMiddleware] [客户端请求] /launcher/server/version
[2026-07-30 14:35:15.023][Info][SPTarkov.Server.Logger.SptLoggerMiddleware] [客户端请求] /fika/update/ping
[2026-07-30 14:35:17.529][Info][SPTarkov.Server.Logger.SptLoggerMiddleware] [客户端请求] /launcher/profile/info
[2026-07-30 14:35:17.532][Info][SPTarkov.Server.Logger.SptLoggerMiddleware] [客户端请求] /launcher/server/version
[2026-07-30 14:35:22.602][Info][SPTarkov.Server.Logger.SptLoggerMiddleware] [客户端请求] /client/game/keepalive
[2026-07-30 14:35:36.966][Info][SPTarkov.Server.Logger.SptLoggerMiddleware] [客户端请求] /launcher/profile/info
[2026-07-30 14:35:37.053][Info][SPTarkov.Server.Logger.SptLoggerMiddleware] [客户端请求] /launcher/server/version
[2026-07-30 14:35:45.027][Info][SPTarkov.Server.Logger.SptLoggerMiddleware] [客户端请求] /fika/update/ping
[2026-07-30 14:36:05.185][Info][SPTarkov.Server.Logger.SptLoggerMiddleware] [客户端请求] /launcher/profile/info
[2026-07-30 14:36:05.335][Info][SPTarkov.Server.Logger.SptLoggerMiddleware] [客户端请求] /launcher/server/version
[2026-07-30 14:36:11.736][Info][SPTarkov.Server.Logger.SptLoggerMiddleware] [客户端请求] /client/game/keepalive
[2026-07-30 14:36:15.032][Info][SPTarkov.Server.Logger.SptLoggerMiddleware] [客户端请求] /fika/update/ping
[2026-07-30 14:36:17.538][Info][SPTarkov.Server.Logger.SptLoggerMiddleware] [客户端请求] /launcher/profile/info
[2026-07-30 14:36:17.541][Info][SPTarkov.Server.Logger.SptLoggerMiddleware] [客户端请求] /launcher/server/version
[2026-07-30 14:36:19.666][Info][SPTarkov.Server.Logger.SptLoggerMiddleware] [客户端请求] /client/game/keepalive
[2026-07-30 14:36:36.957][Info][SPTarkov.Server.Logger.SptLoggerMiddleware] [客户端请求] /launcher/profile/info
[2026-07-30 14:36:37.046][Info][SPTarkov.Server.Logger.SptLoggerMiddleware] [客户端请求] /launcher/server/version
[2026-07-30 14:36:45.034][Info][SPTarkov.Server.Logger.SptLoggerMiddleware] [客户端请求] /fika/update/ping
[2026-07-30 14:37:05.192][Info][SPTarkov.Server.Logger.SptLoggerMiddleware] [客户端请求] /launcher/profile/info
[2026-07-30 14:37:05.352][Info][SPTarkov.Server.Logger.SptLoggerMiddleware] [客户端请求] /launcher/server/version
[2026-07-30 14:37:15.037][Info][SPTarkov.Server.Logger.SptLoggerMiddleware] [客户端请求] /fika/update/ping
[2026-07-30 14:37:17.533][Info][SPTarkov.Server.Logger.SptLoggerMiddleware] [客户端请求] /launcher/profile/info
[2026-07-30 14:37:17.534][Info][SPTarkov.Server.Logger.SptLoggerMiddleware] [客户端请求] /launcher/server/version
[2026-07-30 14:37:36.956][Info][SPTarkov.Server.Logger.SptLoggerMiddleware] [客户端请求] /launcher/profile/info
[2026-07-30 14:37:37.041][Info][SPTarkov.Server.Logger.SptLoggerMiddleware] [客户端请求] /launcher/server/version
[2026-07-30 14:37:45.040][Info][SPTarkov.Server.Logger.SptLoggerMiddleware] [客户端请求] /fika/update/ping
[2026-07-30 14:37:47.154][Info][SPTarkov.Server.Logger.SptLoggerMiddleware] [客户端请求] /client/game/keepalive
[2026-07-30 14:38:05.174][Info][SPTarkov.Server.Logger.SptLoggerMiddleware] [客户端请求] /launcher/profile/info
[2026-07-30 14:38:05.318][Info][SPTarkov.Server.Logger.SptLoggerMiddleware] [客户端请求] /launcher/server/version
[2026-07-30 14:38:15.042][Info][SPTarkov.Server.Logger.SptLoggerMiddleware] [客户端请求] /fika/update/ping
[2026-07-30 14:38:17.526][Info][SPTarkov.Server.Logger.SptLoggerMiddleware] [客户端请求] /launcher/profile/info
[2026-07-30 14:38:17.528][Info][SPTarkov.Server.Logger.SptLoggerMiddleware] [客户端请求] /launcher/server/version
[2026-07-30 14:38:32.063][Info][SPTarkov.Server.Logger.SptLoggerMiddleware] [客户端请求] /client/game/keepalive
[2026-07-30 14:38:36.963][Info][SPTarkov.Server.Logger.SptLoggerMiddleware] [客户端请求] /launcher/profile/info
[2026-07-30 14:38:37.049][Info][SPTarkov.Server.Logger.SptLoggerMiddleware] [客户端请求] /launcher/server/version
[2026-07-30 14:38:39.739][Info][SPTarkov.Server.Logger.SptLoggerMiddleware] [客户端请求] /client/game/keepalive
[2026-07-30 14:38:45.045][Info][SPTarkov.Server.Logger.SptLoggerMiddleware] [客户端请求] /fika/update/ping
[2026-07-30 14:39:05.177][Info][SPTarkov.Server.Logger.SptLoggerMiddleware] [客户端请求] /launcher/profile/info
[2026-07-30 14:39:05.328][Info][SPTarkov.Server.Logger.SptLoggerMiddleware] [客户端请求] /launcher/server/version
[2026-07-30 14:39:15.051][Info][SPTarkov.Server.Logger.SptLoggerMiddleware] [客户端请求] /fika/update/ping
[2026-07-30 14:39:17.530][Info][SPTarkov.Server.Logger.SptLoggerMiddleware] [客户端请求] /launcher/profile/info
[2026-07-30 14:39:17.531][Info][SPTarkov.Server.Logger.SptLoggerMiddleware] [客户端请求] /launcher/server/version
[2026-07-30 14:39:36.956][Info][SPTarkov.Server.Logger.SptLoggerMiddleware] [客户端请求] /launcher/profile/info
[2026-07-30 14:39:37.041][Info][SPTarkov.Server.Logger.SptLoggerMiddleware] [客户端请求] /launcher/server/version
[2026-07-30 14:39:45.053][Info][SPTarkov.Server.Logger.SptLoggerMiddleware] [客户端请求] /fika/update/ping
[2026-07-30 14:40:05.167][Info][SPTarkov.Server.Logger.SptLoggerMiddleware] [客户端请求] /launcher/profile/info
[2026-07-30 14:40:05.323][Info][SPTarkov.Server.Logger.SptLoggerMiddleware] [客户端请求] /launcher/server/version
[2026-07-30 14:40:09.954][Info][SPTarkov.Server.Logger.SptLoggerMiddleware] [客户端请求] /client/game/keepalive
[2026-07-30 14:40:15.057][Info][SPTarkov.Server.Logger.SptLoggerMiddleware] [客户端请求] /fika/update/ping
[2026-07-30 14:40:17.528][Info][SPTarkov.Server.Logger.SptLoggerMiddleware] [客户端请求] /launcher/profile/info
[2026-07-30 14:40:17.529][Info][SPTarkov.Server.Logger.SptLoggerMiddleware] [客户端请求] /launcher/server/version
[2026-07-30 14:40:36.946][Info][SPTarkov.Server.Logger.SptLoggerMiddleware] [客户端请求] /launcher/profile/info
[2026-07-30 14:40:37.031][Info][SPTarkov.Server.Logger.SptLoggerMiddleware] [客户端请求] /launcher/server/version
[2026-07-30 14:40:45.061][Info][SPTarkov.Server.Logger.SptLoggerMiddleware] [客户端请求] /fika/update/ping
[2026-07-30 14:40:52.388][Info][SPTarkov.Server.Logger.SptLoggerMiddleware] [客户端请求] /client/game/keepalive
[2026-07-30 14:40:59.809][Info][SPTarkov.Server.Logger.SptLoggerMiddleware] [客户端请求] /client/game/keepalive
[2026-07-30 14:41:05.194][Info][SPTarkov.Server.Logger.SptLoggerMiddleware] [客户端请求] /launcher/profile/info
[2026-07-30 14:41:05.343][Info][SPTarkov.Server.Logger.SptLoggerMiddleware] [客户端请求] /launcher/server/version
[2026-07-30 14:41:15.066][Info][SPTarkov.Server.Logger.SptLoggerMiddleware] [客户端请求] /fika/update/ping
[2026-07-30 14:41:17.537][Info][SPTarkov.Server.Logger.SptLoggerMiddleware] [客户端请求] /launcher/profile/info
[2026-07-30 14:41:17.540][Info][SPTarkov.Server.Logger.SptLoggerMiddleware] [客户端请求] /launcher/server/version
[2026-07-30 14:41:36.940][Info][SPTarkov.Server.Logger.SptLoggerMiddleware] [客户端请求] /launcher/profile/info
[2026-07-30 14:41:37.031][Info][SPTarkov.Server.Logger.SptLoggerMiddleware] [客户端请求] /launcher/server/version
[2026-07-30 14:41:45.073][Info][SPTarkov.Server.Logger.SptLoggerMiddleware] [客户端请求] /fika/update/ping
[2026-07-30 14:42:05.160][Info][SPTarkov.Server.Logger.SptLoggerMiddleware] [客户端请求] /launcher/profile/info
[2026-07-30 14:42:05.304][Info][SPTarkov.Server.Logger.SptLoggerMiddleware] [客户端请求] /launcher/server/version
[2026-07-30 14:42:15.075][Info][SPTarkov.Server.Logger.SptLoggerMiddleware] [客户端请求] /fika/update/ping
[2026-07-30 14:42:17.532][Info][SPTarkov.Server.Logger.SptLoggerMiddleware] [客户端请求] /launcher/profile/info
[2026-07-30 14:42:17.534][Info][SPTarkov.Server.Logger.SptLoggerMiddleware] [客户端请求] /launcher/server/version
[2026-07-30 14:42:30.172][Info][SPTarkov.Server.Logger.SptLoggerMiddleware] [客户端请求] /client/game/keepalive
[2026-07-30 14:42:36.943][Info][SPTarkov.Server.Logger.SptLoggerMiddleware] [客户端请求] /launcher/profile/info
[2026-07-30 14:42:37.029][Info][SPTarkov.Server.Logger.SptLoggerMiddleware] [客户端请求] /launcher/server/version
[2026-07-30 14:42:45.077][Info][SPTarkov.Server.Logger.SptLoggerMiddleware] [客户端请求] /fika/update/ping
[2026-07-30 14:43:05.147][Info][SPTarkov.Server.Logger.SptLoggerMiddleware] [客户端请求] /launcher/profile/info
[2026-07-30 14:43:05.296][Info][SPTarkov.Server.Logger.SptLoggerMiddleware] [客户端请求] /launcher/server/version
[2026-07-30 14:43:12.715][Info][SPTarkov.Server.Logger.SptLoggerMiddleware] [客户端请求] /client/game/keepalive
[2026-07-30 14:43:15.081][Info][SPTarkov.Server.Logger.SptLoggerMiddleware] [客户端请求] /fika/update/ping
[2026-07-30 14:43:17.535][Info][SPTarkov.Server.Logger.SptLoggerMiddleware] [客户端请求] /launcher/profile/info
[2026-07-30 14:43:17.537][Info][SPTarkov.Server.Logger.SptLoggerMiddleware] [客户端请求] /launcher/server/version
[2026-07-30 14:43:19.891][Info][SPTarkov.Server.Logger.SptLoggerMiddleware] [客户端请求] /client/game/keepalive
[2026-07-30 14:43:36.941][Info][SPTarkov.Server.Logger.SptLoggerMiddleware] [客户端请求] /files/trader/avatar/656f0f98d80a697f855d34b1.png
[2026-07-30 14:43:36.943][Info][SPTarkov.Server.Logger.SptLoggerMiddleware] [客户端请求] /launcher/profile/info
[2026-07-30 14:43:37.027][Info][SPTarkov.Server.Logger.SptLoggerMiddleware] [客户端请求] /launcher/server/version
[2026-07-30 14:43:45.084][Info][SPTarkov.Server.Logger.SptLoggerMiddleware] [客户端请求] /fika/update/ping
[2026-07-30 14:44:05.165][Info][SPTarkov.Server.Logger.SptLoggerMiddleware] [客户端请求] /launcher/profile/info
[2026-07-30 14:44:05.315][Info][SPTarkov.Server.Logger.SptLoggerMiddleware] [客户端请求] /launcher/server/version
[2026-07-30 14:44:15.088][Info][SPTarkov.Server.Logger.SptLoggerMiddleware] [客户端请求] /fika/update/ping
[2026-07-30 14:44:17.528][Info][SPTarkov.Server.Logger.SptLoggerMiddleware] [客户端请求] /launcher/profile/info
[2026-07-30 14:44:17.529][Info][SPTarkov.Server.Logger.SptLoggerMiddleware] [客户端请求] /launcher/server/version
[2026-07-30 14:44:36.949][Info][SPTarkov.Server.Logger.SptLoggerMiddleware] [客户端请求] /launcher/profile/info
[2026-07-30 14:44:37.085][Info][SPTarkov.Server.Logger.SptLoggerMiddleware] [客户端请求] /launcher/server/version
[2026-07-30 14:44:45.091][Info][SPTarkov.Server.Logger.SptLoggerMiddleware] [客户端请求] /fika/update/ping
[2026-07-30 14:44:50.396][Info][SPTarkov.Server.Logger.SptLoggerMiddleware] [客户端请求] /client/game/keepalive
[2026-07-30 14:45:05.148][Info][SPTarkov.Server.Logger.SptLoggerMiddleware] [客户端请求] /launcher/profile/info
[2026-07-30 14:45:05.326][Info][SPTarkov.Server.Logger.SptLoggerMiddleware] [客户端请求] /launcher/server/version
[2026-07-30 14:45:15.094][Info][SPTarkov.Server.Logger.SptLoggerMiddleware] [客户端请求] /fika/update/ping
[2026-07-30 14:45:17.529][Info][SPTarkov.Server.Logger.SptLoggerMiddleware] [客户端请求] /launcher/profile/info
[2026-07-30 14:45:17.532][Info][SPTarkov.Server.Logger.SptLoggerMiddleware] [客户端请求] /launcher/server/version
[2026-07-30 14:45:24.875][Info][SPTarkov.Server.Logger.SptLoggerMiddleware] [客户端请求] /singleplayer/settings/bot/getBotBehaviours/
[2026-07-30 14:45:33.046][Info][SPTarkov.Server.Logger.SptLoggerMiddleware] [客户端请求] /client/game/keepalive
[2026-07-30 14:45:36.941][Info][SPTarkov.Server.Logger.SptLoggerMiddleware] [客户端请求] /launcher/profile/info
[2026-07-30 14:45:37.027][Info][SPTarkov.Server.Logger.SptLoggerMiddleware] [客户端请求] /launcher/server/version
[2026-07-30 14:45:39.973][Info][SPTarkov.Server.Logger.SptLoggerMiddleware] [客户端请求] /client/game/keepalive
[2026-07-30 14:45:45.097][Info][SPTarkov.Server.Logger.SptLoggerMiddleware] [客户端请求] /fika/update/ping
[2026-07-30 14:46:05.140][Info][SPTarkov.Server.Logger.SptLoggerMiddleware] [客户端请求] /launcher/profile/info
[2026-07-30 14:46:05.286][Info][SPTarkov.Server.Logger.SptLoggerMiddleware] [客户端请求] /launcher/server/version
[2026-07-30 14:46:15.103][Info][SPTarkov.Server.Logger.SptLoggerMiddleware] [客户端请求] /fika/update/ping
[2026-07-30 14:46:17.537][Info][SPTarkov.Server.Logger.SptLoggerMiddleware] [客户端请求] /launcher/profile/info
[2026-07-30 14:46:17.539][Info][SPTarkov.Server.Logger.SptLoggerMiddleware] [客户端请求] /launcher/server/version
[2026-07-30 14:46:36.928][Info][SPTarkov.Server.Logger.SptLoggerMiddleware] [客户端请求] /launcher/profile/info
[2026-07-30 14:46:37.020][Info][SPTarkov.Server.Logger.SptLoggerMiddleware] [客户端请求] /launcher/server/version
[2026-07-30 14:46:45.108][Info][SPTarkov.Server.Logger.SptLoggerMiddleware] [客户端请求] /fika/update/ping
[2026-07-30 14:47:05.136][Info][SPTarkov.Server.Logger.SptLoggerMiddleware] [客户端请求] /launcher/profile/info
[2026-07-30 14:47:05.292][Info][SPTarkov.Server.Logger.SptLoggerMiddleware] [客户端请求] /launcher/server/version
[2026-07-30 14:47:10.613][Info][SPTarkov.Server.Logger.SptLoggerMiddleware] [客户端请求] /client/game/keepalive
[2026-07-30 14:47:15.111][Info][SPTarkov.Server.Logger.SptLoggerMiddleware] [客户端请求] /fika/update/ping
[2026-07-30 14:47:17.536][Info][SPTarkov.Server.Logger.SptLoggerMiddleware] [客户端请求] /launcher/profile/info
[2026-07-30 14:47:17.537][Info][SPTarkov.Server.Logger.SptLoggerMiddleware] [客户端请求] /launcher/server/version
[2026-07-30 14:47:36.922][Info][SPTarkov.Server.Logger.SptLoggerMiddleware] [客户端请求] /launcher/profile/info
[2026-07-30 14:47:37.006][Info][SPTarkov.Server.Logger.SptLoggerMiddleware] [客户端请求] /launcher/server/version
[2026-07-30 14:47:45.113][Info][SPTarkov.Server.Logger.SptLoggerMiddleware] [客户端请求] /fika/update/ping
[2026-07-30 14:47:53.402][Info][SPTarkov.Server.Logger.SptLoggerMiddleware] [客户端请求] /client/game/keepalive
[2026-07-30 14:48:00.067][Info][SPTarkov.Server.Logger.SptLoggerMiddleware] [客户端请求] /client/game/keepalive
[2026-07-30 14:48:05.131][Info][SPTarkov.Server.Logger.SptLoggerMiddleware] [客户端请求] /launcher/profile/info
[2026-07-30 14:48:05.276][Info][SPTarkov.Server.Logger.SptLoggerMiddleware] [客户端请求] /launcher/server/version
[2026-07-30 14:48:15.116][Info][SPTarkov.Server.Logger.SptLoggerMiddleware] [客户端请求] /fika/update/ping
[2026-07-30 14:48:17.529][Info][SPTarkov.Server.Logger.SptLoggerMiddleware] [客户端请求] /launcher/profile/info
[2026-07-30 14:48:17.532][Info][SPTarkov.Server.Logger.SptLoggerMiddleware] [客户端请求] /launcher/server/version
[2026-07-30 14:48:36.923][Info][SPTarkov.Server.Logger.SptLoggerMiddleware] [客户端请求] /launcher/profile/info
[2026-07-30 14:48:37.009][Info][SPTarkov.Server.Logger.SptLoggerMiddleware] [客户端请求] /launcher/server/version
[2026-07-30 14:48:45.119][Info][SPTarkov.Server.Logger.SptLoggerMiddleware] [客户端请求] /fika/update/ping
[2026-07-30 14:49:05.121][Info][SPTarkov.Server.Logger.SptLoggerMiddleware] [客户端请求] /launcher/profile/info
[2026-07-30 14:49:05.268][Info][SPTarkov.Server.Logger.SptLoggerMiddleware] [客户端请求] /launcher/server/version
[2026-07-30 14:49:15.125][Info][SPTarkov.Server.Logger.SptLoggerMiddleware] [客户端请求] /fika/update/ping
[2026-07-30 14:49:17.526][Info][SPTarkov.Server.Logger.SptLoggerMiddleware] [客户端请求] /launcher/profile/info
[2026-07-30 14:49:17.528][Info][SPTarkov.Server.Logger.SptLoggerMiddleware] [客户端请求] /launcher/server/version
[2026-07-30 14:49:30.875][Info][SPTarkov.Server.Logger.SptLoggerMiddleware] [客户端请求] /client/game/keepalive
[2026-07-30 14:49:36.922][Info][SPTarkov.Server.Logger.SptLoggerMiddleware] [客户端请求] /launcher/profile/info
[2026-07-30 14:49:37.008][Info][SPTarkov.Server.Logger.SptLoggerMiddleware] [客户端请求] /launcher/server/version
[2026-07-30 14:49:45.131][Info][SPTarkov.Server.Logger.SptLoggerMiddleware] [客户端请求] /fika/update/ping
[2026-07-30 14:50:05.112][Info][SPTarkov.Server.Logger.SptLoggerMiddleware] [客户端请求] /launcher/profile/info
[2026-07-30 14:50:05.258][Info][SPTarkov.Server.Logger.SptLoggerMiddleware] [客户端请求] /launcher/server/version
[2026-07-30 14:50:13.724][Info][SPTarkov.Server.Logger.SptLoggerMiddleware] [客户端请求] /client/game/keepalive
[2026-07-30 14:50:15.134][Info][SPTarkov.Server.Logger.SptLoggerMiddleware] [客户端请求] /fika/update/ping
[2026-07-30 14:50:17.532][Info][SPTarkov.Server.Logger.SptLoggerMiddleware] [客户端请求] /launcher/profile/info
[2026-07-30 14:50:17.533][Info][SPTarkov.Server.Logger.SptLoggerMiddleware] [客户端请求] /launcher/server/version
[2026-07-30 14:50:20.140][Info][SPTarkov.Server.Logger.SptLoggerMiddleware] [客户端请求] /client/game/keepalive
[2026-07-30 14:50:36.924][Info][SPTarkov.Server.Logger.SptLoggerMiddleware] [客户端请求] /launcher/profile/info
[2026-07-30 14:50:37.011][Info][SPTarkov.Server.Logger.SptLoggerMiddleware] [客户端请求] /launcher/server/version
[2026-07-30 14:50:40.105][Info][SPTarkov.Server.Logger.SptLoggerMiddleware] [客户端请求] /client/game/bot/generate
[2026-07-30 14:50:40.953][Info][SPTarkov.Server.Logger.SptLoggerMiddleware] [客户端请求] /client/game/bot/generate
[2026-07-30 14:50:45.138][Info][SPTarkov.Server.Logger.SptLoggerMiddleware] [客户端请求] /fika/update/ping
[2026-07-30 14:51:05.118][Info][SPTarkov.Server.Logger.SptLoggerMiddleware] [客户端请求] /launcher/profile/info
[2026-07-30 14:51:05.277][Info][SPTarkov.Server.Logger.SptLoggerMiddleware] [客户端请求] /launcher/server/version
[2026-07-30 14:51:15.142][Info][SPTarkov.Server.Logger.SptLoggerMiddleware] [客户端请求] /fika/update/ping
[2026-07-30 14:51:17.525][Info][SPTarkov.Server.Logger.SptLoggerMiddleware] [客户端请求] /launcher/profile/info
[2026-07-30 14:51:17.527][Info][SPTarkov.Server.Logger.SptLoggerMiddleware] [客户端请求] /launcher/server/version
[2026-07-30 14:51:36.506][Info][SPTarkov.Server.Logger.SptLoggerMiddleware] [客户端请求] /client/game/bot/generate
[2026-07-30 14:51:36.916][Info][SPTarkov.Server.Logger.SptLoggerMiddleware] [客户端请求] /launcher/profile/info
[2026-07-30 14:51:37.002][Info][SPTarkov.Server.Logger.SptLoggerMiddleware] [客户端请求] /launcher/server/version
[2026-07-30 14:51:45.145][Info][SPTarkov.Server.Logger.SptLoggerMiddleware] [客户端请求] /fika/update/ping
[2026-07-30 14:51:51.093][Info][SPTarkov.Server.Logger.SptLoggerMiddleware] [客户端请求] /client/game/keepalive
[2026-07-30 14:52:05.100][Info][SPTarkov.Server.Logger.SptLoggerMiddleware] [客户端请求] /launcher/profile/info
[2026-07-30 14:52:05.245][Info][SPTarkov.Server.Logger.SptLoggerMiddleware] [客户端请求] /launcher/server/version
[2026-07-30 14:52:10.169][Info][SPTarkov.Server.Logger.SptLoggerMiddleware] [客户端请求] /client/game/bot/generate
[2026-07-30 14:52:15.148][Info][SPTarkov.Server.Logger.SptLoggerMiddleware] [客户端请求] /fika/update/ping
[2026-07-30 14:52:17.534][Info][SPTarkov.Server.Logger.SptLoggerMiddleware] [客户端请求] /launcher/profile/info
[2026-07-30 14:52:17.536][Info][SPTarkov.Server.Logger.SptLoggerMiddleware] [客户端请求] /launcher/server/version
[2026-07-30 14:52:29.955][Info][SPTarkov.Server.Logger.SptLoggerMiddleware] [客户端请求] /fika/update/playerdied
[2026-07-30 14:52:32.540][Info][SPTarkov.Server.Logger.SptLoggerMiddleware] [客户端请求] /client/game/bot/generate
[2026-07-30 14:52:34.040][Info][SPTarkov.Server.Logger.SptLoggerMiddleware] [客户端请求] /client/game/keepalive
[2026-07-30 14:52:36.913][Info][SPTarkov.Server.Logger.SptLoggerMiddleware] [客户端请求] /launcher/profile/info
[2026-07-30 14:52:37.000][Info][SPTarkov.Server.Logger.SptLoggerMiddleware] [客户端请求] /launcher/server/version
[2026-07-30 14:52:45.151][Info][SPTarkov.Server.Logger.SptLoggerMiddleware] [客户端请求] /fika/update/ping
[2026-07-30 14:53:05.096][Info][SPTarkov.Server.Logger.SptLoggerMiddleware] [客户端请求] /launcher/profile/info
[2026-07-30 14:53:05.245][Info][SPTarkov.Server.Logger.SptLoggerMiddleware] [客户端请求] /launcher/server/version
[2026-07-30 14:53:15.154][Info][SPTarkov.Server.Logger.SptLoggerMiddleware] [客户端请求] /fika/update/ping
[2026-07-30 14:53:17.534][Info][SPTarkov.Server.Logger.SptLoggerMiddleware] [客户端请求] /launcher/profile/info
[2026-07-30 14:53:17.536][Info][SPTarkov.Server.Logger.SptLoggerMiddleware] [客户端请求] /launcher/server/version
[2026-07-30 14:53:36.906][Info][SPTarkov.Server.Logger.SptLoggerMiddleware] [客户端请求] /launcher/profile/info
[2026-07-30 14:53:36.991][Info][SPTarkov.Server.Logger.SptLoggerMiddleware] [客户端请求] /launcher/server/version
[2026-07-30 14:53:45.158][Info][SPTarkov.Server.Logger.SptLoggerMiddleware] [客户端请求] /fika/update/ping
[2026-07-30 14:53:50.564][Info][SPTarkov.Server.Logger.SptLoggerMiddleware] [客户端请求] /client/match/local/end
[2026-07-30 14:53:51.157][Info][SPTarkov.Server.Logger.SptLoggerMiddleware] [客户端请求] /fika/raid/leave
[2026-07-30 14:54:03.646][Info][SPTarkov.Server.Logger.SptLoggerMiddleware] [WebSocket 请求] /notifierServer/getwebsocket/69802d793401cb1dcc190aae
[2026-07-30 14:54:03.657][Info][SPTarkov.Server.Core.Servers.Ws.SptWebSocketConnectionHandler] [WS] 玩家：Maxryuki (69802d793401cb1dcc190aae) 20260730145403653 已连接
[2026-07-30 14:54:05.087][Info][SPTarkov.Server.Logger.SptLoggerMiddleware] [客户端请求] /launcher/profile/info
[2026-07-30 14:54:05.232][Info][SPTarkov.Server.Logger.SptLoggerMiddleware] [客户端请求] /launcher/server/version
[2026-07-30 14:54:06.151][Info][SPTarkov.Server.Logger.SptLoggerMiddleware] [客户端请求] /client/match/local/end
[2026-07-30 14:54:06.488][Info][SPTarkov.Server.Logger.SptLoggerMiddleware] [客户端请求] /fika/raid/leave
[2026-07-30 14:54:14.515][Info][SPTarkov.Server.Logger.SptLoggerMiddleware] [客户端请求] /client/game/profile/list
[2026-07-30 14:54:15.161][Info][SPTarkov.Server.Logger.SptLoggerMiddleware] [客户端请求] /fika/update/ping
[2026-07-30 14:54:16.963][Info][SPTarkov.Server.Logger.SptLoggerMiddleware] [客户端请求] /client/game/profile/select
[2026-07-30 14:54:17.278][Info][SPTarkov.Server.Logger.SptLoggerMiddleware] [客户端请求] /client/profile/status
[2026-07-30 14:54:17.532][Info][SPTarkov.Server.Logger.SptLoggerMiddleware] [客户端请求] /launcher/profile/info
[2026-07-30 14:54:17.534][Info][SPTarkov.Server.Logger.SptLoggerMiddleware] [客户端请求] /launcher/server/version
[2026-07-30 14:54:17.602][Info][SPTarkov.Server.Logger.SptLoggerMiddleware] [客户端请求] /client/quest/list
[2026-07-30 14:54:21.665][Info][SPTarkov.Server.Logger.SptLoggerMiddleware] [客户端请求] /client/achievement/statistic
[2026-07-30 14:54:21.984][Info][SPTarkov.Server.Logger.SptLoggerMiddleware] [客户端请求] /client/achievement/list
[2026-07-30 14:54:22.655][Info][SPTarkov.Server.Logger.SptLoggerMiddleware] [客户端请求] /client/repeatalbeQuests/activityPeriods
[2026-07-30 14:54:30.181][Info][SPTarkov.Server.Logger.SptLoggerMiddleware] [客户端请求] /client/game/profile/items/moving
[2026-07-30 14:54:36.906][Info][SPTarkov.Server.Logger.SptLoggerMiddleware] [客户端请求] /launcher/profile/info
[2026-07-30 14:54:36.991][Info][SPTarkov.Server.Logger.SptLoggerMiddleware] [客户端请求] /launcher/server/version
[2026-07-30 14:54:44.787][Info][SPTarkov.Server.Logger.SptLoggerMiddleware] [客户端请求] /client/game/profile/list
[2026-07-30 14:54:45.164][Info][SPTarkov.Server.Logger.SptLoggerMiddleware] [客户端请求] /fika/update/ping
[2026-07-30 14:54:46.720][Info][SPTarkov.Server.Logger.SptLoggerMiddleware] [客户端请求] /client/game/profile/select
[2026-07-30 14:54:46.959][Info][SPTarkov.Server.Logger.SptLoggerMiddleware] [客户端请求] /client/profile/status
[2026-07-30 14:54:47.244][Info][SPTarkov.Server.Logger.SptLoggerMiddleware] [客户端请求] /client/quest/list
[2026-07-30 14:54:48.354][Info][SPTarkov.Server.Logger.SptLoggerMiddleware] [客户端请求] /client/achievement/statistic
[2026-07-30 14:54:48.606][Info][SPTarkov.Server.Logger.SptLoggerMiddleware] [客户端请求] /client/achievement/list
[2026-07-30 14:54:48.788][Info][SPTarkov.Server.Logger.SptLoggerMiddleware] [客户端请求] /client/items
[2026-07-30 14:54:49.216][Info][SPTarkov.Server.Logger.SptLoggerMiddleware] [客户端请求] /client/repeatalbeQuests/activityPeriods
[2026-07-30 14:54:51.028][Info][SPTarkov.Server.Logger.SptLoggerMiddleware] [客户端请求] /botplacementsystem/save
[2026-07-30 14:54:52.571][Info][SPTarkov.Server.Logger.SptLoggerMiddleware] [客户端请求] /client/match/local/end
[2026-07-30 14:54:52.703][Info][SPTarkov.Server.Logger.SptLoggerMiddleware] [客户端请求] /fika/raid/leave
[2026-07-30 14:54:52.704][Info][FikaServer.Services.MatchService] Coop session 68f79277575e002bfcf5a4a1 has ended HostShutdown
[2026-07-30 14:54:52.704][Info][FikaServer.Services.MatchService] Deleted match [68f79277575e002bfcf5a4a1]
[2026-07-30 14:55:00.181][Info][SPTarkov.Server.Logger.SptLoggerMiddleware] [客户端请求] /client/game/profile/items/moving
[2026-07-30 14:55:00.401][Info][SPTarkov.Server.Logger.SptLoggerMiddleware] [客户端请求] /client/customization
[2026-07-30 14:55:00.405][Info][SPTarkov.Server.Logger.SptLoggerMiddleware] [客户端请求] /client/trading/api/traderSettings
[2026-07-30 14:55:00.410][Info][SPTarkov.Server.Logger.SptLoggerMiddleware] [客户端请求] /client/settings
[2026-07-30 14:55:00.414][Info][SPTarkov.Server.Logger.SptLoggerMiddleware] [客户端请求] /client/prestige/list
[2026-07-30 14:55:00.419][Info][SPTarkov.Server.Logger.SptLoggerMiddleware] [客户端请求] /client/globals
[2026-07-30 14:55:01.192][Info][SPTarkov.Server.Logger.SptLoggerMiddleware] [客户端请求] /client/customization/storage
[2026-07-30 14:55:01.860][Info][SPTarkov.Server.Logger.SptLoggerMiddleware] [客户端请求] /client/game/profile/list
[2026-07-30 14:55:01.871][Info][SPTarkov.Server.Logger.SptLoggerMiddleware] [客户端请求] /client/dialogue
[2026-07-30 14:55:03.834][Info][SPTarkov.Server.Logger.SptLoggerMiddleware] [客户端请求] /client/game/profile/select
[2026-07-30 14:55:03.890][Info][SPTarkov.Server.Logger.SptLoggerMiddleware] [WebSocket 请求] /notifierServer/getwebsocket/68f79277575e002bfcf5a4a1
[2026-07-30 14:55:03.891][Info][SPTarkov.Server.Core.Servers.Ws.SptWebSocketConnectionHandler] [WS] 玩家：JúnioR (68f79277575e002bfcf5a4a1) 20260730145503891 已连接
[2026-07-30 14:55:04.198][Info][SPTarkov.Server.Logger.SptLoggerMiddleware] [客户端请求] /client/profile/status
[2026-07-30 14:55:04.548][Info][SPTarkov.Server.Logger.SptLoggerMiddleware] [客户端请求] /client/handbook/templates
[2026-07-30 14:55:05.085][Info][SPTarkov.Server.Logger.SptLoggerMiddleware] [客户端请求] /launcher/profile/info
[2026-07-30 14:55:05.229][Info][SPTarkov.Server.Logger.SptLoggerMiddleware] [客户端请求] /launcher/server/version
[2026-07-30 14:55:07.504][Info][SPTarkov.Server.Logger.SptLoggerMiddleware] [客户端请求] /client/builds/list
[2026-07-30 14:55:07.859][Info][SPTarkov.Server.Logger.SptLoggerMiddleware] [客户端请求] /weaponcustomizer/load
[2026-07-30 14:55:08.320][Info][SPTarkov.Server.Core.Servers.Ws.SptWebSocketConnectionHandler] [ws] player: Maxryuki (69802d793401cb1dcc190aae) 20260730145403653 has disconnected
[2026-07-30 14:55:09.774][Info][SPTarkov.Server.Logger.SptLoggerMiddleware] [客户端请求] /client/locale/ch
[2026-07-30 14:55:09.784][Info][SPTarkov.Server.Logger.SptLoggerMiddleware] [客户端请求] /client/profile/status
[2026-07-30 14:55:09.789][Info][SPTarkov.Server.Logger.SptLoggerMiddleware] [客户端请求] /client/notifier/channel/create
[2026-07-30 14:55:09.789][Info][SPTarkov.Server.Logger.SptLoggerMiddleware] [客户端请求] /client/weather
[2026-07-30 14:55:09.799][Info][SPTarkov.Server.Logger.SptLoggerMiddleware] [客户端请求] /client/locations
[2026-07-30 14:55:09.800][Info][SPTarkov.Server.Logger.SptLoggerMiddleware] [客户端请求] /client/hideout/qte/list
[2026-07-30 14:55:09.804][Info][SPTarkov.Server.Logger.SptLoggerMiddleware] [客户端请求] /client/hideout/areas
[2026-07-30 14:55:09.806][Info][SPTarkov.Server.Logger.SptLoggerMiddleware] [客户端请求] /client/hideout/customization/offer/list
[2026-07-30 14:55:09.807][Info][SPTarkov.Server.Logger.SptLoggerMiddleware] [客户端请求] /client/hideout/production/recipes
[2026-07-30 14:55:09.815][Info][SPTarkov.Server.Logger.SptLoggerMiddleware] [客户端请求] /client/hideout/settings
[2026-07-30 14:55:10.120][Info][SPTarkov.Server.Logger.SptLoggerMiddleware] [WebSocket 请求] /notifierServer/getwebsocket/69802d793401cb1dcc190aae
[2026-07-30 14:55:10.121][Info][SPTarkov.Server.Core.Servers.Ws.SptWebSocketConnectionHandler] [WS] 玩家：Maxryuki (69802d793401cb1dcc190aae) 20260730145510120 已连接
[2026-07-30 14:55:15.162][Info][SPTarkov.Server.Logger.SptLoggerMiddleware] [客户端请求] /client/items
[2026-07-30 14:55:15.804][Info][SPTarkov.Server.Logger.SptLoggerMiddleware] [客户端请求] /client/game/profile/list
[2026-07-30 14:55:16.874][Info][SPTarkov.Server.Logger.SptLoggerMiddleware] [客户端请求] /client/game/profile/select
[2026-07-30 14:55:16.914][Info][SPTarkov.Server.Logger.SptLoggerMiddleware] [客户端请求] /client/profile/status
[2026-07-30 14:55:16.945][Info][SPTarkov.Server.Logger.SptLoggerMiddleware] [客户端请求] /client/quest/list
[2026-07-30 14:55:17.247][Info][SPTarkov.Server.Logger.SptLoggerMiddleware] [客户端请求] /client/achievement/statistic
[2026-07-30 14:55:17.274][Info][SPTarkov.Server.Logger.SptLoggerMiddleware] [客户端请求] /client/achievement/list
[2026-07-30 14:55:17.422][Info][SPTarkov.Server.Logger.SptLoggerMiddleware] [客户端请求] /client/repeatalbeQuests/activityPeriods
[2026-07-30 14:55:17.533][Info][SPTarkov.Server.Logger.SptLoggerMiddleware] [客户端请求] /launcher/profile/info
[2026-07-30 14:55:17.536][Info][SPTarkov.Server.Logger.SptLoggerMiddleware] [客户端请求] /launcher/server/version
[2026-07-30 14:55:18.259][Info][SPTarkov.Server.Logger.SptLoggerMiddleware] [客户端请求] /client/friend/request/list/outbox
[2026-07-30 14:55:18.263][Info][SPTarkov.Server.Logger.SptLoggerMiddleware] [客户端请求] /client/match/group/current
[2026-07-30 14:55:18.267][Info][SPTarkov.Server.Logger.SptLoggerMiddleware] [客户端请求] /client/friend/request/list/inbox
[2026-07-30 14:55:18.270][Info][SPTarkov.Server.Logger.SptLoggerMiddleware] [客户端请求] /client/quest/list
[2026-07-30 14:55:18.274][Info][SPTarkov.Server.Logger.SptLoggerMiddleware] [客户端请求] /client/server/list
[2026-07-30 14:55:18.278][Info][SPTarkov.Server.Logger.SptLoggerMiddleware] [客户端请求] /client/friend/list
[2026-07-30 14:55:18.284][Info][SPTarkov.Server.Logger.SptLoggerMiddleware] [客户端请求] /client/mail/dialog/list
[2026-07-30 14:55:21.089][Info][SPTarkov.Server.Logger.SptLoggerMiddleware] [客户端请求] /client/achievement/statistic
[2026-07-30 14:55:21.449][Info][SPTarkov.Server.Logger.SptLoggerMiddleware] [客户端请求] /client/achievement/list
[2026-07-30 14:55:22.113][Info][SPTarkov.Server.Logger.SptLoggerMiddleware] [客户端请求] /client/repeatalbeQuests/activityPeriods
[2026-07-30 14:55:22.451][Info][SPTarkov.Server.Logger.SptLoggerMiddleware] [客户端请求] /client/survey
[2026-07-30 14:55:23.078][Info][SPTarkov.Server.Logger.SptLoggerMiddleware] [客户端请求] /fika/presence/set
[2026-07-30 14:55:23.286][Info][SPTarkov.Server.Logger.SptLoggerMiddleware] [客户端请求] /fika/presence/get
[2026-07-30 14:55:24.670][Info][SPTarkov.Server.Logger.SptLoggerMiddleware] [客户端请求] /client/globals
[2026-07-30 14:55:24.676][Info][SPTarkov.Server.Logger.SptLoggerMiddleware] [客户端请求] /client/trading/api/traderSettings
[2026-07-30 14:55:24.679][Info][SPTarkov.Server.Logger.SptLoggerMiddleware] [客户端请求] /client/prestige/list
[2026-07-30 14:55:24.683][Info][SPTarkov.Server.Logger.SptLoggerMiddleware] [客户端请求] /client/customization
[2026-07-30 14:55:24.688][Info][SPTarkov.Server.Logger.SptLoggerMiddleware] [客户端请求] /client/settings
[2026-07-30 14:55:25.999][Info][SPTarkov.Server.Logger.SptLoggerMiddleware] [客户端请求] /client/mail/dialog/view
[2026-07-30 14:55:26.798][Info][SPTarkov.Server.Logger.SptLoggerMiddleware] [客户端请求] /client/customization/storage
[2026-07-30 14:55:26.998][Info][SPTarkov.Server.Logger.SptLoggerMiddleware] [客户端请求] /client/mail/dialog/view
[2026-07-30 14:55:27.119][Info][SPTarkov.Server.Logger.SptLoggerMiddleware] [客户端请求] /client/game/profile/list
[2026-07-30 14:55:27.119][Info][SPTarkov.Server.Logger.SptLoggerMiddleware] [客户端请求] /client/dialogue
[2026-07-30 14:55:27.890][Info][SPTarkov.Server.Logger.SptLoggerMiddleware] [客户端请求] /client/mail/dialog/getAllAttachments
[2026-07-30 14:55:28.377][Info][SPTarkov.Server.Logger.SptLoggerMiddleware] [客户端请求] /client/game/profile/select
[2026-07-30 14:55:28.599][Info][SPTarkov.Server.Logger.SptLoggerMiddleware] [客户端请求] /client/profile/status
[2026-07-30 14:55:28.820][Info][SPTarkov.Server.Logger.SptLoggerMiddleware] [客户端请求] /client/handbook/templates
[2026-07-30 14:55:29.224][Info][SPTarkov.Server.Logger.SptLoggerMiddleware] [客户端请求] /fika/presence/set
[2026-07-30 14:55:29.313][Info][SPTarkov.Server.Logger.SptLoggerMiddleware] [客户端请求] /fika/presence/get
[2026-07-30 14:55:29.608][Info][SPTarkov.Server.Logger.SptLoggerMiddleware] [客户端请求] /client/checkVersion
[2026-07-30 14:55:29.618][Info][SPTarkov.Server.Logger.SptLoggerMiddleware] [客户端请求] /client/game/profile/items/moving
[2026-07-30 14:55:30.801][Info][SPTarkov.Server.Logger.SptLoggerMiddleware] [客户端请求] /client/builds/list
[2026-07-30 14:55:33.355][Info][SPTarkov.Server.Logger.SptLoggerMiddleware] [客户端请求] /client/locations
[2026-07-30 14:55:33.355][Info][SPTarkov.Server.Logger.SptLoggerMiddleware] [客户端请求] /client/profile/status
[2026-07-30 14:55:33.355][Info][SPTarkov.Server.Logger.SptLoggerMiddleware] [客户端请求] /client/weather
[2026-07-30 14:55:33.355][Info][SPTarkov.Server.Logger.SptLoggerMiddleware] [客户端请求] /client/locale/ch
[2026-07-30 14:55:33.361][Info][SPTarkov.Server.Logger.SptLoggerMiddleware] [客户端请求] /client/notifier/channel/create
[2026-07-30 14:55:33.375][Info][SPTarkov.Server.Logger.SptLoggerMiddleware] [客户端请求] /client/hideout/production/recipes
[2026-07-30 14:55:33.384][Info][SPTarkov.Server.Logger.SptLoggerMiddleware] [客户端请求] /client/hideout/areas
[2026-07-30 14:55:33.390][Info][SPTarkov.Server.Logger.SptLoggerMiddleware] [客户端请求] /client/hideout/qte/list
[2026-07-30 14:55:33.394][Info][SPTarkov.Server.Logger.SptLoggerMiddleware] [客户端请求] /client/hideout/settings
[2026-07-30 14:55:33.399][Info][SPTarkov.Server.Logger.SptLoggerMiddleware] [客户端请求] /client/hideout/customization/offer/list
[2026-07-30 14:55:33.622][Info][SPTarkov.Server.Logger.SptLoggerMiddleware] [WebSocket 请求] /notifierServer/getwebsocket/69568f09db017222c89b1183
[2026-07-30 14:55:33.622][Info][SPTarkov.Server.Core.Servers.Ws.SptWebSocketConnectionHandler] [WS] 玩家：DawnCloud (69568f09db017222c89b1183) 20260730145533622 已连接
[2026-07-30 14:55:36.901][Info][SPTarkov.Server.Logger.SptLoggerMiddleware] [客户端请求] /launcher/profile/info
[2026-07-30 14:55:36.986][Info][SPTarkov.Server.Logger.SptLoggerMiddleware] [客户端请求] /launcher/server/version
[2026-07-30 14:55:41.101][Info][SPTarkov.Server.Logger.SptLoggerMiddleware] [客户端请求] /client/quest/list
[2026-07-30 14:55:41.106][Info][SPTarkov.Server.Logger.SptLoggerMiddleware] [客户端请求] /client/friend/list
[2026-07-30 14:55:41.108][Info][SPTarkov.Server.Logger.SptLoggerMiddleware] [客户端请求] /client/friend/request/list/inbox
[2026-07-30 14:55:41.113][Info][SPTarkov.Server.Logger.SptLoggerMiddleware] [客户端请求] /client/friend/request/list/outbox
[2026-07-30 14:55:41.117][Info][SPTarkov.Server.Logger.SptLoggerMiddleware] [客户端请求] /client/server/list
[2026-07-30 14:55:41.120][Info][SPTarkov.Server.Logger.SptLoggerMiddleware] [客户端请求] /client/match/group/current
[2026-07-30 14:55:41.126][Info][SPTarkov.Server.Logger.SptLoggerMiddleware] [客户端请求] /client/mail/dialog/list
[2026-07-30 14:55:41.941][Info][SPTarkov.Server.Logger.SptLoggerMiddleware] [客户端请求] /client/achievement/statistic
[2026-07-30 14:55:42.157][Info][SPTarkov.Server.Logger.SptLoggerMiddleware] [客户端请求] /client/achievement/list
[2026-07-30 14:55:42.680][Info][SPTarkov.Server.Logger.SptLoggerMiddleware] [客户端请求] /client/repeatalbeQuests/activityPeriods
[2026-07-30 14:55:42.921][Info][SPTarkov.Server.Logger.SptLoggerMiddleware] [客户端请求] /client/survey
[2026-07-30 14:55:43.394][Info][SPTarkov.Server.Logger.SptLoggerMiddleware] [客户端请求] /fika/presence/set
[2026-07-30 14:55:43.519][Info][SPTarkov.Server.Logger.SptLoggerMiddleware] [客户端请求] /fika/presence/get
[2026-07-30 14:55:47.889][Info][SPTarkov.Server.Logger.SptLoggerMiddleware] [客户端请求] /client/game/profile/items/moving
[2026-07-30 14:55:49.585][Info][SPTarkov.Server.Logger.SptLoggerMiddleware] [客户端请求] /client/game/profile/items/moving
[2026-07-30 14:55:53.489][Info][SPTarkov.Server.Logger.SptLoggerMiddleware] [客户端请求] /fika/presence/get
[2026-07-30 14:55:55.076][Info][SPTarkov.Server.Logger.SptLoggerMiddleware] [客户端请求] /client/game/profile/items/moving
[2026-07-30 14:55:57.310][Info][SPTarkov.Server.Logger.SptLoggerMiddleware] [客户端请求] /fika/presence/set
[2026-07-30 14:56:00.251][Info][SPTarkov.Server.Logger.SptLoggerMiddleware] [客户端请求] /client/items/prices/54cb50c76803fa8b248b4571
[2026-07-30 14:56:00.257][Info][SPTarkov.Server.Logger.SptLoggerMiddleware] [客户端请求] /client/items/prices/5935c25fb3acc3127c3d8cd9
[2026-07-30 14:56:00.261][Info][SPTarkov.Server.Logger.SptLoggerMiddleware] [客户端请求] /client/items/prices/58330581ace78e27b8b10cee
[2026-07-30 14:56:01.060][Info][SPTarkov.Server.Logger.SptLoggerMiddleware] [客户端请求] /client/items/prices/54cb57776803fa99248b456e
[2026-07-30 14:56:01.060][Info][SPTarkov.Server.Logger.SptLoggerMiddleware] [客户端请求] /client/trading/api/getTraderAssort/54cb50c76803fa8b248b4571
[2026-07-30 14:56:01.065][Info][SPTarkov.Server.Logger.SptLoggerMiddleware] [客户端请求] /client/trading/api/getTraderAssort/5935c25fb3acc3127c3d8cd9
[2026-07-30 14:56:01.610][Info][SPTarkov.Server.Logger.SptLoggerMiddleware] [客户端请求] /client/trading/api/getTraderAssort/58330581ace78e27b8b10cee
[2026-07-30 14:56:01.647][Info][SPTarkov.Server.Logger.SptLoggerMiddleware] [客户端请求] /client/items
[2026-07-30 14:56:01.759][Info][SPTarkov.Server.Logger.SptLoggerMiddleware] [客户端请求] /client/items/prices/579dc571d53a0658a154fbec
[2026-07-30 14:56:01.885][Info][SPTarkov.Server.Logger.SptLoggerMiddleware] [客户端请求] /client/trading/api/getTraderAssort/54cb57776803fa99248b456e
[2026-07-30 14:56:02.543][Info][SPTarkov.Server.Logger.SptLoggerMiddleware] [客户端请求] /client/trading/api/getTraderAssort/579dc571d53a0658a154fbec
[2026-07-30 14:56:03.488][Info][SPTarkov.Server.Logger.SptLoggerMiddleware] [客户端请求] /fika/presence/get
[2026-07-30 14:56:04.654][Info][SPTarkov.Server.Logger.SptLoggerMiddleware] [客户端请求] /client/game/profile/items/moving
[2026-07-30 14:56:05.088][Info][SPTarkov.Server.Logger.SptLoggerMiddleware] [客户端请求] /launcher/profile/info
[2026-07-30 14:56:05.234][Info][SPTarkov.Server.Logger.SptLoggerMiddleware] [客户端请求] /launcher/server/version
[2026-07-30 14:56:05.597][Info][SPTarkov.Server.Logger.SptLoggerMiddleware] [客户端请求] /fika/presence/set
[2026-07-30 14:56:05.691][Info][SPTarkov.Server.Logger.SptLoggerMiddleware] [客户端请求] /fika/presence/get
[2026-07-30 14:56:07.587][Info][SPTarkov.Server.Logger.SptLoggerMiddleware] [客户端请求] /client/trading/api/traderSettings
[2026-07-30 14:56:07.604][Info][SPTarkov.Server.Logger.SptLoggerMiddleware] [客户端请求] /client/globals
[2026-07-30 14:56:07.604][Info][SPTarkov.Server.Logger.SptLoggerMiddleware] [客户端请求] /client/prestige/list
[2026-07-30 14:56:07.604][Info][SPTarkov.Server.Logger.SptLoggerMiddleware] [客户端请求] /client/customization
[2026-07-30 14:56:07.604][Info][SPTarkov.Server.Logger.SptLoggerMiddleware] [客户端请求] /client/settings
[2026-07-30 14:56:07.841][Info][SPTarkov.Server.Logger.SptLoggerMiddleware] [客户端请求] /client/customization/storage
[2026-07-30 14:56:08.045][Info][SPTarkov.Server.Logger.SptLoggerMiddleware] [客户端请求] /client/dialogue
[2026-07-30 14:56:08.046][Info][SPTarkov.Server.Logger.SptLoggerMiddleware] [客户端请求] /client/game/profile/list
[2026-07-30 14:56:09.235][Info][SPTarkov.Server.Logger.SptLoggerMiddleware] [客户端请求] /client/game/profile/select
[2026-07-30 14:56:09.294][Info][SPTarkov.Server.Logger.SptLoggerMiddleware] [客户端请求] /client/profile/status
[2026-07-30 14:56:09.364][Info][SPTarkov.Server.Logger.SptLoggerMiddleware] [客户端请求] /client/handbook/templates
[2026-07-30 14:56:10.780][Info][SPTarkov.Server.Logger.SptLoggerMiddleware] [客户端请求] /client/items/prices
[2026-07-30 14:56:10.793][Info][SPTarkov.Server.Logger.SptLoggerMiddleware] [客户端请求] /client/ragfair/itemMarketPrice
[2026-07-30 14:56:10.920][Info][SPTarkov.Server.Logger.SptLoggerMiddleware] [客户端请求] /client/builds/list
[2026-07-30 14:56:11.240][Info][SPTarkov.Server.Logger.SptLoggerMiddleware] [客户端请求] /botplacementsystem/load
[2026-07-30 14:56:11.250][Info][SPTarkov.Server.Logger.SptLoggerMiddleware] [客户端请求] /weaponcustomizer/load
[2026-07-30 14:56:12.208][Info][SPTarkov.Server.Logger.SptLoggerMiddleware] [客户端请求] /client/ragfair/offerfees
[2026-07-30 14:56:12.573][Info][SPTarkov.Server.Logger.SptLoggerMiddleware] [客户端请求] /client/game/profile/items/moving
[2026-07-30 14:56:12.730][Info][SPTarkov.Server.Core.Servers.Ws.SptWebSocketConnectionHandler] [ws] player: JúnioR (68f79277575e002bfcf5a4a1) 20260730145503891 has disconnected
[2026-07-30 14:56:13.504][Info][SPTarkov.Server.Logger.SptLoggerMiddleware] [客户端请求] /fika/presence/get
[2026-07-30 14:56:13.734][Info][SPTarkov.Server.Logger.SptLoggerMiddleware] [客户端请求] /client/items/prices
[2026-07-30 14:56:13.743][Info][SPTarkov.Server.Logger.SptLoggerMiddleware] [客户端请求] /client/ragfair/itemMarketPrice
[2026-07-30 14:56:14.436][Info][SPTarkov.Server.Logger.SptLoggerMiddleware] [客户端请求] /client/profile/status
[2026-07-30 14:56:14.451][Info][SPTarkov.Server.Logger.SptLoggerMiddleware] [客户端请求] /client/notifier/channel/create
[2026-07-30 14:56:14.451][Info][SPTarkov.Server.Logger.SptLoggerMiddleware] [客户端请求] /client/locale/ch
[2026-07-30 14:56:14.452][Info][SPTarkov.Server.Logger.SptLoggerMiddleware] [客户端请求] /client/weather
[2026-07-30 14:56:14.452][Info][SPTarkov.Server.Logger.SptLoggerMiddleware] [客户端请求] /client/locations
[2026-07-30 14:56:14.470][Info][SPTarkov.Server.Logger.SptLoggerMiddleware] [客户端请求] /client/hideout/qte/list
[2026-07-30 14:56:14.470][Info][SPTarkov.Server.Logger.SptLoggerMiddleware] [客户端请求] /client/hideout/production/recipes
[2026-07-30 14:56:14.470][Info][SPTarkov.Server.Logger.SptLoggerMiddleware] [客户端请求] /client/hideout/customization/offer/list
[2026-07-30 14:56:14.470][Info][SPTarkov.Server.Logger.SptLoggerMiddleware] [客户端请求] /client/hideout/areas
[2026-07-30 14:56:14.476][Info][SPTarkov.Server.Logger.SptLoggerMiddleware] [客户端请求] /client/hideout/settings
[2026-07-30 14:56:14.519][Info][SPTarkov.Server.Logger.SptLoggerMiddleware] [WebSocket 请求] /notifierServer/getwebsocket/68f79277575e002bfcf5a4a1
[2026-07-30 14:56:14.519][Info][SPTarkov.Server.Core.Servers.Ws.SptWebSocketConnectionHandler] [WS] 玩家：JúnioR (68f79277575e002bfcf5a4a1) 20260730145614519 已连接
[2026-07-30 14:56:14.963][Info][SPTarkov.Server.Logger.SptLoggerMiddleware] [客户端请求] /client/ragfair/offerfees
[2026-07-30 14:56:15.310][Info][SPTarkov.Server.Logger.SptLoggerMiddleware] [客户端请求] /client/checkVersion
[2026-07-30 14:56:15.319][Info][SPTarkov.Server.Logger.SptLoggerMiddleware] [客户端请求] /client/items/prices/58330581ace78e27b8b10cee
[2026-07-30 14:56:15.319][Info][SPTarkov.Server.Logger.SptLoggerMiddleware] [客户端请求] /client/items/prices/5935c25fb3acc3127c3d8cd9
[2026-07-30 14:56:15.324][Info][SPTarkov.Server.Logger.SptLoggerMiddleware] [客户端请求] /client/items/prices/54cb50c76803fa8b248b4571
[2026-07-30 14:56:15.337][Info][SPTarkov.Server.Logger.SptLoggerMiddleware] [客户端请求] /client/game/profile/items/moving
[2026-07-30 14:56:15.658][Info][SPTarkov.Server.Logger.SptLoggerMiddleware] [客户端请求] /client/trading/api/getTraderAssort/5935c25fb3acc3127c3d8cd9
[2026-07-30 14:56:16.581][Info][SPTarkov.Server.Logger.SptLoggerMiddleware] [客户端请求] /fika/presence/set
[2026-07-30 14:56:16.635][Info][SPTarkov.Server.Logger.SptLoggerMiddleware] [客户端请求] /fika/presence/get
[2026-07-30 14:56:16.672][Info][SPTarkov.Server.Logger.SptLoggerMiddleware] [客户端请求] /client/trading/api/getTraderAssort/54cb50c76803fa8b248b4571
[2026-07-30 14:56:16.684][Info][SPTarkov.Server.Logger.SptLoggerMiddleware] [客户端请求] /client/trading/api/getTraderAssort/58330581ace78e27b8b10cee
[2026-07-30 14:56:17.539][Info][SPTarkov.Server.Logger.SptLoggerMiddleware] [客户端请求] /launcher/profile/info
[2026-07-30 14:56:17.541][Info][SPTarkov.Server.Logger.SptLoggerMiddleware] [客户端请求] /launcher/server/version
[2026-07-30 14:56:21.086][Info][SPTarkov.Server.Logger.SptLoggerMiddleware] [客户端请求] /client/server/list
[2026-07-30 14:56:21.109][Info][SPTarkov.Server.Logger.SptLoggerMiddleware] [客户端请求] /client/match/group/current
[2026-07-30 14:56:21.109][Info][SPTarkov.Server.Logger.SptLoggerMiddleware] [客户端请求] /client/friend/request/list/outbox
[2026-07-30 14:56:21.110][Info][SPTarkov.Server.Logger.SptLoggerMiddleware] [客户端请求] /client/friend/list
[2026-07-30 14:56:21.110][Info][SPTarkov.Server.Logger.SptLoggerMiddleware] [客户端请求] /client/mail/dialog/list
[2026-07-30 14:56:21.110][Info][SPTarkov.Server.Logger.SptLoggerMiddleware] [客户端请求] /client/friend/request/list/inbox
[2026-07-30 14:56:21.110][Info][SPTarkov.Server.Logger.SptLoggerMiddleware] [客户端请求] /client/quest/list
[2026-07-30 14:56:21.372][Info][SPTarkov.Server.Logger.SptLoggerMiddleware] [客户端请求] /client/achievement/statistic
[2026-07-30 14:56:21.442][Info][SPTarkov.Server.Logger.SptLoggerMiddleware] [客户端请求] /client/achievement/list
[2026-07-30 14:56:21.638][Info][SPTarkov.Server.Logger.SptLoggerMiddleware] [客户端请求] /client/repeatalbeQuests/activityPeriods
[2026-07-30 14:56:21.645][Info][SPTarkov.Server.Logger.SptLoggerMiddleware] [客户端请求] /client/items/prices
[2026-07-30 14:56:21.651][Info][SPTarkov.Server.Logger.SptLoggerMiddleware] [客户端请求] /client/ragfair/itemMarketPrice
[2026-07-30 14:56:21.724][Info][SPTarkov.Server.Logger.SptLoggerMiddleware] [客户端请求] /client/survey
[2026-07-30 14:56:22.074][Info][SPTarkov.Server.Logger.SptLoggerMiddleware] [客户端请求] /fika/presence/set
[2026-07-30 14:56:22.226][Info][SPTarkov.Server.Logger.SptLoggerMiddleware] [客户端请求] /fika/presence/get
[2026-07-30 14:56:22.611][Info][SPTarkov.Server.Logger.SptLoggerMiddleware] [客户端请求] /client/ragfair/offerfees
[2026-07-30 14:56:22.971][Info][SPTarkov.Server.Logger.SptLoggerMiddleware] [客户端请求] /client/game/profile/items/moving
[2026-07-30 14:56:24.112][Info][SPTarkov.Server.Logger.SptLoggerMiddleware] [客户端请求] /client/mail/dialog/view
[2026-07-30 14:56:24.954][Info][SPTarkov.Server.Logger.SptLoggerMiddleware] [客户端请求] /client/mail/dialog/getAllAttachments
[2026-07-30 14:56:26.252][Info][SPTarkov.Server.Logger.SptLoggerMiddleware] [客户端请求] /fika/presence/set
[2026-07-30 14:56:26.615][Info][SPTarkov.Server.Logger.SptLoggerMiddleware] [客户端请求] /client/game/profile/items/moving
[2026-07-30 14:56:27.765][Info][SPTarkov.Server.Logger.SptLoggerMiddleware] [客户端请求] /fika/presence/get
[2026-07-30 14:56:32.575][Info][SPTarkov.Server.Logger.SptLoggerMiddleware] [客户端请求] /fika/presence/set
[2026-07-30 14:56:32.634][Info][SPTarkov.Server.Logger.SptLoggerMiddleware] [客户端请求] /fika/presence/get
[2026-07-30 14:56:33.711][Info][SPTarkov.Server.Logger.SptLoggerMiddleware] [客户端请求] /client/match/group/invite/cancel-all
[2026-07-30 14:56:34.093][Info][SPTarkov.Server.Logger.SptLoggerMiddleware] [客户端请求] /client/game/logout
[2026-07-30 14:56:34.754][Info][SPTarkov.Server.Core.Servers.Ws.SptWebSocketConnectionHandler] [ws] player: Maxryuki (69802d793401cb1dcc190aae) 20260730145510120 has disconnected
[2026-07-30 14:56:36.135][Info][SPTarkov.Server.Logger.SptLoggerMiddleware] [客户端请求] /fika/profile/download
[2026-07-30 14:56:36.136][Info][FikaServer.Services.ClientService] 69568f09db017222c89b1183 has downloaded their profile
[2026-07-30 14:56:36.906][Info][SPTarkov.Server.Logger.SptLoggerMiddleware] [客户端请求] /launcher/profile/info
[2026-07-30 14:56:36.991][Info][SPTarkov.Server.Logger.SptLoggerMiddleware] [客户端请求] /launcher/server/version
[2026-07-30 14:56:39.095][Info][SPTarkov.Server.Logger.SptLoggerMiddleware] [客户端请求] /client/trading/api/getTraderAssort/54cb50c76803fa8b248b4571
[2026-07-30 14:56:39.104][Info][SPTarkov.Server.Logger.SptLoggerMiddleware] [客户端请求] /client/trading/api/getTraderAssort/58330581ace78e27b8b10cee
[2026-07-30 14:56:39.105][Info][SPTarkov.Server.Logger.SptLoggerMiddleware] [客户端请求] /client/trading/api/getTraderAssort/5935c25fb3acc3127c3d8cd9
[2026-07-30 14:56:40.103][Info][SPTarkov.Server.Logger.SptLoggerMiddleware] [客户端请求] /client/checkVersion
[2026-07-30 14:56:42.294][Info][SPTarkov.Server.Logger.SptLoggerMiddleware] [客户端请求] /fika/presence/set
[2026-07-30 14:56:42.350][Info][SPTarkov.Server.Logger.SptLoggerMiddleware] [客户端请求] /fika/presence/get
[2026-07-30 14:56:44.307][Info][SPTarkov.Server.Logger.SptLoggerMiddleware] [客户端请求] /fika/presence/set
[2026-07-30 14:56:44.511][Info][SPTarkov.Server.Logger.SptLoggerMiddleware] [客户端请求] /client/ragfair/find
[2026-07-30 14:56:46.147][Info][SPTarkov.Server.Logger.SptLoggerMiddleware] [客户端请求] /client/ragfair/find
[2026-07-30 14:56:47.590][Info][SPTarkov.Server.Logger.SptLoggerMiddleware] [客户端请求] /client/ragfair/find
[2026-07-30 14:56:48.724][Info][SPTarkov.Server.Logger.SptLoggerMiddleware] [客户端请求] /client/game/profile/items/moving
[2026-07-30 14:56:54.519][Info][SPTarkov.Server.Logger.SptLoggerMiddleware] [客户端请求] /client/ragfair/find
[2026-07-30 14:56:58.112][Info][SPTarkov.Server.Logger.SptLoggerMiddleware] [客户端请求] /launcher/profile/info
[2026-07-30 14:56:58.258][Info][SPTarkov.Server.Logger.SptLoggerMiddleware] [客户端请求] /launcher/server/version
[2026-07-30 14:57:00.038][Info][SPTarkov.Server.Logger.SptLoggerMiddleware] [客户端请求] /client/game/profile/items/moving
[2026-07-30 14:57:02.150][Info][SPTarkov.Server.Logger.SptLoggerMiddleware] [客户端请求] /fika/presence/set
[2026-07-30 14:57:04.349][Info][SPTarkov.Server.Logger.SptLoggerMiddleware] [客户端请求] /client/game/profile/items/moving
[2026-07-30 14:57:07.006][Info][SPTarkov.Server.Logger.SptLoggerMiddleware] [客户端请求] /files/Hideout/Icon_Cultist Zone_Small.png
[2026-07-30 14:57:14.484][Info][SPTarkov.Server.Logger.SptLoggerMiddleware] [客户端请求] /fika/presence/set
[2026-07-30 14:57:14.695][Info][SPTarkov.Server.Logger.SptLoggerMiddleware] [客户端请求] /client/ragfair/find
[2026-07-30 14:57:14.701][Info][SPTarkov.Server.Logger.SptLoggerMiddleware] [客户端请求] /client/game/profile/items/moving
[2026-07-30 14:57:14.773][Info][SPTarkov.Server.Logger.SptLoggerMiddleware] [客户端请求] /client/trading/api/getTraderAssort/5935c25fb3acc3127c3d8cd9
[2026-07-30 14:57:14.774][Info][SPTarkov.Server.Logger.SptLoggerMiddleware] [客户端请求] /client/trading/api/getTraderAssort/58330581ace78e27b8b10cee
[2026-07-30 14:57:17.529][Info][SPTarkov.Server.Logger.SptLoggerMiddleware] [客户端请求] /launcher/profile/info
[2026-07-30 14:57:17.531][Info][SPTarkov.Server.Logger.SptLoggerMiddleware] [客户端请求] /launcher/server/version
[2026-07-30 14:57:18.488][Info][SPTarkov.Server.Logger.SptLoggerMiddleware] [客户端请求] /client/game/profile/items/moving
[2026-07-30 14:57:19.311][Info][SPTarkov.Server.Logger.SptLoggerMiddleware] [客户端请求] /fika/presence/set
[2026-07-30 14:57:23.403][Info][SPTarkov.Server.Logger.SptLoggerMiddleware] [客户端请求] /client/items/prices
[2026-07-30 14:57:23.406][Info][SPTarkov.Server.Logger.SptLoggerMiddleware] [客户端请求] /client/ragfair/itemMarketPrice
[2026-07-30 14:57:27.844][Info][SPTarkov.Server.Logger.SptLoggerMiddleware] [客户端请求] /client/items/prices
[2026-07-30 14:57:27.849][Info][SPTarkov.Server.Logger.SptLoggerMiddleware] [客户端请求] /client/ragfair/itemMarketPrice
[2026-07-30 14:57:36.903][Info][SPTarkov.Server.Logger.SptLoggerMiddleware] [客户端请求] /launcher/profile/info
[2026-07-30 14:57:36.989][Info][SPTarkov.Server.Logger.SptLoggerMiddleware] [客户端请求] /launcher/server/version
[2026-07-30 14:57:39.016][Info][SPTarkov.Server.Logger.SptLoggerMiddleware] [客户端请求] /client/ragfair/offerfees
[2026-07-30 14:57:39.257][Info][SPTarkov.Server.Logger.SptLoggerMiddleware] [客户端请求] /client/game/profile/items/moving
[2026-07-30 14:57:55.142][Info][SPTarkov.Server.Logger.SptLoggerMiddleware] [客户端请求] /client/game/profile/items/moving
[2026-07-30 14:57:55.365][Info][SPTarkov.Server.Logger.SptLoggerMiddleware] [客户端请求] /client/game/profile/items/moving
[2026-07-30 14:58:00.792][Info][SPTarkov.Server.Logger.SptLoggerMiddleware] [客户端请求] /client/mail/dialog/view
[2026-07-30 14:58:01.020][Info][SPTarkov.Server.Logger.SptLoggerMiddleware] [客户端请求] /fika/presence/set
[2026-07-30 14:58:01.045][Info][SPTarkov.Server.Logger.SptLoggerMiddleware] [客户端请求] /fika/presence/get
[2026-07-30 14:58:02.073][Info][SPTarkov.Server.Logger.SptLoggerMiddleware] [客户端请求] /client/mail/dialog/view
[2026-07-30 14:58:08.035][Info][SPTarkov.Server.Logger.SptLoggerMiddleware] [客户端请求] /fika/presence/set
[2026-07-30 14:58:08.060][Info][SPTarkov.Server.Logger.SptLoggerMiddleware] [客户端请求] /fika/presence/get
[2026-07-30 14:58:09.294][Info][SPTarkov.Server.Logger.SptLoggerMiddleware] [客户端请求] /client/match/group/invite/cancel-all
[2026-07-30 14:58:09.356][Info][SPTarkov.Server.Logger.SptLoggerMiddleware] [客户端请求] /client/game/logout
[2026-07-30 14:58:09.811][Info][SPTarkov.Server.Core.Servers.Ws.SptWebSocketConnectionHandler] [ws] player: JúnioR (68f79277575e002bfcf5a4a1) 20260730145614519 has disconnected
[2026-07-30 14:58:11.639][Info][SPTarkov.Server.Logger.SptLoggerMiddleware] [客户端请求] /client/mail/dialog/view
[2026-07-30 14:58:13.153][Info][SPTarkov.Server.Logger.SptLoggerMiddleware] [客户端请求] /client/mail/dialog/getAllAttachments
[2026-07-30 14:58:13.406][Info][SPTarkov.Server.Logger.SptLoggerMiddleware] [客户端请求] /client/game/profile/items/moving
[2026-07-30 14:58:17.531][Info][SPTarkov.Server.Logger.SptLoggerMiddleware] [客户端请求] /launcher/profile/info
[2026-07-30 14:58:17.533][Info][SPTarkov.Server.Logger.SptLoggerMiddleware] [客户端请求] /launcher/server/version
[2026-07-30 14:58:26.121][Info][SPTarkov.Server.Logger.SptLoggerMiddleware] [客户端请求] /fika/presence/set
[2026-07-30 14:58:26.331][Info][SPTarkov.Server.Logger.SptLoggerMiddleware] [客户端请求] /client/game/profile/items/moving
[2026-07-30 14:58:26.841][Info][SPTarkov.Server.Logger.SptLoggerMiddleware] [客户端请求] /fika/profile/download
[2026-07-30 14:58:26.841][Info][FikaServer.Services.ClientService] 69568f09db017222c89b1183 has downloaded their profile
[2026-07-30 14:58:28.618][Info][SPTarkov.Server.Logger.SptLoggerMiddleware] [客户端请求] /fika/presence/set
[2026-07-30 14:58:28.674][Info][SPTarkov.Server.Logger.SptLoggerMiddleware] [客户端请求] /fika/presence/get
[2026-07-30 14:58:34.233][Info][SPTarkov.Server.Logger.SptLoggerMiddleware] [客户端请求] /client/match/group/invite/cancel-all
[2026-07-30 14:58:34.487][Info][SPTarkov.Server.Logger.SptLoggerMiddleware] [客户端请求] /client/game/logout
[2026-07-30 14:58:35.055][Info][SPTarkov.Server.Core.Servers.Ws.SptWebSocketConnectionHandler] [ws] player: DawnCloud (69568f09db017222c89b1183) 20260730145533622 has disconnected
